{"type":"FeatureCollection","features":[{"type":"Feature","properties":{"level":99},"geometry":{"type":"LineString","coordinates":[[92.32343,20.63698],[92.32958,20.63596],[92.3261,20.61881],[92.33205,20.60105],[92.33116,20.59074],[92.32694,20.59075],[92.32457,20.59456],[92.32495,20.61825],[92.31514,20.62756],[92.31755,20.63435],[92.32343,20.63698]]}},{"type":"Feature","properties":{"level":99},"geometry":{"type":"LineString","coordinates":[[92.36869,20.71779],[92.36129,20.72109],[92.35511,20.71865],[92.34563,20.72015],[92.31427,20.74364],[92.30424,20.76199],[92.28077,20.82699],[92.21746,20.92668],[92.20208,20.95898],[92.18684,21.008],[92.174,21.02706],[92.12448,21.08367]]}},{"type":"Feature","properties":{"level":3},"geometry":{"type":"LineString","coordinates":[[92.1255,21.15658],[92.13599,21.15409],[92.13683,21.14907],[92.14752,21.14878],[92.14746,21.14418],[92.15754,21.141],[92.16385,21.14371],[92.16705,21.14074],[92.16836,21.14538],[92.16981,21.13998],[92.17167,21.14538],[92.17731,21.1462],[92.18085,21.13636],[92.18749,21.13906],[92.18776,21.14219],[92.18432,21.14211],[92.18691,21.14699],[92.20303,21.14965]]}},{"type":"Feature","properties":{"level":3},"geometry":{"type":"LineString","coordinates":[[92.12448,21.08367],[92.13773,21.08685],[92.13722,21.09506],[92.12529,21.10315],[92.12071,21.11376],[92.1068,21.11812],[92.08884,21.1375],[92.10369,21.15438],[92.11587,21.15766],[92.1255,21.15658]]}},{"type":"Feature","properties":{"level":0},"geometry":{"type":"LineString","coordinates":[[92.17639,21.18349],[92.17332,21.17279],[92.17673,21.15972],[92.19279,21.16347],[92.19975,21.1615],[92.20303,21.14965]]}},{"type":"Feature","properties":{"level":99},"geometry":{"type":"LineString","coordinates":[[92.12448,21.08367],[92.05922,21.16039],[92.04618,21.18457],[92.04778,21.20328],[92.04377,21.2345],[92.04799,21.28624],[92.04172,21.30608]]}},{"type":"Feature","properties":{"level":2},"geometry":{"type":"LineString","coordinates":[[92.17639,21.18349],[92.17312,21.18488],[92.17274,21.18978],[92.16939,21.19006],[92.17365,21.19794],[92.16953,21.20098],[92.16799,21.21353],[92.16483,21.21506],[92.16929,21.22696],[92.17922,21.23557],[92.1809,21.25224],[92.19026,21.2607],[92.19157,21.26597],[92.18918,21.2706],[92.17864,21.27097],[92.16947,21.29752],[92.15739,21.31008],[92.14961,21.3319],[92.1495,21.34083],[92.14426,21.34917]]}},{"type":"Feature","properties":{"level":3},"geometry":{"type":"LineString","coordinates":[[92.14426,21.34917],[92.1283,21.3425],[92.11989,21.33469],[92.12074,21.32869],[92.1177,21.32669],[92.10907,21.32816],[92.10884,21.3236],[92.09768,21.31302],[92.09086,21.30771],[92.08427,21.30712],[92.08497,21.301],[92.07354,21.29966],[92.0738,21.29275],[92.05291,21.29015],[92.04172,21.30608]]}},{"type":"Feature","properties":{"level":99},"geometry":{"type":"LineString","coordinates":[[92.04172,21.30608],[92.03502,21.31478],[92.02043,21.36275],[91.9987,21.3947]]}},{"type":"Feature","properties":{"level":0},"geometry":{"type":"LineString","coordinates":[[92.54496,21.38145],[92.5251,21.3715],[92.50678,21.37747],[92.50919,21.36172],[92.49735,21.35147],[92.48481,21.35755],[92.4741,21.35445],[92.47022,21.36232],[92.45757,21.36922],[92.44923,21.36458],[92.43904,21.36556],[92.43685,21.37251],[92.43053,21.37307],[92.42781,21.37997],[92.42724,21.39613],[92.43178,21.40715],[92.42653,21.43222],[92.41897,21.44064],[92.41201,21.44201],[92.40383,21.45269],[92.40381,21.45723],[92.38173,21.47924]]}},{"type":"Feature","properties":{"level":99},"geometry":{"type":"LineString","coordinates":[[91.9987,21.3947],[91.95681,21.44311],[91.9463,21.46188],[91.94662,21.46571],[91.96248,21.47417],[91.97543,21.47482],[91.97556,21.48072]]}},{"type":"Feature","properties":{"level":0},"geometry":{"type":"LineString","coordinates":[[92.38173,21.47924],[92.3671,21.47975],[92.35212,21.46224],[92.3435,21.46705],[92.34094,21.45166],[92.3364,21.44733],[92.33705,21.43587],[92.32685,21.43151],[92.33059,21.42574],[92.3295,21.41922],[92.32222,21.4177],[92.31598,21.42121],[92.31086,21.41704],[92.30156,21.42382],[92.29728,21.41905],[92.29161,21.43096],[92.26921,21.4277],[92.26869,21.41367],[92.26348,21.40872],[92.26956,21.40004],[92.25611,21.39106],[92.25376,21.38544],[92.25702,21.37773],[92.25259,21.37242],[92.25863,21.36338],[92.25282,21.35652],[92.23337,21.3539],[92.23117,21.34915],[92.22581,21.34857],[92.22434,21.3519],[92.19735,21.3284],[92.1984,21.30946],[92.20906,21.28712],[92.21747,21.27822],[92.2163,21.26803],[92.21988,21.25747],[92.21198,21.24813],[92.22068,21.23355],[92.2106,21.2239],[92.20035,21.20076],[92.19634,21.20144],[92.1857,21.19387],[92.18054,21.18508],[92.17639,21.18349]]}},{"type":"Feature","properties":{"level":3},"geometry":{"type":"LineString","coordinates":[[92.05012,21.51856],[92.04394,21.51828],[92.04253,21.50719],[92.05512,21.50787],[92.05673,21.50384],[92.05968,21.50536],[92.05921,21.49744],[92.06286,21.48947],[92.07225,21.48779],[92.0779,21.49028],[92.07465,21.47978],[92.06171,21.4805],[92.05605,21.4718],[92.06357,21.47086],[92.06117,21.45983],[92.06507,21.45806],[92.06183,21.45292],[92.06172,21.44299],[92.06501,21.44345],[92.06909,21.42415],[92.06679,21.42618],[92.06375,21.42192],[92.05119,21.41951],[92.05222,21.4244],[92.04968,21.42605],[92.04488,21.42366],[92.03645,21.42644],[92.01709,21.4006],[92.00748,21.39373],[91.9987,21.3947]]}},{"type":"Feature","properties":{"level":3},"geometry":{"type":"LineString","coordinates":[[91.97556,21.48072],[91.9801,21.48221],[92.00737,21.51527],[92.0016,21.51987],[91.99962,21.5404]]}},{"type":"Feature","properties":{"level":3},"geometry":{"type":"LineString","coordinates":[[92.01968,21.54516],[92.01793,21.53949],[92.0209,21.53574],[92.03909,21.53388],[92.0367,21.53866],[92.04086,21.54106],[92.04334,21.5368],[92.04925,21.53903],[92.05266,21.53364],[92.05709,21.53286],[92.0545,21.52831],[92.05133,21.52942],[92.0535,21.5268],[92.04948,21.52317],[92.05012,21.51856]]}},{"type":"Feature","properties":{"level":3},"geometry":{"type":"LineString","coordinates":[[91.99962,21.5404],[92.01968,21.54516]]}},{"type":"Feature","properties":{"level":3},"geometry":{"type":"LineString","coordinates":[[92.10463,21.57852],[92.09799,21.56918],[92.10502,21.56797],[92.10668,21.55902],[92.09579,21.55693],[92.08745,21.54966],[92.10586,21.54357],[92.12347,21.5448],[92.12608,21.52696],[92.12993,21.5254],[92.12985,21.51977],[92.12659,21.51741],[92.133,21.51102],[92.12822,21.5016],[92.12333,21.49945],[92.11981,21.50176],[92.11714,21.51111],[92.11112,21.51169],[92.10637,21.51711],[92.10314,21.5124],[92.09316,21.51113],[92.08495,21.5123],[92.08581,21.51742],[92.07825,21.51981],[92.05012,21.51856]]}},{"type":"Feature","properties":{"level":2},"geometry":{"type":"LineString","coordinates":[[92.14426,21.34917],[92.12769,21.40228],[92.13856,21.40481],[92.14026,21.40054],[92.14431,21.40067],[92.14794,21.40784],[92.15636,21.41216],[92.15516,21.42376],[92.16214,21.43259],[92.1681,21.42966],[92.1776,21.43233],[92.1816,21.42482],[92.18717,21.4259],[92.20169,21.38919],[92.21466,21.39235],[92.21893,21.3983],[92.24093,21.39498],[92.24745,21.40302],[92.23753,21.41152],[92.24109,21.42269],[92.2328,21.42626],[92.2329,21.4376],[92.22829,21.44325],[92.24079,21.44993],[92.23818,21.45397],[92.24072,21.46668],[92.23784,21.4746],[92.22349,21.47753],[92.22486,21.48836],[92.21763,21.49404],[92.21679,21.49878],[92.20923,21.49936],[92.20395,21.4958],[92.20166,21.50844],[92.19474,21.50853],[92.18696,21.50366],[92.18594,21.49464],[92.18337,21.50616],[92.17483,21.50051],[92.16973,21.50461],[92.16992,21.51298],[92.16063,21.52529],[92.15876,21.53569],[92.16401,21.53714],[92.16579,21.54264],[92.17978,21.55179],[92.18591,21.56451],[92.17729,21.57372],[92.17444,21.58401],[92.17053,21.58449],[92.17457,21.5925]]}},{"type":"Feature","properties":{"level":3},"geometry":{"type":"LineString","coordinates":[[92.14448,21.59683],[92.1263,21.58108],[92.12211,21.57925],[92.12176,21.58211],[92.11663,21.5778],[92.11595,21.58456],[92.11349,21.57614],[92.10463,21.57852]]}},{"type":"Feature","properties":{"level":3},"geometry":{"type":"LineString","coordinates":[[91.99962,21.5404],[91.99459,21.57739],[92.00212,21.59232],[92.01023,21.59741]]}},{"type":"Feature","properties":{"level":2},"geometry":{"type":"LineString","coordinates":[[92.17457,21.5925],[92.1754,21.59601],[92.16813,21.6032],[92.16329,21.6029],[92.16058,21.59669],[92.15195,21.59183],[92.14874,21.59156],[92.14448,21.59683]]}},{"type":"Feature","properties":{"level":3},"geometry":{"type":"LineString","coordinates":[[92.10463,21.57852],[92.09937,21.58397],[92.09872,21.57883],[92.09244,21.5811],[92.0903,21.57627],[92.08314,21.58141],[92.07909,21.57603],[92.07511,21.578],[92.07267,21.57427],[92.06849,21.57837],[92.06726,21.59461],[92.06177,21.5928],[92.06113,21.5963],[92.0561,21.59748],[92.05574,21.6016],[92.04633,21.59843],[92.04601,21.60367],[92.03937,21.6055]]}},{"type":"Feature","properties":{"level":3},"geometry":{"type":"LineString","coordinates":[[92.49295,21.60854],[92.48961,21.58033],[92.51581,21.55746],[92.51982,21.54697],[92.51202,21.52757],[92.51478,21.49771],[92.54727,21.409],[92.5512,21.40569],[92.54496,21.38145]]}},{"type":"Feature","properties":{"level":3},"geometry":{"type":"LineString","coordinates":[[92.03937,21.6055],[92.032,21.60903],[92.02889,21.60532],[92.02978,21.59814],[92.01945,21.59375],[92.01023,21.59741]]}},{"type":"Feature","properties":{"level":2},"geometry":{"type":"LineString","coordinates":[[92.14448,21.59683],[92.14692,21.60854],[92.14221,21.61565],[92.13452,21.61839]]}},{"type":"Feature","properties":{"level":3},"geometry":{"type":"LineString","coordinates":[[92.38173,21.47924],[92.38358,21.48521],[92.37972,21.49594],[92.37208,21.5037],[92.37468,21.51303],[92.36347,21.52783],[92.33693,21.58149],[92.31328,21.60175],[92.30148,21.6013],[92.28788,21.61019],[92.26746,21.6127],[92.2567,21.62327]]}},{"type":"Feature","properties":{"level":3},"geometry":{"type":"LineString","coordinates":[[92.25313,21.64271],[92.23198,21.62654],[92.22118,21.62245],[92.21616,21.62403],[92.21449,21.63766],[92.20046,21.63404],[92.19053,21.64022],[92.1868,21.63325],[92.17059,21.63056],[92.17191,21.62764],[92.16649,21.62474],[92.14917,21.62563],[92.14027,21.61885],[92.13452,21.61839]]}},{"type":"Feature","properties":{"level":3},"geometry":{"type":"LineString","coordinates":[[92.2567,21.62327],[92.25313,21.64271]]}},{"type":"Feature","properties":{"level":99},"geometry":{"type":"LineString","coordinates":[[89.49747,21.69245],[89.48422,21.68259],[89.46865,21.67698],[89.43384,21.67258],[89.34887,21.6709],[89.33567,21.67521],[89.32594,21.68527]]}},{"type":"Feature","properties":{"level":3},"geometry":{"type":"LineString","coordinates":[[92.01023,21.59741],[92.01744,21.60048],[92.01986,21.60654],[92.01796,21.61275],[92.00847,21.61432],[92.00152,21.63148],[92.00336,21.65161],[92.00761,21.66108],[92.00438,21.66845],[91.98684,21.66097],[91.97026,21.66684],[91.9568,21.68569],[91.94675,21.71837]]}},{"type":"Feature","properties":{"level":99},"geometry":{"type":"LineString","coordinates":[[89.62227,21.74587],[89.61306,21.70547],[89.63747,21.66376],[89.54169,21.66351],[89.50834,21.67925],[89.49747,21.69245]]}},{"type":"Feature","properties":{"level":3},"geometry":{"type":"LineString","coordinates":[[91.9005,21.76359],[91.90583,21.76263],[91.91686,21.75312],[91.91235,21.74354],[91.91375,21.7179],[91.93627,21.72817],[91.93651,21.72144],[91.94675,21.71837]]}},{"type":"Feature","properties":{"level":99},"geometry":{"type":"LineString","coordinates":[[91.97556,21.48072],[91.96177,21.49994],[91.9528,21.4976],[91.94425,21.50348],[91.93792,21.49581],[91.92183,21.49096],[91.92132,21.47931],[91.91764,21.47415],[91.89394,21.47446],[91.86638,21.49556],[91.84883,21.51631],[91.8419,21.53389],[91.84274,21.53955],[91.84989,21.54481],[91.8533,21.5624],[91.85269,21.57503],[91.84645,21.58704],[91.84222,21.62456],[91.84356,21.64766],[91.85447,21.67225],[91.85598,21.6906],[91.87258,21.72092],[91.85575,21.73149],[91.87282,21.77513]]}},{"type":"Feature","properties":{"level":3},"geometry":{"type":"LineString","coordinates":[[91.87282,21.77513],[91.9005,21.76359]]}},{"type":"Feature","properties":{"level":3},"geometry":{"type":"LineString","coordinates":[[92.25313,21.64271],[92.23749,21.68604],[92.26219,21.70959],[92.28869,21.76076],[92.31393,21.77613],[92.32247,21.79185],[92.33744,21.80839],[92.37336,21.83241]]}},{"type":"Feature","properties":{"level":3},"geometry":{"type":"LineString","coordinates":[[92.37336,21.83241],[92.38419,21.82202],[92.39878,21.79936],[92.41749,21.75173],[92.43442,21.72811],[92.44018,21.69059],[92.4777,21.66282],[92.49333,21.62737],[92.49295,21.60854]]}},{"type":"Feature","properties":{"level":99},"geometry":{"type":"LineString","coordinates":[[89.75362,21.83992],[89.7157,21.76272],[89.69649,21.74448],[89.668,21.73111],[89.65042,21.72932],[89.62227,21.74587]]}},{"type":"Feature","properties":{"level":99},"geometry":{"type":"LineString","coordinates":[[90.25197,21.82908],[90.21915,21.8065],[90.20573,21.80481],[90.17735,21.79441],[90.16393,21.79485],[90.12566,21.80263],[90.1038,21.8111],[90.08709,21.82737],[90.07847,21.84503]]}},{"type":"Feature","properties":{"level":0},"geometry":{"type":"LineString","coordinates":[[92.61377,21.851],[92.61461,21.83105],[92.62116,21.82464],[92.6089,21.81507],[92.60751,21.79473],[92.6109,21.77566],[92.60472,21.75354],[92.60745,21.74796],[92.6046,21.74281],[92.60663,21.72917],[92.59996,21.70178],[92.60608,21.68922],[92.6015,21.65721],[92.6096,21.62192],[92.60849,21.58369],[92.61482,21.56842],[92.6193,21.53105],[92.6182,21.51529],[92.62573,21.49079],[92.62701,21.46227],[92.6493,21.39121],[92.65186,21.35703],[92.66518,21.31728],[92.67856,21.29866],[92.6796,21.28687],[92.65508,21.27753],[92.65022,21.2811],[92.64417,21.27305],[92.6366,21.27313],[92.6302,21.26857],[92.62124,21.25741],[92.62126,21.25004],[92.59533,21.24453],[92.58979,21.27875],[92.56222,21.36309],[92.55995,21.38042],[92.5567,21.38441],[92.54496,21.38145]]}},{"type":"Feature","properties":{"level":99},"geometry":{"type":"LineString","coordinates":[[91.87282,21.77513],[91.89269,21.81998],[91.90401,21.8591],[91.91432,21.85778]]}},{"type":"Feature","properties":{"level":2},"geometry":{"type":"LineString","coordinates":[[92.60302,21.86748],[92.61377,21.851]]}},{"type":"Feature","properties":{"level":99},"geometry":{"type":"LineString","coordinates":[[90.59606,21.89478],[90.54104,21.87513],[90.53398,21.87014],[90.48592,21.80339],[90.47538,21.79881],[90.43609,21.81729],[90.41266,21.8151],[90.31582,21.83162],[90.30634,21.82593],[90.30337,21.82848],[90.25197,21.82908]]}},{"type":"Feature","properties":{"level":2},"geometry":{"type":"LineString","coordinates":[[91.98347,21.90109],[91.98096,21.90076]]}},{"type":"Feature","properties":{"level":3},"geometry":{"type":"LineString","coordinates":[[91.94675,21.71837],[91.94507,21.7414],[91.93672,21.74809],[91.94636,21.76446],[91.94526,21.77539],[91.95102,21.78794],[91.95646,21.79058],[91.97929,21.78942],[91.98932,21.80123],[91.999,21.79384],[92.00439,21.79907],[92.00528,21.80847],[92.01005,21.80868],[92.01645,21.80356],[92.0222,21.80664],[92.01789,21.81349],[92.01768,21.8212],[92.02053,21.82435],[92.01809,21.82951],[92.0228,21.83115],[92.02297,21.83713],[92.01503,21.83513],[92.01917,21.84489],[92.01488,21.84274],[92.01264,21.83506],[92.0049,21.83286],[92.00332,21.83517],[92.00667,21.83971],[91.99942,21.8363],[91.99746,21.83847],[92.00503,21.84287],[92.00678,21.84756],[92.00011,21.84256],[92.00027,21.84743],[91.99464,21.84246],[91.99092,21.84604],[91.99616,21.84922],[91.99537,21.85205],[91.98301,21.84961],[91.98895,21.85251],[91.98457,21.8521],[91.98425,21.85533],[91.98959,21.85758],[91.98857,21.86083],[91.98443,21.86046],[91.9914,21.86292],[91.99334,21.8695],[91.99056,21.87094],[91.99348,21.87217],[91.98972,21.8817],[91.98184,21.88472],[91.98758,21.88796],[91.98391,21.88824],[91.98589,21.89103],[91.97854,21.8878],[91.99122,21.89669],[91.98347,21.90109]]}},{"type":"Feature","properties":{"level":2},"geometry":{"type":"LineString","coordinates":[[91.98096,21.90076],[91.97174,21.90349],[91.96662,21.89098],[91.9703,21.88791],[91.96475,21.88148],[91.95939,21.88257],[91.9605,21.88837],[91.9577,21.891],[91.95162,21.8824],[91.94512,21.88619],[91.93991,21.87793],[91.92534,21.87724],[91.92232,21.87034],[91.92569,21.86478],[91.92499,21.85831],[91.92089,21.85534],[91.91432,21.85778]]}},{"type":"Feature","properties":{"level":2},"geometry":{"type":"LineString","coordinates":[[92.13452,21.61839],[92.12468,21.6264],[92.11282,21.62855],[92.10624,21.63672],[92.09903,21.63766],[92.11581,21.64639],[92.11477,21.6509],[92.10172,21.65253],[92.1136,21.66417],[92.1095,21.66909],[92.1022,21.66766],[92.10604,21.67229],[92.10342,21.67974],[92.09429,21.68326],[92.10541,21.69133],[92.10387,21.69767],[92.10738,21.70213],[92.11591,21.70226],[92.11644,21.70742],[92.10909,21.71657],[92.11803,21.71421],[92.12083,21.71849],[92.11308,21.72692],[92.11793,21.73397],[92.11272,21.73756],[92.13725,21.7336],[92.15634,21.73493],[92.15916,21.74055],[92.15417,21.74244],[92.1539,21.74567],[92.16263,21.76847],[92.17669,21.7785],[92.17672,21.78609],[92.18232,21.78808],[92.18308,21.77677],[92.1903,21.77351],[92.19368,21.77474],[92.19635,21.78603],[92.20545,21.78463],[92.21279,21.78788],[92.20426,21.80489],[92.20547,21.816],[92.19791,21.82406],[92.18753,21.81782],[92.18684,21.82792],[92.18085,21.83231],[92.18494,21.83153],[92.18577,21.84331],[92.18123,21.84471],[92.17077,21.84205],[92.16936,21.83471],[92.17988,21.82016],[92.18119,21.80313],[92.18667,21.80007],[92.18739,21.79265],[92.19158,21.79079],[92.19134,21.77535],[92.18484,21.77779],[92.185,21.78711],[92.18054,21.79055],[92.17604,21.78964],[92.16452,21.77307],[92.15632,21.77737],[92.14575,21.77568],[92.13386,21.79426],[92.10962,21.78837],[92.10408,21.79683],[92.10373,21.804],[92.08304,21.8053],[92.07862,21.81016],[92.08148,21.81858],[92.07937,21.82109],[92.0841,21.82864],[92.09069,21.83001],[92.09308,21.83728],[92.08533,21.85525],[92.08819,21.85935],[92.08542,21.87039],[92.08742,21.87346],[92.08411,21.87405],[92.08493,21.88596],[92.0802,21.88784],[92.08038,21.89118],[92.07178,21.90029],[92.06218,21.90278],[92.06301,21.91066]]}},{"type":"Feature","properties":{"level":3},"geometry":{"type":"LineString","coordinates":[[92.33397,21.91423],[92.34316,21.87946],[92.37336,21.83241]]}},{"type":"Feature","properties":{"level":2},"geometry":{"type":"LineString","coordinates":[[92.06301,21.91066],[92.05893,21.90712],[92.05809,21.91708]]}},{"type":"Feature","properties":{"level":3},"geometry":{"type":"LineString","coordinates":[[92.60302,21.86748],[92.46395,21.86061],[92.43958,21.92185]]}},{"type":"Feature","properties":{"level":2},"geometry":{"type":"LineString","coordinates":[[92.03875,21.92193],[92.04101,21.91451],[92.03595,21.91329],[92.03443,21.90512],[92.03148,21.9079],[92.01281,21.90391],[92.00749,21.90779],[91.99827,21.90871],[91.99612,21.90534],[91.99188,21.90619],[91.98347,21.90109]]}},{"type":"Feature","properties":{"level":2},"geometry":{"type":"LineString","coordinates":[[92.05809,21.91708],[92.05683,21.92197],[92.05012,21.91641],[92.03875,21.92193]]}},{"type":"Feature","properties":{"level":99},"geometry":{"type":"LineString","coordinates":[[91.8747,21.92315],[91.87981,21.92115],[91.89436,21.89058],[91.89463,21.86081],[91.87732,21.82144],[91.85073,21.74508],[91.84523,21.74056],[91.84572,21.72429],[91.83322,21.72122],[91.82938,21.72323],[91.82951,21.74322],[91.83312,21.76028],[91.84472,21.7754],[91.84213,21.80511],[91.85117,21.82446],[91.84996,21.83694],[91.84089,21.85845],[91.8426,21.87535],[91.84733,21.88134],[91.84634,21.89935],[91.85673,21.90726],[91.86735,21.92239],[91.8747,21.92315]]}},{"type":"Feature","properties":{"level":3},"geometry":{"type":"LineString","coordinates":[[92.43958,21.92185],[92.42981,21.933],[92.39364,21.92246],[92.38636,21.92352],[92.35733,21.9158],[92.33397,21.91423]]}},{"type":"Feature","properties":{"level":3},"geometry":{"type":"LineString","coordinates":[[92.32849,21.94348],[92.33397,21.91423]]}},{"type":"Feature","properties":{"level":99},"geometry":{"type":"LineString","coordinates":[[89.90968,21.96533],[89.89831,21.96305],[89.89502,21.95789],[89.90613,21.91887],[89.90264,21.87625],[89.90983,21.8318],[89.90818,21.7804],[89.87926,21.7775],[89.84402,21.78153],[89.83152,21.78572],[89.79709,21.81177],[89.76055,21.83192],[89.75362,21.83992]]}},{"type":"Feature","properties":{"level":99},"geometry":{"type":"LineString","coordinates":[[90.07847,21.84503],[90.04025,21.84915],[90.02794,21.85383],[90.01791,21.86022],[90.00925,21.87724],[90.00743,21.90321],[90.01336,21.93428],[90.02203,21.95044],[90.05855,21.97028]]}},{"type":"Feature","properties":{"level":3},"geometry":{"type":"LineString","coordinates":[[92.32849,21.94348],[92.28724,21.94172],[92.26869,21.94636],[92.2616,21.95198],[92.24927,21.97489],[92.24313,21.98048]]}},{"type":"Feature","properties":{"level":2},"geometry":{"type":"LineString","coordinates":[[92.06301,21.91066],[92.07505,21.92265],[92.07997,21.92032],[92.08828,21.92542],[92.09071,21.92236],[92.09389,21.92194],[92.09447,21.92486],[92.09901,21.92163],[92.10626,21.92436],[92.10746,21.93071],[92.11731,21.93375],[92.11929,21.93091],[92.114,21.92837],[92.11615,21.92389],[92.11134,21.91715],[92.118,21.91428],[92.11876,21.90881],[92.12927,21.90184],[92.14669,21.90892],[92.17488,21.91087],[92.17689,21.91473],[92.17196,21.91611],[92.16553,21.92563],[92.16667,21.93241],[92.16174,21.93309],[92.16365,21.93911],[92.1603,21.94072],[92.16057,21.94479],[92.17317,21.94704],[92.17622,21.94173],[92.18417,21.94407],[92.18794,21.95017],[92.19699,21.95171],[92.19328,21.9537],[92.19704,21.96321],[92.2159,21.97371],[92.21183,21.98181]]}},{"type":"Feature","properties":{"level":3},"geometry":{"type":"LineString","coordinates":[[92.24313,21.98048],[92.23467,21.9827],[92.21885,21.97881],[92.21183,21.98181]]}},{"type":"Feature","properties":{"level":99},"geometry":{"type":"LineString","coordinates":[[89.99837,21.9834],[89.98334,21.98117],[89.97039,21.9714],[89.95427,21.96647],[89.90968,21.96533]]}},{"type":"Feature","properties":{"level":99},"geometry":{"type":"LineString","coordinates":[[90.05855,21.97028],[90.04037,21.97606],[90.03036,21.97596],[90.02982,21.98682],[89.99837,21.9834]]}},{"type":"Feature","properties":{"level":2},"geometry":{"type":"LineString","coordinates":[[90.59606,21.89478],[90.60202,21.89699],[90.59906,21.92001],[90.61587,21.94676],[90.61881,21.96803],[90.61656,21.97586],[90.58586,21.98796]]}},{"type":"Feature","properties":{"level":3},"geometry":{"type":"LineString","coordinates":[[92.30866,22.00118],[92.3157,21.97415],[92.32849,21.94348]]}},{"type":"Feature","properties":{"level":3},"geometry":{"type":"LineString","coordinates":[[91.99938,22.01242],[92.00621,22.00568],[92.01131,21.98872],[92.01705,21.98343],[92.01389,21.97508],[92.01849,21.9563],[92.02148,21.95001],[92.02606,21.95047],[92.02837,21.93897],[92.03444,21.93667],[92.03875,21.92193]]}},{"type":"Feature","properties":{"level":99},"geometry":{"type":"LineString","coordinates":[[91.07206,22.0193],[91.06973,22.02133],[91.07882,22.0274],[91.07712,22.02179],[91.07206,22.0193]]}},{"type":"Feature","properties":{"level":99},"geometry":{"type":"LineString","coordinates":[[90.85591,22.04878],[90.85742,21.83853],[90.59527,21.84434],[90.59606,21.89478]]}},{"type":"Feature","properties":{"level":99},"geometry":{"type":"LineString","coordinates":[[91.08274,22.05355],[91.05862,22.03028],[91.05504,22.03786],[91.05645,22.05176],[91.05441,22.0533],[91.04837,22.04861],[91.04929,22.05468],[91.07102,22.06371],[91.08272,22.06411],[91.08274,22.05355]]}},{"type":"Feature","properties":{"level":2},"geometry":{"type":"LineString","coordinates":[[92.21183,21.98181],[92.20333,21.98881],[92.20492,22.00032],[92.21624,22.00221],[92.21795,22.00573],[92.20225,22.00835],[92.20364,22.01764],[92.19647,22.01859],[92.19386,22.02402],[92.18384,22.02804],[92.17842,22.02391],[92.17504,22.03471],[92.17085,22.03388],[92.17342,22.03457],[92.17097,22.03968],[92.16258,22.04299],[92.16987,22.04789],[92.16969,22.05267],[92.17905,22.06308],[92.16468,22.0685]]}},{"type":"Feature","properties":{"level":3},"geometry":{"type":"LineString","coordinates":[[92.11627,22.07596],[92.12928,22.07059],[92.13963,22.07443],[92.14656,22.06495],[92.15892,22.06348],[92.16468,22.0685]]}},{"type":"Feature","properties":{"level":3},"geometry":{"type":"LineString","coordinates":[[91.99938,22.01242],[92.01747,22.01289],[92.02196,22.01852],[92.02899,22.01906],[92.02748,22.0284],[92.03492,22.03213],[92.04082,22.03065],[92.05061,22.03665],[92.05491,22.02728],[92.0628,22.02337],[92.06955,22.01204],[92.07973,22.0133],[92.07409,22.0195],[92.07578,22.02656],[92.07037,22.03766],[92.07286,22.03851],[92.07503,22.03424],[92.08857,22.04576],[92.09078,22.0431],[92.09473,22.04458],[92.0962,22.05241],[92.10007,22.05525],[92.09776,22.06016],[92.10753,22.06395],[92.10412,22.07047],[92.113,22.0747],[92.10933,22.07982],[92.11627,22.07596]]}},{"type":"Feature","properties":{"level":2},"geometry":{"type":"LineString","coordinates":[[90.18113,22.08173],[90.18378,22.07385],[90.18212,22.06499],[90.18918,22.05546],[90.19726,22.06116],[90.19564,22.05106],[90.20957,22.0468],[90.20301,22.0408],[90.20882,22.02727],[90.19616,22.02879],[90.20121,22.01892],[90.17561,22.02131],[90.18427,22.00956],[90.17579,22.00057],[90.18409,21.99315],[90.19089,21.98078],[90.17241,21.97669],[90.15933,21.9831],[90.13795,21.9607],[90.13567,21.94954],[90.14576,21.92927],[90.14137,21.92663],[90.11631,21.9252],[90.11434,21.91649],[90.11686,21.90234],[90.10328,21.87882],[90.09362,21.84919],[90.09093,21.84558],[90.07847,21.84503]]}},{"type":"Feature","properties":{"level":3},"geometry":{"type":"LineString","coordinates":[[90.18113,22.08173],[90.1768,22.08505],[90.17138,22.06815]]}},{"type":"Feature","properties":{"level":3},"geometry":{"type":"LineString","coordinates":[[90.58586,21.98796],[90.55278,21.98584],[90.54521,21.98257],[90.52289,21.99113],[90.49625,21.98329],[90.49634,21.99521],[90.48654,22.00536],[90.47796,22.02473],[90.45139,22.0571],[90.43861,22.06137],[90.43832,22.06878],[90.41558,22.0799],[90.41261,22.08484],[90.39365,22.08849]]}},{"type":"Feature","properties":{"level":3},"geometry":{"type":"LineString","coordinates":[[90.38159,22.09165],[90.37938,22.08171],[90.33002,22.03098],[90.31538,22.00177],[90.31101,21.98567],[90.31385,21.98288],[90.31363,21.97347],[90.30876,21.9748],[90.3076,21.97126],[90.30922,21.93643],[90.30147,21.92122],[90.28816,21.90645],[90.28605,21.89685],[90.29287,21.89103],[90.28295,21.8705],[90.2853,21.86469],[90.28082,21.8554],[90.26435,21.85027],[90.26776,21.84405],[90.26629,21.84094],[90.25197,21.82908]]}},{"type":"Feature","properties":{"level":3},"geometry":{"type":"LineString","coordinates":[[90.39365,22.08849],[90.39182,22.09168],[90.38159,22.09165]]}},{"type":"Feature","properties":{"level":3},"geometry":{"type":"LineString","coordinates":[[90.14364,22.10042],[90.08807,22.0542],[90.06561,22.00366],[90.06669,21.9793],[90.05855,21.97028]]}},{"type":"Feature","properties":{"level":3},"geometry":{"type":"LineString","coordinates":[[90.17138,22.06815],[90.15311,22.08316],[90.14364,22.10042]]}},{"type":"Feature","properties":{"level":99},"geometry":{"type":"LineString","coordinates":[[91.03375,22.08376],[91.04405,22.08337],[91.04975,22.07377],[91.03419,22.03857],[91.03087,22.04021],[91.02615,22.03364],[91.02016,22.03449],[91.019,22.03708],[91.02474,22.04398],[90.9927,22.0231],[90.98343,22.02793],[90.97471,22.05152],[90.97495,22.07171],[90.98021,22.08154],[91.00332,22.10052],[91.03375,22.08376]]}},{"type":"Feature","properties":{"level":99},"geometry":{"type":"LineString","coordinates":[[91.91432,21.85778],[91.91272,21.87946],[91.9044,21.91246],[91.9066,21.93104],[91.89914,21.93603],[91.89799,21.94146],[91.88276,21.94038],[91.8781,21.9438],[91.88526,22.00804],[91.87808,22.0308],[91.88061,22.044],[91.86887,22.0611],[91.87004,22.06579],[91.8596,22.09086],[91.85769,22.10821],[91.85278,22.10936]]}},{"type":"Feature","properties":{"level":2},"geometry":{"type":"LineString","coordinates":[[90.3459,22.11042],[90.3426,22.10955]]}},{"type":"Feature","properties":{"level":3},"geometry":{"type":"LineString","coordinates":[[90.38159,22.09165],[90.37852,22.1031],[90.36067,22.10806],[90.35519,22.10002],[90.3459,22.11042]]}},{"type":"Feature","properties":{"level":2},"geometry":{"type":"LineString","coordinates":[[90.3426,22.10955],[90.33735,22.11132],[90.33301,22.10825],[90.33464,22.10029],[90.33069,22.08185],[90.32667,22.08469],[90.32572,22.09056],[90.3123,22.08864],[90.31582,22.08134],[90.28961,22.07208],[90.28653,22.06067],[90.27658,22.06171],[90.2895,22.05387],[90.27975,22.04916],[90.28193,22.03905],[90.26991,22.02586],[90.2522,22.02662],[90.24752,22.0164],[90.23845,22.02281],[90.24094,22.02854],[90.2176,22.03031],[90.21894,22.03354],[90.24034,22.04008],[90.22244,22.04219],[90.23556,22.05478],[90.23355,22.05698],[90.2181,22.05785],[90.21151,22.06816],[90.20402,22.06696],[90.19721,22.07366],[90.2032,22.07283],[90.20783,22.07876],[90.19742,22.08854],[90.18113,22.08173]]}},{"type":"Feature","properties":{"level":99},"geometry":{"type":"LineString","coordinates":[[90.99312,22.12156],[90.96194,22.04904],[90.95623,22.02756],[90.85591,22.04878]]}},{"type":"Feature","properties":{"level":2},"geometry":{"type":"LineString","coordinates":[[92.5065,22.14004],[92.50611,22.12604],[92.51195,22.11219],[92.50698,22.10432],[92.50805,22.08651],[92.5044,22.07878],[92.51956,22.06747],[92.5215,22.05264],[92.53262,22.0475],[92.54115,22.0371],[92.542,22.02717],[92.53433,22.00917],[92.53722,21.99364],[92.54775,21.98338],[92.55415,21.96989],[92.5599,21.96918],[92.56083,21.95969],[92.56626,21.95646],[92.56734,21.94786],[92.58006,21.93345],[92.5854,21.9131],[92.59909,21.89128],[92.60302,21.86748]]}},{"type":"Feature","properties":{"level":2},"geometry":{"type":"LineString","coordinates":[[90.58586,21.98796],[90.59409,22.00413],[90.58677,22.02657],[90.58159,22.03342],[90.57835,22.05964],[90.57857,22.0721],[90.58475,22.08888],[90.58538,22.11351],[90.58134,22.12306],[90.5854,22.14051]]}},{"type":"Feature","properties":{"level":1},"geometry":{"type":"LineString","coordinates":[[89.89013,22.15702],[89.89614,22.12629],[89.89545,22.10059],[89.87832,22.05783],[89.87763,22.04826],[89.8855,22.03701],[89.8891,22.01746],[89.89628,22.01111],[89.901,22.00046],[89.90519,21.97004],[89.90968,21.96533]]}},{"type":"Feature","properties":{"level":3},"geometry":{"type":"LineString","coordinates":[[91.94254,22.1767],[91.92702,22.17561]]}},{"type":"Feature","properties":{"level":3},"geometry":{"type":"LineString","coordinates":[[91.94254,22.1767],[91.94087,22.16604],[91.93511,22.16401],[91.95417,22.16254],[91.94633,22.15991],[91.95509,22.14857],[91.95101,22.14577],[91.95281,22.1401],[91.95627,22.13811],[91.96545,22.14176],[91.97539,22.12594],[91.97363,22.11921],[91.9787,22.12337],[91.98462,22.12317],[91.98425,22.11669],[91.99128,22.11167],[91.98865,22.10813],[91.99604,22.1035],[91.99322,22.10081],[91.99466,22.09469],[91.98925,22.09612],[91.98039,22.10505],[91.98039,22.1094],[91.9727,22.10781],[91.974,22.1111],[91.96777,22.11338],[91.97013,22.10784],[91.95791,22.10578],[91.95342,22.0983],[91.95637,22.06993],[91.97131,22.07019],[91.97324,22.07411],[91.98567,22.07583],[91.97997,22.06558],[91.97569,22.0655],[91.97422,22.06187],[91.98115,22.05968],[91.98314,22.04739],[91.98682,22.0467],[91.98626,22.0335],[91.9923,22.03242],[91.99546,22.02741],[91.99938,22.01242]]}},{"type":"Feature","properties":{"level":3},"geometry":{"type":"LineString","coordinates":[[91.92702,22.17561],[91.91673,22.17963],[91.91374,22.16598],[91.90382,22.15664],[91.89405,22.15843],[91.87538,22.15564],[91.87676,22.15049],[91.88769,22.14614],[91.89083,22.13998],[91.89095,22.13142],[91.88502,22.12525],[91.87524,22.12603],[91.86231,22.14209],[91.85358,22.1413],[91.85054,22.11886],[91.85278,22.10936]]}},{"type":"Feature","properties":{"level":3},"geometry":{"type":"LineString","coordinates":[[91.94361,22.18106],[91.94254,22.1767]]}},{"type":"Feature","properties":{"level":3},"geometry":{"type":"LineString","coordinates":[[90.88228,22.18696],[90.85591,22.04878]]}},{"type":"Feature","properties":{"level":3},"geometry":{"type":"LineString","coordinates":[[92.49163,22.18746],[92.47231,22.18138],[92.41339,22.1429],[92.3912,22.14021],[92.37506,22.14531],[92.36018,22.13149],[92.33626,22.12464],[92.33053,22.11311],[92.33353,22.10846],[92.33266,22.10071],[92.33839,22.09057],[92.33164,22.08087],[92.3407,22.07383],[92.34121,22.06582],[92.34446,22.06399],[92.34371,22.05879],[92.33801,22.0573],[92.33605,22.05311],[92.34071,22.04123],[92.33467,22.02517],[92.31213,22.00912],[92.30866,22.00118]]}},{"type":"Feature","properties":{"level":2},"geometry":{"type":"LineString","coordinates":[[92.49163,22.18746],[92.49414,22.17408],[92.4921,22.16658],[92.50413,22.15247],[92.5065,22.14004]]}},{"type":"Feature","properties":{"level":3},"geometry":{"type":"LineString","coordinates":[[89.99837,21.9834],[89.99748,21.9916],[89.99056,21.99675],[89.98153,22.01968],[89.98064,22.04214],[89.98898,22.0499],[90.00848,22.05696],[90.02302,22.07275],[90.02634,22.08274],[90.02251,22.11928],[90.02991,22.13746],[90.0691,22.16324],[90.06214,22.17369],[90.03826,22.17871],[90.02278,22.18862]]}},{"type":"Feature","properties":{"level":3},"geometry":{"type":"LineString","coordinates":[[92.15354,22.19408],[92.15207,22.19404]]}},{"type":"Feature","properties":{"level":2},"geometry":{"type":"LineString","coordinates":[[92.16468,22.0685],[92.16425,22.07183],[92.15455,22.07015],[92.15768,22.07687],[92.16351,22.08049],[92.16371,22.08547],[92.14454,22.08848],[92.14175,22.09245],[92.14834,22.09725],[92.15254,22.09385],[92.15701,22.09587],[92.15789,22.10062],[92.17077,22.10692],[92.17338,22.11233],[92.16051,22.12895],[92.1717,22.14112],[92.17093,22.14684],[92.16286,22.14766],[92.16372,22.15906],[92.15755,22.16577],[92.16422,22.17512],[92.16273,22.18022],[92.1654,22.18417],[92.15998,22.19174],[92.15354,22.19408]]}},{"type":"Feature","properties":{"level":3},"geometry":{"type":"LineString","coordinates":[[92.15207,22.19404],[92.14064,22.20669],[92.13256,22.20487],[92.12939,22.20035],[92.1295,22.19385],[92.13696,22.18534],[92.1398,22.17169],[92.1374,22.17027],[92.12389,22.17781],[92.11841,22.17052],[92.11695,22.15587],[92.12542,22.13196],[92.12325,22.1289],[92.11551,22.13213],[92.10938,22.15082],[92.10189,22.16059],[92.07405,22.1622],[92.06069,22.15534],[92.05351,22.14248],[92.05039,22.14271],[92.0468,22.14452],[92.04923,22.15666],[92.04694,22.1628],[92.03923,22.17093],[92.03456,22.16913],[92.02856,22.17161],[92.02763,22.16187],[92.02405,22.15747],[92.0254,22.14954],[92.0098,22.14344],[92.00137,22.14774],[91.99777,22.14593],[91.99075,22.15633],[91.98473,22.1569],[91.98562,22.1635],[91.97629,22.16757],[91.9732,22.17799],[91.97509,22.17919],[91.96971,22.18283],[91.94361,22.18106]]}},{"type":"Feature","properties":{"level":3},"geometry":{"type":"LineString","coordinates":[[90.14364,22.10042],[90.15106,22.11505],[90.16022,22.12418],[90.19373,22.11481],[90.20834,22.12007],[90.21471,22.13326],[90.22088,22.16458],[90.23487,22.19024],[90.22275,22.21324]]}},{"type":"Feature","properties":{"level":3},"geometry":{"type":"LineString","coordinates":[[90.02278,22.18862],[90.01458,22.18469],[90.0046,22.1938],[90.01585,22.1979],[90.01262,22.20453],[90.02118,22.20807],[90.02413,22.21884]]}},{"type":"Feature","properties":{"level":3},"geometry":{"type":"LineString","coordinates":[[90.0702,22.2194],[90.05294,22.21038],[90.02553,22.20272],[90.02043,22.19544],[90.02278,22.18862]]}},{"type":"Feature","properties":{"level":99},"geometry":{"type":"LineString","coordinates":[[91.85278,22.10936],[91.84255,22.1105],[91.83098,22.12965],[91.82547,22.14674],[91.81135,22.17293],[91.80869,22.1892],[91.81394,22.19873],[91.81217,22.20784],[91.79915,22.21945]]}},{"type":"Feature","properties":{"level":2},"geometry":{"type":"LineString","coordinates":[[89.89013,22.15702],[89.92641,22.15805],[89.93638,22.16497],[89.94071,22.17465],[89.95712,22.16856],[89.95662,22.18098],[89.96809,22.19076],[89.96192,22.20604],[89.96462,22.21939],[89.96649,22.20992],[89.97435,22.20091],[89.98055,22.20649],[89.98848,22.19841],[89.9906,22.20901]]}},{"type":"Feature","properties":{"level":2},"geometry":{"type":"LineString","coordinates":[[90.21534,22.22309],[90.22275,22.21324]]}},{"type":"Feature","properties":{"level":3},"geometry":{"type":"LineString","coordinates":[[90.02413,22.21884],[90.02609,22.22312],[90.01907,22.21811],[90.01045,22.21896],[90.00427,22.20955],[89.99298,22.20335],[89.9906,22.20901]]}},{"type":"Feature","properties":{"level":3},"geometry":{"type":"LineString","coordinates":[[91.96421,22.22541],[91.95569,22.21703],[91.95708,22.2091],[91.95105,22.20435],[91.95631,22.19219],[91.94523,22.19201],[91.94361,22.18106]]}},{"type":"Feature","properties":{"level":2},"geometry":{"type":"LineString","coordinates":[[90.17409,22.23997],[90.18379,22.23225],[90.19872,22.22847],[90.21037,22.22064],[90.21534,22.22309]]}},{"type":"Feature","properties":{"level":3},"geometry":{"type":"LineString","coordinates":[[90.0702,22.2194],[90.08058,22.21204],[90.09404,22.21697],[90.10831,22.21514],[90.11435,22.24123],[90.15467,22.23962],[90.1601,22.24709]]}},{"type":"Feature","properties":{"level":2},"geometry":{"type":"LineString","coordinates":[[90.1601,22.24709],[90.17409,22.23997]]}},{"type":"Feature","properties":{"level":3},"geometry":{"type":"LineString","coordinates":[[91.79915,22.21945],[91.8064,22.22096],[91.83013,22.24061],[91.83774,22.25226]]}},{"type":"Feature","properties":{"level":3},"geometry":{"type":"LineString","coordinates":[[91.88447,22.25991],[91.89824,22.25406],[91.8937,22.25194],[91.89557,22.24842],[91.89962,22.24806],[91.89917,22.25094],[91.90635,22.24841],[91.9072,22.25181],[91.91485,22.24765],[91.91668,22.25281],[91.92252,22.25241],[91.92371,22.25596],[91.9283,22.2529],[91.93968,22.25471],[91.94291,22.24514],[91.96137,22.24733],[91.96043,22.24063],[91.96778,22.23717],[91.96421,22.22541]]}},{"type":"Feature","properties":{"level":3},"geometry":{"type":"LineString","coordinates":[[91.83774,22.25226],[91.84954,22.247],[91.85586,22.23831],[91.86427,22.24377],[91.86914,22.24284],[91.87018,22.23955],[91.87795,22.24725],[91.87677,22.26022],[91.88341,22.26046]]}},{"type":"Feature","properties":{"level":3},"geometry":{"type":"LineString","coordinates":[[91.88341,22.26046],[91.88447,22.25991]]}},{"type":"Feature","properties":{"level":2},"geometry":{"type":"LineString","coordinates":[[90.33508,22.26062],[90.32896,22.24369],[90.33763,22.24294],[90.33692,22.23589],[90.34366,22.23684],[90.35233,22.23058],[90.36115,22.22926],[90.35998,22.2168],[90.36474,22.21291],[90.35751,22.20369],[90.34872,22.20162],[90.3553,22.1945],[90.36788,22.19958],[90.37389,22.19536],[90.36458,22.18205],[90.3563,22.18241],[90.34212,22.17165],[90.34156,22.16591],[90.33747,22.16387],[90.3368,22.13664],[90.34437,22.12805],[90.3412,22.11717],[90.3459,22.11042]]}},{"type":"Feature","properties":{"level":2},"geometry":{"type":"LineString","coordinates":[[90.27337,22.25996],[90.27858,22.25426],[90.28402,22.2594],[90.28952,22.25615],[90.28801,22.24987],[90.28449,22.24995],[90.28671,22.24418],[90.28128,22.24483],[90.28742,22.23173],[90.29187,22.23397],[90.2882,22.24098],[90.30092,22.24247],[90.30828,22.25161],[90.33508,22.26062]]}},{"type":"Feature","properties":{"level":2},"geometry":{"type":"LineString","coordinates":[[90.22275,22.21324],[90.23241,22.226],[90.22579,22.22895],[90.22444,22.23426],[90.23605,22.23833],[90.24548,22.26125],[90.25774,22.25969],[90.27075,22.26301],[90.27337,22.25996]]}},{"type":"Feature","properties":{"level":2},"geometry":{"type":"LineString","coordinates":[[90.5854,22.14051],[90.57257,22.14956],[90.57153,22.15785],[90.61158,22.22426],[90.63125,22.26384]]}},{"type":"Feature","properties":{"level":3},"geometry":{"type":"LineString","coordinates":[[90.76685,22.26856],[90.77193,22.26163],[90.78144,22.26147],[90.77721,22.25235],[90.78006,22.24943],[90.78435,22.24887],[90.78719,22.25244],[90.80188,22.24601],[90.7953,22.23931],[90.80288,22.23297],[90.81081,22.21699],[90.80592,22.20511],[90.82248,22.20472],[90.82935,22.19298],[90.82898,22.18664],[90.88228,22.18696]]}},{"type":"Feature","properties":{"level":3},"geometry":{"type":"LineString","coordinates":[[90.63125,22.26384],[90.67062,22.25556],[90.67098,22.24932],[90.67482,22.24635],[90.68332,22.24905],[90.6911,22.24661],[90.69274,22.24909],[90.70366,22.24408],[90.71352,22.24623],[90.71549,22.2491],[90.71235,22.24972],[90.71342,22.25252],[90.72172,22.25042],[90.72534,22.25524],[90.73305,22.25535],[90.74069,22.26164],[90.7457,22.25138],[90.75463,22.25386],[90.75379,22.25889],[90.7644,22.25515],[90.76345,22.26796],[90.76685,22.26856]]}},{"type":"Feature","properties":{"level":3},"geometry":{"type":"LineString","coordinates":[[91.96421,22.22541],[91.97925,22.22109],[91.98772,22.22346],[91.99165,22.2194],[91.99281,22.22397],[92.00104,22.22396],[91.99927,22.23062],[92.00846,22.23297],[92.01124,22.24586],[92.01815,22.24558],[92.01004,22.25532],[92.02254,22.25733],[92.03006,22.25473],[92.03215,22.25078],[92.0276,22.24783],[92.03792,22.24445],[92.04393,22.24923],[92.04887,22.24466],[92.05009,22.23375],[92.05771,22.23796],[92.06781,22.23804],[92.07545,22.24938],[92.08367,22.24729],[92.09459,22.2545],[92.11554,22.25424],[92.11239,22.26705],[92.10423,22.26846],[92.09384,22.29022],[92.09367,22.29532],[92.0995,22.30011],[92.0994,22.30652]]}},{"type":"Feature","properties":{"level":2},"geometry":{"type":"LineString","coordinates":[[92.15354,22.19408],[92.14588,22.21133],[92.14905,22.21257],[92.1504,22.22089],[92.13991,22.23456],[92.14424,22.25616],[92.13673,22.2715],[92.14159,22.27519],[92.14085,22.28624],[92.15061,22.29579],[92.15234,22.31099]]}},{"type":"Feature","properties":{"level":3},"geometry":{"type":"LineString","coordinates":[[92.14142,22.31388],[92.15234,22.31099]]}},{"type":"Feature","properties":{"level":3},"geometry":{"type":"LineString","coordinates":[[92.0994,22.30652],[92.10628,22.30232],[92.11795,22.30161],[92.11843,22.30648],[92.12525,22.31022],[92.14142,22.31388]]}},{"type":"Feature","properties":{"level":3},"geometry":{"type":"LineString","coordinates":[[90.86845,22.31546],[90.90696,22.31537],[90.88885,22.25115],[90.89156,22.2263],[90.88228,22.18696]]}},{"type":"Feature","properties":{"level":2},"geometry":{"type":"LineString","coordinates":[[90.63125,22.26384],[90.65382,22.27972],[90.66194,22.31802]]}},{"type":"Feature","properties":{"level":99},"geometry":{"type":"LineString","coordinates":[[89.32594,21.68527],[89.3205,21.6734],[89.26631,21.6542],[89.1975,21.65654],[89.17426,21.65371],[89.16171,21.6455],[89.13553,21.64717],[89.07474,21.72022],[89.04947,21.75878],[89.03058,21.77951],[89.02883,21.79296],[89.0422,21.82791],[89.04434,21.86119],[89.04113,21.86903],[89.02369,21.88932],[89.02363,21.90687],[89.02762,21.9202],[89.03173,21.92268],[89.05272,21.92752],[89.07245,21.9274],[89.08124,21.95675],[89.07869,21.98106],[89.08062,22.00112],[89.08348,22.00301],[89.08147,22.01452],[89.06024,22.03782],[89.04999,22.05423],[89.03921,22.09525],[89.04352,22.10791],[89.05355,22.11934],[89.06471,22.12392],[89.09253,22.1443],[89.09751,22.15159],[89.09617,22.15791],[89.09045,22.16036],[89.07771,22.14669],[89.07112,22.14864],[89.06148,22.17042],[89.07156,22.18872],[89.07007,22.1978]]}},{"type":"Feature","properties":{"level":3},"geometry":{"type":"LineString","coordinates":[[91.86161,22.3306],[91.869,22.32807],[91.87242,22.30518],[91.87779,22.29449],[91.87598,22.28629],[91.8705,22.28155],[91.87145,22.27427],[91.88283,22.27035],[91.88341,22.26046]]}},{"type":"Feature","properties":{"level":3},"geometry":{"type":"LineString","coordinates":[[91.83774,22.25226],[91.84016,22.26398],[91.83724,22.26911],[91.83056,22.27347],[91.80406,22.27932],[91.79856,22.28634],[91.79905,22.29527],[91.80421,22.30308],[91.82702,22.31847],[91.83665,22.31959],[91.86161,22.3306]]}},{"type":"Feature","properties":{"level":2},"geometry":{"type":"LineString","coordinates":[[92.361,22.33435],[92.37316,22.33152],[92.38829,22.33285],[92.39506,22.32663],[92.40239,22.30831],[92.42826,22.27054],[92.44861,22.25693],[92.45742,22.25542],[92.46519,22.24707],[92.47349,22.23278],[92.47556,22.21117],[92.4874,22.20289],[92.49163,22.18746]]}},{"type":"Feature","properties":{"level":3},"geometry":{"type":"LineString","coordinates":[[90.33508,22.26062],[90.35193,22.26533],[90.35455,22.25683],[90.35929,22.25411],[90.36575,22.26264],[90.36924,22.25959],[90.37163,22.2619],[90.37772,22.2605],[90.37532,22.27437],[90.37693,22.29434],[90.37987,22.29644],[90.40221,22.28835],[90.40446,22.30107],[90.43161,22.29434],[90.44116,22.30038],[90.458,22.29724],[90.4723,22.32237],[90.45668,22.33441]]}},{"type":"Feature","properties":{"level":2},"geometry":{"type":"LineString","coordinates":[[89.9906,22.20901],[89.99901,22.21146],[89.99632,22.2286],[90.01715,22.22811],[90.02717,22.25664],[90.01924,22.27386],[90.02317,22.29175],[90.02987,22.2962],[90.03018,22.30279],[90.03888,22.30287],[90.04112,22.31682],[90.04901,22.31281],[90.0535,22.31381],[90.05348,22.32379],[90.04868,22.33346],[90.05079,22.33539]]}},{"type":"Feature","properties":{"level":1},"geometry":{"type":"LineString","coordinates":[[89.88839,22.33722],[89.86637,22.30332],[89.8594,22.27936],[89.85736,22.25911],[89.86393,22.22442],[89.88398,22.19591],[89.88668,22.16431],[89.89013,22.15702]]}},{"type":"Feature","properties":{"level":3},"geometry":{"type":"LineString","coordinates":[[92.08253,22.33985],[92.08961,22.32871],[92.0907,22.3158],[92.09771,22.31188],[92.0994,22.30652]]}},{"type":"Feature","properties":{"level":3},"geometry":{"type":"LineString","coordinates":[[91.86161,22.3306],[91.8718,22.34099]]}},{"type":"Feature","properties":{"level":3},"geometry":{"type":"LineString","coordinates":[[92.28241,22.3431],[92.28763,22.3283],[92.2852,22.29663],[92.28771,22.26997],[92.29217,22.27425],[92.29258,22.27006],[92.30237,22.26906],[92.3049,22.26502],[92.30283,22.2464],[92.29705,22.2349],[92.32327,22.21484],[92.32806,22.20258],[92.32761,22.18652],[92.32442,22.18058],[92.317,22.17642],[92.29463,22.17454],[92.27917,22.18523],[92.26993,22.19974],[92.26533,22.20127],[92.24955,22.18039],[92.22305,22.1599],[92.25088,22.12489],[92.28453,22.06675],[92.30866,22.00118]]}},{"type":"Feature","properties":{"level":3},"geometry":{"type":"LineString","coordinates":[[90.48504,22.34317],[90.48273,22.34307]]}},{"type":"Feature","properties":{"level":3},"geometry":{"type":"LineString","coordinates":[[90.5854,22.14051],[90.57916,22.13779],[90.57871,22.13417],[90.5664,22.1292],[90.54138,22.12406],[90.52641,22.11302],[90.52834,22.12634],[90.53463,22.12886],[90.53166,22.13801],[90.52487,22.14058],[90.51038,22.13922],[90.50916,22.14215],[90.49628,22.14342],[90.493,22.18002],[90.48347,22.20355],[90.49386,22.21096],[90.49406,22.21419],[90.49258,22.21758],[90.47014,22.22821],[90.47832,22.23514],[90.46976,22.24382],[90.47242,22.24506],[90.47234,22.25221],[90.46853,22.25563],[90.47072,22.26084],[90.4751,22.26193],[90.482,22.25965],[90.48442,22.26175],[90.48532,22.25855],[90.49018,22.25761],[90.49712,22.25989],[90.49207,22.27466],[90.48454,22.28209],[90.48695,22.28667],[90.49886,22.28182],[90.50693,22.27267],[90.51085,22.27598],[90.50887,22.28628],[90.51285,22.28858],[90.51071,22.29016],[90.5119,22.30171],[90.50068,22.30108],[90.49784,22.32263],[90.48988,22.32928],[90.48986,22.33722],[90.48601,22.33766],[90.48504,22.34317]]}},{"type":"Feature","properties":{"level":2},"geometry":{"type":"LineString","coordinates":[[92.31346,22.3445],[92.3338,22.33462],[92.361,22.33435]]}},{"type":"Feature","properties":{"level":3},"geometry":{"type":"LineString","coordinates":[[90.09147,22.34464],[90.1053,22.31758],[90.10714,22.29901],[90.10049,22.28159],[90.0826,22.26061],[90.07819,22.23133],[90.0702,22.2194]]}},{"type":"Feature","properties":{"level":2},"geometry":{"type":"LineString","coordinates":[[89.32594,21.68527],[89.32182,21.69302],[89.31061,21.805],[89.30948,21.84947],[89.31648,21.86104],[89.33843,21.88092],[89.37013,21.89507],[89.37267,21.9165],[89.36994,21.93297],[89.36191,21.94776],[89.32281,21.99124],[89.28618,22.0611],[89.28967,22.07018],[89.30286,22.08178],[89.3028,22.09167],[89.29482,22.09658],[89.26364,22.08548],[89.27864,22.14099],[89.29093,22.15671],[89.31382,22.17743],[89.32258,22.1923],[89.32179,22.19818],[89.30681,22.21584],[89.31043,22.2342],[89.29041,22.25514],[89.29586,22.26358],[89.31619,22.27405],[89.31759,22.28443],[89.31029,22.2871],[89.28862,22.28369],[89.28246,22.28576],[89.27747,22.30858],[89.2514,22.33685],[89.25145,22.34475]]}},{"type":"Feature","properties":{"level":2},"geometry":{"type":"LineString","coordinates":[[90.08939,22.3449],[90.09147,22.34464]]}},{"type":"Feature","properties":{"level":2},"geometry":{"type":"LineString","coordinates":[[92.28241,22.3431],[92.31346,22.3445]]}},{"type":"Feature","properties":{"level":3},"geometry":{"type":"LineString","coordinates":[[90.48273,22.34307],[90.47303,22.34577],[90.46968,22.33522],[90.44843,22.34574],[90.45668,22.33441]]}},{"type":"Feature","properties":{"level":2},"geometry":{"type":"LineString","coordinates":[[92.19397,22.34893],[92.20234,22.34315],[92.21301,22.31312],[92.21645,22.31065],[92.22841,22.31413],[92.28241,22.3431]]}},{"type":"Feature","properties":{"level":2},"geometry":{"type":"LineString","coordinates":[[92.15234,22.31099],[92.14951,22.31745],[92.15458,22.32062],[92.1575,22.33193],[92.15363,22.34051],[92.14693,22.34049],[92.14874,22.34939]]}},{"type":"Feature","properties":{"level":2},"geometry":{"type":"LineString","coordinates":[[92.14874,22.34939],[92.175,22.35121],[92.19397,22.34893]]}},{"type":"Feature","properties":{"level":2},"geometry":{"type":"LineString","coordinates":[[90.05079,22.33539],[90.06261,22.34246],[90.0684,22.33944],[90.0771,22.35317],[90.08939,22.3449]]}},{"type":"Feature","properties":{"level":3},"geometry":{"type":"LineString","coordinates":[[90.66194,22.31802],[90.64794,22.31729],[90.61445,22.30663],[90.61752,22.33125],[90.6069,22.33112],[90.60426,22.32649],[90.5965,22.324],[90.59198,22.33439],[90.59543,22.33865],[90.59054,22.34344],[90.58963,22.34965],[90.58311,22.35072],[90.58043,22.35513],[90.57776,22.35297]]}},{"type":"Feature","properties":{"level":3},"geometry":{"type":"LineString","coordinates":[[92.08253,22.33985],[92.06296,22.33248],[92.04667,22.33583],[92.03838,22.34115],[92.03279,22.35742]]}},{"type":"Feature","properties":{"level":3},"geometry":{"type":"LineString","coordinates":[[92.361,22.33435],[92.36309,22.34067],[92.3409,22.35864]]}},{"type":"Feature","properties":{"level":3},"geometry":{"type":"LineString","coordinates":[[92.03279,22.35742],[92.03049,22.35942],[92.00649,22.34845],[91.97117,22.3471],[91.95892,22.35229],[91.94685,22.34343],[91.93433,22.34453],[91.92432,22.34029],[91.89973,22.34002],[91.89382,22.33478],[91.87764,22.34267],[91.8718,22.34099]]}},{"type":"Feature","properties":{"level":99},"geometry":{"type":"LineString","coordinates":[[91.79915,22.21945],[91.77853,22.23213],[91.77719,22.25312],[91.77332,22.26296],[91.75497,22.28509],[91.74443,22.36449]]}},{"type":"Feature","properties":{"level":3},"geometry":{"type":"LineString","coordinates":[[90.57776,22.35297],[90.57292,22.37008],[90.56843,22.35786],[90.57066,22.34964],[90.55795,22.34974],[90.55691,22.34737],[90.54482,22.35224],[90.54368,22.34809],[90.52826,22.35511],[90.52003,22.35216],[90.50373,22.35785],[90.49323,22.35188],[90.49159,22.34462],[90.48504,22.34317]]}},{"type":"Feature","properties":{"level":3},"geometry":{"type":"LineString","coordinates":[[89.77079,22.37278],[89.77356,22.36446],[89.75948,22.35928],[89.75744,22.3534],[89.76557,22.33738],[89.76128,22.31742],[89.76355,22.31241],[89.75607,22.31083],[89.76181,22.29451],[89.75689,22.2888],[89.75101,22.28778],[89.75296,22.27291],[89.75766,22.26738],[89.75094,22.26621],[89.74922,22.25978],[89.7618,22.25999],[89.75354,22.25218],[89.76203,22.24364],[89.75495,22.22698],[89.75435,22.20862],[89.74895,22.19596],[89.7371,22.20984],[89.72966,22.19835],[89.74601,22.18586],[89.74078,22.16074],[89.7411,22.13753],[89.75673,22.13218],[89.76696,22.11568],[89.77481,22.09117],[89.77061,22.07897],[89.75115,22.06524],[89.75032,22.0558],[89.74034,22.05231],[89.74361,22.03664],[89.75732,22.03515],[89.7586,22.0288],[89.75608,22.02309],[89.7428,22.01743],[89.75118,22.00115],[89.74834,21.99623],[89.73517,21.99126],[89.74785,21.97692],[89.73733,21.96638],[89.74526,21.96059],[89.76336,21.95977],[89.76949,21.95018],[89.76546,21.94352],[89.7538,21.93799],[89.7411,21.94676],[89.73116,21.94677],[89.72667,21.93985],[89.73355,21.92806],[89.73223,21.91901],[89.7168,21.90489],[89.72883,21.89849],[89.73622,21.88938],[89.73884,21.87804],[89.74898,21.8652],[89.75362,21.83992]]}},{"type":"Feature","properties":{"level":0},"geometry":{"type":"LineString","coordinates":[[92.56172,22.37323],[92.56585,22.36952],[92.56734,22.36011],[92.57047,22.35899],[92.57531,22.33941],[92.57464,22.32736],[92.5803,22.31775],[92.58012,22.31085],[92.57739,22.31047],[92.58117,22.30703],[92.57923,22.30519],[92.58224,22.29817],[92.57764,22.28782],[92.58068,22.2857],[92.57678,22.28396],[92.581,22.28025],[92.58103,22.27504],[92.57612,22.27273],[92.5788,22.27147],[92.57758,22.26768],[92.58606,22.26327],[92.58376,22.25913],[92.59026,22.25281],[92.59143,22.24014],[92.58763,22.21852],[92.59317,22.20719],[92.59599,22.19044],[92.59459,22.17501],[92.60689,22.17174],[92.6079,22.16877],[92.61006,22.13593],[92.60655,22.13509],[92.60551,22.12544],[92.59923,22.12395],[92.59266,22.12684],[92.59118,22.14011],[92.57882,22.14327],[92.57347,22.13762],[92.56397,22.13423],[92.56143,22.12829],[92.57282,22.11754],[92.58121,22.09043],[92.58897,22.08167],[92.59077,22.06686],[92.59924,22.06031],[92.59178,22.04091],[92.59328,22.03373],[92.5993,22.02705],[92.59731,22.00836],[92.61044,21.99255],[92.61054,21.98556],[92.60435,21.97899],[92.61209,21.95454],[92.61071,21.94624],[92.61615,21.93644],[92.61472,21.93038],[92.62324,21.91267],[92.63238,21.8751],[92.63128,21.86217],[92.62087,21.86106],[92.61377,21.851]]}},{"type":"Feature","properties":{"level":1},"geometry":{"type":"LineString","coordinates":[[89.89644,22.37937],[89.89868,22.36181],[89.88839,22.33722]]}},{"type":"Feature","properties":{"level":3},"geometry":{"type":"LineString","coordinates":[[89.89986,22.3793],[89.89644,22.37937]]}},{"type":"Feature","properties":{"level":99},"geometry":{"type":"LineString","coordinates":[[91.37673,22.35207],[91.37064,22.35344],[91.36319,22.37038],[91.37456,22.37963],[91.39694,22.38894],[91.40001,22.38127],[91.39841,22.37501],[91.39171,22.36688],[91.38177,22.36129],[91.38151,22.35478],[91.37673,22.35207]]}},{"type":"Feature","properties":{"level":3},"geometry":{"type":"LineString","coordinates":[[89.88839,22.33722],[89.87797,22.34609],[89.8727,22.36924],[89.8679,22.37097],[89.86363,22.3633],[89.85698,22.36856],[89.84061,22.36466],[89.83559,22.36794],[89.84394,22.36876],[89.8409,22.37352],[89.84324,22.37875],[89.81832,22.37701],[89.81244,22.38938]]}},{"type":"Feature","properties":{"level":2},"geometry":{"type":"LineString","coordinates":[[90.05079,22.33539],[90.05588,22.3542],[90.05052,22.35859],[90.04575,22.35839],[90.03466,22.37323],[90.03415,22.36096],[90.03043,22.36553],[90.01941,22.36782],[90.01767,22.37105],[90.02185,22.39061]]}},{"type":"Feature","properties":{"level":3},"geometry":{"type":"LineString","coordinates":[[89.81244,22.38938],[89.81157,22.39494],[89.80764,22.396],[89.80877,22.39194],[89.80628,22.39018],[89.79082,22.3853],[89.79246,22.37581],[89.77079,22.37278]]}},{"type":"Feature","properties":{"level":3},"geometry":{"type":"LineString","coordinates":[[90.02185,22.39061],[90.01013,22.39547],[90.00561,22.39387],[89.99987,22.40084],[90.00044,22.39393],[89.98412,22.39168]]}},{"type":"Feature","properties":{"level":3},"geometry":{"type":"LineString","coordinates":[[89.25145,22.34475],[89.24586,22.36002],[89.23113,22.37197],[89.21618,22.37679],[89.2138,22.37479],[89.21507,22.36848],[89.19458,22.36635],[89.19054,22.375],[89.18856,22.39618],[89.17081,22.40191],[89.16301,22.40107]]}},{"type":"Feature","properties":{"level":3},"geometry":{"type":"LineString","coordinates":[[90.76956,22.40227],[90.77036,22.37157],[90.78052,22.36241],[90.78153,22.35718],[90.79236,22.36327],[90.82513,22.34481],[90.84658,22.34117],[90.85889,22.34276],[90.85969,22.33937],[90.8522,22.33209],[90.8597,22.32444],[90.86306,22.31142],[90.86845,22.31546]]}},{"type":"Feature","properties":{"level":3},"geometry":{"type":"LineString","coordinates":[[89.16301,22.40107],[89.16288,22.3959],[89.15862,22.39201],[89.14593,22.39234],[89.14066,22.37987],[89.14108,22.37142],[89.13429,22.36514],[89.12379,22.36608],[89.1144,22.37157],[89.11123,22.37831],[89.10539,22.37787],[89.10074,22.38966],[89.09609,22.39216],[89.09499,22.40323]]}},{"type":"Feature","properties":{"level":3},"geometry":{"type":"LineString","coordinates":[[89.98412,22.39168],[89.97712,22.39355],[89.97248,22.40325],[89.96234,22.40055],[89.97405,22.38146],[89.9705,22.37122],[89.95992,22.36829],[89.95321,22.38417],[89.93985,22.3862],[89.9347,22.37767],[89.93488,22.36331],[89.93012,22.36215],[89.91142,22.3772],[89.89986,22.3793]]}},{"type":"Feature","properties":{"level":3},"geometry":{"type":"LineString","coordinates":[[89.09499,22.40323],[89.08539,22.39973],[89.08148,22.39184],[89.07707,22.39572],[89.07493,22.39265],[89.06325,22.39546],[89.06722,22.39155],[89.06205,22.38554],[89.06483,22.38314],[89.06164,22.37659],[89.06811,22.376],[89.06387,22.3729],[89.06499,22.36428],[89.0554,22.34841],[89.05904,22.34088],[89.0653,22.33886],[89.06478,22.33321],[89.05761,22.34113],[89.05159,22.34197],[89.04222,22.33788],[89.0397,22.34304],[89.02912,22.34408],[89.01997,22.33294],[89.01283,22.33074],[89.00601,22.31865]]}},{"type":"Feature","properties":{"level":3},"geometry":{"type":"LineString","coordinates":[[91.8718,22.34099],[91.88055,22.38259],[91.89342,22.40489]]}},{"type":"Feature","properties":{"level":1},"geometry":{"type":"LineString","coordinates":[[90.99312,22.12156],[91.02131,22.19188],[91.01508,22.25686],[91.02355,22.29911],[91.01245,22.32093],[91.00087,22.368],[90.98104,22.40573]]}},{"type":"Feature","properties":{"level":3},"geometry":{"type":"LineString","coordinates":[[90.76956,22.40227],[90.76178,22.39547],[90.7485,22.39378],[90.73577,22.39983],[90.73351,22.40658]]}},{"type":"Feature","properties":{"level":2},"geometry":{"type":"LineString","coordinates":[[90.66194,22.31802],[90.66378,22.34266],[90.66044,22.40866]]}},{"type":"Feature","properties":{"level":2},"geometry":{"type":"LineString","coordinates":[[92.11952,22.42284],[92.10166,22.40673],[92.10615,22.39834],[92.11079,22.39931],[92.12293,22.3748],[92.1348,22.37782],[92.14282,22.37573],[92.1401,22.37094],[92.14166,22.36301],[92.13702,22.36325],[92.13505,22.35997],[92.14899,22.3563],[92.14874,22.34939]]}},{"type":"Feature","properties":{"level":3},"geometry":{"type":"LineString","coordinates":[[90.45668,22.33441],[90.44374,22.33751],[90.44429,22.34255],[90.43411,22.3442],[90.42942,22.35172],[90.42542,22.3693],[90.43738,22.38271],[90.42965,22.38877],[90.432,22.39945],[90.42799,22.4052],[90.42929,22.41103],[90.4219,22.40954],[90.4166,22.4235]]}},{"type":"Feature","properties":{"level":3},"geometry":{"type":"LineString","coordinates":[[91.89342,22.40489],[91.92114,22.42107],[91.95219,22.42426],[91.96668,22.4188]]}},{"type":"Feature","properties":{"level":3},"geometry":{"type":"LineString","coordinates":[[91.96668,22.4188],[91.9806,22.41426],[92.00018,22.41344],[92.02404,22.426],[92.02267,22.41822],[92.02559,22.41334],[92.02182,22.40726],[92.0278,22.40554],[92.02807,22.40008],[92.03427,22.39924],[92.03779,22.37843],[92.04717,22.36625],[92.06047,22.36512],[92.06453,22.36717],[92.06415,22.37208],[92.06865,22.37026],[92.08204,22.34817],[92.08253,22.33985]]}},{"type":"Feature","properties":{"level":3},"geometry":{"type":"LineString","coordinates":[[90.73351,22.40658],[90.73532,22.41186],[90.73211,22.41572],[90.73544,22.4195],[90.73471,22.42542],[90.73145,22.42633],[90.72051,22.40622],[90.70104,22.41163],[90.69657,22.41591],[90.68644,22.41383],[90.68103,22.40939],[90.67228,22.41365],[90.66923,22.40905],[90.66044,22.40866]]}},{"type":"Feature","properties":{"level":3},"geometry":{"type":"LineString","coordinates":[[90.86845,22.31546],[90.87733,22.34517],[90.88374,22.3497],[90.88485,22.35822],[90.8974,22.36803],[90.90152,22.37929],[90.90261,22.38295],[90.89427,22.38293],[90.89459,22.3975],[90.90091,22.39812],[90.9021,22.40537],[90.95027,22.41118],[90.96308,22.41952],[90.96825,22.42792]]}},{"type":"Feature","properties":{"level":1},"geometry":{"type":"LineString","coordinates":[[90.98104,22.40573],[90.96825,22.42792]]}},{"type":"Feature","properties":{"level":3},"geometry":{"type":"LineString","coordinates":[[91.89342,22.40489],[91.88572,22.41352],[91.88759,22.41545],[91.88429,22.41777],[91.88319,22.42985],[91.87635,22.43111]]}},{"type":"Feature","properties":{"level":3},"geometry":{"type":"LineString","coordinates":[[90.29045,22.43275],[90.27736,22.41505],[90.26415,22.37977],[90.26365,22.35157],[90.2533,22.34592],[90.22108,22.34503],[90.20697,22.32094],[90.20674,22.30268],[90.21424,22.27837],[90.21534,22.22309]]}},{"type":"Feature","properties":{"level":99},"geometry":{"type":"LineString","coordinates":[[91.25624,22.40976],[91.25179,22.41147],[91.24575,22.42629],[91.25091,22.43356],[91.25648,22.43548],[91.26637,22.42379],[91.26385,22.41463],[91.25624,22.40976]]}},{"type":"Feature","properties":{"level":3},"geometry":{"type":"LineString","coordinates":[[92.29709,22.43888],[92.27902,22.41832],[92.24245,22.39314],[92.23102,22.37929],[92.22402,22.36098],[92.21917,22.35831],[92.19823,22.37035],[92.17684,22.39235],[92.13622,22.40328],[92.11952,22.42284]]}},{"type":"Feature","properties":{"level":3},"geometry":{"type":"LineString","coordinates":[[92.3409,22.35864],[92.33356,22.37335],[92.33686,22.37931],[92.33081,22.38393],[92.32487,22.39698],[92.32342,22.41302],[92.29709,22.43888]]}},{"type":"Feature","properties":{"level":3},"geometry":{"type":"LineString","coordinates":[[90.4166,22.4235],[90.40559,22.42242],[90.39777,22.41736],[90.38962,22.39719],[90.38034,22.38752],[90.37595,22.3875],[90.37459,22.40023],[90.38538,22.41657],[90.38161,22.42477],[90.38176,22.44148]]}},{"type":"Feature","properties":{"level":3},"geometry":{"type":"LineString","coordinates":[[90.38176,22.44148],[90.36517,22.43968],[90.3634,22.43659],[90.35586,22.4403],[90.34965,22.43538],[90.34567,22.44014],[90.33323,22.44176],[90.31323,22.40205],[90.29937,22.38676],[90.29842,22.3908],[90.3062,22.40372],[90.29762,22.42329],[90.28763,22.4245],[90.29045,22.43275]]}},{"type":"Feature","properties":{"level":99},"geometry":{"type":"LineString","coordinates":[[91.2771,22.4411],[91.27099,22.44311],[91.27176,22.44788],[91.2769,22.4476],[91.2771,22.4411]]}},{"type":"Feature","properties":{"level":2},"geometry":{"type":"LineString","coordinates":[[90.23406,22.45372],[90.22945,22.44715],[90.22421,22.44604],[90.22653,22.43752],[90.21489,22.42126],[90.21398,22.41561],[90.19705,22.41223],[90.19418,22.40104],[90.18665,22.39186],[90.18597,22.36462],[90.17904,22.36132],[90.18146,22.35339],[90.17944,22.34402],[90.17666,22.33897],[90.16549,22.33713],[90.17453,22.32173],[90.16526,22.32712],[90.14941,22.32895],[90.13792,22.33704],[90.13888,22.32979],[90.14549,22.32795],[90.15028,22.31672],[90.15664,22.32199],[90.1584,22.31772],[90.15995,22.30845],[90.15678,22.30486],[90.14693,22.3078],[90.14383,22.28418],[90.14914,22.26869],[90.15671,22.26196],[90.15375,22.25688],[90.1601,22.24709]]}},{"type":"Feature","properties":{"level":3},"geometry":{"type":"LineString","coordinates":[[91.77223,22.45748],[91.77007,22.45435],[91.77458,22.45294],[91.7755,22.43804],[91.78295,22.42727],[91.78266,22.41982],[91.79396,22.39436],[91.78995,22.3876],[91.78411,22.38631],[91.78449,22.38169],[91.77008,22.3769],[91.76796,22.37298],[91.76198,22.3728],[91.76099,22.36875],[91.74443,22.36449]]}},{"type":"Feature","properties":{"level":3},"geometry":{"type":"LineString","coordinates":[[90.4166,22.4235],[90.44453,22.41436],[90.45062,22.41428],[90.45341,22.4176],[90.45405,22.43402],[90.44643,22.45616],[90.44179,22.45826],[90.43337,22.45383],[90.43259,22.45801],[90.42718,22.45975]]}},{"type":"Feature","properties":{"level":3},"geometry":{"type":"LineString","coordinates":[[91.87635,22.43111],[91.87979,22.42666],[91.87389,22.41528],[91.87762,22.40485],[91.86841,22.40108],[91.85879,22.40334],[91.84614,22.40081],[91.84483,22.4097],[91.83406,22.40939],[91.83091,22.41349],[91.81919,22.41538],[91.8207,22.4393],[91.81643,22.46593],[91.77223,22.45748]]}},{"type":"Feature","properties":{"level":2},"geometry":{"type":"LineString","coordinates":[[90.42718,22.45975],[90.42267,22.46737]]}},{"type":"Feature","properties":{"level":3},"geometry":{"type":"LineString","coordinates":[[90.29045,22.43275],[90.30231,22.44757],[90.3103,22.47391]]}},{"type":"Feature","properties":{"level":2},"geometry":{"type":"LineString","coordinates":[[90.3103,22.47391],[90.30284,22.47578]]}},{"type":"Feature","properties":{"level":2},"geometry":{"type":"LineString","coordinates":[[90.30284,22.47578],[90.29782,22.47563],[90.29669,22.46843],[90.29081,22.46887],[90.28977,22.46646],[90.28268,22.46916],[90.28246,22.47335],[90.27718,22.46946],[90.27745,22.47449],[90.26413,22.4598],[90.25726,22.4615],[90.23406,22.45372]]}},{"type":"Feature","properties":{"level":3},"geometry":{"type":"LineString","coordinates":[[89.49747,21.69245],[89.51319,21.72373],[89.51124,21.81861],[89.52545,21.90722],[89.52249,21.96107],[89.51632,21.98463],[89.50698,21.99943],[89.5056,22.01467],[89.52794,22.06336],[89.52878,22.07366],[89.4734,22.20531],[89.47325,22.23992],[89.4886,22.27418],[89.46495,22.31572],[89.43289,22.3535],[89.43245,22.35792],[89.44341,22.37745],[89.44468,22.39147],[89.43122,22.41773],[89.42034,22.47668]]}},{"type":"Feature","properties":{"level":2},"geometry":{"type":"LineString","coordinates":[[90.09147,22.34464],[90.11595,22.36491],[90.12541,22.38258],[90.14655,22.41006],[90.17639,22.43248],[90.17678,22.45957],[90.18801,22.4777]]}},{"type":"Feature","properties":{"level":2},"geometry":{"type":"LineString","coordinates":[[90.18801,22.4777],[90.19047,22.47739]]}},{"type":"Feature","properties":{"level":2},"geometry":{"type":"LineString","coordinates":[[90.23712,22.48259],[90.24552,22.48006],[90.23218,22.46323],[90.23406,22.45372]]}},{"type":"Feature","properties":{"level":2},"geometry":{"type":"LineString","coordinates":[[90.19047,22.47739],[90.21677,22.47338],[90.21674,22.47626],[90.23712,22.48259]]}},{"type":"Feature","properties":{"level":3},"geometry":{"type":"LineString","coordinates":[[91.96668,22.4188],[91.96611,22.43875],[91.9745,22.44068],[91.97732,22.4376],[91.97985,22.44206],[91.97563,22.44266],[91.9788,22.44403],[91.98202,22.44018],[91.98812,22.44184],[91.97703,22.46317],[91.98564,22.46545],[91.98045,22.46676],[91.97859,22.47942],[91.9815,22.48798],[91.98991,22.4877],[91.98967,22.48991]]}},{"type":"Feature","properties":{"level":2},"geometry":{"type":"LineString","coordinates":[[90.02185,22.39061],[90.03903,22.40101],[90.03158,22.41724],[90.02816,22.41852],[90.03052,22.43918],[90.02659,22.44279],[90.03661,22.44719],[90.0404,22.44293],[90.05925,22.44137],[90.06163,22.44972],[90.05634,22.45276],[90.05747,22.45979],[90.06429,22.46443],[90.06627,22.4607],[90.06419,22.45714],[90.06924,22.45109],[90.07597,22.45085],[90.07777,22.43912],[90.08258,22.43789],[90.08384,22.44151],[90.1008,22.44351],[90.10542,22.45209],[90.10562,22.46129],[90.11043,22.45771],[90.12205,22.46659],[90.12507,22.47517],[90.13278,22.48208],[90.13028,22.49021]]}},{"type":"Feature","properties":{"level":2},"geometry":{"type":"LineString","coordinates":[[90.19047,22.47739],[90.19988,22.4926]]}},{"type":"Feature","properties":{"level":1},"geometry":{"type":"LineString","coordinates":[[90.96825,22.42792],[90.93147,22.49345]]}},{"type":"Feature","properties":{"level":2},"geometry":{"type":"LineString","coordinates":[[89.25145,22.34475],[89.27112,22.3425],[89.27431,22.34798],[89.2634,22.37663],[89.24438,22.37021],[89.23686,22.37298],[89.23651,22.37933],[89.25224,22.38793],[89.25688,22.39767],[89.24226,22.42224],[89.24056,22.43482],[89.24603,22.44873],[89.25899,22.45329],[89.25618,22.4654],[89.28559,22.47513],[89.25623,22.49429]]}},{"type":"Feature","properties":{"level":3},"geometry":{"type":"LineString","coordinates":[[89.71528,22.50064],[89.71042,22.49551],[89.71553,22.49133],[89.71465,22.48393],[89.71828,22.47682],[89.70552,22.47715],[89.69892,22.48293],[89.69532,22.47983],[89.70603,22.47275],[89.69824,22.47256],[89.69791,22.46455],[89.7062,22.47245],[89.71404,22.47178],[89.71763,22.45128],[89.70197,22.44545],[89.7014,22.44278],[89.72774,22.41875],[89.70872,22.4135],[89.7095,22.41159],[89.71347,22.40728],[89.73328,22.39932],[89.74206,22.38265],[89.75303,22.39912],[89.75836,22.39868],[89.75945,22.38573],[89.77079,22.37278]]}},{"type":"Feature","properties":{"level":3},"geometry":{"type":"LineString","coordinates":[[89.89986,22.3793],[89.94311,22.42456],[89.97255,22.44634],[89.98644,22.47923],[89.98722,22.49594],[89.99732,22.50101]]}},{"type":"Feature","properties":{"level":2},"geometry":{"type":"LineString","coordinates":[[90.42267,22.46737],[90.40936,22.47944],[90.39308,22.48395],[90.36703,22.50114],[90.36267,22.49967],[90.35983,22.48996],[90.35123,22.48958],[90.35019,22.48065],[90.33935,22.46794],[90.3302,22.46904],[90.32247,22.47703],[90.32542,22.47716],[90.31827,22.48164],[90.31379,22.48113],[90.3103,22.47391]]}},{"type":"Feature","properties":{"level":3},"geometry":{"type":"LineString","coordinates":[[92.39059,22.504],[92.40662,22.48111],[92.40577,22.47672],[92.41043,22.46992],[92.4071,22.46424],[92.40955,22.45433],[92.42142,22.4363],[92.44044,22.39354],[92.46039,22.37313],[92.47542,22.36638],[92.49432,22.36561],[92.51748,22.37706],[92.52135,22.36409],[92.51963,22.35527],[92.52569,22.35083],[92.56172,22.37323]]}},{"type":"Feature","properties":{"level":99},"geometry":{"type":"LineString","coordinates":[[91.18415,22.50743],[91.19131,22.46968],[91.18953,22.45944],[91.21395,22.45888],[91.2214,22.453],[91.22753,22.36121],[91.21841,22.3614],[91.18726,22.37431],[91.20106,22.32339],[91.2086,22.2764],[91.20815,22.26938],[91.19226,22.26913],[91.18811,22.27174],[91.18925,22.24254],[91.18334,22.22317],[91.17934,22.21969],[91.17553,22.19108],[91.1681,22.18134],[91.16373,22.18044],[91.16009,22.17271],[91.14853,22.16577],[91.12862,22.14493],[91.10128,22.13597],[91.0665,22.09979],[91.04972,22.08829],[91.03797,22.09173],[91.02374,22.10336],[91.02107,22.11843],[90.99312,22.12156]]}},{"type":"Feature","properties":{"level":3},"geometry":{"type":"LineString","coordinates":[[90.15302,22.5093],[90.16093,22.50117],[90.16919,22.5021],[90.17276,22.49291],[90.18067,22.48868],[90.18801,22.4777]]}},{"type":"Feature","properties":{"level":3},"geometry":{"type":"LineString","coordinates":[[90.13028,22.49021],[90.1403,22.50354],[90.15,22.51077],[90.15302,22.5093]]}},{"type":"Feature","properties":{"level":3},"geometry":{"type":"LineString","coordinates":[[89.3269,22.51315],[89.32458,22.50502],[89.33304,22.50369],[89.34261,22.4943],[89.35001,22.49763],[89.35266,22.49529],[89.35341,22.48998],[89.34936,22.49004],[89.34896,22.48521],[89.34381,22.48349],[89.34007,22.47558],[89.34335,22.46973],[89.35259,22.47836],[89.37277,22.46889],[89.37587,22.47209],[89.37554,22.46887],[89.37962,22.46895],[89.38043,22.46618],[89.39183,22.4651],[89.39352,22.47634],[89.39758,22.47397],[89.40441,22.47983],[89.40911,22.47566],[89.42034,22.47668]]}},{"type":"Feature","properties":{"level":3},"geometry":{"type":"LineString","coordinates":[[89.99732,22.50101],[90.00991,22.49722],[90.0173,22.49903],[90.02178,22.50535],[90.01857,22.50761],[90.01965,22.51664]]}},{"type":"Feature","properties":{"level":0},"geometry":{"type":"LineString","coordinates":[[89.00601,22.31865],[88.99908,22.32469],[88.99042,22.32265],[88.98535,22.32587],[88.98905,22.34913],[88.98638,22.3575],[88.98924,22.36416],[88.98254,22.37521],[88.99171,22.38984],[88.97112,22.40931],[89.00014,22.43087],[88.98875,22.446],[88.99411,22.4558],[88.99593,22.46974],[88.98053,22.48511],[88.974,22.50072],[88.97263,22.51795]]}},{"type":"Feature","properties":{"level":3},"geometry":{"type":"LineString","coordinates":[[92.29709,22.43888],[92.29511,22.45159],[92.31032,22.47561],[92.31219,22.48375],[92.30704,22.49711],[92.30215,22.50039],[92.30208,22.50718],[92.28786,22.52048]]}},{"type":"Feature","properties":{"level":3},"geometry":{"type":"LineString","coordinates":[[89.25623,22.49429],[89.27114,22.50085],[89.27399,22.49954],[89.28006,22.50485],[89.29528,22.50314],[89.29691,22.50949],[89.30271,22.51422],[89.3122,22.51374],[89.32251,22.51862],[89.32428,22.52242],[89.33,22.51667],[89.3269,22.51315]]}},{"type":"Feature","properties":{"level":2},"geometry":{"type":"LineString","coordinates":[[90.13028,22.49021],[90.12305,22.48893],[90.12364,22.49852],[90.11849,22.50172],[90.11298,22.49923],[90.11483,22.49367],[90.11105,22.49137],[90.10115,22.49732],[90.09881,22.49425],[90.0889,22.49432],[90.08477,22.48615],[90.07796,22.48474],[90.07871,22.49347],[90.06982,22.49848],[90.07467,22.5052],[90.07206,22.50922],[90.0616,22.50309],[90.06594,22.51875],[90.0636,22.52822]]}},{"type":"Feature","properties":{"level":3},"geometry":{"type":"LineString","coordinates":[[89.96582,22.53833],[89.97295,22.53913],[89.97438,22.5339],[89.98017,22.53394],[89.98135,22.51899],[89.99511,22.51878],[89.99732,22.50101]]}},{"type":"Feature","properties":{"level":1},"geometry":{"type":"LineString","coordinates":[[89.94782,22.54066],[89.92005,22.50932],[89.96363,22.50815],[89.96711,22.50464],[89.96583,22.49271],[89.94109,22.4926],[89.91315,22.50456],[89.88908,22.50412],[89.88036,22.49725],[89.88299,22.48453],[89.89228,22.47553],[89.91128,22.47185],[89.92938,22.4761],[89.94009,22.47127],[89.94351,22.46472],[89.94123,22.45443],[89.93136,22.44554],[89.904,22.44251],[89.89241,22.43626],[89.88594,22.42823],[89.87515,22.42464],[89.86968,22.41771],[89.86926,22.41003],[89.8738,22.40217],[89.89644,22.37937]]}},{"type":"Feature","properties":{"level":3},"geometry":{"type":"LineString","coordinates":[[89.94782,22.54066],[89.95501,22.5339],[89.96377,22.54247],[89.96582,22.53833]]}},{"type":"Feature","properties":{"level":3},"geometry":{"type":"LineString","coordinates":[[90.77594,22.54261],[90.78434,22.50405],[90.79367,22.49233],[90.80104,22.49468],[90.80044,22.50537],[90.81145,22.5052],[90.81646,22.51489],[90.83736,22.5149],[90.84124,22.51214],[90.83515,22.50738],[90.83123,22.49647],[90.84283,22.48877],[90.8341,22.48326],[90.8399,22.4791],[90.83999,22.47391],[90.82463,22.47212],[90.82474,22.4636],[90.81507,22.46504],[90.81306,22.47199],[90.80634,22.46965],[90.80492,22.46548],[90.81077,22.46359],[90.80377,22.46104],[90.80654,22.4508],[90.80509,22.4381],[90.7913,22.44294],[90.78762,22.43365],[90.78647,22.41177],[90.78161,22.4053],[90.76956,22.40227]]}},{"type":"Feature","properties":{"level":3},"geometry":{"type":"LineString","coordinates":[[92.28786,22.52048],[92.29089,22.5226],[92.28982,22.52861],[92.2942,22.53241],[92.31343,22.54179],[92.32232,22.54246],[92.34126,22.53447],[92.36482,22.51135],[92.39059,22.504]]}},{"type":"Feature","properties":{"level":3},"geometry":{"type":"LineString","coordinates":[[90.05561,22.54945],[90.05615,22.54391],[90.05959,22.54301],[90.05939,22.53337],[90.0636,22.52822]]}},{"type":"Feature","properties":{"level":3},"geometry":{"type":"LineString","coordinates":[[90.01965,22.51664],[90.02998,22.51642],[90.03,22.52777],[90.03653,22.53493],[90.04178,22.53328],[90.04984,22.54934],[90.05561,22.54945]]}},{"type":"Feature","properties":{"level":3},"geometry":{"type":"LineString","coordinates":[[89.07436,22.56044],[89.07077,22.55893]]}},{"type":"Feature","properties":{"level":3},"geometry":{"type":"LineString","coordinates":[[89.16301,22.40107],[89.16013,22.40153],[89.15839,22.40814],[89.14977,22.40756],[89.14724,22.42536],[89.15274,22.43469],[89.14201,22.43665],[89.13827,22.44709],[89.15495,22.45019],[89.15505,22.46439],[89.14647,22.47281],[89.14453,22.48367],[89.14682,22.48872],[89.15695,22.49188],[89.15913,22.50097],[89.14474,22.50507],[89.13374,22.51361],[89.13779,22.51705],[89.14883,22.51711],[89.15965,22.53712],[89.14426,22.5375],[89.12842,22.53003],[89.12386,22.51845],[89.11498,22.52043],[89.10776,22.51832],[89.10308,22.52096],[89.10146,22.52665],[89.08779,22.52936],[89.08804,22.54027],[89.08438,22.54353],[89.08987,22.54981],[89.07853,22.55432],[89.07837,22.55831],[89.07436,22.56044]]}},{"type":"Feature","properties":{"level":3},"geometry":{"type":"LineString","coordinates":[[91.84471,22.5605],[91.83954,22.55067],[91.84493,22.54604],[91.84543,22.5418],[91.84079,22.53949],[91.84678,22.52966],[91.84077,22.52514],[91.84815,22.51967],[91.84246,22.5145],[91.85057,22.50835],[91.85269,22.50147],[91.87869,22.50373],[91.87091,22.49884],[91.87211,22.49481],[91.87618,22.49367],[91.87507,22.48677],[91.88076,22.48488],[91.87734,22.46994],[91.8831,22.47058],[91.88342,22.46768],[91.87443,22.46826],[91.86744,22.47264],[91.85528,22.46454],[91.87835,22.4633],[91.87203,22.44742],[91.86883,22.44893],[91.86742,22.45794],[91.85869,22.45422],[91.87635,22.43111]]}},{"type":"Feature","properties":{"level":2},"geometry":{"type":"LineString","coordinates":[[90.66044,22.40866],[90.66437,22.41796],[90.65565,22.45183],[90.64264,22.45885],[90.63283,22.47319],[90.62398,22.47843],[90.60214,22.52374],[90.6006,22.53264],[90.59185,22.54321],[90.58415,22.56195]]}},{"type":"Feature","properties":{"level":3},"geometry":{"type":"LineString","coordinates":[[90.67337,22.54251],[90.64505,22.55561],[90.63409,22.55646],[90.6286,22.55056],[90.61814,22.54942],[90.60493,22.56207],[90.58415,22.56195]]}},{"type":"Feature","properties":{"level":3},"geometry":{"type":"LineString","coordinates":[[90.72729,22.56194],[90.74481,22.56172],[90.74939,22.55906],[90.74937,22.56264],[90.75156,22.56209],[90.75563,22.5455],[90.77594,22.54261]]}},{"type":"Feature","properties":{"level":3},"geometry":{"type":"LineString","coordinates":[[90.67337,22.54251],[90.67122,22.53426],[90.68422,22.54414],[90.70009,22.54711],[90.71324,22.56437],[90.72729,22.56194]]}},{"type":"Feature","properties":{"level":3},"geometry":{"type":"LineString","coordinates":[[89.07077,22.55893],[89.06074,22.56613],[89.04573,22.55968],[89.04041,22.55345],[89.04169,22.54309],[89.03735,22.54405],[89.03818,22.53914],[89.02771,22.53021],[89.02649,22.52408],[89.0314,22.52311],[89.03157,22.5193],[89.01661,22.5245],[89.01126,22.52188],[89.0062,22.525],[89.00366,22.52212],[88.99682,22.52599],[88.97263,22.51795]]}},{"type":"Feature","properties":{"level":1},"geometry":{"type":"LineString","coordinates":[[90.93147,22.49345],[90.90018,22.54707],[90.87947,22.57071]]}},{"type":"Feature","properties":{"level":3},"geometry":{"type":"LineString","coordinates":[[90.87947,22.57071],[90.82547,22.57059],[90.82614,22.56588],[90.81947,22.55787],[90.82015,22.55494],[90.81018,22.56224],[90.81117,22.56564],[90.80756,22.56026],[90.79902,22.56287],[90.79807,22.55929],[90.77802,22.54702],[90.77594,22.54261]]}},{"type":"Feature","properties":{"level":3},"geometry":{"type":"LineString","coordinates":[[89.71528,22.50064],[89.72682,22.50226],[89.72803,22.50822],[89.75072,22.52113],[89.75196,22.52638],[89.7711,22.53423],[89.77094,22.55237],[89.78549,22.57115]]}},{"type":"Feature","properties":{"level":3},"geometry":{"type":"LineString","coordinates":[[89.5714,22.57161],[89.57628,22.56192],[89.58405,22.56207],[89.58777,22.56641],[89.58991,22.55805],[89.59519,22.55871],[89.5951,22.55499],[89.60032,22.55107],[89.59782,22.54528],[89.60504,22.54292],[89.61045,22.53453],[89.62681,22.53468],[89.63332,22.5272],[89.636,22.52813],[89.63231,22.53582],[89.6468,22.53277],[89.64962,22.52832],[89.64831,22.51719],[89.65211,22.51503],[89.6554,22.51526],[89.66323,22.52804],[89.67158,22.52306],[89.68335,22.52603],[89.6845,22.52066],[89.69823,22.51137],[89.69388,22.51061],[89.6964,22.50278],[89.70704,22.50474],[89.70833,22.49907],[89.71528,22.50064]]}},{"type":"Feature","properties":{"level":2},"geometry":{"type":"LineString","coordinates":[[89.62227,21.74587],[89.61895,21.75398],[89.56771,21.80003],[89.5554,21.81419],[89.54905,21.82986],[89.55329,21.85786],[89.57533,21.90766],[89.55082,21.93593],[89.54345,21.95501],[89.54327,21.96803],[89.56207,22.0371],[89.5857,22.09149],[89.59002,22.11061],[89.58618,22.13846],[89.5513,22.18638],[89.54723,22.20598],[89.59162,22.23743],[89.58707,22.27431],[89.59453,22.2896],[89.61961,22.32277],[89.62778,22.34032],[89.62259,22.37842],[89.61543,22.40188],[89.59516,22.44033],[89.581,22.51587],[89.56509,22.56207],[89.55652,22.57385]]}},{"type":"Feature","properties":{"level":2},"geometry":{"type":"LineString","coordinates":[[91.01626,22.57483],[91.02308,22.54208],[90.93147,22.49345]]}},{"type":"Feature","properties":{"level":3},"geometry":{"type":"LineString","coordinates":[[91.10455,22.57642],[91.12135,22.57427],[91.12522,22.57263],[91.12465,22.56983],[91.1533,22.56667],[91.15591,22.55452],[91.15845,22.55473],[91.1569,22.56108],[91.16178,22.56093],[91.16607,22.55637],[91.17247,22.56874],[91.18918,22.56092],[91.18439,22.55718],[91.19457,22.55827],[91.21031,22.5509],[91.19576,22.53805],[91.17807,22.5317],[91.18415,22.50743]]}},{"type":"Feature","properties":{"level":3},"geometry":{"type":"LineString","coordinates":[[90.19988,22.4926],[90.20657,22.51822],[90.18811,22.52289],[90.18615,22.52585],[90.20104,22.57726]]}},{"type":"Feature","properties":{"level":3},"geometry":{"type":"LineString","coordinates":[[89.55652,22.57385],[89.56897,22.57725],[89.5714,22.57161]]}},{"type":"Feature","properties":{"level":2},"geometry":{"type":"LineString","coordinates":[[92.10463,22.57773],[92.10767,22.56905],[92.10145,22.56212],[92.10893,22.56101],[92.11051,22.5342],[92.11756,22.53618],[92.12567,22.51703],[92.12263,22.51372],[92.12375,22.50965],[92.13045,22.49819],[92.13091,22.48801],[92.13579,22.48406],[92.13202,22.47944],[92.13626,22.46899],[92.13038,22.46532],[92.14202,22.45749],[92.14155,22.44591],[92.14456,22.44402],[92.13797,22.43776],[92.12799,22.43635],[92.12566,22.42986],[92.11846,22.43013],[92.11952,22.42284]]}},{"type":"Feature","properties":{"level":3},"geometry":{"type":"LineString","coordinates":[[91.01626,22.57483],[91.10455,22.57642]]}},{"type":"Feature","properties":{"level":3},"geometry":{"type":"LineString","coordinates":[[92.13558,22.58283],[92.16864,22.52362],[92.16892,22.51583],[92.18495,22.50244],[92.18926,22.50637],[92.19206,22.50391],[92.19482,22.50588],[92.19355,22.5099],[92.19768,22.51367],[92.22212,22.50911],[92.23101,22.50426],[92.23049,22.49802],[92.23986,22.495],[92.2589,22.49516],[92.27584,22.50265],[92.28225,22.49909],[92.28554,22.50299],[92.28002,22.51713],[92.28786,22.52048]]}},{"type":"Feature","properties":{"level":3},"geometry":{"type":"LineString","coordinates":[[92.10463,22.57773],[92.123,22.58515]]}},{"type":"Feature","properties":{"level":3},"geometry":{"type":"LineString","coordinates":[[92.123,22.58515],[92.13169,22.58887],[92.13558,22.58283]]}},{"type":"Feature","properties":{"level":2},"geometry":{"type":"LineString","coordinates":[[90.55642,22.59348],[90.54181,22.59311],[90.53823,22.58908],[90.53568,22.58104],[90.54523,22.57183],[90.5455,22.56549],[90.51561,22.55527],[90.51747,22.5503],[90.53159,22.54908],[90.51744,22.53276],[90.50951,22.53193],[90.50785,22.54407],[90.50311,22.54567],[90.49385,22.53604],[90.47913,22.53044],[90.4582,22.53305],[90.4415,22.50873],[90.43824,22.49712],[90.44211,22.48376],[90.42718,22.45975]]}},{"type":"Feature","properties":{"level":2},"geometry":{"type":"LineString","coordinates":[[90.58415,22.56195],[90.55642,22.59348]]}},{"type":"Feature","properties":{"level":3},"geometry":{"type":"LineString","coordinates":[[89.82386,22.59346],[89.82037,22.59442],[89.81635,22.58475],[89.81069,22.58094],[89.80416,22.58105],[89.80172,22.57729],[89.7948,22.57911],[89.78549,22.57115]]}},{"type":"Feature","properties":{"level":2},"geometry":{"type":"LineString","coordinates":[[89.55652,22.57385],[89.5336,22.59914],[89.53124,22.60815]]}},{"type":"Feature","properties":{"level":1},"geometry":{"type":"LineString","coordinates":[[89.91771,22.60892],[89.9155,22.60371],[89.95015,22.60045],[89.9616,22.59368],[89.96092,22.57532],[89.94782,22.54066]]}},{"type":"Feature","properties":{"level":2},"geometry":{"type":"LineString","coordinates":[[90.0636,22.52822],[90.06451,22.55292],[90.05906,22.56069],[90.05892,22.57375],[90.05421,22.57903],[90.06269,22.59463],[90.07486,22.58774],[90.0953,22.59186],[90.1101,22.60961]]}},{"type":"Feature","properties":{"level":3},"geometry":{"type":"LineString","coordinates":[[89.07436,22.56044],[89.0727,22.56877],[89.07984,22.56903],[89.07978,22.57113],[89.06473,22.58651],[89.05754,22.59032],[89.04965,22.58843],[89.04339,22.59599],[89.05337,22.60108],[89.05287,22.60779],[89.05717,22.61002],[89.08959,22.59374],[89.09664,22.59415],[89.09893,22.60035],[89.10431,22.60014]]}},{"type":"Feature","properties":{"level":99},"geometry":{"type":"LineString","coordinates":[[91.35719,22.60175],[91.34924,22.60416],[91.34976,22.60989],[91.35719,22.60175]]}},{"type":"Feature","properties":{"level":99},"geometry":{"type":"LineString","coordinates":[[91.35339,22.59951],[91.3536,22.58603],[91.34364,22.58331],[91.32349,22.61039],[91.33489,22.61121],[91.33659,22.59908],[91.33707,22.60846],[91.34389,22.61149],[91.35339,22.59951]]}},{"type":"Feature","properties":{"level":3},"geometry":{"type":"LineString","coordinates":[[89.91771,22.60892],[89.91083,22.6154],[89.89091,22.60922],[89.88357,22.59267],[89.89227,22.57551],[89.8727,22.57066],[89.85816,22.56059],[89.84536,22.56373],[89.83576,22.5731],[89.83179,22.58222],[89.83541,22.59395],[89.82386,22.59346]]}},{"type":"Feature","properties":{"level":2},"geometry":{"type":"LineString","coordinates":[[90.5301,22.6165],[90.54729,22.60516],[90.55642,22.59348]]}},{"type":"Feature","properties":{"level":0},"geometry":{"type":"LineString","coordinates":[[88.97263,22.51795],[88.96908,22.53469],[88.96066,22.55151],[88.92663,22.56141],[88.91908,22.56707],[88.92237,22.57031],[88.94449,22.56867],[88.93885,22.58914],[88.95893,22.61054],[88.95631,22.61728]]}},{"type":"Feature","properties":{"level":99},"geometry":{"type":"LineString","coordinates":[[91.559,22.47908],[91.56979,22.45416],[91.57147,22.43729],[91.57831,22.42602],[91.57016,22.4154],[91.56995,22.40511],[91.56534,22.40001],[91.54484,22.39448],[91.53245,22.38762],[91.51574,22.38579],[91.48636,22.39287],[91.47676,22.40059],[91.46811,22.39993],[91.46072,22.39381],[91.4409,22.39737],[91.41872,22.41746],[91.4073,22.42212],[91.40666,22.42836],[91.38271,22.4395],[91.38267,22.44205],[91.39874,22.44347],[91.39332,22.45072],[91.38979,22.47591],[91.38486,22.47606],[91.38293,22.48655],[91.38469,22.55881],[91.39039,22.56552],[91.41382,22.56561],[91.41014,22.58245],[91.41634,22.5968],[91.42818,22.61032],[91.43943,22.61813],[91.45609,22.61334],[91.47815,22.59405],[91.50225,22.56668],[91.53992,22.51445],[91.559,22.47908]]}},{"type":"Feature","properties":{"level":2},"geometry":{"type":"LineString","coordinates":[[92.04422,22.6232],[92.04363,22.61554],[92.04893,22.61437],[92.04825,22.61036],[92.05408,22.61575],[92.0735,22.6193],[92.07482,22.61377],[92.08399,22.6133],[92.08348,22.60653],[92.08825,22.60856],[92.08868,22.60646],[92.0814,22.5983],[92.08922,22.58913],[92.09994,22.58493],[92.10463,22.57773]]}},{"type":"Feature","properties":{"level":2},"geometry":{"type":"LineString","coordinates":[[91.98967,22.48991],[92.00566,22.49415],[92.00649,22.50256],[92.01714,22.50459],[92.0172,22.51177],[92.0226,22.51466],[92.01838,22.52449],[92.02932,22.53277],[92.02251,22.54088],[92.02352,22.54823],[92.01559,22.55481],[92.01929,22.57415],[92.01513,22.57522],[92.01622,22.57801],[92.00808,22.58659],[92.01375,22.60677],[92.02247,22.61329],[92.03307,22.61417],[92.03422,22.62143],[92.03917,22.62198],[92.03967,22.62691],[92.04422,22.6232]]}},{"type":"Feature","properties":{"level":3},"geometry":{"type":"LineString","coordinates":[[90.20104,22.57726],[90.20024,22.58663],[90.18643,22.59499],[90.18341,22.59467],[90.18404,22.59066],[90.17947,22.59106],[90.16343,22.59819],[90.16582,22.61274],[90.15719,22.61487],[90.15568,22.61246],[90.15093,22.61407],[90.13967,22.61082],[90.13542,22.62844]]}},{"type":"Feature","properties":{"level":3},"geometry":{"type":"LineString","coordinates":[[90.13542,22.62844],[90.12869,22.62506],[90.12778,22.61648],[90.11651,22.61496],[90.11534,22.60671],[90.1101,22.60961]]}},{"type":"Feature","properties":{"level":3},"geometry":{"type":"LineString","coordinates":[[91.77223,22.45748],[91.75733,22.47642],[91.75693,22.48134],[91.76661,22.48518],[91.76811,22.49322],[91.7582,22.4998],[91.75783,22.51352],[91.74891,22.52987],[91.74237,22.53483],[91.73761,22.54793],[91.72715,22.54692],[91.72248,22.56248],[91.71525,22.5714],[91.71313,22.58273],[91.70715,22.58056],[91.70302,22.6031],[91.6948,22.62156],[91.68615,22.62916]]}},{"type":"Feature","properties":{"level":2},"geometry":{"type":"LineString","coordinates":[[90.52962,22.63233],[90.5301,22.6165]]}},{"type":"Feature","properties":{"level":3},"geometry":{"type":"LineString","coordinates":[[89.42034,22.47668],[89.42045,22.49756],[89.40953,22.52224],[89.42384,22.54702],[89.40072,22.57398],[89.4043,22.57991],[89.41509,22.58459],[89.42088,22.59311],[89.44025,22.60425],[89.44852,22.61716],[89.46042,22.62518],[89.45621,22.63661]]}},{"type":"Feature","properties":{"level":3},"geometry":{"type":"LineString","coordinates":[[91.84471,22.5605],[91.83658,22.56656],[91.8348,22.57243],[91.82686,22.57376],[91.82807,22.57716],[91.8224,22.58379],[91.8155,22.58575],[91.81909,22.60219],[91.80303,22.61874],[91.80189,22.62439],[91.79398,22.62941],[91.79049,22.63705]]}},{"type":"Feature","properties":{"level":2},"geometry":{"type":"LineString","coordinates":[[90.19988,22.4926],[90.20743,22.50083],[90.22767,22.50716],[90.24165,22.51834],[90.25199,22.52067],[90.27174,22.54023],[90.27918,22.54046],[90.28196,22.55148],[90.27716,22.55494],[90.28042,22.55944],[90.29264,22.56251],[90.30261,22.55631],[90.30847,22.56602],[90.31002,22.57574],[90.31672,22.57213],[90.32857,22.57982],[90.33759,22.57642],[90.32513,22.59628],[90.32586,22.6044],[90.34183,22.60505],[90.34669,22.61237],[90.36359,22.59527],[90.37631,22.58944],[90.38266,22.59062],[90.38366,22.60243],[90.37979,22.60772],[90.36062,22.62122],[90.34244,22.62331],[90.35187,22.63704],[90.36413,22.63]]}},{"type":"Feature","properties":{"level":99},"geometry":{"type":"LineString","coordinates":[[91.27213,22.63801],[91.29965,22.60529],[91.32361,22.55854],[91.33817,22.5649],[91.34989,22.56299],[91.3526,22.55969],[91.35334,22.55533],[91.34589,22.55357],[91.34898,22.54992],[91.35486,22.55168],[91.35305,22.5259],[91.34293,22.53143],[91.34462,22.54414],[91.34058,22.53073],[91.33473,22.53223],[91.33937,22.52747],[91.3374,22.52567],[91.34209,22.52563],[91.34357,22.51689],[91.33379,22.51661],[91.32992,22.52064],[91.33184,22.51663],[91.32637,22.51704],[91.33183,22.51518],[91.33489,22.50861],[91.33098,22.50828],[91.32778,22.5014],[91.30985,22.50736],[91.31877,22.49929],[91.31368,22.49861],[91.31364,22.49461],[91.3066,22.49467],[91.30301,22.48707],[91.29715,22.48748],[91.29086,22.48353],[91.28203,22.50141],[91.26578,22.52043],[91.26971,22.54313],[91.23808,22.54275],[91.23696,22.53973],[91.26329,22.5188],[91.25253,22.50669],[91.24572,22.50424],[91.2219,22.50722],[91.20267,22.50464],[91.18415,22.50743]]}},{"type":"Feature","properties":{"level":3},"geometry":{"type":"LineString","coordinates":[[91.79049,22.63705],[91.78859,22.63832],[91.78278,22.63288],[91.77878,22.634],[91.77728,22.6235],[91.77189,22.62001],[91.7708,22.62215],[91.77027,22.61548],[91.75576,22.60204],[91.74586,22.60909],[91.74168,22.6077],[91.73779,22.61154],[91.73738,22.60936],[91.73188,22.61507],[91.73007,22.61179],[91.72217,22.61199],[91.71459,22.62178],[91.70906,22.62342],[91.70888,22.62789],[91.69991,22.63097],[91.68615,22.62916]]}},{"type":"Feature","properties":{"level":2},"geometry":{"type":"LineString","coordinates":[[89.25623,22.49429],[89.2498,22.50716],[89.24875,22.53014],[89.23552,22.55131],[89.24388,22.56697],[89.25971,22.57091],[89.26462,22.58752],[89.2635,22.6018],[89.25763,22.60606],[89.24346,22.60865],[89.24575,22.61715],[89.26087,22.61947],[89.24357,22.63501],[89.24578,22.64097]]}},{"type":"Feature","properties":{"level":3},"geometry":{"type":"LineString","coordinates":[[89.53124,22.60815],[89.52454,22.61338],[89.52152,22.62544],[89.49545,22.64366]]}},{"type":"Feature","properties":{"level":3},"geometry":{"type":"LineString","coordinates":[[92.39059,22.504],[92.3696,22.54739],[92.37013,22.55639],[92.34518,22.59831],[92.34343,22.6114],[92.32563,22.62731],[92.32228,22.6453]]}},{"type":"Feature","properties":{"level":99},"geometry":{"type":"LineString","coordinates":[[91.74443,22.36449],[91.74231,22.37708],[91.75158,22.3771],[91.73961,22.40867],[91.64397,22.40669],[91.63491,22.4509],[91.61573,22.4966],[91.5766,22.54768],[91.55723,22.57919],[91.53957,22.59487],[91.52106,22.61778],[91.51881,22.63043],[91.49759,22.64874]]}},{"type":"Feature","properties":{"level":3},"geometry":{"type":"LineString","coordinates":[[89.49545,22.64366],[89.48127,22.64959],[89.47533,22.64353],[89.45745,22.64492],[89.45621,22.63661]]}},{"type":"Feature","properties":{"level":3},"geometry":{"type":"LineString","coordinates":[[89.10431,22.60014],[89.12214,22.58849],[89.12367,22.59047],[89.13232,22.58716],[89.13944,22.61127],[89.1362,22.61519],[89.13817,22.61755],[89.13556,22.62076],[89.13807,22.62221],[89.13419,22.63084],[89.14353,22.63828],[89.14553,22.64691],[89.15393,22.64929],[89.15939,22.64647],[89.16995,22.65082]]}},{"type":"Feature","properties":{"level":2},"geometry":{"type":"LineString","coordinates":[[90.36413,22.63],[90.37172,22.63267],[90.37365,22.6364],[90.37162,22.64866],[90.36615,22.65196],[90.35412,22.64967]]}},{"type":"Feature","properties":{"level":0},"geometry":{"type":"LineString","coordinates":[[91.49759,22.64874],[91.49425,22.65406]]}},{"type":"Feature","properties":{"level":3},"geometry":{"type":"LineString","coordinates":[[89.18265,22.6541],[89.18762,22.64753],[89.19535,22.64618],[89.20224,22.64054],[89.20518,22.63488],[89.21155,22.63433],[89.21243,22.63038],[89.21628,22.63137],[89.21908,22.62391],[89.23216,22.63161],[89.23437,22.64112],[89.24195,22.64384],[89.24578,22.64097]]}},{"type":"Feature","properties":{"level":2},"geometry":{"type":"LineString","coordinates":[[90.1101,22.60961],[90.09855,22.6277],[90.10181,22.63499],[90.10112,22.63824],[90.09674,22.63884],[90.09807,22.65266],[90.09458,22.65439]]}},{"type":"Feature","properties":{"level":3},"geometry":{"type":"LineString","coordinates":[[89.16995,22.65082],[89.17589,22.64705],[89.17816,22.65302],[89.18265,22.6541]]}},{"type":"Feature","properties":{"level":2},"geometry":{"type":"LineString","coordinates":[[91.93512,22.65792],[91.94067,22.64575],[91.93962,22.62494],[91.94573,22.61295],[91.94198,22.6077],[91.95337,22.59666],[91.96008,22.5741],[91.96388,22.57243],[91.96201,22.56553],[91.96849,22.55206],[91.97379,22.52245],[91.97151,22.51832],[91.97787,22.51156],[91.97065,22.49428],[91.9762,22.48943],[91.98967,22.48991]]}},{"type":"Feature","properties":{"level":99},"geometry":{"type":"LineString","coordinates":[[91.3112,22.6618],[91.28534,22.65125],[91.27213,22.63801]]}},{"type":"Feature","properties":{"level":3},"geometry":{"type":"LineString","coordinates":[[89.07237,22.66338],[89.08044,22.65498],[89.07919,22.64728],[89.08992,22.63811],[89.08939,22.62775],[89.09522,22.6171],[89.09186,22.61439],[89.09335,22.60878],[89.10431,22.60014]]}},{"type":"Feature","properties":{"level":3},"geometry":{"type":"LineString","coordinates":[[90.01965,22.51664],[90.02211,22.55015],[90.01948,22.56835],[90.02821,22.56863],[90.02937,22.57704],[90.037,22.58809],[90.03704,22.59946],[90.01926,22.60775],[90.02734,22.62952],[90.03133,22.65382],[90.02728,22.66421]]}},{"type":"Feature","properties":{"level":3},"geometry":{"type":"LineString","coordinates":[[90.43275,22.64486],[90.43627,22.64766],[90.43557,22.66563],[90.44919,22.66091],[90.4462,22.65249],[90.44945,22.64834],[90.48024,22.65638],[90.4794,22.6402],[90.48785,22.63929],[90.49176,22.63243],[90.51476,22.61896],[90.5301,22.6165]]}},{"type":"Feature","properties":{"level":3},"geometry":{"type":"LineString","coordinates":[[91.93512,22.65792],[91.92489,22.65799],[91.92443,22.66737],[91.9202,22.66705]]}},{"type":"Feature","properties":{"level":3},"geometry":{"type":"LineString","coordinates":[[91.9202,22.66705],[91.91568,22.66565],[91.91795,22.6604],[91.9101,22.65714],[91.90836,22.64977],[91.91202,22.64914],[91.90868,22.64444],[91.91391,22.6456],[91.91597,22.64279],[91.9158,22.63492],[91.91037,22.63625],[91.91411,22.63223],[91.90871,22.63085],[91.91264,22.62973],[91.91394,22.62527],[91.89675,22.61692],[91.90164,22.60948],[91.89667,22.60713],[91.89391,22.61076],[91.88841,22.59535],[91.87935,22.59322],[91.87556,22.58341],[91.87361,22.56051],[91.87028,22.55744],[91.86299,22.55881],[91.86451,22.57695],[91.85366,22.56521],[91.84471,22.5605]]}},{"type":"Feature","properties":{"level":3},"geometry":{"type":"LineString","coordinates":[[90.06221,22.66977],[90.07222,22.66018],[90.07725,22.66162],[90.07493,22.65619],[90.08351,22.65074],[90.09458,22.65439]]}},{"type":"Feature","properties":{"level":3},"geometry":{"type":"LineString","coordinates":[[90.02728,22.66421],[90.04996,22.65772],[90.05162,22.66395],[90.05496,22.66426],[90.05817,22.66986],[90.06221,22.66977]]}},{"type":"Feature","properties":{"level":3},"geometry":{"type":"LineString","coordinates":[[88.95631,22.61728],[88.95135,22.63018],[88.94535,22.63164],[88.9472,22.63855],[88.96259,22.63817],[88.96578,22.62819],[88.97434,22.62036],[88.97765,22.63941],[88.98751,22.64555],[88.99127,22.65484],[88.9895,22.65664],[88.99238,22.65814],[88.9875,22.66642],[88.99691,22.66883],[89.00135,22.66507],[89.0205,22.6649],[89.01729,22.65231],[89.02453,22.6542],[89.03797,22.65043],[89.04073,22.65318],[89.04045,22.66383],[89.05599,22.66245],[89.05842,22.6693],[89.06302,22.67083],[89.07237,22.66338]]}},{"type":"Feature","properties":{"level":3},"geometry":{"type":"LineString","coordinates":[[90.36413,22.63],[90.37559,22.63106],[90.38465,22.63944],[90.40054,22.6348],[90.40226,22.64298],[90.3985,22.65476],[90.40364,22.67094],[90.42041,22.65896],[90.43275,22.64486]]}},{"type":"Feature","properties":{"level":1},"geometry":{"type":"LineString","coordinates":[[90.87947,22.57071],[90.8421,22.60615],[90.81419,22.63927],[90.78735,22.65566],[90.77992,22.6713]]}},{"type":"Feature","properties":{"level":3},"geometry":{"type":"LineString","coordinates":[[89.45621,22.63661],[89.43292,22.64628],[89.41466,22.64089],[89.40831,22.64212],[89.40256,22.64938],[89.39883,22.67137]]}},{"type":"Feature","properties":{"level":3},"geometry":{"type":"LineString","coordinates":[[89.64513,22.67829],[89.63331,22.67516],[89.62434,22.67817],[89.61743,22.65307],[89.60094,22.64572],[89.58123,22.64776],[89.57476,22.66116],[89.57744,22.66695]]}},{"type":"Feature","properties":{"level":2},"geometry":{"type":"LineString","coordinates":[[89.53124,22.60815],[89.53829,22.62741],[89.55492,22.63891],[89.54756,22.657],[89.54779,22.66338],[89.55633,22.67037],[89.55815,22.67893],[89.57744,22.66695]]}},{"type":"Feature","properties":{"level":3},"geometry":{"type":"LineString","coordinates":[[90.02728,22.66421],[90.02378,22.66313],[90.01526,22.67638],[90.00188,22.68036]]}},{"type":"Feature","properties":{"level":2},"geometry":{"type":"LineString","coordinates":[[90.30706,22.68143],[90.32139,22.67246],[90.3143,22.6615],[90.32246,22.64417],[90.32562,22.64557],[90.32382,22.66078],[90.3356,22.65944],[90.35412,22.64967]]}},{"type":"Feature","properties":{"level":3},"geometry":{"type":"LineString","coordinates":[[89.78549,22.57115],[89.77316,22.5709],[89.77063,22.56089],[89.76402,22.55582],[89.75986,22.55807],[89.76319,22.56665],[89.76192,22.57831],[89.76471,22.5806],[89.76219,22.58347],[89.75469,22.58426],[89.75226,22.57828],[89.74563,22.57645],[89.74248,22.58103],[89.73023,22.57715],[89.72865,22.582],[89.71033,22.57834],[89.71795,22.58674],[89.71265,22.59352],[89.71448,22.60089],[89.71033,22.60354],[89.71561,22.61116],[89.71413,22.61683],[89.72068,22.61778],[89.72356,22.62323],[89.72822,22.62423],[89.72761,22.63632],[89.71457,22.64117],[89.70853,22.6366],[89.69558,22.64095],[89.68146,22.65418],[89.66732,22.65209],[89.6607,22.64628],[89.66265,22.65355],[89.65725,22.67296],[89.65863,22.68178]]}},{"type":"Feature","properties":{"level":3},"geometry":{"type":"LineString","coordinates":[[89.65863,22.68178],[89.64513,22.67829]]}},{"type":"Feature","properties":{"level":1},"geometry":{"type":"LineString","coordinates":[[89.93264,22.68373],[89.93737,22.67929],[89.93436,22.67541],[89.90692,22.65591],[89.89603,22.67674],[89.88687,22.66644],[89.89153,22.65534],[89.9099,22.64696],[89.92654,22.64416],[89.91771,22.60892]]}},{"type":"Feature","properties":{"level":2},"geometry":{"type":"LineString","coordinates":[[90.30706,22.68143],[90.29824,22.68626],[90.28834,22.68102],[90.27378,22.68845]]}},{"type":"Feature","properties":{"level":2},"geometry":{"type":"LineString","coordinates":[[91.9281,22.68861],[91.92723,22.68005],[91.93712,22.67869],[91.93869,22.67242],[91.94348,22.66943],[91.93512,22.65792]]}},{"type":"Feature","properties":{"level":3},"geometry":{"type":"LineString","coordinates":[[90.27339,22.68898],[90.26792,22.68704],[90.2636,22.67035],[90.2571,22.67086],[90.25685,22.66802],[90.25327,22.67023],[90.24196,22.66218],[90.23092,22.6615],[90.22054,22.64666],[90.21986,22.64299],[90.22308,22.64111],[90.21457,22.64034],[90.21687,22.62229],[90.21277,22.61724],[90.21568,22.61526],[90.21406,22.61057],[90.21736,22.60523],[90.21262,22.59732],[90.2114,22.58312],[90.20104,22.57726]]}},{"type":"Feature","properties":{"level":2},"geometry":{"type":"LineString","coordinates":[[90.27378,22.68845],[90.27339,22.68898]]}},{"type":"Feature","properties":{"level":3},"geometry":{"type":"LineString","coordinates":[[91.68615,22.62916],[91.67983,22.6398],[91.68231,22.64404],[91.68021,22.64965],[91.65853,22.68971]]}},{"type":"Feature","properties":{"level":3},"geometry":{"type":"LineString","coordinates":[[90.00188,22.68036],[89.99878,22.67478],[89.99128,22.6782],[89.98705,22.66927],[89.98454,22.67296],[89.97751,22.67406],[89.97089,22.6709],[89.9643,22.6737],[89.97415,22.68173],[89.96725,22.69193],[89.96211,22.69224]]}},{"type":"Feature","properties":{"level":3},"geometry":{"type":"LineString","coordinates":[[89.96211,22.69224],[89.95254,22.69252],[89.95085,22.68273],[89.94008,22.6847],[89.93548,22.68875],[89.93264,22.68373]]}},{"type":"Feature","properties":{"level":3},"geometry":{"type":"LineString","coordinates":[[91.65418,22.69829],[91.63207,22.68838],[91.63234,22.68325],[91.62807,22.6847],[91.61761,22.6812],[91.61365,22.68458],[91.60556,22.68505],[91.60348,22.68028],[91.60807,22.67314],[91.61399,22.67393],[91.61703,22.6687],[91.6054,22.66948],[91.59966,22.66389],[91.59228,22.67895],[91.58423,22.68101],[91.58227,22.68698],[91.57315,22.68613],[91.49759,22.64874]]}},{"type":"Feature","properties":{"level":3},"geometry":{"type":"LineString","coordinates":[[91.65853,22.68971],[91.65418,22.69829]]}},{"type":"Feature","properties":{"level":99},"geometry":{"type":"LineString","coordinates":[[91.3787,22.70537],[91.38686,22.70784],[91.39956,22.69679],[91.40681,22.68386],[91.40037,22.67048],[91.39355,22.6715],[91.39542,22.6725],[91.37566,22.686],[91.37522,22.67071],[91.3664,22.65444],[91.33287,22.65988],[91.31735,22.65555],[91.3112,22.6618]]}},{"type":"Feature","properties":{"level":3},"geometry":{"type":"LineString","coordinates":[[89.39883,22.67137],[89.38126,22.67589],[89.37581,22.68565],[89.35536,22.69581],[89.35414,22.70469],[89.34455,22.70812],[89.33938,22.71524],[89.33085,22.71637]]}},{"type":"Feature","properties":{"level":2},"geometry":{"type":"LineString","coordinates":[[89.26573,22.69557],[89.28447,22.69725],[89.30065,22.68187],[89.30854,22.69254],[89.30822,22.69896],[89.3037,22.70315],[89.30753,22.71476],[89.31106,22.71654],[89.32222,22.71336],[89.33085,22.71637]]}},{"type":"Feature","properties":{"level":99},"geometry":{"type":"LineString","coordinates":[[91.38136,22.71662],[91.38382,22.71197],[91.3787,22.70537]]}},{"type":"Feature","properties":{"level":99},"geometry":{"type":"LineString","coordinates":[[91.49425,22.65406],[91.48696,22.65687],[91.44761,22.69377],[91.38136,22.71662]]}},{"type":"Feature","properties":{"level":2},"geometry":{"type":"LineString","coordinates":[[89.24578,22.64097],[89.25012,22.64618],[89.25267,22.65823],[89.26017,22.65806],[89.26616,22.64747],[89.26357,22.63218],[89.27033,22.62652],[89.28653,22.621],[89.28905,22.62372],[89.27724,22.62737],[89.27605,22.63094],[89.30277,22.64737],[89.30038,22.65107],[89.26161,22.66726],[89.26417,22.67935],[89.26039,22.69415],[89.26155,22.71729],[89.26528,22.71306],[89.26573,22.69557]]}},{"type":"Feature","properties":{"level":3},"geometry":{"type":"LineString","coordinates":[[92.00694,22.71745],[92.01957,22.70204],[92.0697,22.67703],[92.08352,22.65996],[92.0984,22.65806],[92.10455,22.65397],[92.12712,22.60782],[92.1265,22.59941],[92.11418,22.59318],[92.123,22.58515]]}},{"type":"Feature","properties":{"level":2},"geometry":{"type":"LineString","coordinates":[[90.97606,22.71864],[90.97605,22.71446],[91.00432,22.70707],[91.01223,22.68794],[91.01244,22.67836],[90.99467,22.66342],[90.98118,22.63811],[90.99329,22.62545],[91.00418,22.60417],[91.00645,22.57528],[91.01626,22.57483]]}},{"type":"Feature","properties":{"level":3},"geometry":{"type":"LineString","coordinates":[[92.00601,22.71926],[92.00694,22.71745]]}},{"type":"Feature","properties":{"level":2},"geometry":{"type":"LineString","coordinates":[[92.00142,22.72681],[91.98995,22.71917],[91.96664,22.71779],[91.96254,22.69104],[91.9281,22.68861]]}},{"type":"Feature","properties":{"level":3},"geometry":{"type":"LineString","coordinates":[[92.00142,22.72681],[92.00601,22.71926]]}},{"type":"Feature","properties":{"level":1},"geometry":{"type":"LineString","coordinates":[[89.91275,22.72537],[89.90389,22.72607],[89.86662,22.70658],[89.861,22.70182],[89.86099,22.69452],[89.86559,22.6911],[89.90261,22.69636],[89.91551,22.69386],[89.93264,22.68373]]}},{"type":"Feature","properties":{"level":3},"geometry":{"type":"LineString","coordinates":[[90.97606,22.71864],[90.96101,22.7277],[90.956,22.72398],[90.94621,22.727]]}},{"type":"Feature","properties":{"level":2},"geometry":{"type":"LineString","coordinates":[[91.3112,22.6618],[91.32631,22.67282],[91.33467,22.68495],[91.34162,22.69983],[91.34926,22.72978],[91.38136,22.71662]]}},{"type":"Feature","properties":{"level":3},"geometry":{"type":"LineString","coordinates":[[91.27213,22.63801],[91.26415,22.63982],[91.26609,22.64236],[91.24254,22.66978],[91.18992,22.68906],[91.14596,22.73038]]}},{"type":"Feature","properties":{"level":2},"geometry":{"type":"LineString","coordinates":[[90.27339,22.68898],[90.27299,22.70595],[90.26871,22.71523],[90.27467,22.7188],[90.27045,22.73431]]}},{"type":"Feature","properties":{"level":3},"geometry":{"type":"LineString","coordinates":[[90.94621,22.727],[90.94358,22.73579],[90.93566,22.72756],[90.92548,22.72992],[90.91689,22.72543],[90.91242,22.71627],[90.90508,22.71658],[90.90267,22.71076],[90.89794,22.71285],[90.8931,22.70786],[90.88898,22.70982],[90.88114,22.70658],[90.87362,22.70754],[90.8345,22.68976],[90.80629,22.68305],[90.77992,22.6713]]}},{"type":"Feature","properties":{"level":2},"geometry":{"type":"LineString","coordinates":[[91.49425,22.65406],[91.47722,22.70026],[91.4563,22.73555],[91.45141,22.73868]]}},{"type":"Feature","properties":{"level":0},"geometry":{"type":"LineString","coordinates":[[92.50086,22.73749],[92.5059,22.73933],[92.5084,22.73252],[92.51249,22.73283],[92.50934,22.72931],[92.51617,22.72253],[92.51726,22.71688],[92.5134,22.70869],[92.52244,22.67451],[92.52586,22.67268],[92.52604,22.6651],[92.52867,22.6651],[92.52834,22.65878],[92.52352,22.65733],[92.52702,22.65102],[92.52407,22.65034],[92.5248,22.64027],[92.52771,22.6359],[92.52602,22.6338],[92.53221,22.63332],[92.52754,22.62125],[92.52991,22.62032],[92.52909,22.61511],[92.53536,22.61156],[92.53481,22.60863],[92.52989,22.60931],[92.53017,22.60469],[92.53702,22.59484],[92.53503,22.59042],[92.53906,22.58925],[92.5325,22.58704],[92.53725,22.58556],[92.53765,22.57494],[92.53293,22.5721],[92.52723,22.57327],[92.52813,22.56619],[92.5218,22.55985],[92.5315,22.5525],[92.53199,22.54463],[92.53739,22.54492],[92.53965,22.54052],[92.53941,22.52867],[92.54562,22.51733],[92.54371,22.51305],[92.55101,22.51304],[92.54659,22.50979],[92.5512,22.50952],[92.54727,22.50375],[92.54966,22.50188],[92.54274,22.4975],[92.54622,22.49551],[92.54353,22.49352],[92.54423,22.47685],[92.54655,22.47533],[92.54601,22.46403],[92.55036,22.45772],[92.55034,22.43664],[92.55449,22.43049],[92.5543,22.42687],[92.55036,22.42682],[92.55473,22.4244],[92.55092,22.41968],[92.55465,22.41741],[92.55279,22.40816],[92.55676,22.40938],[92.55815,22.40663],[92.55516,22.40493],[92.56027,22.4024],[92.5567,22.39899],[92.56181,22.38921],[92.55899,22.38186],[92.56238,22.37979],[92.56172,22.37323]]}},{"type":"Feature","properties":{"level":3},"geometry":{"type":"LineString","coordinates":[[91.14596,22.73038],[91.131,22.71719],[91.10763,22.72582],[91.08234,22.72952],[91.06316,22.7192],[91.05886,22.72073],[91.05612,22.7269],[91.02074,22.73765],[91.02181,22.74136],[91.01708,22.73731],[91.01243,22.73784],[91.01003,22.74313],[90.98363,22.74309]]}},{"type":"Feature","properties":{"level":3},"geometry":{"type":"LineString","coordinates":[[89.83834,22.7457],[89.84475,22.71963],[89.84196,22.71555],[89.84719,22.71276],[89.84315,22.7089],[89.84457,22.70371],[89.84175,22.70002],[89.85098,22.6976],[89.84846,22.69012],[89.85274,22.68932],[89.85177,22.68541],[89.86145,22.68481],[89.85733,22.67573],[89.86123,22.67016],[89.85414,22.66425],[89.84869,22.66537],[89.8545,22.66223],[89.85111,22.65738],[89.85397,22.6494],[89.83584,22.65018],[89.83152,22.6266],[89.82391,22.6101],[89.82986,22.60012],[89.82386,22.59346]]}},{"type":"Feature","properties":{"level":2},"geometry":{"type":"LineString","coordinates":[[90.97681,22.74807],[90.97606,22.71864]]}},{"type":"Feature","properties":{"level":3},"geometry":{"type":"LineString","coordinates":[[90.98363,22.74309],[90.97681,22.74807]]}},{"type":"Feature","properties":{"level":3},"geometry":{"type":"LineString","coordinates":[[90.30409,22.74901],[90.31331,22.73076],[90.30552,22.7243],[90.30917,22.7215],[90.30823,22.71628],[90.31634,22.71368],[90.31716,22.7025],[90.3212,22.69991],[90.31867,22.69447],[90.30864,22.69719],[90.30706,22.68143]]}},{"type":"Feature","properties":{"level":3},"geometry":{"type":"LineString","coordinates":[[92.47778,22.75011],[92.46974,22.74306],[92.44548,22.68258],[92.43503,22.71319],[92.42702,22.71719],[92.41729,22.71635],[92.40801,22.72152],[92.39352,22.71697],[92.38567,22.70642],[92.36527,22.69502],[92.34344,22.69259],[92.33066,22.70315],[92.32171,22.67671],[92.32488,22.66915],[92.32228,22.6453]]}},{"type":"Feature","properties":{"level":0},"geometry":{"type":"LineString","coordinates":[[92.47778,22.75011],[92.4827,22.74472],[92.50086,22.73749]]}},{"type":"Feature","properties":{"level":3},"geometry":{"type":"LineString","coordinates":[[89.91275,22.72537],[89.91418,22.73195],[89.90987,22.73601],[89.90446,22.73505],[89.90414,22.74162],[89.90716,22.74514],[89.90072,22.74382],[89.90194,22.74872],[89.88862,22.74728],[89.88746,22.75032]]}},{"type":"Feature","properties":{"level":3},"geometry":{"type":"LineString","coordinates":[[89.88746,22.75032],[89.87613,22.75031],[89.87048,22.74136],[89.83834,22.7457]]}},{"type":"Feature","properties":{"level":2},"geometry":{"type":"LineString","coordinates":[[90.09458,22.65439],[90.13782,22.67274],[90.14163,22.6858],[90.14852,22.69172],[90.15039,22.70192],[90.15816,22.71023],[90.15744,22.71879],[90.16358,22.72117],[90.16393,22.72637],[90.17137,22.72654],[90.18107,22.7379],[90.18797,22.74022],[90.18596,22.74172],[90.18848,22.74338],[90.18108,22.74489],[90.17564,22.75122]]}},{"type":"Feature","properties":{"level":3},"geometry":{"type":"LineString","coordinates":[[90.30126,22.75253],[90.29687,22.7461],[90.28964,22.74824],[90.29002,22.74543],[90.28281,22.74479],[90.28309,22.7416],[90.27879,22.74245],[90.27045,22.73431]]}},{"type":"Feature","properties":{"level":3},"geometry":{"type":"LineString","coordinates":[[90.30126,22.75253],[90.30409,22.74901]]}},{"type":"Feature","properties":{"level":3},"geometry":{"type":"LineString","coordinates":[[90.35412,22.64967],[90.35588,22.66643],[90.3728,22.68686],[90.37706,22.70087],[90.38789,22.70803],[90.38661,22.72004],[90.38922,22.72033],[90.38586,22.72969],[90.38146,22.72549],[90.38126,22.73173],[90.3709,22.7315],[90.37054,22.72723],[90.3648,22.72922],[90.35863,22.73381],[90.35678,22.74338],[90.3538,22.74365],[90.35087,22.73736],[90.3523,22.73282],[90.34812,22.73404],[90.34589,22.72945],[90.34177,22.7341],[90.33043,22.73464],[90.32611,22.73831],[90.32049,22.7499],[90.32145,22.75385],[90.31035,22.75113],[90.31095,22.75355]]}},{"type":"Feature","properties":{"level":2},"geometry":{"type":"LineString","coordinates":[[90.27045,22.73431],[90.2655,22.73672],[90.26618,22.74221],[90.25676,22.75404],[90.24831,22.75381]]}},{"type":"Feature","properties":{"level":3},"geometry":{"type":"LineString","coordinates":[[90.30652,22.7556],[90.30126,22.75253]]}},{"type":"Feature","properties":{"level":3},"geometry":{"type":"LineString","coordinates":[[90.31095,22.75355],[90.30652,22.7556]]}},{"type":"Feature","properties":{"level":2},"geometry":{"type":"LineString","coordinates":[[89.57744,22.66695],[89.58022,22.66735],[89.57942,22.67488],[89.56907,22.69084],[89.60238,22.69998],[89.60127,22.70874],[89.58917,22.70848],[89.58484,22.71643],[89.59039,22.72168],[89.59526,22.71817],[89.59787,22.72048],[89.60016,22.72834],[89.5978,22.73675],[89.60956,22.75379],[89.60713,22.75782]]}},{"type":"Feature","properties":{"level":3},"geometry":{"type":"LineString","coordinates":[[89.57567,22.7689],[89.57093,22.76233],[89.58146,22.76546],[89.58998,22.7599],[89.60713,22.75782]]}},{"type":"Feature","properties":{"level":2},"geometry":{"type":"LineString","coordinates":[[91.85794,22.77438],[91.86054,22.77449],[91.86283,22.76559],[91.8568,22.75964],[91.85682,22.75465],[91.86026,22.75898],[91.86507,22.75767],[91.8734,22.76567],[91.87959,22.76662],[91.89125,22.76178],[91.89156,22.75436],[91.89807,22.7495],[91.89596,22.7469],[91.89085,22.75074],[91.88726,22.7497],[91.87836,22.72001],[91.88464,22.69824],[91.89278,22.69752],[91.89886,22.6924],[91.9091,22.69841],[91.91398,22.69611],[91.92368,22.69924],[91.93008,22.69283],[91.9281,22.68861]]}},{"type":"Feature","properties":{"level":3},"geometry":{"type":"LineString","coordinates":[[91.14596,22.73038],[91.1421,22.73607],[91.14621,22.74126],[91.14481,22.74965],[91.14966,22.75048],[91.1427,22.76931],[91.14692,22.78109]]}},{"type":"Feature","properties":{"level":3},"geometry":{"type":"LineString","coordinates":[[89.77873,22.78411],[89.78973,22.78149],[89.80349,22.75881],[89.80929,22.76123],[89.81484,22.75392],[89.82663,22.74883],[89.83713,22.7561],[89.84057,22.75522],[89.83834,22.7457]]}},{"type":"Feature","properties":{"level":2},"geometry":{"type":"LineString","coordinates":[[90.19863,22.78554],[90.19495,22.78518]]}},{"type":"Feature","properties":{"level":2},"geometry":{"type":"LineString","coordinates":[[90.24831,22.75381],[90.24273,22.7568],[90.23295,22.75116],[90.2223,22.75367],[90.21691,22.76013],[90.21849,22.76883],[90.21403,22.76761],[90.21109,22.76938],[90.21199,22.77258],[90.20529,22.77161],[90.20567,22.77572],[90.20149,22.77699],[90.19863,22.78554]]}},{"type":"Feature","properties":{"level":2},"geometry":{"type":"LineString","coordinates":[[90.19495,22.78518],[90.18917,22.78546],[90.18958,22.78014],[90.18514,22.78161],[90.18134,22.7756],[90.17969,22.76517],[90.18565,22.76457],[90.17864,22.75589],[90.1746,22.75693],[90.17564,22.75122]]}},{"type":"Feature","properties":{"level":1},"geometry":{"type":"LineString","coordinates":[[90.77992,22.6713],[90.76939,22.76752],[90.76582,22.77959],[90.75586,22.78939]]}},{"type":"Feature","properties":{"level":3},"geometry":{"type":"LineString","coordinates":[[89.75744,22.79129],[89.76531,22.79013],[89.76874,22.77992],[89.77465,22.77825],[89.77873,22.78411]]}},{"type":"Feature","properties":{"level":3},"geometry":{"type":"LineString","coordinates":[[89.64513,22.67829],[89.64147,22.6787],[89.64501,22.69243],[89.63967,22.69887],[89.64256,22.70699],[89.63983,22.70976],[89.65217,22.71835],[89.66773,22.72183],[89.67637,22.71812],[89.67691,22.72122],[89.6836,22.71807],[89.68783,22.72074],[89.69724,22.7142],[89.70559,22.71775],[89.71532,22.72933],[89.72127,22.7278],[89.72903,22.73048],[89.7357,22.73795],[89.73557,22.74599],[89.7457,22.75015],[89.73849,22.76402],[89.74339,22.78107],[89.75398,22.79233],[89.75744,22.79129]]}},{"type":"Feature","properties":{"level":3},"geometry":{"type":"LineString","coordinates":[[90.40812,22.79567],[90.42629,22.78709],[90.45007,22.78423],[90.44971,22.77577],[90.47517,22.78072],[90.48372,22.77787],[90.48143,22.77222],[90.48451,22.7594],[90.47499,22.75822],[90.47307,22.75007],[90.4803,22.73263],[90.4681,22.72525],[90.46914,22.72127],[90.47638,22.70745],[90.49051,22.69641],[90.49419,22.68243],[90.5099,22.66881],[90.51807,22.65222],[90.53079,22.65212],[90.52962,22.63233]]}},{"type":"Feature","properties":{"level":3},"geometry":{"type":"LineString","coordinates":[[90.72475,22.80611],[90.71625,22.79012],[90.72433,22.78691],[90.72537,22.78335],[90.70878,22.77698],[90.71178,22.77379],[90.71592,22.77449],[90.7183,22.77035],[90.70764,22.74449],[90.7007,22.74622],[90.70505,22.73806],[90.71531,22.73382],[90.71761,22.72766],[90.69716,22.72307],[90.69544,22.70616],[90.70408,22.69841],[90.70063,22.68218],[90.6956,22.67679],[90.70293,22.67173],[90.70402,22.66656],[90.69057,22.6617],[90.68643,22.64691],[90.66586,22.64038],[90.66158,22.64216],[90.6613,22.62596],[90.6571,22.61257],[90.65735,22.59008],[90.66218,22.56489],[90.67403,22.54731],[90.67337,22.54251]]}},{"type":"Feature","properties":{"level":1},"geometry":{"type":"LineString","coordinates":[[90.75586,22.78939],[90.72475,22.80611]]}},{"type":"Feature","properties":{"level":0},"geometry":{"type":"LineString","coordinates":[[88.95631,22.61728],[88.93756,22.62353],[88.92754,22.64918],[88.93536,22.65409],[88.93358,22.65715],[88.94479,22.66223],[88.94809,22.67854],[88.95421,22.68579],[88.9612,22.68544],[88.96122,22.69531],[88.95297,22.70577],[88.94779,22.70582],[88.92798,22.71841],[88.92537,22.72794],[88.91878,22.73085],[88.9158,22.73619],[88.92074,22.75278],[88.91353,22.75415],[88.91077,22.758],[88.91772,22.77021],[88.9256,22.76985],[88.92395,22.7796],[88.92916,22.78044],[88.92926,22.78316],[88.93541,22.78191],[88.93797,22.79293],[88.94206,22.79054],[88.94947,22.79739],[88.95771,22.79637],[88.95948,22.80802]]}},{"type":"Feature","properties":{"level":3},"geometry":{"type":"LineString","coordinates":[[89.53756,22.80862],[89.54367,22.79654],[89.55208,22.79635],[89.55696,22.79275],[89.56048,22.79347],[89.56007,22.79889],[89.56454,22.79656],[89.56842,22.77535],[89.57567,22.7689]]}},{"type":"Feature","properties":{"level":2},"geometry":{"type":"LineString","coordinates":[[90.17564,22.75122],[90.17168,22.75052],[90.17071,22.74557],[90.16511,22.74626],[90.16345,22.75004],[90.16631,22.75913],[90.16095,22.75773],[90.15073,22.76182],[90.15069,22.75552],[90.14279,22.75578],[90.14001,22.75825],[90.14054,22.76712],[90.1313,22.76548],[90.11462,22.77708],[90.1079,22.77703],[90.10593,22.7734],[90.09879,22.77496],[90.10037,22.78155],[90.09113,22.78402],[90.07673,22.78238],[90.07024,22.79067],[90.06804,22.79954],[90.06174,22.80588],[90.05108,22.8093]]}},{"type":"Feature","properties":{"level":3},"geometry":{"type":"LineString","coordinates":[[90.35817,22.80937],[90.37803,22.77413],[90.37115,22.7531],[90.35179,22.76774],[90.3384,22.76689],[90.32455,22.77209],[90.32258,22.76364],[90.31492,22.76334],[90.3129,22.7663],[90.31288,22.76336],[90.30747,22.76331],[90.30652,22.7556]]}},{"type":"Feature","properties":{"level":3},"geometry":{"type":"LineString","coordinates":[[90.04991,22.80965],[90.04478,22.80605],[90.04677,22.79921],[90.04219,22.79544],[90.04633,22.79002],[90.04035,22.78751],[90.04284,22.78108],[90.03867,22.76603],[90.04036,22.7611],[90.03487,22.75546],[90.03739,22.74659],[90.03115,22.74227],[90.03172,22.73749],[90.02146,22.71892],[90.01115,22.71624],[90.0104,22.70379],[89.99878,22.70232],[89.99603,22.68925],[90.00188,22.68036]]}},{"type":"Feature","properties":{"level":2},"geometry":{"type":"LineString","coordinates":[[90.05108,22.8093],[90.04991,22.80965]]}},{"type":"Feature","properties":{"level":3},"geometry":{"type":"LineString","coordinates":[[89.50506,22.81013],[89.50752,22.8085],[89.50666,22.80279],[89.51263,22.80775],[89.52352,22.80917],[89.5351,22.80469],[89.53756,22.80862]]}},{"type":"Feature","properties":{"level":3},"geometry":{"type":"LineString","coordinates":[[89.39883,22.67137],[89.42317,22.67558],[89.42487,22.65839],[89.43389,22.65785],[89.43101,22.66802],[89.43274,22.67532],[89.45754,22.70722],[89.46825,22.70624],[89.46863,22.71291],[89.46041,22.7369],[89.4732,22.75895],[89.47086,22.76824],[89.476,22.7704],[89.47949,22.78122],[89.48435,22.78602],[89.48107,22.79179],[89.48512,22.79847],[89.48494,22.80916],[89.498,22.80667],[89.50506,22.81013]]}},{"type":"Feature","properties":{"level":2},"geometry":{"type":"LineString","coordinates":[[90.89218,22.81082],[90.8888,22.80968],[90.89653,22.8013],[90.91189,22.79589],[90.95352,22.77187],[90.97727,22.75371],[90.97681,22.74807]]}},{"type":"Feature","properties":{"level":3},"geometry":{"type":"LineString","coordinates":[[90.38709,22.81301],[90.39117,22.80664],[90.40812,22.79567]]}},{"type":"Feature","properties":{"level":3},"geometry":{"type":"LineString","coordinates":[[90.35817,22.80937],[90.36515,22.80757],[90.38461,22.81697],[90.38709,22.81301]]}},{"type":"Feature","properties":{"level":3},"geometry":{"type":"LineString","coordinates":[[89.77873,22.78411],[89.77579,22.78597],[89.77822,22.79034],[89.77318,22.7965],[89.77835,22.80038],[89.77537,22.81072],[89.76712,22.81038],[89.76468,22.81838]]}},{"type":"Feature","properties":{"level":3},"geometry":{"type":"LineString","coordinates":[[92.32228,22.6453],[92.28411,22.66223],[92.25706,22.67933],[92.23805,22.68489],[92.23835,22.70337],[92.22819,22.71846],[92.2268,22.73402],[92.2134,22.76517],[92.19808,22.82101]]}},{"type":"Feature","properties":{"level":3},"geometry":{"type":"LineString","coordinates":[[89.09702,22.82243],[89.09783,22.80869],[89.10352,22.80631],[89.09873,22.80744],[89.09462,22.80417],[89.08812,22.80719],[89.08678,22.80431],[89.0991,22.79901],[89.09285,22.78697],[89.09728,22.78074],[89.09534,22.76726],[89.10682,22.76001],[89.10667,22.75229],[89.12248,22.74575],[89.11957,22.73498],[89.10175,22.73334],[89.1083,22.72585],[89.12139,22.72869],[89.12914,22.71672],[89.13891,22.72554],[89.14899,22.72458],[89.14921,22.71538],[89.14434,22.70953],[89.15359,22.70716],[89.15589,22.69802],[89.15102,22.69255],[89.15541,22.68285],[89.17202,22.6731],[89.16995,22.65082]]}},{"type":"Feature","properties":{"level":3},"geometry":{"type":"LineString","coordinates":[[89.70839,22.82343],[89.70925,22.81932],[89.71281,22.81985],[89.71084,22.81314],[89.71998,22.81069],[89.72374,22.80391],[89.7415,22.80094],[89.75037,22.79407],[89.75336,22.79668],[89.74973,22.80937],[89.75745,22.80721],[89.75659,22.81418],[89.76468,22.81838]]}},{"type":"Feature","properties":{"level":2},"geometry":{"type":"LineString","coordinates":[[89.60713,22.75782],[89.61112,22.76408],[89.61044,22.77191],[89.61967,22.77318],[89.63106,22.76275],[89.63131,22.76597],[89.63894,22.76647],[89.6433,22.77342],[89.64713,22.76239],[89.64656,22.75207],[89.65476,22.75375],[89.65696,22.75686],[89.65424,22.77138],[89.66096,22.77476],[89.6656,22.79922],[89.67547,22.79541],[89.67492,22.81007],[89.67917,22.81634],[89.70839,22.82343]]}},{"type":"Feature","properties":{"level":3},"geometry":{"type":"LineString","coordinates":[[89.09702,22.82243],[89.0854,22.82504],[89.07572,22.81691],[89.0737,22.82451],[89.06747,22.82427],[89.0635,22.81857],[89.05576,22.81867],[89.05408,22.82516],[89.04788,22.82953],[89.03273,22.82707],[89.0317,22.82445],[89.0066,22.82781]]}},{"type":"Feature","properties":{"level":3},"geometry":{"type":"LineString","coordinates":[[89.13683,22.82803],[89.1285,22.82445],[89.11737,22.82718],[89.1168,22.82976],[89.10639,22.82897],[89.09774,22.82667],[89.09702,22.82243]]}},{"type":"Feature","properties":{"level":3},"geometry":{"type":"LineString","coordinates":[[89.0066,22.82781],[88.99593,22.82885],[89.00134,22.8185],[88.9979,22.81464],[88.99534,22.81714],[88.98532,22.81495],[88.97409,22.81855],[88.9695,22.80837],[88.95948,22.80802]]}},{"type":"Feature","properties":{"level":2},"geometry":{"type":"LineString","coordinates":[[89.24663,22.83601],[89.2323,22.83147],[89.23484,22.82853],[89.23319,22.82563],[89.22397,22.82257],[89.22087,22.82426],[89.2115,22.81776],[89.20778,22.81912],[89.20206,22.81211],[89.19174,22.81223],[89.18827,22.81632],[89.17753,22.81236],[89.17223,22.81983],[89.16348,22.80239],[89.1492,22.79541],[89.14369,22.79822],[89.1426,22.80559],[89.15754,22.81136],[89.15966,22.82606],[89.14678,22.83633],[89.14688,22.82669],[89.13683,22.82803]]}},{"type":"Feature","properties":{"level":2},"geometry":{"type":"LineString","coordinates":[[89.33085,22.71637],[89.3269,22.71904],[89.33177,22.72833],[89.32163,22.73779],[89.3215,22.74296],[89.31159,22.74925],[89.3096,22.76596],[89.29946,22.77225],[89.29887,22.7877],[89.29315,22.78974],[89.29006,22.7954],[89.28314,22.78933],[89.27137,22.79006],[89.26574,22.79595],[89.26785,22.80321],[89.26528,22.81194],[89.25728,22.81194],[89.25603,22.8084],[89.24835,22.81013],[89.24603,22.81589],[89.25132,22.81877],[89.25717,22.83257],[89.25216,22.83771],[89.24663,22.83601]]}},{"type":"Feature","properties":{"level":3},"geometry":{"type":"LineString","coordinates":[[92.18929,22.83882],[92.16105,22.82983],[92.14738,22.81809],[92.14199,22.808],[92.14253,22.79438],[92.13634,22.78482],[92.1263,22.7797],[92.12552,22.76598],[92.11321,22.76801],[92.10452,22.76416],[92.06389,22.73133],[92.00694,22.71745]]}},{"type":"Feature","properties":{"level":3},"geometry":{"type":"LineString","coordinates":[[92.19808,22.82101],[92.18929,22.83882]]}},{"type":"Feature","properties":{"level":3},"geometry":{"type":"LineString","coordinates":[[90.85304,22.83958],[90.87789,22.826],[90.89218,22.81082]]}},{"type":"Feature","properties":{"level":1},"geometry":{"type":"LineString","coordinates":[[89.94232,22.84596],[89.94881,22.83581],[89.94892,22.82379],[89.94453,22.8216],[89.94264,22.8244],[89.93803,22.8235],[89.91737,22.80899],[89.91617,22.80135],[89.93317,22.79324],[89.94,22.78321],[89.921,22.78363],[89.9165,22.77706],[89.90682,22.77337],[89.90915,22.75451],[89.91417,22.75225],[89.92704,22.75452],[89.93336,22.75162],[89.92728,22.7219],[89.91275,22.72537]]}},{"type":"Feature","properties":{"level":3},"geometry":{"type":"LineString","coordinates":[[90.75586,22.78939],[90.77918,22.80597],[90.77863,22.80376],[90.80597,22.80285],[90.82336,22.82601],[90.8226,22.83924],[90.83776,22.83916],[90.8333,22.84308],[90.83847,22.84802],[90.85304,22.83958]]}},{"type":"Feature","properties":{"level":2},"geometry":{"type":"LineString","coordinates":[[91.98456,22.84937],[91.9772,22.82412],[91.97474,22.79373],[91.97707,22.78244],[92.00142,22.72681]]}},{"type":"Feature","properties":{"level":3},"geometry":{"type":"LineString","coordinates":[[89.57567,22.7689],[89.58086,22.76804],[89.58493,22.77896],[89.58158,22.80922],[89.57524,22.81632],[89.55924,22.82478],[89.55395,22.83739],[89.55583,22.85128]]}},{"type":"Feature","properties":{"level":3},"geometry":{"type":"LineString","coordinates":[[89.56436,22.85291],[89.55583,22.85128]]}},{"type":"Feature","properties":{"level":3},"geometry":{"type":"LineString","coordinates":[[89.50142,22.86169],[89.51327,22.84824],[89.51692,22.83284],[89.52378,22.83164],[89.53384,22.82367],[89.53237,22.82062],[89.53741,22.81656],[89.53756,22.80862]]}},{"type":"Feature","properties":{"level":3},"geometry":{"type":"LineString","coordinates":[[90.04908,22.86311],[90.07223,22.85733],[90.07427,22.84816],[90.07938,22.8457],[90.07215,22.83955],[90.0726,22.83107],[90.07574,22.83016],[90.0729,22.82452],[90.07652,22.83135],[90.0938,22.83309],[90.09348,22.82805],[90.09726,22.82757],[90.0943,22.82248],[90.09821,22.82218],[90.09812,22.84192],[90.10599,22.84519],[90.11977,22.84154],[90.1198,22.8595],[90.12864,22.86042],[90.13201,22.85952],[90.13174,22.85538],[90.14902,22.85252],[90.19115,22.83236],[90.19489,22.82715],[90.20279,22.83044],[90.21368,22.82947],[90.22202,22.82343],[90.2139,22.80397],[90.21352,22.7906],[90.20556,22.78963],[90.2048,22.78395],[90.19863,22.78554]]}},{"type":"Feature","properties":{"level":2},"geometry":{"type":"LineString","coordinates":[[90.67202,22.86451],[90.66649,22.85111],[90.65852,22.84459],[90.65536,22.8456],[90.65257,22.83875],[90.63946,22.83627],[90.63817,22.82984],[90.61209,22.82485],[90.60277,22.81299],[90.58377,22.80644],[90.58526,22.79954],[90.58057,22.79145],[90.56707,22.78947],[90.55938,22.76865],[90.56991,22.74108],[90.56837,22.71968],[90.54947,22.68859],[90.53959,22.69167],[90.53446,22.6874],[90.52268,22.68645],[90.52363,22.67851],[90.53496,22.67606],[90.5423,22.66586],[90.54296,22.64603],[90.52962,22.63233]]}},{"type":"Feature","properties":{"level":1},"geometry":{"type":"LineString","coordinates":[[89.9685,22.85693],[89.96396,22.85311],[89.95379,22.85303],[89.94939,22.85932],[89.93804,22.86423],[89.9435,22.85503],[89.94232,22.84596]]}},{"type":"Feature","properties":{"level":2},"geometry":{"type":"LineString","coordinates":[[90.04991,22.80965],[90.05477,22.81368],[90.05054,22.81853],[90.05433,22.82659],[90.0449,22.82437],[90.03531,22.81752],[90.0288,22.81785],[90.0353,22.83472],[90.03533,22.8673]]}},{"type":"Feature","properties":{"level":3},"geometry":{"type":"LineString","coordinates":[[90.03533,22.8673],[90.04908,22.86311]]}},{"type":"Feature","properties":{"level":1},"geometry":{"type":"LineString","coordinates":[[90.72475,22.80611],[90.71865,22.81835],[90.71614,22.86847]]}},{"type":"Feature","properties":{"level":1},"geometry":{"type":"LineString","coordinates":[[90.71614,22.86847],[90.69006,22.86759],[90.68031,22.85925],[90.67202,22.86451]]}},{"type":"Feature","properties":{"level":2},"geometry":{"type":"LineString","coordinates":[[90.03533,22.8673],[90.02892,22.86861]]}},{"type":"Feature","properties":{"level":1},"geometry":{"type":"LineString","coordinates":[[90.01828,22.86862],[89.99273,22.8641],[89.98776,22.86569],[89.98578,22.86087],[89.9685,22.85693]]}},{"type":"Feature","properties":{"level":2},"geometry":{"type":"LineString","coordinates":[[90.02892,22.86861],[90.01828,22.86862]]}},{"type":"Feature","properties":{"level":2},"geometry":{"type":"LineString","coordinates":[[91.74503,22.8707],[91.75677,22.8601],[91.75931,22.85073],[91.75708,22.84206],[91.76626,22.83208],[91.76374,22.81915],[91.77427,22.80613],[91.77664,22.79301],[91.78233,22.78534],[91.79149,22.78223],[91.78955,22.77689],[91.79552,22.77207],[91.79449,22.76675],[91.79915,22.7696],[91.79869,22.77551],[91.80481,22.77876],[91.81164,22.79042],[91.82623,22.78662],[91.83757,22.78811],[91.83323,22.78106],[91.83429,22.77279],[91.84103,22.77866],[91.85429,22.76723],[91.85794,22.77438]]}},{"type":"Feature","properties":{"level":3},"geometry":{"type":"LineString","coordinates":[[91.85794,22.77438],[91.86483,22.78168],[91.86102,22.78439],[91.86438,22.79805],[91.87662,22.82405],[91.8876,22.83336],[91.89099,22.84906],[91.90089,22.8622],[91.90454,22.8745]]}},{"type":"Feature","properties":{"level":3},"geometry":{"type":"LineString","coordinates":[[91.14692,22.78109],[91.15885,22.77388],[91.17006,22.75941],[91.18686,22.75425],[91.19157,22.74546],[91.21872,22.7429],[91.25767,22.73308],[91.24679,22.75235],[91.23882,22.7533],[91.24376,22.76206],[91.25733,22.77007],[91.24841,22.77832],[91.24939,22.78145],[91.24343,22.78117],[91.24875,22.78825],[91.24327,22.78571],[91.24472,22.78866],[91.23637,22.79736],[91.24588,22.83428],[91.24529,22.84567],[91.23982,22.84946],[91.23669,22.86079],[91.23607,22.87693]]}},{"type":"Feature","properties":{"level":2},"geometry":{"type":"LineString","coordinates":[[89.70839,22.82343],[89.71782,22.84835],[89.71141,22.85801],[89.70512,22.85892],[89.69871,22.86492],[89.69531,22.87373],[89.6987,22.87735]]}},{"type":"Feature","properties":{"level":3},"geometry":{"type":"LineString","coordinates":[[89.69379,22.87979],[89.6987,22.87735]]}},{"type":"Feature","properties":{"level":2},"geometry":{"type":"LineString","coordinates":[[90.98857,22.88035],[90.98221,22.8744],[90.97652,22.87447],[90.96972,22.86616],[90.95713,22.86759],[90.95398,22.8649],[90.95552,22.86113],[90.94259,22.86354],[90.93902,22.85699],[90.94394,22.85053],[90.94422,22.83834],[90.94104,22.83609],[90.93831,22.8383],[90.93903,22.8317],[90.93111,22.8284],[90.92516,22.81389],[90.90904,22.81508],[90.89218,22.81082]]}},{"type":"Feature","properties":{"level":3},"geometry":{"type":"LineString","coordinates":[[91.14692,22.78109],[91.13508,22.78976],[91.13459,22.79844],[91.13849,22.7941],[91.13989,22.80567],[91.14354,22.80812],[91.14155,22.81208],[91.1466,22.8234],[91.14525,22.82643],[91.14945,22.83068],[91.15655,22.82678],[91.15382,22.84406],[91.14766,22.85302],[91.1543,22.85696],[91.16151,22.85554],[91.16315,22.85202],[91.17131,22.85263],[91.16608,22.88152]]}},{"type":"Feature","properties":{"level":3},"geometry":{"type":"LineString","coordinates":[[91.971,22.88293],[91.97615,22.87994],[91.97667,22.86362],[91.98256,22.85599],[91.98234,22.84922],[91.98456,22.84937]]}},{"type":"Feature","properties":{"level":3},"geometry":{"type":"LineString","coordinates":[[89.83767,22.88231],[89.84581,22.88377]]}},{"type":"Feature","properties":{"level":3},"geometry":{"type":"LineString","coordinates":[[91.971,22.88293],[91.95767,22.88502]]}},{"type":"Feature","properties":{"level":3},"geometry":{"type":"LineString","coordinates":[[91.95767,22.88502],[91.93283,22.88061],[91.90837,22.86347],[91.90741,22.87635],[91.90454,22.8745]]}},{"type":"Feature","properties":{"level":3},"geometry":{"type":"LineString","coordinates":[[90.24831,22.75381],[90.24327,22.76054],[90.25075,22.76232],[90.24869,22.76721],[90.25298,22.78017],[90.2602,22.79],[90.26082,22.80016],[90.25013,22.80839],[90.26959,22.83385],[90.28189,22.86378],[90.29484,22.88537]]}},{"type":"Feature","properties":{"level":3},"geometry":{"type":"LineString","coordinates":[[91.17714,22.88411],[91.17936,22.87564],[91.1835,22.87826],[91.18669,22.87606],[91.19441,22.87781],[91.19579,22.87419],[91.20318,22.87617],[91.20196,22.87975],[91.20648,22.88366],[91.22624,22.8867],[91.23607,22.87693]]}},{"type":"Feature","properties":{"level":3},"geometry":{"type":"LineString","coordinates":[[89.56436,22.85291],[89.57672,22.85603],[89.59498,22.85065],[89.60151,22.84568],[89.60931,22.84801],[89.61261,22.84357],[89.60732,22.84155],[89.60649,22.83476],[89.60926,22.83154],[89.6167,22.83226],[89.62481,22.83801],[89.62919,22.83306],[89.6367,22.8469],[89.6397,22.84578],[89.64502,22.85287],[89.65123,22.85228],[89.65175,22.84806],[89.65375,22.85245],[89.66106,22.85447],[89.65884,22.87253],[89.66087,22.87557],[89.68636,22.88003],[89.68715,22.8871],[89.69379,22.87979]]}},{"type":"Feature","properties":{"level":3},"geometry":{"type":"LineString","coordinates":[[91.17714,22.88411],[91.17489,22.88724],[91.16608,22.88152]]}},{"type":"Feature","properties":{"level":1},"geometry":{"type":"LineString","coordinates":[[89.94232,22.84596],[89.93707,22.84707],[89.92993,22.86015],[89.9188,22.86746],[89.91811,22.87914],[89.91524,22.88177],[89.89136,22.88231],[89.87016,22.88824],[89.86969,22.87525],[89.84581,22.88377]]}},{"type":"Feature","properties":{"level":3},"geometry":{"type":"LineString","coordinates":[[89.76468,22.81838],[89.76551,22.82363],[89.77612,22.82195],[89.77836,22.82653],[89.81705,22.81942],[89.8303,22.83067],[89.8334,22.82849],[89.83996,22.8304],[89.84271,22.84302],[89.83701,22.84383],[89.82913,22.85384],[89.82501,22.85254],[89.82372,22.85593],[89.82032,22.85587],[89.81444,22.86662],[89.80999,22.86565],[89.80634,22.87018],[89.80839,22.87721],[89.81975,22.87338],[89.816,22.88213],[89.82208,22.87986],[89.82846,22.88223],[89.83402,22.88901],[89.83767,22.88231]]}},{"type":"Feature","properties":{"level":3},"geometry":{"type":"LineString","coordinates":[[91.23607,22.87693],[91.24332,22.87982],[91.24949,22.88848],[91.26102,22.88947]]}},{"type":"Feature","properties":{"level":3},"geometry":{"type":"LineString","coordinates":[[92.18929,22.83882],[92.15738,22.8948]]}},{"type":"Feature","properties":{"level":3},"geometry":{"type":"LineString","coordinates":[[91.16608,22.88152],[91.16124,22.88384],[91.14828,22.88044],[91.14399,22.88395],[91.13719,22.88049],[91.11679,22.87898],[91.11304,22.88917],[91.10192,22.8949],[91.10135,22.89228],[91.08722,22.88878],[91.08352,22.89423],[91.07825,22.89318],[91.07434,22.88612],[91.07572,22.88235],[91.07098,22.88211],[91.07115,22.87318],[91.0662,22.88018],[91.05011,22.87516],[91.03965,22.87922],[91.03386,22.87336],[91.03251,22.87608],[91.02948,22.87383],[91.02451,22.8772],[91.01965,22.87273],[91.01123,22.87205],[91.00038,22.87604],[90.99805,22.8802],[90.99328,22.87761],[90.98857,22.88035]]}},{"type":"Feature","properties":{"level":1},"geometry":{"type":"LineString","coordinates":[[90.67202,22.86451],[90.67773,22.86804],[90.67957,22.8664],[90.68152,22.8743],[90.66645,22.88416],[90.66277,22.88303],[90.66356,22.89544],[90.66063,22.90303]]}},{"type":"Feature","properties":{"level":3},"geometry":{"type":"LineString","coordinates":[[90.40812,22.79567],[90.41003,22.79918],[90.39899,22.81431],[90.40179,22.82897],[90.39486,22.84168],[90.39982,22.84483],[90.39564,22.84723],[90.3938,22.86769],[90.39089,22.86942],[90.41066,22.89706],[90.41919,22.90378]]}},{"type":"Feature","properties":{"level":3},"geometry":{"type":"LineString","coordinates":[[89.50142,22.86169],[89.49198,22.87139],[89.49036,22.88004],[89.48392,22.88447],[89.47895,22.90385]]}},{"type":"Feature","properties":{"level":3},"geometry":{"type":"LineString","coordinates":[[89.55583,22.85128],[89.55007,22.86925],[89.52761,22.87036],[89.51913,22.89078],[89.52017,22.90454]]}},{"type":"Feature","properties":{"level":2},"geometry":{"type":"LineString","coordinates":[[91.45141,22.73868],[91.44622,22.77067],[91.44475,22.80936],[91.46172,22.83193],[91.46587,22.84705],[91.46616,22.86356],[91.47408,22.87546],[91.47214,22.88298],[91.46169,22.88237],[91.46098,22.8966],[91.46537,22.90059],[91.45912,22.90643],[91.47836,22.90718]]}},{"type":"Feature","properties":{"level":2},"geometry":{"type":"LineString","coordinates":[[91.45141,22.73868],[91.41791,22.76073],[91.39549,22.76663],[91.38141,22.77521],[91.37241,22.79546],[91.36685,22.80016],[91.36437,22.7957],[91.33946,22.78715],[91.31185,22.80924],[91.31018,22.81652],[91.31349,22.82074],[91.33129,22.81686],[91.33774,22.82026],[91.3293,22.82008],[91.32469,22.82713],[91.32438,22.83643],[91.31048,22.83845],[91.30953,22.8441],[91.32654,22.84893],[91.33505,22.84235],[91.33925,22.86051],[91.34597,22.85271],[91.35188,22.85241],[91.34714,22.85713],[91.35176,22.86541],[91.33675,22.86262],[91.3366,22.8674],[91.34243,22.87608],[91.33429,22.87467],[91.32746,22.88108],[91.33425,22.88415],[91.34425,22.88014],[91.34265,22.89585],[91.35236,22.89442],[91.3511,22.90002],[91.34197,22.90778]]}},{"type":"Feature","properties":{"level":3},"geometry":{"type":"LineString","coordinates":[[89.5076,22.90812],[89.51241,22.89441],[89.49857,22.89737],[89.49253,22.88754],[89.49953,22.88575],[89.49898,22.88164],[89.5034,22.87889],[89.51518,22.87533],[89.5127,22.86823],[89.5042,22.86727],[89.50142,22.86169]]}},{"type":"Feature","properties":{"level":2},"geometry":{"type":"LineString","coordinates":[[91.47836,22.90718],[91.49449,22.9086]]}},{"type":"Feature","properties":{"level":3},"geometry":{"type":"LineString","coordinates":[[89.51951,22.90926],[89.5076,22.90812]]}},{"type":"Feature","properties":{"level":3},"geometry":{"type":"LineString","coordinates":[[89.52017,22.90454],[89.51951,22.90926]]}},{"type":"Feature","properties":{"level":2},"geometry":{"type":"LineString","coordinates":[[91.33065,22.90927],[91.31493,22.90289],[91.31274,22.90775],[91.30976,22.907],[91.30783,22.90237],[91.29824,22.89608],[91.2801,22.9016],[91.27803,22.89265],[91.27221,22.89313],[91.26755,22.88432],[91.26489,22.88683],[91.26219,22.88486],[91.26102,22.88947]]}},{"type":"Feature","properties":{"level":3},"geometry":{"type":"LineString","coordinates":[[89.50645,22.91014],[89.5076,22.90812]]}},{"type":"Feature","properties":{"level":3},"geometry":{"type":"LineString","coordinates":[[89.47895,22.90385],[89.4917,22.90447],[89.49657,22.90022],[89.50013,22.90895],[89.50645,22.91014]]}},{"type":"Feature","properties":{"level":1},"geometry":{"type":"LineString","coordinates":[[90.66063,22.90303],[90.67257,22.90006],[90.6945,22.90112],[90.69911,22.90375],[90.70154,22.91174]]}},{"type":"Feature","properties":{"level":2},"geometry":{"type":"LineString","coordinates":[[91.34197,22.90778],[91.34025,22.91316],[91.33765,22.90781],[91.33065,22.90927]]}},{"type":"Feature","properties":{"level":0},"geometry":{"type":"LineString","coordinates":[[88.95948,22.80802],[88.9553,22.80794],[88.95551,22.81164],[88.96213,22.81838],[88.96727,22.84392],[88.95755,22.85552],[88.9573,22.86076],[88.94513,22.87985],[88.93926,22.87398],[88.92828,22.87194],[88.92289,22.87968],[88.9179,22.87631],[88.90953,22.87919],[88.9119,22.88117],[88.90512,22.88883],[88.90759,22.89321],[88.89835,22.89783],[88.90072,22.9055],[88.89523,22.91242],[88.90535,22.91434],[88.90834,22.91857]]}},{"type":"Feature","properties":{"level":1},"geometry":{"type":"LineString","coordinates":[[89.84581,22.88377],[89.83663,22.88816],[89.83726,22.89404],[89.84656,22.89712],[89.85336,22.89449],[89.84389,22.90628],[89.83954,22.91997]]}},{"type":"Feature","properties":{"level":3},"geometry":{"type":"LineString","coordinates":[[90.29484,22.88537],[90.26927,22.89452],[90.27067,22.89828],[90.26248,22.89682],[90.26218,22.89384],[90.2604,22.89697],[90.2528,22.8939],[90.24701,22.89901],[90.23934,22.89411],[90.23789,22.89859],[90.24131,22.90062],[90.23629,22.89901],[90.22845,22.9037],[90.22517,22.91743],[90.22071,22.9202]]}},{"type":"Feature","properties":{"level":3},"geometry":{"type":"LineString","coordinates":[[90.35923,22.92039],[90.35855,22.90098],[90.34638,22.88503],[90.34901,22.86656],[90.36052,22.84578],[90.35787,22.8363],[90.35242,22.83948],[90.34714,22.83625],[90.35955,22.81383],[90.35817,22.80937]]}},{"type":"Feature","properties":{"level":3},"geometry":{"type":"LineString","coordinates":[[90.66063,22.90303],[90.65467,22.9204]]}},{"type":"Feature","properties":{"level":2},"geometry":{"type":"LineString","coordinates":[[89.13683,22.82803],[89.12281,22.84848],[89.12883,22.8732],[89.10944,22.89096],[89.11927,22.90398],[89.13333,22.89264],[89.14176,22.89239],[89.13035,22.9206]]}},{"type":"Feature","properties":{"level":2},"geometry":{"type":"LineString","coordinates":[[89.34058,22.92196],[89.33982,22.91158],[89.34535,22.90994],[89.35213,22.89603],[89.35087,22.89062],[89.35722,22.88094],[89.35431,22.87532],[89.34656,22.87649],[89.3448,22.87103],[89.34863,22.86523],[89.35797,22.86268],[89.35793,22.85508],[89.35044,22.85364],[89.35252,22.84906],[89.35018,22.83336],[89.32443,22.82753],[89.32961,22.83864],[89.29644,22.84297],[89.29622,22.84723],[89.30475,22.84763],[89.31023,22.85323],[89.29672,22.85431],[89.289,22.86258],[89.28602,22.84903],[89.27624,22.85465],[89.27414,22.85213],[89.26684,22.85362],[89.26688,22.84303],[89.25802,22.84549],[89.25502,22.84977],[89.25098,22.84707],[89.24663,22.83601]]}},{"type":"Feature","properties":{"level":2},"geometry":{"type":"LineString","coordinates":[[89.35723,22.92344],[89.34058,22.92196]]}},{"type":"Feature","properties":{"level":3},"geometry":{"type":"LineString","coordinates":[[91.90454,22.8745],[91.89939,22.89256],[91.88878,22.90103],[91.8804,22.9233],[91.84814,22.90444],[91.824,22.92446]]}},{"type":"Feature","properties":{"level":3},"geometry":{"type":"LineString","coordinates":[[91.74503,22.8707],[91.75188,22.88723],[91.75708,22.88863],[91.77173,22.88266],[91.79076,22.91054],[91.81288,22.92279],[91.824,22.92446]]}},{"type":"Feature","properties":{"level":3},"geometry":{"type":"LineString","coordinates":[[89.51951,22.90926],[89.51484,22.92848]]}},{"type":"Feature","properties":{"level":3},"geometry":{"type":"LineString","coordinates":[[90.65467,22.9204],[90.64881,22.92946],[90.64333,22.92168],[90.62696,22.91302],[90.62306,22.90455],[90.6237,22.89006],[90.61465,22.8731],[90.59168,22.87821],[90.58851,22.87779],[90.58874,22.87069],[90.572,22.87348],[90.56303,22.88401],[90.54811,22.88779],[90.5476,22.89717],[90.54154,22.89043],[90.52874,22.88474],[90.53074,22.88033],[90.52725,22.87853],[90.49748,22.87595],[90.49239,22.88256],[90.50354,22.89145],[90.49909,22.89597],[90.50469,22.90256],[90.50318,22.90762],[90.48889,22.9139],[90.47986,22.91325],[90.46129,22.9196],[90.44686,22.91932],[90.44454,22.91548],[90.44704,22.90953],[90.41919,22.90378]]}},{"type":"Feature","properties":{"level":3},"geometry":{"type":"LineString","coordinates":[[90.22071,22.9202],[90.21694,22.92133],[90.21514,22.91199],[90.2063,22.91161],[90.20588,22.9024],[90.19282,22.90903],[90.19023,22.90408],[90.17667,22.91047],[90.17906,22.9176],[90.15244,22.91995],[90.15221,22.92219],[90.14106,22.92048],[90.14132,22.91731],[90.07289,22.92066],[90.06616,22.92226],[90.06702,22.92669],[90.05636,22.92863],[90.05583,22.93169]]}},{"type":"Feature","properties":{"level":3},"geometry":{"type":"LineString","coordinates":[[90.29484,22.88537],[90.30421,22.90044],[90.30595,22.9157],[90.31839,22.92915],[90.32616,22.93231],[90.33345,22.93067],[90.34559,22.91038],[90.35923,22.92039]]}},{"type":"Feature","properties":{"level":2},"geometry":{"type":"LineString","coordinates":[[89.38695,22.93294],[89.38351,22.93291]]}},{"type":"Feature","properties":{"level":3},"geometry":{"type":"LineString","coordinates":[[89.38695,22.93294],[89.38558,22.91585],[89.39914,22.92526],[89.41137,22.91655],[89.4577,22.92457],[89.46271,22.92327],[89.45859,22.91923],[89.45948,22.91501],[89.47895,22.90385]]}},{"type":"Feature","properties":{"level":1},"geometry":{"type":"LineString","coordinates":[[90.05583,22.93169],[90.03476,22.93403],[90.03285,22.91816],[90.02251,22.8999],[90.02279,22.89166],[90.01868,22.88847],[90.01828,22.86862]]}},{"type":"Feature","properties":{"level":2},"geometry":{"type":"LineString","coordinates":[[89.38351,22.93291],[89.36827,22.93426],[89.36441,22.9251],[89.35723,22.92344]]}},{"type":"Feature","properties":{"level":3},"geometry":{"type":"LineString","coordinates":[[91.65418,22.69829],[91.6362,22.73994],[91.62985,22.74779],[91.6259,22.76494],[91.61835,22.77616],[91.62174,22.78658],[91.63263,22.78913],[91.61962,22.82044],[91.61935,22.83174],[91.624,22.83903],[91.6212,22.85468],[91.62946,22.87184],[91.63193,22.88734],[91.6289,22.8931],[91.63031,22.90453],[91.62196,22.9154],[91.62291,22.92486],[91.61641,22.93103],[91.62043,22.94261]]}},{"type":"Feature","properties":{"level":3},"geometry":{"type":"LineString","coordinates":[[89.22827,22.93606],[89.23112,22.93942],[89.24077,22.93207],[89.24661,22.93173],[89.24292,22.94239],[89.24793,22.9427],[89.25061,22.93921],[89.27905,22.94416],[89.28186,22.93262],[89.28727,22.93476],[89.31198,22.93324],[89.30704,22.92933],[89.30128,22.93014],[89.30546,22.92929],[89.30274,22.92731],[89.3079,22.92143],[89.32872,22.91674],[89.33206,22.92129],[89.34058,22.92196]]}},{"type":"Feature","properties":{"level":2},"geometry":{"type":"LineString","coordinates":[[89.07916,22.93918],[89.0734,22.93726],[89.07153,22.93188],[89.06164,22.93257],[89.05818,22.93564],[89.04958,22.92985],[89.045,22.93373],[89.04632,22.94146],[89.04413,22.94263],[89.03652,22.92878],[89.01564,22.94509]]}},{"type":"Feature","properties":{"level":2},"geometry":{"type":"LineString","coordinates":[[89.13035,22.9206],[89.12577,22.92853],[89.11671,22.93038],[89.11093,22.93543],[89.1098,22.93908],[89.11565,22.94273],[89.11483,22.94492],[89.0997,22.93864],[89.10809,22.93254],[89.10705,22.92641],[89.10224,22.92349],[89.0852,22.93056],[89.07916,22.93918]]}},{"type":"Feature","properties":{"level":2},"geometry":{"type":"LineString","coordinates":[[88.98939,22.94539],[88.98585,22.93762],[88.98857,22.93799],[88.99245,22.93193],[88.99294,22.91674],[88.97688,22.92228],[88.97631,22.91672],[88.97023,22.92145],[88.95765,22.91326],[88.95757,22.91738],[88.95311,22.91818],[88.95078,22.92293],[88.94546,22.92016],[88.94426,22.9117],[88.94115,22.91568],[88.93798,22.91204],[88.93725,22.91564],[88.93036,22.9153],[88.93306,22.918],[88.93127,22.91994],[88.92551,22.91356],[88.91967,22.91275],[88.91728,22.91734],[88.9206,22.92382],[88.90834,22.91857]]}},{"type":"Feature","properties":{"level":3},"geometry":{"type":"LineString","coordinates":[[89.13035,22.9206],[89.15017,22.92209],[89.14753,22.92452],[89.14967,22.92706],[89.14766,22.93284],[89.15344,22.933],[89.15437,22.92903],[89.15815,22.929],[89.15796,22.93762],[89.16845,22.92929],[89.17429,22.93638],[89.18682,22.93312],[89.20697,22.93999],[89.21385,22.93536],[89.22355,22.94547],[89.22794,22.942],[89.22561,22.93708],[89.22827,22.93606]]}},{"type":"Feature","properties":{"level":2},"geometry":{"type":"LineString","coordinates":[[89.01564,22.94509],[88.98939,22.94539]]}},{"type":"Feature","properties":{"level":3},"geometry":{"type":"LineString","coordinates":[[89.6137,22.94648],[89.6101,22.92957],[89.59618,22.9281],[89.59218,22.92063],[89.58184,22.92191],[89.5771,22.91834],[89.57147,22.91882],[89.56618,22.9011],[89.57131,22.89051],[89.56752,22.87742],[89.56983,22.86817],[89.56436,22.85291]]}},{"type":"Feature","properties":{"level":3},"geometry":{"type":"LineString","coordinates":[[91.355,22.95096],[91.34665,22.94736],[91.34952,22.94714],[91.35026,22.94097],[91.35503,22.94072],[91.3458,22.93713],[91.34231,22.93869],[91.34142,22.933],[91.33429,22.93403],[91.32969,22.92908],[91.33636,22.92481],[91.3277,22.91187],[91.33065,22.90927]]}},{"type":"Feature","properties":{"level":3},"geometry":{"type":"LineString","coordinates":[[89.61208,22.95553],[89.6137,22.94648]]}},{"type":"Feature","properties":{"level":3},"geometry":{"type":"LineString","coordinates":[[91.47836,22.90718],[91.47252,22.91345],[91.46862,22.91195],[91.47049,22.91729],[91.45849,22.9304],[91.45474,22.93121],[91.45597,22.92715],[91.45046,22.92843],[91.44245,22.9379],[91.43721,22.93522],[91.4382,22.92577],[91.43308,22.9238],[91.43016,22.91361],[91.42724,22.91584],[91.42654,22.91315],[91.42062,22.91325],[91.41975,22.90837],[91.41878,22.91918],[91.41214,22.92024],[91.41162,22.92351],[91.40535,22.92309],[91.4068,22.91895],[91.40108,22.91666],[91.39928,22.92108],[91.39523,22.92014],[91.39178,22.94459],[91.38337,22.94427],[91.38269,22.95738],[91.37155,22.95849]]}},{"type":"Feature","properties":{"level":3},"geometry":{"type":"LineString","coordinates":[[91.37155,22.95849],[91.36766,22.96069],[91.36636,22.94273],[91.36061,22.94276],[91.355,22.95096]]}},{"type":"Feature","properties":{"level":2},"geometry":{"type":"LineString","coordinates":[[92.12995,22.96682],[92.07522,22.92477],[92.0521,22.89611],[92.03842,22.89392],[92.03054,22.89891],[92.00223,22.90347],[91.9941,22.88523],[92.01615,22.85706],[91.98456,22.84937]]}},{"type":"Feature","properties":{"level":3},"geometry":{"type":"LineString","coordinates":[[92.15738,22.8948],[92.13743,22.9338],[92.12995,22.96682]]}},{"type":"Feature","properties":{"level":2},"geometry":{"type":"LineString","coordinates":[[91.49449,22.9086],[91.50507,22.9039],[91.51334,22.90505],[91.51559,22.91034],[91.53303,22.91939],[91.53051,22.92975],[91.53834,22.93298],[91.53894,22.93654],[91.53518,22.94249],[91.52455,22.94588],[91.52873,22.95214],[91.53834,22.94633],[91.54817,22.95868],[91.55227,22.95586],[91.56209,22.95726],[91.56705,22.95177],[91.56808,22.95821],[91.57701,22.96276],[91.57752,22.96729]]}},{"type":"Feature","properties":{"level":2},"geometry":{"type":"LineString","coordinates":[[89.6987,22.87735],[89.7036,22.87729],[89.70817,22.88231],[89.7142,22.87808],[89.72037,22.88659],[89.71205,22.89123],[89.72914,22.89641],[89.72918,22.90137],[89.72147,22.90432],[89.74177,22.92381],[89.73711,22.92481],[89.72787,22.91837],[89.72692,22.92372],[89.75009,22.94733],[89.75506,22.96139],[89.75171,22.96659],[89.75463,22.96903]]}},{"type":"Feature","properties":{"level":1},"geometry":{"type":"LineString","coordinates":[[89.83954,22.91997],[89.82057,22.9374],[89.80179,22.94309],[89.80737,22.95846],[89.80341,22.97247]]}},{"type":"Feature","properties":{"level":3},"geometry":{"type":"LineString","coordinates":[[90.2882,22.97493],[90.28944,22.96325],[90.30148,22.95182],[90.35052,22.9428],[90.35923,22.92039]]}},{"type":"Feature","properties":{"level":0},"geometry":{"type":"LineString","coordinates":[[91.59283,22.97387],[91.59858,22.97665],[91.60184,22.9725],[91.60604,22.97247],[91.60564,22.96655],[91.61362,22.95894],[91.60569,22.96204],[91.6007,22.95502],[91.60927,22.95741],[91.60749,22.95174],[91.61462,22.95305],[91.61619,22.94971],[91.61294,22.94824],[91.62043,22.94261]]}},{"type":"Feature","properties":{"level":2},"geometry":{"type":"LineString","coordinates":[[90.99894,22.97727],[90.99724,22.97288],[90.99982,22.96656],[90.9958,22.9645],[91.00196,22.96185],[90.9979,22.9593],[91.00004,22.95314],[90.99747,22.94769],[90.98835,22.94187],[90.99351,22.93884],[90.99091,22.936],[90.99257,22.93378],[90.98907,22.9334],[90.99002,22.92738],[90.98253,22.91923],[90.98785,22.91816],[90.98224,22.91418],[90.99241,22.90452],[90.98786,22.90253],[90.98257,22.89378],[90.98768,22.88727],[90.98857,22.88035]]}},{"type":"Feature","properties":{"level":0},"geometry":{"type":"LineString","coordinates":[[91.57752,22.96729],[91.59025,22.97768],[91.59283,22.97387]]}},{"type":"Feature","properties":{"level":3},"geometry":{"type":"LineString","coordinates":[[90.99894,22.97727],[90.99999,22.98024]]}},{"type":"Feature","properties":{"level":2},"geometry":{"type":"LineString","coordinates":[[89.66438,22.97915],[89.67177,22.98031],[89.67639,22.97059],[89.68225,22.9728],[89.68362,22.97905],[89.69239,22.98033],[89.70948,22.97463],[89.72158,22.97687],[89.73046,22.97453],[89.73621,22.9774],[89.73572,22.97389],[89.7433,22.9675],[89.75463,22.96903]]}},{"type":"Feature","properties":{"level":1},"geometry":{"type":"LineString","coordinates":[[90.70154,22.91174],[90.69421,22.92476],[90.67579,22.94235],[90.65758,22.97793],[90.65177,22.98301]]}},{"type":"Feature","properties":{"level":2},"geometry":{"type":"LineString","coordinates":[[89.61208,22.95553],[89.61928,22.97302],[89.62396,22.9727],[89.62485,22.9624],[89.6283,22.96206],[89.63234,22.96596],[89.63632,22.96486],[89.64907,22.97017],[89.65234,22.98289],[89.66438,22.97915]]}},{"type":"Feature","properties":{"level":2},"geometry":{"type":"LineString","coordinates":[[89.55907,22.98406],[89.56203,22.97063],[89.55592,22.9623],[89.53948,22.94848],[89.5224,22.94339],[89.52044,22.93372],[89.51484,22.92848]]}},{"type":"Feature","properties":{"level":2},"geometry":{"type":"LineString","coordinates":[[89.78491,22.98399],[89.7897,22.9822],[89.78215,22.97144],[89.78565,22.96612],[89.80341,22.97247]]}},{"type":"Feature","properties":{"level":2},"geometry":{"type":"LineString","coordinates":[[91.71044,22.98442],[91.72043,22.98213],[91.72174,22.96645],[91.72579,22.95645],[91.73122,22.95403],[91.72857,22.95259],[91.72888,22.9407],[91.73298,22.93865],[91.72666,22.93354],[91.72304,22.91417],[91.72764,22.90644],[91.71812,22.89364],[91.71875,22.88782],[91.73095,22.87752],[91.73085,22.87258],[91.74503,22.8707]]}},{"type":"Feature","properties":{"level":2},"geometry":{"type":"LineString","coordinates":[[89.75463,22.96903],[89.76237,22.96515],[89.76785,22.97828],[89.78491,22.98399]]}},{"type":"Feature","properties":{"level":3},"geometry":{"type":"LineString","coordinates":[[91.19253,22.98603],[91.19744,22.97942],[91.18572,22.97552],[91.18585,22.97051],[91.19406,22.96878],[91.19197,22.96378],[91.18699,22.96387],[91.18578,22.95162],[91.19459,22.95159],[91.19325,22.94274],[91.21135,22.93978],[91.21489,22.93276],[91.20672,22.92194],[91.21134,22.91788],[91.20948,22.9102],[91.20349,22.90828],[91.20244,22.90019],[91.19568,22.89538],[91.19498,22.88891],[91.17714,22.88411]]}},{"type":"Feature","properties":{"level":3},"geometry":{"type":"LineString","coordinates":[[91.824,22.92446],[91.84988,22.93813],[91.8651,22.95069],[91.86284,22.95511],[91.85844,22.95482],[91.85703,22.96307],[91.85087,22.96963],[91.84317,22.96845],[91.84792,22.97246],[91.84383,22.97563],[91.84026,22.97448],[91.83963,22.98087],[91.83643,22.97936],[91.83886,22.98281],[91.83662,22.98788]]}},{"type":"Feature","properties":{"level":0},"geometry":{"type":"LineString","coordinates":[[91.70101,22.98862],[91.71044,22.98442]]}},{"type":"Feature","properties":{"level":0},"geometry":{"type":"LineString","coordinates":[[91.62043,22.94261],[91.62425,22.94452],[91.62435,22.96207],[91.63619,22.96292],[91.64098,22.97521],[91.64526,22.97759],[91.64644,22.98534],[91.65047,22.98319],[91.6523,22.97599],[91.65809,22.98121],[91.67457,22.9792],[91.67669,22.98438],[91.6806,22.97721],[91.69388,22.98845],[91.70101,22.98862]]}},{"type":"Feature","properties":{"level":3},"geometry":{"type":"LineString","coordinates":[[91.04801,22.99071],[91.08567,22.98411],[91.09736,22.98524],[91.0992,22.97769],[91.10634,22.98152],[91.12692,22.98409],[91.1278,22.974],[91.15116,22.97481],[91.1515,22.98408],[91.15638,22.98892],[91.19253,22.98603]]}},{"type":"Feature","properties":{"level":3},"geometry":{"type":"LineString","coordinates":[[90.99999,22.98024],[91.02242,22.97254],[91.02154,22.9803],[91.02563,22.98572],[91.03727,22.9725],[91.04801,22.99071]]}},{"type":"Feature","properties":{"level":2},"geometry":{"type":"LineString","coordinates":[[89.55907,22.98406],[89.56613,22.99291],[89.58452,22.98734],[89.58704,22.98471],[89.58518,22.97703],[89.59604,22.96991],[89.60568,22.95738],[89.61208,22.95553]]}},{"type":"Feature","properties":{"level":3},"geometry":{"type":"LineString","coordinates":[[89.9685,22.85693],[89.9668,22.86271],[89.97122,22.86704],[89.97054,22.87289],[89.95685,22.88458],[89.9586,22.89387],[89.95444,22.89935],[89.96128,22.91167],[89.97092,22.91511],[89.97016,22.93276],[89.96305,22.93437],[89.9483,22.91447],[89.94486,22.91804],[89.94215,22.91677],[89.93775,22.92342],[89.93125,22.92191],[89.93111,22.93351],[89.92541,22.93499],[89.92388,22.94383],[89.93869,22.95384],[89.93621,22.95598],[89.94485,22.97461],[89.93834,22.97922],[89.9328,22.99128],[89.92004,22.99507]]}},{"type":"Feature","properties":{"level":3},"geometry":{"type":"LineString","coordinates":[[89.92004,22.99507],[89.90815,22.99532],[89.89745,23.00093]]}},{"type":"Feature","properties":{"level":3},"geometry":{"type":"LineString","coordinates":[[89.89745,23.00093],[89.88998,23.0032],[89.88853,22.99709],[89.87555,22.98266],[89.88386,22.9819],[89.88575,22.97761],[89.88942,22.97858],[89.90072,22.97117],[89.90218,22.96404],[89.8918,22.96403],[89.88457,22.95703],[89.87738,22.95827],[89.86789,22.96748],[89.86023,22.95829],[89.8344,22.96283],[89.83215,22.9429],[89.84017,22.92585],[89.83954,22.91997]]}},{"type":"Feature","properties":{"level":3},"geometry":{"type":"LineString","coordinates":[[90.41919,22.90378],[90.4256,22.90766],[90.42195,22.91291],[90.42249,22.92135],[90.40802,22.92595],[90.41514,22.92854],[90.41585,22.93217],[90.43086,22.93453],[90.43751,22.94034],[90.45793,22.98767],[90.45499,22.9921],[90.44442,22.98935],[90.43823,22.99112],[90.4371,22.99524],[90.44214,22.99447],[90.44374,22.9971],[90.43115,23.00005],[90.41313,22.99937],[90.40889,23.00308],[90.4202,23.00365],[90.42042,23.00706]]}},{"type":"Feature","properties":{"level":2},"geometry":{"type":"LineString","coordinates":[[89.51484,22.92848],[89.48395,22.9525],[89.47733,22.97918],[89.4653,22.99356],[89.4608,23.00824],[89.45595,23.01135]]}},{"type":"Feature","properties":{"level":2},"geometry":{"type":"LineString","coordinates":[[89.45595,23.01135],[89.43881,23.00825],[89.42903,22.99687],[89.42663,22.95837],[89.40875,22.9526],[89.40342,22.94495],[89.39469,22.94311],[89.39302,22.93837],[89.39572,22.93396],[89.38695,22.93294]]}},{"type":"Feature","properties":{"level":2},"geometry":{"type":"LineString","coordinates":[[90.88797,23.0259],[90.89179,23.02398],[90.89138,23.0166],[90.89672,23.01161],[90.90416,23.0169],[90.91895,23.01481],[90.92041,23.01158],[90.91697,23.01127],[90.91727,23.00826],[90.92655,23.00609],[90.92645,22.99938],[90.93328,22.99424],[90.93343,22.9867],[90.94373,22.99039],[90.94427,22.99815],[90.95161,22.99289],[90.954,22.99444],[90.95183,22.98779],[90.95992,22.98686],[90.96045,22.98255],[90.96601,22.97937],[90.9712,22.98052],[90.97367,22.98502],[90.98613,22.97207],[90.98848,22.9786],[90.99894,22.97727]]}},{"type":"Feature","properties":{"level":3},"geometry":{"type":"LineString","coordinates":[[91.83662,22.98788],[91.83396,22.98781],[91.83688,22.99075],[91.82987,22.99024],[91.82777,22.98637],[91.82006,22.9846],[91.82156,22.98041],[91.81772,22.97962],[91.81302,22.98405],[91.80834,23.00519],[91.79108,23.0179],[91.78692,23.01543],[91.77824,23.01981],[91.77863,23.02618],[91.77501,23.02796]]}},{"type":"Feature","properties":{"level":2},"geometry":{"type":"LineString","coordinates":[[89.50172,23.03112],[89.50778,23.01481],[89.51998,23.0135],[89.51842,23.00856],[89.52798,23.00791],[89.52655,23.0026],[89.52958,23.00236],[89.52973,22.99614],[89.53342,22.99804],[89.53676,22.98414],[89.5472,22.97709],[89.55907,22.98406]]}},{"type":"Feature","properties":{"level":0},"geometry":{"type":"LineString","coordinates":[[91.77307,23.03376],[91.77501,23.02796]]}},{"type":"Feature","properties":{"level":3},"geometry":{"type":"LineString","coordinates":[[91.97809,23.04051],[91.98511,23.01897],[91.98637,22.98973],[91.99863,22.96736],[92.0009,22.93795],[91.99867,22.92627],[91.971,22.88293]]}},{"type":"Feature","properties":{"level":3},"geometry":{"type":"LineString","coordinates":[[91.83662,22.98788],[91.85586,23.0102],[91.85325,23.0155],[91.85605,23.03096],[91.87574,23.02989],[91.87587,23.02489],[91.86987,23.02252],[91.87596,23.01546],[91.87148,23.01112],[91.87022,23.00384],[91.87459,23.01072],[91.88074,23.01202],[91.89497,23.02695],[91.90005,23.02861],[91.90088,23.0354],[91.90511,23.0378],[91.92158,23.02637],[91.94002,23.02371],[91.9775,23.04189]]}},{"type":"Feature","properties":{"level":3},"geometry":{"type":"LineString","coordinates":[[91.9775,23.04189],[91.97809,23.04051]]}},{"type":"Feature","properties":{"level":0},"geometry":{"type":"LineString","coordinates":[[91.71044,22.98442],[91.71373,22.98456],[91.71184,22.9867],[91.71481,22.99037],[91.71721,22.9873],[91.72102,22.99009],[91.7257,22.99902],[91.74204,23.00654],[91.76173,23.03102],[91.77078,23.03383],[91.76796,23.04117],[91.77417,23.03954],[91.77307,23.03376]]}},{"type":"Feature","properties":{"level":3},"geometry":{"type":"LineString","coordinates":[[91.49449,22.9086],[91.50195,22.91424],[91.51069,22.91131],[91.5136,22.91401],[91.50728,22.93108],[91.50133,22.93621],[91.50603,22.94246],[91.49893,22.95963],[91.50977,22.975],[91.50759,22.98536],[91.49116,22.99714],[91.49288,23.01185],[91.47662,23.01745],[91.4602,23.01355],[91.44461,23.01611],[91.44676,23.01154],[91.44165,23.01214],[91.43943,23.01578],[91.44961,23.03216],[91.4459,23.03356],[91.44889,23.03522],[91.44795,23.03886],[91.44173,23.03333],[91.44171,23.02974],[91.43793,23.02982],[91.43559,23.03537],[91.43268,23.03331],[91.43184,23.03742],[91.43816,23.03907],[91.43798,23.04294]]}},{"type":"Feature","properties":{"level":3},"geometry":{"type":"LineString","coordinates":[[90.83282,23.04378],[90.8413,23.044],[90.84688,23.03784],[90.84914,23.03435],[90.84439,23.02948],[90.84716,23.02502],[90.85638,23.02615],[90.86191,23.02262],[90.85898,23.01272],[90.87195,23.0127],[90.87416,23.02417],[90.88449,23.02024],[90.88797,23.0259]]}},{"type":"Feature","properties":{"level":1},"geometry":{"type":"LineString","coordinates":[[90.14322,23.04513],[90.13638,23.04435],[90.12731,23.02614],[90.12965,23.0237],[90.12638,23.00513],[90.09468,23.00701],[90.08379,22.98046],[90.077,22.98277],[90.06904,22.96761],[90.05784,22.97081],[90.05697,22.94714],[90.06109,22.94289],[90.05583,22.93169]]}},{"type":"Feature","properties":{"level":3},"geometry":{"type":"LineString","coordinates":[[90.70154,22.91174],[90.70455,22.91913],[90.72278,22.92758],[90.75894,22.93349],[90.7606,22.94851],[90.75539,22.94908],[90.7491,22.95811],[90.7445,22.95768],[90.73546,22.96617],[90.74447,22.96773],[90.74783,22.97899],[90.75655,22.97223],[90.75862,22.97626],[90.75168,22.98793],[90.75724,22.98894],[90.75924,22.98425],[90.76409,22.98296],[90.77282,22.99151],[90.79509,22.99084],[90.79511,22.99721],[90.79991,22.99642],[90.80742,23.00737],[90.81337,23.02692],[90.82083,23.03442],[90.82919,23.03587],[90.82982,23.04623],[90.83282,23.04378]]}},{"type":"Feature","properties":{"level":3},"geometry":{"type":"LineString","coordinates":[[90.14322,23.04513],[90.15714,23.04087],[90.15768,23.04401],[90.16623,23.0435],[90.16903,23.04789],[90.18407,23.04841],[90.18398,23.04319],[90.18869,23.04123],[90.18711,23.03833],[90.1918,23.03839],[90.18395,23.02658],[90.18855,23.02518],[90.18607,23.01902],[90.18952,23.01721],[90.18609,23.0081],[90.19022,23.00338],[90.18869,22.99836],[90.1821,22.9965],[90.18284,22.99096],[90.19302,22.98144],[90.19011,22.97269],[90.19627,22.95767],[90.20577,22.95711],[90.21214,22.95243],[90.20976,22.94858],[90.21256,22.94548],[90.20476,22.93191],[90.21108,22.92598],[90.21918,22.92741],[90.22071,22.9202]]}},{"type":"Feature","properties":{"level":1},"geometry":{"type":"LineString","coordinates":[[90.13552,23.04977],[90.14304,23.04935],[90.14322,23.04513]]}},{"type":"Feature","properties":{"level":3},"geometry":{"type":"LineString","coordinates":[[91.314,23.05146],[91.32289,23.03743],[91.31438,23.0336],[91.31547,23.02524],[91.3077,23.02262],[91.30574,23.0174],[91.31721,23.01902],[91.31955,23.02606],[91.3264,23.02232],[91.3326,23.02319],[91.33137,23.01756],[91.32285,23.01523],[91.32956,23.00544],[91.34364,23.00296],[91.34213,22.99627],[91.35931,22.9964],[91.36637,22.98783],[91.36146,22.97669],[91.36857,22.97136],[91.36746,22.96909],[91.35939,22.97213],[91.3558,22.97012],[91.35788,22.9642],[91.355,22.95096]]}},{"type":"Feature","properties":{"level":2},"geometry":{"type":"LineString","coordinates":[[91.314,23.05146],[91.30074,23.05029],[91.28602,23.05525]]}},{"type":"Feature","properties":{"level":2},"geometry":{"type":"LineString","coordinates":[[91.26102,22.88947],[91.25788,22.89576],[91.25349,22.89429],[91.25041,22.89688],[91.24826,22.90427],[91.25163,22.9053],[91.25068,22.9093],[91.2563,22.90673],[91.25763,22.91033],[91.26304,22.91136],[91.25982,22.92263],[91.26054,22.95592],[91.25884,22.96066],[91.25246,22.96312],[91.25607,22.96512],[91.25822,22.97704],[91.2593,23.01763],[91.26248,23.01885],[91.2652,23.02727],[91.25914,23.03754],[91.26483,23.03998],[91.25722,23.04346],[91.25624,23.04716],[91.25922,23.05591]]}},{"type":"Feature","properties":{"level":1},"geometry":{"type":"LineString","coordinates":[[90.42042,23.00706],[90.4145,23.00856],[90.41161,23.02139],[90.42638,23.03572],[90.42582,23.04131],[90.41312,23.04588],[90.41041,23.04375],[90.3905,23.05283],[90.38515,23.05188],[90.38451,23.05618],[90.37569,23.05519]]}},{"type":"Feature","properties":{"level":1},"geometry":{"type":"LineString","coordinates":[[90.34952,23.05619],[90.33088,23.05743],[90.31217,23.05328],[90.31143,23.03514],[90.32847,23.01428],[90.3288,22.99544],[90.32259,22.98503],[90.31625,22.98146],[90.2882,22.97493]]}},{"type":"Feature","properties":{"level":1},"geometry":{"type":"LineString","coordinates":[[90.37569,23.05519],[90.37049,23.05892],[90.34952,23.05619]]}},{"type":"Feature","properties":{"level":2},"geometry":{"type":"LineString","coordinates":[[91.28602,23.05525],[91.27755,23.06119],[91.2719,23.05469],[91.2708,23.05711],[91.2649,23.05447],[91.25922,23.05591]]}},{"type":"Feature","properties":{"level":3},"geometry":{"type":"LineString","coordinates":[[91.41556,23.06319],[91.41787,23.06062],[91.42273,23.06178],[91.42415,23.05584],[91.43517,23.04777],[91.43076,23.04203],[91.43798,23.04294]]}},{"type":"Feature","properties":{"level":2},"geometry":{"type":"LineString","coordinates":[[90.6917,23.06332],[90.66128,23.0493],[90.66894,23.03336],[90.66046,23.02431],[90.67284,23.01732],[90.6635,23.01502],[90.66414,23.00834],[90.65329,22.99085],[90.65177,22.98301]]}},{"type":"Feature","properties":{"level":0},"geometry":{"type":"LineString","coordinates":[[91.37068,23.06932],[91.3957,23.05605],[91.41556,23.06319]]}},{"type":"Feature","properties":{"level":2},"geometry":{"type":"LineString","coordinates":[[91.36941,23.07022],[91.33928,23.06811],[91.33232,23.06461],[91.33007,23.06661],[91.31451,23.05669],[91.314,23.05146]]}},{"type":"Feature","properties":{"level":0},"geometry":{"type":"LineString","coordinates":[[91.36941,23.07022],[91.37068,23.06932]]}},{"type":"Feature","properties":{"level":1},"geometry":{"type":"LineString","coordinates":[[90.20734,23.07067],[90.19889,23.05963],[90.16289,23.07072],[90.15656,23.06643],[90.15772,23.06227],[90.15414,23.05546],[90.1395,23.05429],[90.13552,23.04977]]}},{"type":"Feature","properties":{"level":0},"geometry":{"type":"LineString","coordinates":[[92.38377,23.07222],[92.39246,23.05237],[92.38261,23.03705],[92.3843,23.0289],[92.37957,23.01196],[92.38381,23.01015],[92.38201,23.00083],[92.3854,22.99304],[92.38214,22.98853],[92.38452,22.98322],[92.37956,22.98015],[92.38104,22.97551],[92.37437,22.97167],[92.37746,22.94756],[92.3736,22.94463],[92.37541,22.93764],[92.37198,22.93519],[92.37617,22.92942],[92.39718,22.93054],[92.40082,22.92628],[92.39704,22.91571],[92.40177,22.9123],[92.40384,22.91742],[92.41411,22.91503],[92.42076,22.91957],[92.42184,22.90516],[92.43408,22.88577],[92.4447,22.89758],[92.44694,22.89637],[92.44803,22.87806],[92.45965,22.87133],[92.45474,22.86629],[92.45689,22.86049],[92.46188,22.86096],[92.4647,22.85612],[92.45828,22.85198],[92.46457,22.84222],[92.45383,22.84332],[92.46236,22.83206],[92.45573,22.82687],[92.45881,22.82301],[92.45588,22.8202],[92.45955,22.81874],[92.46185,22.80741],[92.46487,22.81048],[92.46479,22.80285],[92.47013,22.79869],[92.46939,22.78427],[92.47282,22.78226],[92.47778,22.75011]]}},{"type":"Feature","properties":{"level":1},"geometry":{"type":"LineString","coordinates":[[90.2882,22.97493],[90.275,22.9763],[90.25695,22.96611],[90.25819,22.97605],[90.24776,22.97802],[90.23774,22.96783],[90.23775,22.96273],[90.22881,22.99255],[90.23274,23.00637],[90.23191,23.02892],[90.23784,23.04587],[90.226,23.05638],[90.2165,23.07225]]}},{"type":"Feature","properties":{"level":3},"geometry":{"type":"LineString","coordinates":[[91.19253,22.98603],[91.20162,22.98711],[91.19104,22.99777],[91.18424,22.99755],[91.18299,23.00174],[91.17692,23.00268],[91.1727,23.02206],[91.16732,23.02137],[91.15924,23.02943],[91.15045,23.02967],[91.14701,23.03848],[91.12817,23.03714],[91.12891,23.04413],[91.12322,23.05512],[91.12514,23.06042],[91.13683,23.06473],[91.13867,23.07277]]}},{"type":"Feature","properties":{"level":3},"geometry":{"type":"LineString","coordinates":[[92.19808,22.82101],[92.22459,22.82752],[92.24779,22.84914],[92.25581,22.84622],[92.26012,22.83108],[92.27504,22.83522],[92.28987,22.84495],[92.31701,22.83956],[92.32714,22.842],[92.32492,22.85327],[92.30912,22.87997],[92.30572,22.91896],[92.30843,22.92522],[92.32203,22.92979],[92.32189,22.94385],[92.33307,22.98104],[92.33274,22.99128],[92.31888,23.01331],[92.31049,23.04261],[92.30988,23.05932],[92.31348,23.07335]]}},{"type":"Feature","properties":{"level":1},"geometry":{"type":"LineString","coordinates":[[90.2165,23.07225],[90.21412,23.07446],[90.20734,23.07067]]}},{"type":"Feature","properties":{"level":3},"geometry":{"type":"LineString","coordinates":[[90.78625,23.07559],[90.82591,23.05457],[90.83282,23.04378]]}},{"type":"Feature","properties":{"level":2},"geometry":{"type":"LineString","coordinates":[[90.78625,23.07559],[90.77074,23.0755],[90.75207,23.06622],[90.75121,23.06326],[90.75505,23.06],[90.74265,23.05386],[90.74541,23.05212],[90.73084,23.04092],[90.70591,23.05993],[90.6917,23.06332]]}},{"type":"Feature","properties":{"level":2},"geometry":{"type":"LineString","coordinates":[[91.25922,23.05591],[91.23734,23.05962],[91.23632,23.06678],[91.22623,23.0665],[91.22375,23.05875],[91.21895,23.06099],[91.21771,23.06664],[91.20723,23.06686],[91.20008,23.06098],[91.18651,23.06022],[91.18243,23.06706],[91.17075,23.06845],[91.16614,23.07856]]}},{"type":"Feature","properties":{"level":2},"geometry":{"type":"LineString","coordinates":[[91.14587,23.07885],[91.14036,23.07688],[91.14082,23.07267],[91.13867,23.07277]]}},{"type":"Feature","properties":{"level":1},"geometry":{"type":"LineString","coordinates":[[90.65177,22.98301],[90.63718,22.99883],[90.61498,23.00468],[90.59539,23.03034],[90.57137,23.04944],[90.54483,23.08013]]}},{"type":"Feature","properties":{"level":1},"geometry":{"type":"LineString","coordinates":[[89.80341,22.97247],[89.79322,22.98106],[89.79624,22.99774],[89.76502,23.00638],[89.75825,23.01209],[89.75406,23.03283],[89.74617,23.0487],[89.73331,23.05048],[89.7278,23.05525],[89.73581,23.0699],[89.73422,23.07491],[89.7316,23.07958],[89.72103,23.081]]}},{"type":"Feature","properties":{"level":1},"geometry":{"type":"LineString","coordinates":[[90.54483,23.08013],[90.5161,23.08076],[90.51552,23.05625],[90.5068,23.06138],[90.50165,23.05828],[90.5111,23.04228],[90.50075,23.03989],[90.49515,23.03344],[90.49335,23.02099],[90.47473,23.01337],[90.45688,23.01296],[90.45345,23.01825],[90.42042,23.00706]]}},{"type":"Feature","properties":{"level":2},"geometry":{"type":"LineString","coordinates":[[91.16614,23.07856],[91.16415,23.08277],[91.14587,23.07885]]}},{"type":"Feature","properties":{"level":3},"geometry":{"type":"LineString","coordinates":[[92.09126,23.08698],[92.065,23.07918],[92.02923,23.06056],[92.00458,23.05611],[92.0073,23.04607],[91.97809,23.04051]]}},{"type":"Feature","properties":{"level":2},"geometry":{"type":"LineString","coordinates":[[92.09126,23.08698],[92.1222,23.01397],[92.13036,22.98152],[92.12995,22.96682]]}},{"type":"Feature","properties":{"level":3},"geometry":{"type":"LineString","coordinates":[[89.15301,23.08523],[89.14807,23.08421],[89.14373,23.09066],[89.13699,23.08728],[89.11103,23.08758],[89.11453,23.07739],[89.11309,23.06777],[89.09515,23.04598],[89.10286,23.03088],[89.09267,23.02863],[89.08978,23.02216],[89.07241,23.00502],[89.069,22.99295],[89.07392,22.97746],[89.10617,22.99223],[89.12032,22.98896],[89.12116,22.97571],[89.1196,22.9732],[89.10926,22.97319],[89.11012,22.96429],[89.09229,22.96503],[89.09571,22.95591],[89.08799,22.95249],[89.07916,22.93918]]}},{"type":"Feature","properties":{"level":3},"geometry":{"type":"LineString","coordinates":[[89.35723,22.92344],[89.35239,22.93491],[89.35348,22.93796],[89.36065,22.93793],[89.35978,22.94787],[89.36932,22.96463],[89.35581,22.98309],[89.3571,23.01156],[89.3559,23.01461],[89.34901,23.01597],[89.34663,23.00887],[89.33951,23.01091],[89.33783,22.99868],[89.34095,22.99371],[89.33803,22.99217],[89.33724,23.02443],[89.32779,23.02982],[89.33108,23.04117],[89.32674,23.04505],[89.32665,23.05319],[89.31753,23.05706],[89.3173,23.06624],[89.31392,23.06895],[89.31959,23.0692],[89.31048,23.08136],[89.31303,23.08639],[89.30508,23.09292]]}},{"type":"Feature","properties":{"level":2},"geometry":{"type":"LineString","coordinates":[[92.08836,23.09518],[92.09126,23.08698]]}},{"type":"Feature","properties":{"level":2},"geometry":{"type":"LineString","coordinates":[[91.13867,23.07277],[91.11425,23.07352],[91.11054,23.07008],[91.08368,23.06729],[91.07891,23.06872],[91.08117,23.07323],[91.07894,23.07501],[91.06436,23.07587],[91.06223,23.07952],[91.05034,23.08141],[91.04073,23.09305],[91.04172,23.09778]]}},{"type":"Feature","properties":{"level":3},"geometry":{"type":"LineString","coordinates":[[91.03909,23.10049],[91.03245,23.09748],[91.02638,23.08939],[91.01926,23.08956],[91.01674,23.07912],[91.00775,23.07616],[91.01054,23.06638],[91.00799,23.069],[90.99685,23.06407],[91.00314,23.058],[90.99686,23.04989],[91.00209,23.04866],[91.00385,23.04449],[90.99675,23.04366],[90.99913,23.03823],[90.99646,23.03329],[91.00384,23.0213],[91.0009,23.02028],[90.9981,23.02541],[90.9981,23.02092],[90.99357,23.01943],[91.00418,23.00811],[91.00442,22.9913],[90.99875,22.99143],[90.99778,22.98702],[90.99999,22.98024]]}},{"type":"Feature","properties":{"level":2},"geometry":{"type":"LineString","coordinates":[[91.04172,23.09778],[91.03909,23.10049]]}},{"type":"Feature","properties":{"level":3},"geometry":{"type":"LineString","coordinates":[[89.30508,23.09292],[89.29812,23.08693],[89.29153,23.09198],[89.27982,23.09399],[89.27733,23.09099],[89.27439,23.10064]]}},{"type":"Feature","properties":{"level":3},"geometry":{"type":"LineString","coordinates":[[89.58092,23.09178],[89.59103,23.08304],[89.60334,23.09184],[89.61634,23.09048],[89.61865,23.0968],[89.62477,23.09647],[89.63775,23.10435],[89.64267,23.10096],[89.64668,23.09082],[89.65397,23.08959],[89.6587,23.08219],[89.67485,23.09386],[89.67819,23.09144],[89.67816,23.08627],[89.68558,23.08141],[89.72103,23.081]]}},{"type":"Feature","properties":{"level":2},"geometry":{"type":"LineString","coordinates":[[90.35261,23.105],[90.35205,23.09555],[90.34614,23.08795],[90.34227,23.07426],[90.33567,23.07093],[90.34952,23.05619]]}},{"type":"Feature","properties":{"level":2},"geometry":{"type":"LineString","coordinates":[[89.44182,23.10679],[89.44295,23.08684],[89.43965,23.07365],[89.45437,23.06803],[89.44343,23.06701],[89.44328,23.05529],[89.44831,23.05013],[89.45476,23.05357],[89.45646,23.04204],[89.46453,23.03365],[89.48628,23.03591],[89.48878,23.03849],[89.50172,23.03112]]}},{"type":"Feature","properties":{"level":3},"geometry":{"type":"LineString","coordinates":[[89.5497,23.10698],[89.55063,23.10401],[89.55501,23.10617],[89.566,23.10214],[89.57448,23.0953],[89.57253,23.09145],[89.57483,23.08909],[89.58092,23.09178]]}},{"type":"Feature","properties":{"level":3},"geometry":{"type":"LineString","coordinates":[[89.27439,23.10064],[89.27257,23.1049],[89.26653,23.10706],[89.2593,23.09901],[89.26099,23.095],[89.2512,23.09374],[89.24795,23.09608],[89.24593,23.0918],[89.23341,23.09276],[89.23319,23.08709],[89.22874,23.09114],[89.21824,23.08403],[89.21145,23.07127],[89.21021,23.07667],[89.20513,23.07749],[89.20859,23.08633],[89.20429,23.09324],[89.1989,23.08994],[89.19811,23.09462],[89.18457,23.09332],[89.18241,23.0875],[89.17412,23.09292],[89.17472,23.09679],[89.1703,23.09691],[89.16857,23.09205],[89.16626,23.09526],[89.16491,23.09127],[89.15301,23.08523]]}},{"type":"Feature","properties":{"level":0},"geometry":{"type":"LineString","coordinates":[[91.51222,23.10972],[91.51145,23.10447],[91.52271,23.1042],[91.51944,23.09442],[91.53041,23.0914],[91.53052,23.08637],[91.52561,23.08319],[91.5354,23.06383],[91.52623,23.06011],[91.52523,23.05547],[91.53667,23.0546],[91.5306,23.03869],[91.55015,23.03866],[91.53842,23.01981],[91.54793,23.01914],[91.54244,22.99895],[91.54714,22.99482],[91.5567,22.99659],[91.55633,22.97895],[91.57752,22.96729]]}},{"type":"Feature","properties":{"level":3},"geometry":{"type":"LineString","coordinates":[[91.43798,23.04294],[91.44344,23.04707],[91.43997,23.05573],[91.44476,23.06296],[91.46472,23.06841],[91.46528,23.07663],[91.47074,23.0721],[91.48171,23.07501],[91.47949,23.07852],[91.47362,23.07889],[91.47319,23.09796],[91.4698,23.10252],[91.48591,23.10313],[91.48847,23.10977],[91.49724,23.10706],[91.51222,23.10972]]}},{"type":"Feature","properties":{"level":3},"geometry":{"type":"LineString","coordinates":[[89.96695,23.11026],[89.96011,23.0245],[89.95444,23.01583],[89.93866,23.01542],[89.93338,23.00787],[89.92315,23.00708],[89.91943,23.00227],[89.92004,22.99507]]}},{"type":"Feature","properties":{"level":3},"geometry":{"type":"LineString","coordinates":[[89.50172,23.03112],[89.50292,23.03567],[89.51083,23.03426],[89.5219,23.04026],[89.52577,23.04848],[89.53769,23.04849],[89.53751,23.05669],[89.54238,23.06234],[89.54043,23.07045],[89.52746,23.07928],[89.52506,23.08553],[89.53629,23.08534],[89.54068,23.08855],[89.54152,23.10047],[89.54602,23.1031],[89.54803,23.11095],[89.5497,23.10698]]}},{"type":"Feature","properties":{"level":2},"geometry":{"type":"LineString","coordinates":[[90.11895,23.11137],[90.1189,23.10841],[90.11061,23.10346],[90.10867,23.07699],[90.11241,23.07411],[90.12113,23.07721],[90.13181,23.07113],[90.12461,23.06488],[90.11111,23.06689],[90.11115,23.05585],[90.11616,23.04326],[90.11472,23.03426],[90.12056,23.02725],[90.12616,23.02685],[90.13556,23.04462],[90.13308,23.0491],[90.13552,23.04977]]}},{"type":"Feature","properties":{"level":3},"geometry":{"type":"LineString","coordinates":[[89.30508,23.09292],[89.30804,23.09801],[89.31619,23.09799],[89.32122,23.09398],[89.32196,23.09704],[89.34212,23.0947],[89.34898,23.10043],[89.35235,23.11156],[89.36514,23.11064],[89.36551,23.10514],[89.37024,23.10335],[89.37172,23.09775],[89.38156,23.09687],[89.37664,23.08816],[89.3828,23.08466]]}},{"type":"Feature","properties":{"level":3},"geometry":{"type":"LineString","coordinates":[[90.22119,23.11201],[90.22642,23.1074],[90.21239,23.09995],[90.20964,23.09073],[90.20617,23.09258],[90.19759,23.08974],[90.20542,23.08196],[90.20408,23.07683],[90.20671,23.0763],[90.20734,23.07067]]}},{"type":"Feature","properties":{"level":3},"geometry":{"type":"LineString","coordinates":[[92.38377,23.07222],[92.36957,23.0806],[92.33203,23.11374],[92.32207,23.09603],[92.31838,23.07778],[92.31348,23.07335]]}},{"type":"Feature","properties":{"level":2},"geometry":{"type":"LineString","coordinates":[[89.3828,23.08466],[89.41699,23.08223],[89.43107,23.10541],[89.43713,23.1075],[89.44172,23.11503],[89.44182,23.10679]]}},{"type":"Feature","properties":{"level":3},"geometry":{"type":"LineString","coordinates":[[92.31348,23.07335],[92.30308,23.06684],[92.30193,23.06303],[92.28687,23.06325],[92.28858,23.03663],[92.28508,23.0251],[92.24661,23.00464],[92.23947,23.01401],[92.23706,23.04917],[92.22351,23.06819],[92.1985,23.11769]]}},{"type":"Feature","properties":{"level":2},"geometry":{"type":"LineString","coordinates":[[92.1985,23.11769],[92.18864,23.11797]]}},{"type":"Feature","properties":{"level":2},"geometry":{"type":"LineString","coordinates":[[92.18864,23.11797],[92.16836,23.11609],[92.08836,23.09518]]}},{"type":"Feature","properties":{"level":2},"geometry":{"type":"LineString","coordinates":[[90.08222,23.12576],[90.07957,23.11287],[90.09663,23.1134],[90.10803,23.11764],[90.10975,23.1121],[90.11895,23.11137]]}},{"type":"Feature","properties":{"level":2},"geometry":{"type":"LineString","coordinates":[[90.96257,23.13085],[90.95654,23.13053],[90.95222,23.12617],[90.9534,23.11349],[90.94881,23.11316],[90.9491,23.10763],[90.94495,23.10733],[90.9412,23.10195],[90.94734,23.09037],[90.94438,23.08928],[90.94531,23.08658],[90.93895,23.08485],[90.92968,23.09144],[90.93021,23.08206],[90.92328,23.07835],[90.92175,23.08239],[90.91689,23.08197],[90.9159,23.07898],[90.91076,23.08077],[90.9186,23.07107],[90.91882,23.0662],[90.90567,23.07268],[90.89928,23.07192],[90.90199,23.06202],[90.9104,23.0591],[90.91358,23.04627],[90.91704,23.04755],[90.9186,23.04286],[90.90487,23.04254],[90.9066,23.03504],[90.89645,23.03974],[90.88797,23.0259]]}},{"type":"Feature","properties":{"level":1},"geometry":{"type":"LineString","coordinates":[[89.72103,23.081],[89.69005,23.09556],[89.67571,23.11016],[89.67026,23.12432],[89.67753,23.12935],[89.68726,23.12811],[89.69303,23.12421],[89.69989,23.11132],[89.70968,23.1229],[89.72298,23.12137],[89.73805,23.12789],[89.74022,23.1317]]}},{"type":"Feature","properties":{"level":2},"geometry":{"type":"LineString","coordinates":[[91.03909,23.10049],[91.03582,23.11318],[91.02927,23.11099],[91.02814,23.1059],[91.02409,23.10438],[91.01965,23.11144],[91.01355,23.11431],[91.00111,23.11286],[90.99727,23.11779],[90.98579,23.11539],[90.98563,23.12776],[90.97984,23.13311]]}},{"type":"Feature","properties":{"level":2},"geometry":{"type":"LineString","coordinates":[[90.97984,23.13311],[90.96257,23.13085]]}},{"type":"Feature","properties":{"level":3},"geometry":{"type":"LineString","coordinates":[[90.6917,23.06332],[90.69032,23.07105],[90.68296,23.08143],[90.68707,23.08985],[90.67814,23.09853],[90.67799,23.10367],[90.68576,23.10611],[90.68284,23.11646],[90.68612,23.12226],[90.68658,23.13483]]}},{"type":"Feature","properties":{"level":2},"geometry":{"type":"LineString","coordinates":[[90.01465,23.13505],[90.01369,23.12873],[90.04459,23.12086],[90.04181,23.11847],[90.04252,23.10531],[90.05134,23.10668],[90.06284,23.12024],[90.07435,23.11899],[90.08222,23.12576]]}},{"type":"Feature","properties":{"level":2},"geometry":{"type":"LineString","coordinates":[[89.37567,23.13527],[89.38219,23.12762],[89.38602,23.11729],[89.38402,23.11393],[89.38866,23.1063],[89.3828,23.08466]]}},{"type":"Feature","properties":{"level":1},"geometry":{"type":"LineString","coordinates":[[90.54483,23.08013],[90.53292,23.09354],[90.52721,23.11665],[90.55564,23.12453],[90.56312,23.13679]]}},{"type":"Feature","properties":{"level":2},"geometry":{"type":"LineString","coordinates":[[90.35515,23.13741],[90.34689,23.13104],[90.34805,23.12612],[90.34455,23.12034],[90.35156,23.11763],[90.3484,23.1091],[90.3489,23.10496],[90.35261,23.105]]}},{"type":"Feature","properties":{"level":2},"geometry":{"type":"LineString","coordinates":[[89.96695,23.11026],[89.98425,23.11005],[89.9924,23.13115],[90.01278,23.13857],[90.01465,23.13505]]}},{"type":"Feature","properties":{"level":3},"geometry":{"type":"LineString","coordinates":[[90.16729,23.14319],[90.16987,23.13784],[90.17929,23.13662],[90.18356,23.13646],[90.18898,23.14209],[90.19263,23.13478],[90.19195,23.12817],[90.20105,23.12913],[90.20304,23.12088],[90.21634,23.12319],[90.21469,23.11659],[90.22119,23.11201]]}},{"type":"Feature","properties":{"level":3},"geometry":{"type":"LineString","coordinates":[[90.68658,23.13483],[90.68101,23.13285],[90.67457,23.13498],[90.66746,23.12941],[90.66801,23.12409],[90.66173,23.12635],[90.64562,23.12258],[90.59393,23.14441]]}},{"type":"Feature","properties":{"level":3},"geometry":{"type":"LineString","coordinates":[[90.59393,23.14441],[90.5857,23.13698],[90.58986,23.12696],[90.58562,23.12569],[90.58237,23.12831],[90.58109,23.1209],[90.56312,23.13679]]}},{"type":"Feature","properties":{"level":3},"geometry":{"type":"LineString","coordinates":[[90.11895,23.11137],[90.1198,23.11536],[90.14092,23.11678],[90.14141,23.12047],[90.15441,23.11913],[90.15393,23.12754],[90.14981,23.13219],[90.16089,23.13447],[90.16145,23.14264],[90.16729,23.14319]]}},{"type":"Feature","properties":{"level":2},"geometry":{"type":"LineString","coordinates":[[90.96257,23.13085],[90.96191,23.13805],[90.9549,23.14389],[90.9349,23.14142],[90.92292,23.14649],[90.91217,23.14559],[90.91383,23.15296],[90.90279,23.14996],[90.90059,23.15682]]}},{"type":"Feature","properties":{"level":0},"geometry":{"type":"LineString","coordinates":[[91.49096,23.15778],[91.49427,23.15234],[91.50718,23.1544],[91.49518,23.14715],[91.49976,23.14247],[91.50987,23.14041],[91.5099,23.14305],[91.51527,23.14493],[91.5149,23.13866],[91.50383,23.13042],[91.504,23.12739],[91.51781,23.12559],[91.51455,23.12288],[91.51533,23.11776],[91.51921,23.11786],[91.52036,23.11457],[91.51253,23.1131],[91.51222,23.10972]]}},{"type":"Feature","properties":{"level":2},"geometry":{"type":"LineString","coordinates":[[90.29033,23.15998],[90.29295,23.149],[90.30788,23.14875],[90.3086,23.13745],[90.31588,23.14114],[90.33988,23.13667],[90.34187,23.14244],[90.35328,23.14246],[90.35515,23.13741]]}},{"type":"Feature","properties":{"level":1},"geometry":{"type":"LineString","coordinates":[[90.56312,23.13679],[90.56713,23.14061],[90.56453,23.1607]]}},{"type":"Feature","properties":{"level":3},"geometry":{"type":"LineString","coordinates":[[90.48898,23.16167],[90.49257,23.15396],[90.50125,23.1484],[90.50379,23.13955],[90.49187,23.13466],[90.49488,23.1311],[90.48845,23.13014],[90.47979,23.12335],[90.47043,23.11181],[90.46448,23.11204],[90.45659,23.10609],[90.45612,23.10072],[90.44609,23.09969],[90.44468,23.10738],[90.43355,23.11],[90.42796,23.10556],[90.42421,23.10735],[90.41232,23.10316],[90.41125,23.10762],[90.39709,23.10846],[90.37276,23.10303],[90.37419,23.10922],[90.37078,23.11016],[90.35486,23.10897],[90.35261,23.105]]}},{"type":"Feature","properties":{"level":3},"geometry":{"type":"LineString","coordinates":[[91.13503,23.16559],[91.13401,23.15657],[91.12411,23.15592],[91.12423,23.14555],[91.11899,23.1362],[91.1264,23.11796],[91.13163,23.11731],[91.13232,23.10697],[91.14295,23.09973],[91.1389,23.09878],[91.14379,23.09388],[91.1364,23.09223],[91.14462,23.09171],[91.14587,23.07885]]}},{"type":"Feature","properties":{"level":2},"geometry":{"type":"LineString","coordinates":[[90.90059,23.15682],[90.89095,23.16593],[90.88045,23.16411],[90.8792,23.16747],[90.87488,23.16776]]}},{"type":"Feature","properties":{"level":2},"geometry":{"type":"LineString","coordinates":[[90.87374,23.16827],[90.86133,23.16596],[90.85771,23.16247],[90.85487,23.16401],[90.85447,23.16111],[90.84627,23.1614],[90.84609,23.15281],[90.85061,23.14842],[90.83915,23.14308],[90.83633,23.13329],[90.82084,23.12838],[90.81614,23.11829],[90.79674,23.11635],[90.79863,23.1121],[90.79479,23.10699],[90.79405,23.08922],[90.79002,23.08328],[90.79307,23.07974],[90.79041,23.07681],[90.79392,23.07776],[90.78625,23.07559]]}},{"type":"Feature","properties":{"level":2},"geometry":{"type":"LineString","coordinates":[[90.87488,23.16776],[90.87374,23.16827]]}},{"type":"Feature","properties":{"level":3},"geometry":{"type":"LineString","coordinates":[[90.22119,23.11201],[90.23088,23.11738],[90.2336,23.12481],[90.24434,23.12457],[90.25018,23.12117],[90.25424,23.12813],[90.24576,23.13325],[90.24853,23.1354],[90.24682,23.14519],[90.25646,23.14533],[90.25869,23.15241],[90.26603,23.14594],[90.26966,23.1552],[90.26195,23.15868],[90.27688,23.15832],[90.28775,23.17064]]}},{"type":"Feature","properties":{"level":2},"geometry":{"type":"LineString","coordinates":[[90.28775,23.17064],[90.29033,23.15998]]}},{"type":"Feature","properties":{"level":3},"geometry":{"type":"LineString","coordinates":[[90.56453,23.1607],[90.55592,23.17079]]}},{"type":"Feature","properties":{"level":3},"geometry":{"type":"LineString","coordinates":[[90.55592,23.17079],[90.55459,23.17245],[90.55365,23.15199],[90.53571,23.14717],[90.53301,23.15155],[90.50684,23.15629],[90.50318,23.16017],[90.50856,23.16458],[90.49266,23.165],[90.48898,23.16167]]}},{"type":"Feature","properties":{"level":3},"geometry":{"type":"LineString","coordinates":[[89.74022,23.1317],[89.75057,23.12674],[89.78102,23.13553],[89.78106,23.12677],[89.78591,23.1187],[89.7808,23.09555],[89.78465,23.0874],[89.7926,23.08267],[89.80223,23.08164],[89.80473,23.08774],[89.8143,23.08508],[89.82481,23.09358],[89.82462,23.10677],[89.82913,23.10986],[89.83505,23.10589],[89.83979,23.11053],[89.84022,23.12283],[89.85099,23.12788],[89.85473,23.12652],[89.85563,23.12207],[89.86309,23.12192],[89.90641,23.13111],[89.91191,23.1429],[89.91973,23.14421],[89.91749,23.15909],[89.92454,23.17316]]}},{"type":"Feature","properties":{"level":0},"geometry":{"type":"LineString","coordinates":[[91.41556,23.06319],[91.41058,23.06613],[91.41637,23.08309],[91.40726,23.08353],[91.40441,23.08779],[91.40538,23.09686],[91.39964,23.09655],[91.40222,23.11351],[91.39623,23.11771],[91.39645,23.12914],[91.38782,23.15303],[91.38346,23.15643],[91.38363,23.17519]]}},{"type":"Feature","properties":{"level":3},"geometry":{"type":"LineString","coordinates":[[89.15301,23.08523],[89.15485,23.09189],[89.14983,23.09692],[89.14846,23.10429],[89.15273,23.11125],[89.13563,23.11379],[89.12742,23.12173],[89.13904,23.12925],[89.12252,23.13207],[89.11402,23.1396],[89.10901,23.13816],[89.10541,23.15988],[89.10011,23.16389],[89.10207,23.18039]]}},{"type":"Feature","properties":{"level":3},"geometry":{"type":"LineString","coordinates":[[90.35515,23.13741],[90.36074,23.13752],[90.36093,23.14586],[90.37382,23.15733],[90.37477,23.16212],[90.36732,23.16314],[90.36916,23.16622],[90.37637,23.16704],[90.37618,23.17742],[90.38757,23.18097],[90.39505,23.17872],[90.39714,23.18117]]}},{"type":"Feature","properties":{"level":2},"geometry":{"type":"LineString","coordinates":[[89.97403,23.18051],[89.96977,23.18067],[89.9611,23.16039],[89.94878,23.16286],[89.94756,23.15765],[89.94227,23.15679],[89.94358,23.14599],[89.93999,23.14227],[89.94202,23.13847],[89.93974,23.12575],[89.93674,23.12586],[89.93517,23.11913],[89.96014,23.11534],[89.96695,23.11026]]}},{"type":"Feature","properties":{"level":3},"geometry":{"type":"LineString","coordinates":[[91.40113,23.18251],[91.39963,23.17175],[91.40212,23.16337],[91.40357,23.16748],[91.41582,23.17002],[91.41785,23.17322],[91.44188,23.17554],[91.4449,23.16264],[91.43988,23.15536],[91.45275,23.14609],[91.4511,23.14349],[91.45914,23.14004],[91.45939,23.13283],[91.48201,23.13943],[91.48001,23.14328],[91.48384,23.14761],[91.48414,23.15467],[91.49096,23.15778]]}},{"type":"Feature","properties":{"level":3},"geometry":{"type":"LineString","coordinates":[[91.38363,23.17519],[91.38892,23.17486],[91.38834,23.17902],[91.39237,23.18187],[91.40113,23.18251]]}},{"type":"Feature","properties":{"level":3},"geometry":{"type":"LineString","coordinates":[[90.48898,23.16167],[90.46636,23.16954],[90.46502,23.17382],[90.45684,23.17251],[90.45495,23.1821],[90.44646,23.18437]]}},{"type":"Feature","properties":{"level":3},"geometry":{"type":"LineString","coordinates":[[89.96165,23.18693],[89.9699,23.18717],[89.97403,23.18051]]}},{"type":"Feature","properties":{"level":3},"geometry":{"type":"LineString","coordinates":[[90.44646,23.18437],[90.44285,23.18742],[90.43915,23.18626],[90.43939,23.17664],[90.4347,23.16865],[90.42145,23.16919],[90.41911,23.16563],[90.41224,23.16567],[90.40584,23.17637],[90.39714,23.18117]]}},{"type":"Feature","properties":{"level":3},"geometry":{"type":"LineString","coordinates":[[88.98939,22.94539],[88.9896,22.95682],[88.98406,22.97447],[88.99243,22.98468],[88.98948,22.99401],[88.99736,22.99337],[89.00301,23.00078],[88.99989,23.00697],[89.00898,23.02367],[89.00078,23.03185],[89.00518,23.03623],[89.00124,23.04156],[89.00491,23.04815],[89.00283,23.06004],[88.9991,23.06443],[89.00228,23.0805],[88.99943,23.08753],[89.0058,23.09185],[88.99643,23.09466],[88.99522,23.09913],[88.99866,23.10333],[89.00863,23.10417],[89.00354,23.11585],[89.00709,23.11645],[89.00817,23.1203],[89.00275,23.13336],[89.0127,23.13857],[89.00594,23.1461],[88.99988,23.14041],[88.99308,23.14868],[88.99555,23.14969],[88.99644,23.16073],[89.00663,23.17067],[89.00014,23.18632],[89.00505,23.19429],[88.99205,23.20278]]}},{"type":"Feature","properties":{"level":3},"geometry":{"type":"LineString","coordinates":[[88.99205,23.20278],[88.98735,23.20395]]}},{"type":"Feature","properties":{"level":0},"geometry":{"type":"LineString","coordinates":[[88.90834,22.91857],[88.89158,22.92651],[88.88734,22.93224],[88.8927,22.93793],[88.89366,22.95263],[88.87934,22.9536],[88.87436,22.94786],[88.86936,22.9511],[88.86055,22.94237],[88.85658,22.95255],[88.85793,22.96986],[88.87105,22.9783],[88.86517,22.9857],[88.86543,22.99885],[88.85163,23.00338],[88.84612,23.01083],[88.87891,23.00411],[88.88097,23.00911],[88.87456,23.01089],[88.87287,23.01802],[88.87789,23.02559],[88.88091,23.02555],[88.88424,23.03906],[88.87527,23.0449],[88.8736,23.06594],[88.86114,23.078],[88.86533,23.07776],[88.8662,23.08604],[88.8746,23.09009],[88.86833,23.10124],[88.88317,23.10447],[88.88332,23.1109],[88.89142,23.10786],[88.90011,23.11266],[88.91033,23.12986],[88.91785,23.12969],[88.92302,23.14491],[88.93063,23.14348],[88.93217,23.15468],[88.92792,23.16286],[88.93403,23.16233],[88.93288,23.16755],[88.93868,23.1765],[88.95569,23.18234],[88.96184,23.19313],[88.97412,23.19281],[88.97556,23.1827],[88.97967,23.18291],[88.97984,23.19372],[88.98735,23.20395]]}},{"type":"Feature","properties":{"level":3},"geometry":{"type":"LineString","coordinates":[[89.92454,23.17316],[89.92501,23.1805],[89.93269,23.1816],[89.95068,23.19159],[89.95055,23.19511],[89.96188,23.2047],[89.95748,23.19525],[89.96165,23.18693]]}},{"type":"Feature","properties":{"level":3},"geometry":{"type":"LineString","coordinates":[[89.10207,23.18039],[89.09168,23.189],[89.09448,23.19484],[89.08874,23.18734],[89.08119,23.18622],[89.07392,23.17523],[89.0637,23.17809],[89.05351,23.17039],[89.03626,23.17187],[89.03107,23.1795],[89.05199,23.1852],[89.05039,23.19096],[89.04153,23.19847],[89.03066,23.1994],[89.01698,23.20996],[88.99921,23.20999],[88.99205,23.20278]]}},{"type":"Feature","properties":{"level":1},"geometry":{"type":"LineString","coordinates":[[89.74022,23.1317],[89.74109,23.14178],[89.73008,23.15663],[89.73339,23.1676],[89.74211,23.17188],[89.76279,23.17318],[89.76553,23.17735],[89.76327,23.18088],[89.75306,23.18576],[89.73561,23.18465],[89.71396,23.17563],[89.69458,23.16092],[89.69007,23.16199],[89.67865,23.18209],[89.68194,23.20132],[89.68852,23.21105]]}},{"type":"Feature","properties":{"level":2},"geometry":{"type":"LineString","coordinates":[[91.02567,23.2181],[91.01398,23.21182],[91.01259,23.19587],[91.01579,23.19474],[91.01611,23.19735],[91.01786,23.19444],[91.00716,23.19101],[91.01091,23.18539],[90.99893,23.18079],[91.00686,23.16627],[91.00509,23.15435],[91.01128,23.15357],[91.00806,23.14114],[90.98827,23.13958],[90.97984,23.13311]]}},{"type":"Feature","properties":{"level":3},"geometry":{"type":"LineString","coordinates":[[91.13503,23.16559],[91.13182,23.16582],[91.12962,23.17368],[91.08621,23.16789],[91.08893,23.18314],[91.0948,23.1873],[91.08384,23.19335],[91.08005,23.20086],[91.08148,23.20428],[91.0756,23.20625],[91.07619,23.21755],[91.06598,23.21642],[91.05541,23.20503],[91.05728,23.20019],[91.05397,23.19887],[91.04902,23.20198],[91.03899,23.20137],[91.04076,23.2125],[91.02567,23.2181]]}},{"type":"Feature","properties":{"level":3},"geometry":{"type":"LineString","coordinates":[[90.39714,23.18117],[90.38815,23.18924],[90.38256,23.18955],[90.3805,23.20336],[90.39063,23.20837],[90.39086,23.21499],[90.39494,23.21561],[90.39492,23.21998]]}},{"type":"Feature","properties":{"level":3},"geometry":{"type":"LineString","coordinates":[[90.78753,23.22013],[90.79712,23.21284],[90.80247,23.21947],[90.8106,23.21741],[90.81197,23.22101],[90.8218,23.22077],[90.82319,23.21027],[90.82783,23.2131],[90.82943,23.20707],[90.83681,23.21293],[90.83724,23.20431],[90.84183,23.20193],[90.84158,23.19579],[90.8476,23.19437],[90.84875,23.1882],[90.85999,23.18648],[90.86399,23.18185],[90.87152,23.18255],[90.86979,23.17502],[90.87374,23.16827]]}},{"type":"Feature","properties":{"level":3},"geometry":{"type":"LineString","coordinates":[[90.78753,23.22013],[90.78139,23.2218],[90.77543,23.21581],[90.77585,23.22483],[90.76996,23.2159],[90.76593,23.22252],[90.75913,23.21848]]}},{"type":"Feature","properties":{"level":3},"geometry":{"type":"LineString","coordinates":[[91.18291,23.2262],[91.18094,23.20658],[91.17729,23.20526],[91.17663,23.19808],[91.16763,23.19347],[91.16801,23.18991],[91.15536,23.17786],[91.13517,23.17481],[91.13503,23.16559]]}},{"type":"Feature","properties":{"level":3},"geometry":{"type":"LineString","coordinates":[[91.9775,23.04189],[91.96855,23.05754],[91.95993,23.08582],[91.95422,23.13913],[91.9469,23.15314],[91.92136,23.18331],[91.91165,23.20308],[91.90968,23.21519],[91.91753,23.2225],[91.91598,23.22749]]}},{"type":"Feature","properties":{"level":2},"geometry":{"type":"LineString","coordinates":[[91.02815,23.22873],[91.02567,23.2181]]}},{"type":"Feature","properties":{"level":3},"geometry":{"type":"LineString","coordinates":[[90.75913,23.21848],[90.75903,23.23291],[90.74792,23.21414],[90.7337,23.22565],[90.73593,23.2316],[90.72044,23.21895],[90.72437,23.21634],[90.72555,23.20604],[90.72123,23.20463],[90.72371,23.19943],[90.71617,23.19985],[90.71743,23.20439],[90.71454,23.20571],[90.70642,23.19285],[90.69852,23.1916],[90.70455,23.18526],[90.70284,23.18096],[90.69815,23.18192],[90.6935,23.17302],[90.70067,23.17166],[90.70255,23.15353],[90.69033,23.1378],[90.69369,23.133],[90.68658,23.13483]]}},{"type":"Feature","properties":{"level":0},"geometry":{"type":"LineString","coordinates":[[88.98735,23.20395],[88.98592,23.20797],[88.98021,23.20966],[88.9808,23.21377],[88.99498,23.21388],[88.98283,23.2215],[88.97931,23.21598],[88.98037,23.22252],[88.97803,23.22398],[88.97366,23.22307],[88.97805,23.21513],[88.97027,23.22257],[88.96343,23.21486],[88.9413,23.20642],[88.92926,23.21251],[88.92632,23.2179],[88.92385,23.21592],[88.91658,23.21946],[88.92112,23.21626],[88.91535,23.21281],[88.91624,23.22259],[88.91051,23.23473],[88.90547,23.23643],[88.89867,23.23184],[88.8926,23.23233]]}},{"type":"Feature","properties":{"level":3},"geometry":{"type":"LineString","coordinates":[[91.21121,23.2413],[91.20753,23.23855],[91.20903,23.23315],[91.2008,23.22469],[91.19713,23.22836],[91.18291,23.2262]]}},{"type":"Feature","properties":{"level":3},"geometry":{"type":"LineString","coordinates":[[91.28602,23.05525],[91.28902,23.06122],[91.28434,23.07234],[91.29387,23.06898],[91.29638,23.07203],[91.29035,23.07696],[91.2793,23.07701],[91.28266,23.08316],[91.27678,23.08542],[91.2781,23.09218],[91.26818,23.09663],[91.27847,23.10272],[91.27716,23.10918],[91.28561,23.11319],[91.27803,23.11905],[91.28681,23.12264],[91.28263,23.12693],[91.27456,23.1235],[91.27445,23.13056],[91.26536,23.12999],[91.2676,23.13487],[91.26137,23.13534],[91.26642,23.13866],[91.26662,23.14373],[91.26034,23.1467],[91.26547,23.15377],[91.2632,23.15554],[91.25689,23.15168],[91.26047,23.15918],[91.26752,23.16314],[91.266,23.16785],[91.26991,23.17108],[91.25903,23.17238],[91.26094,23.17614],[91.26782,23.17614],[91.26143,23.17847],[91.26296,23.1856],[91.26745,23.18292],[91.27391,23.19399],[91.26567,23.18751],[91.26581,23.19374],[91.25947,23.19423],[91.26091,23.19898],[91.25752,23.20269],[91.26109,23.20489],[91.26418,23.20046],[91.26754,23.20194],[91.26386,23.20768],[91.25451,23.20864],[91.25031,23.21756],[91.25557,23.22365],[91.26295,23.22301],[91.25944,23.22487],[91.26237,23.22813],[91.26825,23.22829],[91.26358,23.23112],[91.25789,23.22747],[91.25493,23.23431],[91.25965,23.23652],[91.25752,23.23816],[91.25301,23.23398],[91.24722,23.23644],[91.24328,23.22998],[91.23459,23.22907],[91.23248,23.23155],[91.24017,23.23471],[91.2267,23.23883],[91.23673,23.23875],[91.23551,23.24317],[91.2305,23.24252],[91.23104,23.24658],[91.22398,23.24398]]}},{"type":"Feature","properties":{"level":2},"geometry":{"type":"LineString","coordinates":[[91.01439,23.24863],[91.02431,23.24687],[91.02405,23.23413],[91.02815,23.22873]]}},{"type":"Feature","properties":{"level":3},"geometry":{"type":"LineString","coordinates":[[91.22398,23.24398],[91.22072,23.2488],[91.21121,23.2413]]}},{"type":"Feature","properties":{"level":2},"geometry":{"type":"LineString","coordinates":[[89.42581,23.2578],[89.42164,23.24793],[89.42542,23.23701],[89.43101,23.2343],[89.41708,23.22879],[89.41709,23.22322],[89.42117,23.22415],[89.42265,23.21996],[89.42284,23.21578],[89.42009,23.21627],[89.42287,23.20424],[89.4201,23.19325],[89.42321,23.18322],[89.41595,23.17472],[89.41843,23.16873],[89.41129,23.16587],[89.41185,23.16321],[89.41427,23.16439],[89.41459,23.15822],[89.40875,23.15712],[89.40874,23.15204],[89.41965,23.14659],[89.41844,23.13991],[89.40786,23.14148],[89.40314,23.13817],[89.39188,23.1437],[89.39361,23.14098],[89.37567,23.13527]]}},{"type":"Feature","properties":{"level":3},"geometry":{"type":"LineString","coordinates":[[90.76157,23.25829],[90.75965,23.25388],[90.77463,23.25024],[90.77525,23.2395],[90.79418,23.23408],[90.79471,23.22822],[90.78903,23.22679],[90.78753,23.22013]]}},{"type":"Feature","properties":{"level":3},"geometry":{"type":"LineString","coordinates":[[92.08836,23.09518],[92.07041,23.14571],[92.03529,23.21236],[92.01996,23.25862]]}},{"type":"Feature","properties":{"level":2},"geometry":{"type":"LineString","coordinates":[[90.23469,23.26205],[90.24224,23.25048],[90.24172,23.23517],[90.25031,23.23855],[90.24746,23.22125],[90.25453,23.21392],[90.2653,23.21245],[90.27399,23.19924],[90.27513,23.20251],[90.28376,23.20027],[90.28445,23.18464],[90.29047,23.17701],[90.28775,23.17064]]}},{"type":"Feature","properties":{"level":2},"geometry":{"type":"LineString","coordinates":[[90.23423,23.27069],[90.23469,23.26205]]}},{"type":"Feature","properties":{"level":3},"geometry":{"type":"LineString","coordinates":[[89.12972,23.27532],[89.12907,23.26109],[89.10994,23.25635],[89.10256,23.24604],[89.10561,23.24066],[89.10249,23.23788],[89.10781,23.23447],[89.11394,23.22316],[89.11158,23.21975],[89.11643,23.21425],[89.11455,23.20948],[89.11066,23.21042],[89.10917,23.19271],[89.11235,23.19009],[89.10128,23.18348],[89.10207,23.18039]]}},{"type":"Feature","properties":{"level":3},"geometry":{"type":"LineString","coordinates":[[90.08222,23.12576],[90.08922,23.15326],[90.10197,23.15509],[90.10204,23.16818],[90.10788,23.17294],[90.10182,23.17257],[90.09326,23.18134],[90.10108,23.19357],[90.09868,23.21346],[90.12418,23.22461],[90.1199,23.23017],[90.11212,23.22831],[90.10759,23.2344],[90.11222,23.24001],[90.11072,23.24712],[90.10309,23.25151],[90.10077,23.24798],[90.09563,23.24905],[90.09903,23.25562],[90.08887,23.26611],[90.0998,23.26792],[90.10044,23.27155],[90.09609,23.27626]]}},{"type":"Feature","properties":{"level":3},"geometry":{"type":"LineString","coordinates":[[90.09807,23.2768],[90.1235,23.27566],[90.12778,23.27376],[90.12316,23.26932],[90.12499,23.26729],[90.13974,23.27606],[90.15964,23.2589],[90.15964,23.26209],[90.16854,23.26705],[90.16894,23.25667],[90.17777,23.25106],[90.18394,23.25549],[90.1883,23.26982],[90.19595,23.26909],[90.20686,23.2582],[90.21868,23.26714],[90.23423,23.27069]]}},{"type":"Feature","properties":{"level":3},"geometry":{"type":"LineString","coordinates":[[90.09609,23.27626],[90.09807,23.2768]]}},{"type":"Feature","properties":{"level":3},"geometry":{"type":"LineString","coordinates":[[91.91598,23.22749],[91.92061,23.23279],[91.91759,23.24374],[91.9238,23.24444],[91.92348,23.24766],[91.9308,23.2457],[91.93097,23.24259],[91.93454,23.24578],[91.93659,23.24383],[91.94605,23.25451],[91.9743,23.25858],[92.01488,23.28115]]}},{"type":"Feature","properties":{"level":3},"geometry":{"type":"LineString","coordinates":[[92.01996,23.25862],[92.01488,23.28115]]}},{"type":"Feature","properties":{"level":3},"geometry":{"type":"LineString","coordinates":[[89.58092,23.09178],[89.59072,23.09722],[89.59845,23.12482],[89.60099,23.1228],[89.60323,23.1309],[89.60944,23.1329],[89.60989,23.1363],[89.60565,23.13899],[89.6111,23.13978],[89.61359,23.15339],[89.60472,23.15675],[89.60379,23.16093],[89.59158,23.16077],[89.59795,23.18093],[89.59166,23.18086],[89.5911,23.18668],[89.58541,23.1924],[89.59046,23.19547],[89.59729,23.20761],[89.57633,23.22139],[89.56775,23.21929],[89.55455,23.22478],[89.54324,23.23751],[89.53079,23.23905],[89.51762,23.26056],[89.50191,23.26563],[89.49556,23.27402],[89.48571,23.27626],[89.48137,23.28373]]}},{"type":"Feature","properties":{"level":0},"geometry":{"type":"LineString","coordinates":[[91.41039,23.28366],[91.41549,23.2826],[91.41947,23.27319],[91.41527,23.26258],[91.41831,23.25574],[91.42113,23.26196],[91.42487,23.25822],[91.43136,23.26259],[91.45415,23.2604],[91.45449,23.25725],[91.446,23.24986],[91.44784,23.24385],[91.45787,23.24617],[91.47026,23.22779],[91.45321,23.22332],[91.45049,23.21899],[91.45837,23.21334],[91.47537,23.2205],[91.48441,23.20936],[91.48242,23.19858],[91.47078,23.19653],[91.48491,23.18836],[91.48844,23.19227],[91.49217,23.18901],[91.50318,23.19224],[91.50096,23.18537],[91.50746,23.18381],[91.50669,23.18009],[91.49164,23.1777],[91.49241,23.17208],[91.49822,23.17178],[91.49096,23.15778]]}},{"type":"Feature","properties":{"level":0},"geometry":{"type":"LineString","coordinates":[[91.38363,23.17519],[91.38056,23.17553],[91.38151,23.18463],[91.37845,23.18473],[91.37995,23.1917],[91.38372,23.19226],[91.38601,23.20788],[91.37913,23.20857],[91.39015,23.21984],[91.3855,23.22765],[91.39845,23.22945],[91.39837,23.23545],[91.39132,23.24675],[91.40697,23.24779],[91.39708,23.25621],[91.39697,23.26441],[91.39968,23.26582],[91.40331,23.25836],[91.40964,23.25584],[91.40824,23.28463],[91.41039,23.28366]]}},{"type":"Feature","properties":{"level":3},"geometry":{"type":"LineString","coordinates":[[90.91387,23.28606],[90.91208,23.2784],[90.9076,23.27703],[90.91304,23.27243],[90.90799,23.26597],[90.90902,23.25412],[90.89733,23.25447],[90.89358,23.24629],[90.88897,23.24597],[90.88879,23.24087],[90.88156,23.24221],[90.88099,23.23928],[90.87391,23.23692],[90.8788,23.23149],[90.89602,23.23039],[90.91936,23.2139],[90.93317,23.21537],[90.9288,23.21123],[90.93122,23.20413],[90.90775,23.19453],[90.90868,23.18554],[90.89981,23.17833],[90.90059,23.15682]]}},{"type":"Feature","properties":{"level":3},"geometry":{"type":"LineString","coordinates":[[91.01439,23.24863],[91.01053,23.24433],[91.0028,23.24357],[91.00039,23.25144],[90.99225,23.25286],[90.98792,23.24982],[90.9767,23.26425],[90.96034,23.26179],[90.95096,23.27415],[90.94056,23.2789],[90.93902,23.27574],[90.92377,23.27642],[90.92064,23.28573],[90.91387,23.28606]]}},{"type":"Feature","properties":{"level":2},"geometry":{"type":"LineString","coordinates":[[89.48137,23.28373],[89.47146,23.28712]]}},{"type":"Feature","properties":{"level":2},"geometry":{"type":"LineString","coordinates":[[89.47146,23.28712],[89.46313,23.28285],[89.46206,23.26687],[89.4551,23.26375],[89.45503,23.25839],[89.42581,23.2578]]}},{"type":"Feature","properties":{"level":2},"geometry":{"type":"LineString","coordinates":[[90.02333,23.28798],[90.02636,23.28521],[90.02256,23.27418],[90.03175,23.263],[90.02251,23.25384],[90.02676,23.25034],[90.02236,23.24583],[90.024,23.23885],[90.01885,23.23021],[90.0093,23.23482],[90.00958,23.22985],[90.00211,23.2258],[89.99732,23.21601],[89.98481,23.217],[89.98486,23.2101],[89.98148,23.20915],[89.9822,23.19882],[89.97639,23.19488],[89.97768,23.18074],[89.97403,23.18051]]}},{"type":"Feature","properties":{"level":2},"geometry":{"type":"LineString","coordinates":[[89.73159,23.29356],[89.74474,23.28652],[89.75093,23.27591],[89.74409,23.27133],[89.74104,23.2618],[89.72998,23.25819],[89.73324,23.25084],[89.7309,23.24753],[89.71516,23.24144],[89.71583,23.23066],[89.70871,23.22897],[89.70034,23.21758],[89.68852,23.21105]]}},{"type":"Feature","properties":{"level":2},"geometry":{"type":"LineString","coordinates":[[89.47962,23.2973],[89.47788,23.29428],[89.48137,23.28373]]}},{"type":"Feature","properties":{"level":3},"geometry":{"type":"LineString","coordinates":[[90.39492,23.21998],[90.39443,23.22412],[90.39095,23.22538],[90.38359,23.22071],[90.37977,23.22287],[90.37919,23.23393],[90.37402,23.23371],[90.36752,23.24675],[90.35068,23.24368],[90.34747,23.24947],[90.3494,23.25963],[90.34501,23.26158],[90.33528,23.28026],[90.32376,23.28804],[90.31943,23.29854]]}},{"type":"Feature","properties":{"level":3},"geometry":{"type":"LineString","coordinates":[[90.23469,23.26205],[90.24247,23.26436],[90.248,23.27482],[90.25738,23.27373],[90.25775,23.28799],[90.26096,23.28354],[90.27145,23.28438],[90.29096,23.29254],[90.29328,23.30157],[90.29718,23.29673],[90.30243,23.30055],[90.30635,23.29716],[90.3123,23.29838],[90.31348,23.30171]]}},{"type":"Feature","properties":{"level":3},"geometry":{"type":"LineString","coordinates":[[90.31943,23.29854],[90.31348,23.30171]]}},{"type":"Feature","properties":{"level":3},"geometry":{"type":"LineString","coordinates":[[90.07875,23.30313],[90.08938,23.29203],[90.08759,23.27977],[90.09363,23.27953],[90.09609,23.27626]]}},{"type":"Feature","properties":{"level":1},"geometry":{"type":"LineString","coordinates":[[89.68852,23.21105],[89.68388,23.21162],[89.68856,23.22096],[89.68737,23.22444],[89.67229,23.24268],[89.6641,23.24419],[89.63984,23.23621],[89.63298,23.23894],[89.63055,23.25486],[89.63686,23.26584],[89.64805,23.27347],[89.66884,23.278],[89.654,23.28799],[89.62994,23.29083],[89.6189,23.3013],[89.62204,23.30573],[89.62053,23.30801]]}},{"type":"Feature","properties":{"level":3},"geometry":{"type":"LineString","coordinates":[[89.79511,23.31202],[89.79993,23.2891],[89.81002,23.28308],[89.81299,23.27154],[89.81742,23.26997],[89.81859,23.2743],[89.82225,23.27366],[89.81874,23.26364],[89.82363,23.26111],[89.82248,23.25023],[89.83761,23.23803],[89.84262,23.21625],[89.84183,23.20602],[89.84495,23.20044],[89.85776,23.20142],[89.86764,23.18504],[89.88272,23.1857],[89.88521,23.19412],[89.89085,23.19335],[89.89227,23.19707],[89.89167,23.18107],[89.90236,23.17976],[89.91213,23.17145],[89.91676,23.17113],[89.92082,23.17503],[89.92454,23.17316]]}},{"type":"Feature","properties":{"level":2},"geometry":{"type":"LineString","coordinates":[[89.79511,23.31202],[89.78874,23.31316]]}},{"type":"Feature","properties":{"level":2},"geometry":{"type":"LineString","coordinates":[[89.78874,23.31316],[89.78879,23.31337]]}},{"type":"Feature","properties":{"level":2},"geometry":{"type":"LineString","coordinates":[[89.78879,23.31337],[89.77863,23.31094],[89.78181,23.30606],[89.78074,23.30385],[89.77814,23.30682],[89.77761,23.29941],[89.7688,23.30333],[89.76623,23.29583],[89.76173,23.29564],[89.76159,23.29022],[89.75631,23.2908],[89.74998,23.30263],[89.74588,23.29901],[89.74726,23.29305],[89.74247,23.29123],[89.74148,23.29832],[89.72691,23.3052],[89.73449,23.29962],[89.73062,23.29925],[89.73159,23.29356]]}},{"type":"Feature","properties":{"level":3},"geometry":{"type":"LineString","coordinates":[[89.47962,23.2973],[89.48452,23.31251],[89.49106,23.31626]]}},{"type":"Feature","properties":{"level":3},"geometry":{"type":"LineString","coordinates":[[91.09016,23.31647],[91.09439,23.30861],[91.08447,23.30161],[91.08529,23.29817],[91.09412,23.28903],[91.10031,23.29294],[91.10649,23.29051],[91.1061,23.2801],[91.11885,23.28109],[91.11542,23.26569],[91.12184,23.26608],[91.12173,23.27],[91.13065,23.26844],[91.13098,23.26334],[91.14429,23.26555],[91.14048,23.25391],[91.14979,23.2535],[91.15059,23.24749],[91.17369,23.24944],[91.17443,23.2418],[91.17028,23.23869],[91.17531,23.23509],[91.17607,23.22921],[91.18291,23.2262]]}},{"type":"Feature","properties":{"level":3},"geometry":{"type":"LineString","coordinates":[[91.09016,23.31647],[91.08289,23.3168]]}},{"type":"Feature","properties":{"level":3},"geometry":{"type":"LineString","coordinates":[[91.08289,23.3168],[91.0783,23.31541],[91.08218,23.30907],[91.08112,23.30199],[91.06753,23.30021],[91.07076,23.29356],[91.06536,23.28842],[91.06587,23.28255],[91.0613,23.2825],[91.06095,23.27747],[91.05213,23.2747],[91.05078,23.27709],[91.04348,23.27233],[91.0432,23.25174],[91.03747,23.25201],[91.03755,23.24406],[91.0311,23.2422],[91.0347,23.23844],[91.03114,23.23665],[91.03104,23.22878],[91.02815,23.22873]]}},{"type":"Feature","properties":{"level":3},"geometry":{"type":"LineString","coordinates":[[89.37567,23.13527],[89.37152,23.13882],[89.35707,23.13445],[89.34753,23.14177],[89.33356,23.14164],[89.32234,23.14619],[89.32821,23.15015],[89.32062,23.16611],[89.33284,23.16183],[89.33828,23.16475],[89.32826,23.17051],[89.33272,23.17909],[89.32947,23.18327],[89.32421,23.18239],[89.32497,23.17687],[89.31535,23.16732],[89.3092,23.16761],[89.31011,23.17195],[89.30129,23.17287],[89.30371,23.1828],[89.29966,23.1836],[89.30647,23.19317],[89.30114,23.19118],[89.29819,23.1984],[89.29067,23.20189],[89.29108,23.208],[89.28815,23.20995],[89.29721,23.21469],[89.30245,23.23455],[89.29387,23.23244],[89.26583,23.23885],[89.26849,23.24559],[89.26147,23.25079],[89.26111,23.26764],[89.25427,23.26874],[89.25137,23.27969],[89.24302,23.27523],[89.23798,23.2776],[89.24592,23.28273],[89.24776,23.29645],[89.23629,23.30892],[89.21711,23.31422],[89.21264,23.31939]]}},{"type":"Feature","properties":{"level":2},"geometry":{"type":"LineString","coordinates":[[89.62053,23.30801],[89.6054,23.31177],[89.60787,23.31687],[89.6053,23.31943],[89.59224,23.3182],[89.58239,23.32104]]}},{"type":"Feature","properties":{"level":2},"geometry":{"type":"LineString","coordinates":[[89.58239,23.32104],[89.57511,23.3208],[89.57242,23.31685],[89.56046,23.31907],[89.56001,23.31213],[89.55533,23.30692],[89.5352,23.30167],[89.53254,23.29484],[89.52717,23.29151],[89.52391,23.27821],[89.51002,23.28819],[89.5015,23.28566],[89.49627,23.29603],[89.47962,23.2973]]}},{"type":"Feature","properties":{"level":2},"geometry":{"type":"LineString","coordinates":[[89.21132,23.32186],[89.21264,23.31939]]}},{"type":"Feature","properties":{"level":2},"geometry":{"type":"LineString","coordinates":[[89.12972,23.27532],[89.13212,23.27943],[89.14449,23.2758],[89.14651,23.28703],[89.15974,23.2824],[89.1687,23.2842],[89.16976,23.29104],[89.19978,23.29153],[89.20686,23.30214],[89.20397,23.31094],[89.208,23.32657],[89.21132,23.32186]]}},{"type":"Feature","properties":{"level":3},"geometry":{"type":"LineString","coordinates":[[90.77467,23.32873],[90.78444,23.32342],[90.79554,23.32241],[90.81047,23.32632],[90.8116,23.3294]]}},{"type":"Feature","properties":{"level":3},"geometry":{"type":"LineString","coordinates":[[90.66532,23.32982],[90.66464,23.32658],[90.66861,23.32473],[90.68391,23.32417],[90.68201,23.31316],[90.68726,23.30721],[90.69124,23.30771],[90.69013,23.30086],[90.69386,23.29156],[90.70365,23.29477],[90.70219,23.28919],[90.70526,23.28504],[90.7135,23.29196],[90.71541,23.28284],[90.7199,23.28258],[90.72517,23.27475],[90.74381,23.27224],[90.74374,23.26399],[90.75422,23.25725],[90.76157,23.25829]]}},{"type":"Feature","properties":{"level":3},"geometry":{"type":"LineString","coordinates":[[90.8116,23.3294],[90.82102,23.32974],[90.82252,23.32608],[90.82819,23.32947],[90.84218,23.312],[90.8502,23.31237],[90.85141,23.31007],[90.86581,23.31276],[90.87262,23.30557],[90.87378,23.29812],[90.87689,23.30124],[90.88943,23.30109],[90.89119,23.29282],[90.89679,23.29228],[90.89804,23.28632],[90.91387,23.28606]]}},{"type":"Feature","properties":{"level":3},"geometry":{"type":"LineString","coordinates":[[90.76157,23.25829],[90.76441,23.26209],[90.76341,23.28247],[90.74058,23.28771],[90.73847,23.29241],[90.74252,23.29832],[90.74091,23.30693],[90.7462,23.30439],[90.75529,23.31062],[90.75161,23.31309],[90.74874,23.32553],[90.75642,23.32537],[90.7555,23.32956],[90.77467,23.32873]]}},{"type":"Feature","properties":{"level":2},"geometry":{"type":"LineString","coordinates":[[90.07875,23.30313],[90.07575,23.31019],[90.06789,23.30582],[90.06127,23.31895],[90.05067,23.33055]]}},{"type":"Feature","properties":{"level":3},"geometry":{"type":"LineString","coordinates":[[90.59158,23.33613],[90.60148,23.33486],[90.61077,23.32946],[90.62339,23.31325],[90.63674,23.31535],[90.64113,23.3272],[90.64735,23.33184],[90.66532,23.32982]]}},{"type":"Feature","properties":{"level":1},"geometry":{"type":"LineString","coordinates":[[90.56453,23.1607],[90.56631,23.16482],[90.57994,23.1737],[90.58044,23.18234],[90.58774,23.18712],[90.59483,23.20715],[90.59205,23.22664],[90.59555,23.2474],[90.59265,23.25254],[90.58183,23.2526],[90.55455,23.29787],[90.55584,23.30525],[90.56209,23.30468],[90.56551,23.3175],[90.58162,23.33643]]}},{"type":"Feature","properties":{"level":3},"geometry":{"type":"LineString","coordinates":[[90.58162,23.33643],[90.5818,23.34249],[90.59158,23.33613]]}},{"type":"Feature","properties":{"level":2},"geometry":{"type":"LineString","coordinates":[[90.05067,23.33055],[90.04148,23.34022],[90.03285,23.34267],[90.03451,23.32118],[90.02551,23.30725],[90.02333,23.28798]]}},{"type":"Feature","properties":{"level":2},"geometry":{"type":"LineString","coordinates":[[90.02333,23.28798],[90.02028,23.28761],[90.01541,23.29743],[90.00497,23.30478],[90.01811,23.31556],[90.02139,23.32253],[90.02004,23.32683],[90.01048,23.32393],[89.99154,23.32604],[89.98438,23.33472],[89.97987,23.33512],[89.9777,23.34545]]}},{"type":"Feature","properties":{"level":2},"geometry":{"type":"LineString","coordinates":[[89.88448,23.33495],[89.87071,23.32096],[89.86331,23.32968],[89.86382,23.3383],[89.84887,23.33949],[89.84225,23.33062],[89.83121,23.33681],[89.82911,23.34642],[89.82577,23.34681],[89.79511,23.31202]]}},{"type":"Feature","properties":{"level":2},"geometry":{"type":"LineString","coordinates":[[90.95558,23.34844],[90.95825,23.33997],[90.95579,23.33402],[90.9626,23.32408],[90.97119,23.32169],[90.97475,23.31583],[90.97441,23.30118],[90.98129,23.29771],[90.98026,23.28855],[90.98413,23.28675],[90.98562,23.29047],[90.99406,23.29289],[91.00446,23.26764],[91.00906,23.27036],[91.0105,23.26451],[91.01284,23.26469],[91.01439,23.24863]]}},{"type":"Feature","properties":{"level":2},"geometry":{"type":"LineString","coordinates":[[89.94908,23.35267],[89.94932,23.3407],[89.95389,23.33888],[89.95645,23.34437],[89.96382,23.3391],[89.96304,23.32983],[89.95513,23.32576],[89.95186,23.31962],[89.92984,23.32102],[89.92609,23.31691],[89.9261,23.30985],[89.92304,23.30864],[89.91079,23.30949],[89.90457,23.31311],[89.91009,23.32641],[89.91615,23.33155],[89.91414,23.33522],[89.89976,23.34248],[89.88448,23.33495]]}},{"type":"Feature","properties":{"level":3},"geometry":{"type":"LineString","coordinates":[[91.1322,23.35272],[91.13916,23.35088],[91.12923,23.34371],[91.11343,23.34575],[91.11504,23.33303],[91.10435,23.33035],[91.10407,23.32626],[91.09399,23.32931],[91.09332,23.31894],[91.09016,23.31647]]}},{"type":"Feature","properties":{"level":3},"geometry":{"type":"LineString","coordinates":[[91.21121,23.2413],[91.21108,23.24458],[91.22155,23.25398],[91.21793,23.25575],[91.22193,23.26246],[91.20726,23.26391],[91.20915,23.27065],[91.20522,23.2742],[91.21052,23.28221],[91.20673,23.28426],[91.20979,23.28644],[91.20409,23.29311],[91.20272,23.30093],[91.2065,23.30297],[91.19826,23.30762],[91.19981,23.31245],[91.19519,23.31957],[91.19731,23.32685],[91.20568,23.33483],[91.19637,23.3429],[91.19727,23.34705],[91.19243,23.34669],[91.18928,23.3529],[91.19361,23.35527]]}},{"type":"Feature","properties":{"level":3},"geometry":{"type":"LineString","coordinates":[[91.18538,23.3585],[91.19361,23.35527]]}},{"type":"Feature","properties":{"level":3},"geometry":{"type":"LineString","coordinates":[[91.83101,23.35938],[91.84182,23.34082],[91.85042,23.27582],[91.86191,23.2518],[91.88359,23.22898],[91.89321,23.23476],[91.89995,23.23312],[91.89798,23.22969],[91.90315,23.23011],[91.90732,23.22624],[91.91399,23.23175],[91.91598,23.22749]]}},{"type":"Feature","properties":{"level":0},"geometry":{"type":"LineString","coordinates":[[91.29178,23.35252],[91.30059,23.35156],[91.31405,23.36001],[91.31956,23.35993],[91.3174,23.3528],[91.31093,23.35241],[91.31049,23.34261],[91.29645,23.34076],[91.29019,23.31952],[91.29651,23.3148],[91.3098,23.31463],[91.31455,23.30478],[91.3153,23.29794],[91.30732,23.30061],[91.30025,23.29299],[91.30237,23.28627],[91.31669,23.28141],[91.30965,23.27642],[91.3111,23.27185],[91.31764,23.25349],[91.32655,23.25253],[91.32556,23.24724],[91.31867,23.24515],[91.31892,23.24002],[91.32366,23.23761],[91.32352,23.15928],[91.33256,23.1531],[91.33689,23.13204],[91.34181,23.12817],[91.34154,23.11848],[91.34713,23.1184],[91.34696,23.10165],[91.36941,23.07022]]}},{"type":"Feature","properties":{"level":2},"geometry":{"type":"LineString","coordinates":[[89.9777,23.34545],[89.97326,23.35082],[89.95827,23.3555],[89.9547,23.36103],[89.9501,23.35857],[89.94908,23.35267]]}},{"type":"Feature","properties":{"level":3},"geometry":{"type":"LineString","coordinates":[[91.1322,23.35272],[91.14705,23.3569],[91.15532,23.35351],[91.16165,23.35656],[91.16661,23.35367],[91.17354,23.36124],[91.17812,23.35849],[91.18225,23.36193],[91.18538,23.3585]]}},{"type":"Feature","properties":{"level":3},"geometry":{"type":"LineString","coordinates":[[91.21306,23.36183],[91.21793,23.36427],[91.24342,23.36178],[91.24918,23.35611],[91.25278,23.3585],[91.25935,23.35148],[91.27017,23.35219],[91.27411,23.34838],[91.29021,23.34879],[91.29178,23.35252]]}},{"type":"Feature","properties":{"level":3},"geometry":{"type":"LineString","coordinates":[[91.19361,23.35527],[91.19917,23.35524],[91.20193,23.35017],[91.21011,23.35146],[91.21315,23.35829],[91.20821,23.35895],[91.20647,23.36461],[91.21306,23.36183]]}},{"type":"Feature","properties":{"level":2},"geometry":{"type":"LineString","coordinates":[[89.21264,23.31939],[89.22714,23.3254],[89.2265,23.3274],[89.23296,23.32321],[89.2446,23.32808],[89.24652,23.33435],[89.23438,23.34571],[89.2532,23.345],[89.25074,23.34634],[89.25312,23.34984],[89.24927,23.361],[89.25529,23.36195],[89.25854,23.37053]]}},{"type":"Feature","properties":{"level":2},"geometry":{"type":"LineString","coordinates":[[89.04228,23.37156],[89.04039,23.3599],[89.05565,23.35701],[89.06636,23.36308],[89.06685,23.35587],[89.06997,23.35668],[89.07184,23.35342],[89.06772,23.34622],[89.05992,23.34636],[89.0517,23.33678],[89.06208,23.32963],[89.06523,23.31076],[89.05172,23.3022],[89.04505,23.29564],[89.04651,23.29352],[89.04862,23.29151],[89.06154,23.30463],[89.0816,23.30932],[89.10157,23.29519],[89.10499,23.29619],[89.105,23.29937],[89.10758,23.28566],[89.12972,23.27532]]}},{"type":"Feature","properties":{"level":2},"geometry":{"type":"LineString","coordinates":[[89.26334,23.37198],[89.2767,23.36551],[89.27361,23.35401],[89.28382,23.34967],[89.28247,23.34132],[89.28815,23.33601],[89.3017,23.33105],[89.30704,23.31876],[89.31474,23.32507],[89.31865,23.3223],[89.32323,23.31386],[89.32326,23.30047],[89.33777,23.30487],[89.3442,23.28398],[89.35583,23.29033],[89.35837,23.29492],[89.36395,23.29583],[89.36841,23.30261],[89.37289,23.30057],[89.37316,23.28871],[89.37938,23.28912],[89.37723,23.28702],[89.38255,23.28733],[89.4097,23.27186],[89.40949,23.26826],[89.42119,23.26577],[89.42581,23.2578]]}},{"type":"Feature","properties":{"level":0},"geometry":{"type":"LineString","coordinates":[[88.8926,23.23233],[88.8868,23.23168],[88.88587,23.22613],[88.88484,23.22958],[88.87312,23.23455],[88.86064,23.23208],[88.85446,23.23633],[88.85064,23.23113],[88.84493,23.23119],[88.83667,23.24377],[88.8246,23.23331],[88.8229,23.23721],[88.828,23.24539],[88.81366,23.25232],[88.81161,23.25672],[88.80603,23.23861],[88.81132,23.22156],[88.7907,23.2186],[88.78729,23.22273],[88.77923,23.22136],[88.77437,23.22513],[88.77306,23.22983],[88.77834,23.23537],[88.76941,23.2452],[88.75989,23.24548],[88.75861,23.2421],[88.75201,23.24061],[88.7184,23.25465],[88.72373,23.27286],[88.71187,23.27746],[88.70838,23.29062],[88.69767,23.29205],[88.69655,23.30248],[88.71114,23.3127],[88.71273,23.31141],[88.70722,23.30815],[88.70658,23.30374],[88.71437,23.30585],[88.71906,23.30364],[88.71808,23.29772],[88.72514,23.29917],[88.72478,23.3178],[88.7299,23.31993],[88.72849,23.31347],[88.73105,23.30885],[88.73779,23.30523],[88.74439,23.30679],[88.74897,23.32175],[88.74302,23.32805],[88.73226,23.32759],[88.73852,23.34342],[88.73288,23.34678],[88.73171,23.35154],[88.74604,23.34902],[88.74306,23.3543],[88.747,23.35683],[88.74749,23.36177],[88.75891,23.3606],[88.76473,23.36664],[88.76325,23.37204]]}},{"type":"Feature","properties":{"level":2},"geometry":{"type":"LineString","coordinates":[[89.25854,23.37053],[89.26334,23.37198]]}},{"type":"Feature","properties":{"level":2},"geometry":{"type":"LineString","coordinates":[[88.8926,23.23233],[88.89134,23.24675],[88.91434,23.25124],[88.90541,23.25776],[88.90655,23.26226],[88.90981,23.26075],[88.91162,23.26521],[88.91522,23.26375],[88.91763,23.27023],[88.9109,23.27666],[88.90384,23.27823],[88.90037,23.27575],[88.89996,23.27998],[88.9103,23.28074],[88.92115,23.27678],[88.93024,23.28004],[88.93335,23.28431],[88.95168,23.28094],[88.95167,23.27809],[88.96063,23.27286],[88.97581,23.28196],[88.98592,23.28029],[88.98943,23.28314],[88.99182,23.28636],[88.98812,23.29449],[88.97986,23.29324],[88.98169,23.29782],[88.9755,23.29684],[88.96855,23.30168],[88.96543,23.29918],[88.96588,23.30371],[88.9618,23.30483],[88.96775,23.3124],[88.9615,23.32932],[88.97982,23.34438],[89.00455,23.3444],[89.00837,23.34073],[89.03351,23.35091],[89.03449,23.3544],[89.02684,23.35565],[89.02281,23.36259],[89.01541,23.36353],[89.01246,23.36751],[89.02268,23.37323]]}},{"type":"Feature","properties":{"level":2},"geometry":{"type":"LineString","coordinates":[[89.03172,23.37419],[89.03495,23.37098],[89.04228,23.37156]]}},{"type":"Feature","properties":{"level":2},"geometry":{"type":"LineString","coordinates":[[89.02268,23.37323],[89.03172,23.37419]]}},{"type":"Feature","properties":{"level":2},"geometry":{"type":"LineString","coordinates":[[90.09268,23.37855],[90.08878,23.36896],[90.09136,23.36496],[90.08652,23.35513],[90.0875,23.3506],[90.09371,23.3507],[90.09396,23.3452],[90.09985,23.34395],[90.10344,23.33416],[90.09268,23.32843],[90.09347,23.31239],[90.08061,23.30803],[90.07875,23.30313]]}},{"type":"Feature","properties":{"level":1},"geometry":{"type":"LineString","coordinates":[[90.58162,23.33643],[90.57476,23.33763],[90.57122,23.35118],[90.55247,23.36359],[90.53875,23.37971]]}},{"type":"Feature","properties":{"level":3},"geometry":{"type":"LineString","coordinates":[[89.61069,23.38329],[89.62313,23.37071],[89.62904,23.36769],[89.63213,23.37042],[89.63401,23.36385],[89.64201,23.36405],[89.6429,23.35809],[89.64709,23.35772],[89.64508,23.35654],[89.65364,23.35726],[89.6592,23.35199],[89.6718,23.354],[89.67496,23.3413],[89.68721,23.34237],[89.68729,23.33274],[89.71418,23.31231],[89.71078,23.30898],[89.6986,23.30981],[89.69647,23.30075],[89.71263,23.29118],[89.7214,23.29977],[89.73159,23.29356]]}},{"type":"Feature","properties":{"level":1},"geometry":{"type":"LineString","coordinates":[[89.62053,23.30801],[89.60478,23.3346],[89.6121,23.34416],[89.60809,23.34541],[89.60379,23.35544],[89.60615,23.37107],[89.59854,23.38022],[89.61069,23.38329]]}},{"type":"Feature","properties":{"level":0},"geometry":{"type":"LineString","coordinates":[[91.82735,23.38536],[91.82682,23.36763],[91.82091,23.35915],[91.83101,23.35938]]}},{"type":"Feature","properties":{"level":2},"geometry":{"type":"LineString","coordinates":[[90.53875,23.37971],[90.51139,23.39574]]}},{"type":"Feature","properties":{"level":3},"geometry":{"type":"LineString","coordinates":[[90.39492,23.21998],[90.40467,23.22332],[90.41592,23.22174],[90.41668,23.21787],[90.42522,23.2151],[90.43438,23.22177],[90.44927,23.22111],[90.44975,23.23109],[90.45778,23.2348],[90.46164,23.24066],[90.47758,23.24699],[90.47842,23.2513],[90.48907,23.24936],[90.48422,23.25128],[90.48615,23.25722],[90.48325,23.26188],[90.48269,23.28503],[90.49066,23.28904],[90.4992,23.28828],[90.50077,23.28444],[90.50375,23.31773],[90.50017,23.3204],[90.5051,23.32909],[90.50477,23.33787],[90.51028,23.33841],[90.51067,23.34146],[90.48958,23.33877],[90.49017,23.34255],[90.48609,23.345],[90.48703,23.36669],[90.49107,23.36885],[90.49746,23.38615],[90.51122,23.39586]]}},{"type":"Feature","properties":{"level":2},"geometry":{"type":"LineString","coordinates":[[90.51139,23.39574],[90.51122,23.39586]]}},{"type":"Feature","properties":{"level":0},"geometry":{"type":"LineString","coordinates":[[91.77501,23.02796],[91.77956,23.03023],[91.77845,23.03703],[91.78155,23.03511],[91.78346,23.03862],[91.77692,23.05599],[91.77905,23.05858],[91.77312,23.06756],[91.78227,23.07184],[91.78845,23.0679],[91.78989,23.07139],[91.79534,23.06859],[91.7945,23.06299],[91.79876,23.06547],[91.80567,23.06382],[91.80565,23.06728],[91.81143,23.06712],[91.81237,23.07347],[91.81682,23.07353],[91.81455,23.0807],[91.81822,23.08373],[91.8198,23.08076],[91.82333,23.08375],[91.82242,23.08695],[91.83376,23.09408],[91.82421,23.09873],[91.81205,23.09767],[91.81688,23.10604],[91.81508,23.11731],[91.80993,23.12146],[91.81314,23.13319],[91.80682,23.13484],[91.81264,23.14518],[91.80537,23.15747],[91.8087,23.16451],[91.80435,23.16782],[91.80531,23.17327],[91.80243,23.17694],[91.80459,23.17973],[91.79376,23.18674],[91.79723,23.19441],[91.78734,23.20494],[91.78693,23.20786],[91.7904,23.20922],[91.78625,23.21626],[91.78992,23.21929],[91.78265,23.23305],[91.78284,23.23984],[91.78097,23.24282],[91.77827,23.23967],[91.77495,23.24275],[91.77847,23.25201],[91.77773,23.25509],[91.77395,23.25532],[91.77561,23.26769],[91.76428,23.27301],[91.75964,23.28228],[91.75917,23.2877],[91.76485,23.29394],[91.76546,23.29932],[91.76134,23.30297],[91.74583,23.30338],[91.7431,23.3072],[91.78749,23.33916],[91.7843,23.35201],[91.79749,23.36363],[91.78947,23.39759],[91.79932,23.39663],[91.81237,23.38536],[91.81554,23.39809],[91.82401,23.40162],[91.82735,23.38536]]}},{"type":"Feature","properties":{"level":2},"geometry":{"type":"LineString","coordinates":[[90.51122,23.39586],[90.49785,23.40325]]}},{"type":"Feature","properties":{"level":3},"geometry":{"type":"LineString","coordinates":[[90.31348,23.30171],[90.31589,23.30632],[90.32332,23.30703],[90.32598,23.31607],[90.34259,23.3212],[90.3482,23.31888],[90.35852,23.32095],[90.36256,23.31231],[90.37654,23.31115],[90.3864,23.31622],[90.39189,23.3304],[90.40685,23.3258],[90.40764,23.3277],[90.41418,23.32221],[90.43839,23.35121],[90.40879,23.36114],[90.41847,23.38403],[90.41288,23.39071],[90.42232,23.39755],[90.42273,23.40325],[90.42926,23.40359],[90.43011,23.4087]]}},{"type":"Feature","properties":{"level":2},"geometry":{"type":"LineString","coordinates":[[90.43011,23.4087],[90.42185,23.40636],[90.41736,23.40898]]}},{"type":"Feature","properties":{"level":3},"geometry":{"type":"LineString","coordinates":[[91.11171,23.41175],[91.11882,23.39884],[91.12247,23.36883],[91.1322,23.35272]]}},{"type":"Feature","properties":{"level":3},"geometry":{"type":"LineString","coordinates":[[89.02268,23.37323],[89.02138,23.37762],[89.01083,23.38349],[89.00844,23.4071],[89.00265,23.4057],[88.99922,23.40057],[88.99873,23.39038],[88.99144,23.37776],[88.9851,23.38127],[88.99145,23.39907],[88.96462,23.39392],[88.95819,23.40144],[88.94565,23.40039],[88.9426,23.40777],[88.93464,23.41446]]}},{"type":"Feature","properties":{"level":2},"geometry":{"type":"LineString","coordinates":[[90.49785,23.40325],[90.48899,23.39819],[90.4783,23.4009],[90.47674,23.40661],[90.47008,23.40408],[90.46519,23.4059],[90.46578,23.40901],[90.45411,23.41185],[90.44984,23.40869],[90.44398,23.40931],[90.43868,23.41484]]}},{"type":"Feature","properties":{"level":2},"geometry":{"type":"LineString","coordinates":[[90.43868,23.41484],[90.43136,23.4143],[90.43011,23.4087]]}},{"type":"Feature","properties":{"level":3},"geometry":{"type":"LineString","coordinates":[[90.66532,23.32982],[90.67157,23.33508],[90.66863,23.34133],[90.67257,23.35475],[90.67476,23.35044],[90.68995,23.35163],[90.69634,23.34818],[90.70589,23.35202],[90.69504,23.36039],[90.69616,23.3666],[90.7023,23.37177],[90.71479,23.37022],[90.72582,23.36036],[90.72328,23.35537],[90.71624,23.35315],[90.71845,23.35013],[90.7261,23.34994],[90.7374,23.35861],[90.73564,23.36369],[90.72769,23.36562],[90.72723,23.36985],[90.73362,23.3817],[90.74167,23.38198],[90.74556,23.37625],[90.75153,23.37969],[90.75437,23.39485],[90.74569,23.40181],[90.75074,23.41546]]}},{"type":"Feature","properties":{"level":2},"geometry":{"type":"LineString","coordinates":[[88.93464,23.41446],[88.92168,23.4188]]}},{"type":"Feature","properties":{"level":2},"geometry":{"type":"LineString","coordinates":[[88.92168,23.4188],[88.91127,23.41898],[88.9195,23.41701],[88.92026,23.4099],[88.91778,23.40779],[88.9054,23.4081],[88.90105,23.41342],[88.88873,23.40674],[88.8814,23.40955],[88.87562,23.39781],[88.87691,23.39206],[88.86955,23.38767],[88.8718,23.38613],[88.8694,23.38432],[88.86371,23.38474],[88.86302,23.37866],[88.85544,23.37837],[88.85877,23.38503],[88.85661,23.38656],[88.85235,23.37778],[88.84654,23.38398],[88.84083,23.38373],[88.83539,23.39168],[88.82562,23.38129],[88.81529,23.39062],[88.80777,23.38708],[88.80075,23.37654],[88.79473,23.37528],[88.79216,23.38252],[88.78482,23.38317],[88.77446,23.36936],[88.77793,23.37664],[88.77547,23.37925],[88.76325,23.37204]]}},{"type":"Feature","properties":{"level":3},"geometry":{"type":"LineString","coordinates":[[91.11664,23.42494],[91.1114,23.41879],[91.11171,23.41175]]}},{"type":"Feature","properties":{"level":3},"geometry":{"type":"LineString","coordinates":[[90.8116,23.3294],[90.80862,23.33353],[90.80906,23.34342],[90.81699,23.34089],[90.80639,23.3598],[90.80132,23.38115],[90.79839,23.38138],[90.79349,23.39016],[90.7987,23.39112],[90.79965,23.39637],[90.79052,23.42193],[90.79428,23.43388]]}},{"type":"Feature","properties":{"level":2},"geometry":{"type":"LineString","coordinates":[[89.25658,23.43345],[89.26463,23.43361],[89.26554,23.42992],[89.27244,23.4285],[89.25545,23.41523],[89.26159,23.40867],[89.24947,23.40254],[89.2525,23.39575],[89.24621,23.39287],[89.25075,23.38306],[89.24416,23.38024],[89.24443,23.37665],[89.25216,23.37682],[89.25854,23.37053]]}},{"type":"Feature","properties":{"level":3},"geometry":{"type":"LineString","coordinates":[[91.11664,23.42494],[91.12835,23.42513],[91.13039,23.41475],[91.12751,23.41173],[91.13202,23.41145],[91.14568,23.41612],[91.14741,23.42626],[91.14521,23.432],[91.15013,23.43088],[91.15625,23.43627],[91.16473,23.43731],[91.16337,23.42178],[91.15643,23.40617],[91.18522,23.40931],[91.18819,23.41547],[91.19292,23.41203],[91.21261,23.411],[91.21186,23.4015],[91.21567,23.40182],[91.22588,23.38616],[91.23397,23.39053],[91.22959,23.4007],[91.23257,23.40489],[91.23981,23.40611],[91.24142,23.41281],[91.2391,23.41927],[91.22924,23.41782],[91.23355,23.42465],[91.23148,23.42882]]}},{"type":"Feature","properties":{"level":2},"geometry":{"type":"LineString","coordinates":[[90.28729,23.44174],[90.27844,23.42999],[90.27855,23.42461],[90.25423,23.42557],[90.24945,23.42374],[90.24695,23.41579],[90.22988,23.40986],[90.23092,23.39858],[90.23563,23.39451],[90.24853,23.3938],[90.2634,23.38777],[90.27095,23.37962],[90.25259,23.37771],[90.24309,23.37068],[90.23985,23.36198],[90.24275,23.35786],[90.25057,23.35693],[90.25161,23.3512],[90.25558,23.352],[90.25284,23.34507],[90.23552,23.33606],[90.23899,23.33158],[90.24599,23.33054],[90.25037,23.32115],[90.24855,23.30781],[90.24421,23.30432],[90.24481,23.29465],[90.23423,23.27069]]}},{"type":"Feature","properties":{"level":2},"geometry":{"type":"LineString","coordinates":[[89.28764,23.44354],[89.28343,23.43863],[89.278,23.43933],[89.27296,23.43498],[89.26346,23.44089],[89.257,23.44063],[89.25658,23.43345]]}},{"type":"Feature","properties":{"level":3},"geometry":{"type":"LineString","coordinates":[[89.49106,23.31626],[89.48718,23.32324],[89.48208,23.32134],[89.47716,23.32374],[89.46266,23.31048],[89.44954,23.31316],[89.44883,23.3238],[89.45026,23.32792],[89.45302,23.32777],[89.45181,23.33688],[89.44749,23.3355],[89.44777,23.33829],[89.44644,23.33386],[89.44192,23.33524],[89.42665,23.34886],[89.42012,23.35092],[89.42456,23.36248],[89.41654,23.36043],[89.40427,23.36541],[89.39639,23.37564],[89.40047,23.37996],[89.39985,23.39324],[89.3932,23.39444],[89.39259,23.38695],[89.38875,23.38246],[89.37825,23.38345],[89.37228,23.37663],[89.36459,23.38177],[89.36662,23.39238],[89.35613,23.39883],[89.35371,23.40962],[89.32828,23.41607],[89.32441,23.43223],[89.31617,23.43124],[89.30328,23.4405],[89.29344,23.4345],[89.29545,23.43923],[89.2921,23.4439]]}},{"type":"Feature","properties":{"level":3},"geometry":{"type":"LineString","coordinates":[[89.2921,23.4439],[89.28764,23.44354]]}},{"type":"Feature","properties":{"level":3},"geometry":{"type":"LineString","coordinates":[[89.04228,23.37156],[89.0536,23.38368],[89.05082,23.39529],[89.05897,23.39597],[89.06061,23.40557],[89.06757,23.4047],[89.0648,23.41139],[89.0696,23.41625],[89.07178,23.41338],[89.08321,23.418],[89.0732,23.4256],[89.07162,23.43326],[89.08199,23.43082],[89.09135,23.44535]]}},{"type":"Feature","properties":{"level":2},"geometry":{"type":"LineString","coordinates":[[90.41736,23.40898],[90.39706,23.41334],[90.38824,23.4101],[90.37681,23.41613],[90.37436,23.42291],[90.36559,23.42877],[90.3581,23.42942],[90.35591,23.43326],[90.33681,23.43183],[90.32974,23.43762],[90.32472,23.43691],[90.32829,23.43237],[90.32421,23.43319],[90.30935,23.44199],[90.30781,23.44589]]}},{"type":"Feature","properties":{"level":2},"geometry":{"type":"LineString","coordinates":[[90.30781,23.44589],[90.29086,23.43873],[90.28729,23.44174]]}},{"type":"Feature","properties":{"level":2},"geometry":{"type":"LineString","coordinates":[[90.75074,23.41546],[90.75528,23.41433],[90.75639,23.41942],[90.76228,23.42261],[90.75935,23.42785],[90.76418,23.42757],[90.76874,23.43495],[90.77074,23.44771],[90.77382,23.44399],[90.77737,23.44491],[90.77605,23.44172],[90.78242,23.44219],[90.78226,23.43833],[90.79134,23.43751],[90.78577,23.43379],[90.79428,23.43388]]}},{"type":"Feature","properties":{"level":0},"geometry":{"type":"LineString","coordinates":[[91.25391,23.44901],[91.25679,23.44089],[91.26984,23.42978],[91.26376,23.42322],[91.27598,23.41409],[91.2799,23.37695],[91.29303,23.3773],[91.29359,23.37124],[91.28459,23.37027],[91.28633,23.36287],[91.29403,23.36129],[91.29178,23.35252]]}},{"type":"Feature","properties":{"level":3},"geometry":{"type":"LineString","coordinates":[[91.25379,23.44928],[91.25085,23.44863],[91.25431,23.44176],[91.25288,23.43699],[91.24803,23.4392],[91.24783,23.43437],[91.24437,23.43637],[91.23841,23.42897],[91.23482,23.43126],[91.23148,23.42882]]}},{"type":"Feature","properties":{"level":0},"geometry":{"type":"LineString","coordinates":[[91.25379,23.44928],[91.25391,23.44901]]}},{"type":"Feature","properties":{"level":3},"geometry":{"type":"LineString","coordinates":[[90.95558,23.34844],[90.95519,23.35323],[90.95825,23.35504],[90.97328,23.35601],[90.97766,23.35334],[90.97331,23.3773],[90.9686,23.3808],[90.9641,23.37898],[90.96518,23.3826],[90.962,23.38615],[90.9662,23.39357],[90.95873,23.39558],[90.97106,23.39596],[90.96651,23.40146],[90.96645,23.4093],[90.9807,23.41211],[90.98701,23.4061],[91.00628,23.41109],[91.00321,23.43682],[91.01218,23.43816],[91.01927,23.43291],[91.02677,23.43887],[91.02769,23.44379],[91.03904,23.44458],[91.04138,23.43865],[91.04623,23.43711],[91.04845,23.44195],[91.04221,23.44757],[91.04105,23.45339],[91.06137,23.45439],[91.06131,23.45741]]}},{"type":"Feature","properties":{"level":3},"geometry":{"type":"LineString","coordinates":[[91.11171,23.41175],[91.10551,23.41367],[91.10444,23.41019],[91.09929,23.41016],[91.09569,23.41943],[91.10221,23.42746],[91.09293,23.42495],[91.08254,23.42845],[91.07995,23.44441],[91.07442,23.44552],[91.07518,23.45063],[91.07123,23.45429],[91.06131,23.45741]]}},{"type":"Feature","properties":{"level":1},"geometry":{"type":"LineString","coordinates":[[89.61069,23.38329],[89.61283,23.38338],[89.60296,23.41707],[89.60077,23.4416],[89.60715,23.46092]]}},{"type":"Feature","properties":{"level":3},"geometry":{"type":"LineString","coordinates":[[91.06131,23.45741],[91.05938,23.4624]]}},{"type":"Feature","properties":{"level":3},"geometry":{"type":"LineString","coordinates":[[89.94908,23.35267],[89.92593,23.35163],[89.92375,23.34895],[89.91327,23.38291],[89.91441,23.38739],[89.92165,23.3928],[89.9233,23.40029],[89.93702,23.39359],[89.93874,23.38398],[89.94849,23.38597],[89.94497,23.40606],[89.93161,23.41379],[89.92761,23.42542],[89.93613,23.4349],[89.94226,23.43611],[89.95164,23.43122],[89.95696,23.43869],[89.93551,23.46289]]}},{"type":"Feature","properties":{"level":3},"geometry":{"type":"LineString","coordinates":[[92.01488,23.28115],[91.99533,23.38446],[91.98093,23.43995],[91.96966,23.46444]]}},{"type":"Feature","properties":{"level":3},"geometry":{"type":"LineString","coordinates":[[89.25658,23.43345],[89.25423,23.43023],[89.24268,23.43243],[89.24053,23.4443],[89.23192,23.44402],[89.23047,23.44687],[89.21356,23.43674],[89.20768,23.43864],[89.20385,23.43313],[89.19621,23.43652],[89.17858,23.43341],[89.15366,23.4441],[89.13726,23.44349],[89.13574,23.44692],[89.13539,23.44367],[89.13575,23.44887],[89.12631,23.46638]]}},{"type":"Feature","properties":{"level":3},"geometry":{"type":"LineString","coordinates":[[89.12631,23.46638],[89.11949,23.46774],[89.12069,23.4635],[89.11532,23.46407],[89.11524,23.45855],[89.11136,23.45549],[89.11419,23.44945],[89.10996,23.44419],[89.10524,23.44382],[89.10617,23.44176],[89.09687,23.44105],[89.09511,23.44513],[89.09135,23.44535]]}},{"type":"Feature","properties":{"level":0},"geometry":{"type":"LineString","coordinates":[[91.83101,23.35938],[91.83937,23.36351],[91.84231,23.39059],[91.84983,23.40099],[91.877,23.41767],[91.91962,23.45217],[91.9282,23.45348],[91.9398,23.44998],[91.95091,23.46549],[91.96268,23.46324],[91.9666,23.46889]]}},{"type":"Feature","properties":{"level":3},"geometry":{"type":"LineString","coordinates":[[91.96966,23.46444],[91.9666,23.46889]]}},{"type":"Feature","properties":{"level":2},"geometry":{"type":"LineString","coordinates":[[90.84824,23.47062],[90.85204,23.46565],[90.85113,23.45926],[90.85753,23.45927],[90.86376,23.45273],[90.87708,23.45406],[90.88238,23.44497],[90.89114,23.40879],[90.89899,23.40793],[90.89781,23.39606],[90.90848,23.39551],[90.91137,23.3875],[90.91871,23.38755],[90.92989,23.37707],[90.93324,23.36573],[90.92933,23.36286],[90.93309,23.35533],[90.93289,23.34711],[90.94419,23.34633],[90.94497,23.34311],[90.94887,23.34272],[90.95223,23.34832],[90.95558,23.34844]]}},{"type":"Feature","properties":{"level":2},"geometry":{"type":"LineString","coordinates":[[90.84714,23.47161],[90.84824,23.47062]]}},{"type":"Feature","properties":{"level":2},"geometry":{"type":"LineString","coordinates":[[90.79428,23.43388],[90.79971,23.44704],[90.80364,23.44796],[90.80879,23.44334],[90.8116,23.44742],[90.81685,23.44724],[90.81726,23.4632],[90.83207,23.46353],[90.83228,23.47061],[90.84714,23.47161]]}},{"type":"Feature","properties":{"level":3},"geometry":{"type":"LineString","coordinates":[[89.99254,23.47363],[89.99795,23.46852],[90.00558,23.46938],[90.00394,23.45843],[90.01843,23.44595],[90.0275,23.44511],[90.04224,23.45966],[90.04743,23.45854],[90.04999,23.45193],[90.04833,23.44823],[90.04323,23.44805],[90.04632,23.44344],[90.05704,23.44719],[90.06591,23.44121],[90.07462,23.44161],[90.07764,23.43607],[90.07548,23.42979],[90.08092,23.42182],[90.08027,23.40798],[90.07552,23.40206],[90.05609,23.39127],[90.06008,23.38542],[90.09268,23.37855]]}},{"type":"Feature","properties":{"level":3},"geometry":{"type":"LineString","coordinates":[[89.73177,23.47383],[89.7346,23.46359],[89.73123,23.461],[89.73533,23.45921],[89.73335,23.45706],[89.73639,23.45565],[89.73697,23.44564],[89.73031,23.44209],[89.73879,23.44048],[89.74098,23.43379],[89.72667,23.42327],[89.7352,23.41683],[89.7329,23.41085],[89.74265,23.40716],[89.74258,23.4032],[89.7506,23.39771],[89.75119,23.39359],[89.75932,23.39222],[89.7594,23.38593],[89.76318,23.38302],[89.75899,23.37797],[89.76905,23.37194],[89.78054,23.37219],[89.77385,23.36338],[89.78271,23.3524],[89.78091,23.34628],[89.7872,23.34405],[89.78944,23.33743],[89.79373,23.31679],[89.78874,23.31316]]}},{"type":"Feature","properties":{"level":3},"geometry":{"type":"LineString","coordinates":[[89.50614,23.47523],[89.50716,23.46904],[89.50388,23.46787],[89.50372,23.46308],[89.50132,23.46466],[89.50107,23.45943],[89.49614,23.45737],[89.4895,23.44456],[89.49842,23.44339],[89.49896,23.44029],[89.48798,23.43933],[89.49252,23.43035],[89.49079,23.41982],[89.50308,23.41667],[89.49978,23.40642],[89.50444,23.40158],[89.50488,23.39143],[89.51444,23.39194],[89.52418,23.37832],[89.51419,23.36269],[89.51846,23.35005],[89.51724,23.33794],[89.51446,23.33564],[89.50351,23.34251],[89.50062,23.34151],[89.4964,23.33308],[89.49993,23.32239],[89.49106,23.31626]]}},{"type":"Feature","properties":{"level":3},"geometry":{"type":"LineString","coordinates":[[89.93551,23.46289],[89.94713,23.46882],[89.96285,23.4658],[89.96459,23.46975],[89.97514,23.47014],[89.98425,23.47423],[89.98402,23.47658],[89.99254,23.47363]]}},{"type":"Feature","properties":{"level":2},"geometry":{"type":"LineString","coordinates":[[90.22134,23.47948],[90.2684,23.4563],[90.28729,23.44174]]}},{"type":"Feature","properties":{"level":3},"geometry":{"type":"LineString","coordinates":[[91.23148,23.42882],[91.22591,23.41967],[91.22194,23.42097],[91.22135,23.42971],[91.21553,23.4306],[91.21176,23.43741],[91.21275,23.44834],[91.20793,23.44474],[91.20298,23.44589],[91.20574,23.44934],[91.20262,23.45053],[91.20382,23.45884],[91.21089,23.46252],[91.21024,23.47241],[91.19844,23.47204],[91.19604,23.46783],[91.18848,23.46652],[91.18316,23.47451],[91.18573,23.4799],[91.18265,23.48066]]}},{"type":"Feature","properties":{"level":3},"geometry":{"type":"LineString","coordinates":[[91.05938,23.4624],[91.05061,23.47077],[91.03233,23.47166],[91.03063,23.48243]]}},{"type":"Feature","properties":{"level":3},"geometry":{"type":"LineString","coordinates":[[91.18265,23.48066],[91.17252,23.486],[91.17135,23.48112],[91.16669,23.48113],[91.16688,23.46989],[91.16419,23.46787],[91.1673,23.4665],[91.16963,23.44915],[91.15865,23.445],[91.15787,23.44821],[91.14056,23.44825],[91.13962,23.44464],[91.13211,23.44381],[91.13431,23.4382],[91.11669,23.43803],[91.11664,23.42494]]}},{"type":"Feature","properties":{"level":2},"geometry":{"type":"LineString","coordinates":[[90.19022,23.49353],[90.21959,23.47553],[90.22134,23.47948]]}},{"type":"Feature","properties":{"level":2},"geometry":{"type":"LineString","coordinates":[[90.6863,23.49542],[90.70012,23.46531],[90.70976,23.45317],[90.71138,23.43258],[90.72936,23.425],[90.73496,23.4141],[90.73788,23.41543],[90.73356,23.42146],[90.73422,23.42658],[90.74813,23.42224],[90.75074,23.41546]]}},{"type":"Feature","properties":{"level":1},"geometry":{"type":"LineString","coordinates":[[90.53875,23.37971],[90.53854,23.39046],[90.54287,23.40132],[90.5698,23.43632],[90.57763,23.45285],[90.57771,23.47089],[90.58174,23.47211],[90.5842,23.48372],[90.57758,23.48576],[90.57759,23.49572]]}},{"type":"Feature","properties":{"level":1},"geometry":{"type":"LineString","coordinates":[[89.60715,23.46092],[89.60506,23.47417],[89.5759,23.49605]]}},{"type":"Feature","properties":{"level":0},"geometry":{"type":"LineString","coordinates":[[88.76325,23.37204],[88.7593,23.37512],[88.76206,23.38743],[88.75973,23.38495],[88.75306,23.38944],[88.75432,23.39489],[88.74954,23.39842],[88.75176,23.40296],[88.76145,23.40854],[88.75461,23.41613],[88.75821,23.42567],[88.76147,23.42612],[88.76346,23.44637],[88.77291,23.44901],[88.77387,23.4441],[88.78223,23.44137],[88.77871,23.43765],[88.78516,23.43916],[88.78535,23.44472],[88.79057,23.44155],[88.79112,23.44418],[88.79553,23.44333],[88.79372,23.4474],[88.78919,23.44804],[88.79198,23.46339],[88.78747,23.46988],[88.79349,23.47992],[88.80017,23.48226],[88.80137,23.48668],[88.79582,23.48627],[88.80038,23.49713]]}},{"type":"Feature","properties":{"level":3},"geometry":{"type":"LineString","coordinates":[[88.80951,23.48902],[88.8047,23.48713],[88.80038,23.49713]]}},{"type":"Feature","properties":{"level":1},"geometry":{"type":"LineString","coordinates":[[90.65912,23.49739],[90.67544,23.49345],[90.6863,23.49542]]}},{"type":"Feature","properties":{"level":2},"geometry":{"type":"LineString","coordinates":[[90.18088,23.49927],[90.17283,23.49327],[90.16665,23.49468],[90.16296,23.47864],[90.15758,23.47049],[90.15051,23.47258],[90.14237,23.48026],[90.13254,23.46835],[90.11141,23.46239],[90.10642,23.44708],[90.11112,23.43783],[90.09281,23.41911],[90.11187,23.41693],[90.09804,23.40537],[90.09729,23.38862],[90.10243,23.38545],[90.09268,23.37855]]}},{"type":"Feature","properties":{"level":2},"geometry":{"type":"LineString","coordinates":[[90.18088,23.49927],[90.19022,23.49353]]}},{"type":"Feature","properties":{"level":3},"geometry":{"type":"LineString","coordinates":[[89.70103,23.49948],[89.69414,23.49173],[89.70254,23.4887],[89.71269,23.49059],[89.7104,23.47383],[89.7257,23.47154],[89.73177,23.47383]]}},{"type":"Feature","properties":{"level":2},"geometry":{"type":"LineString","coordinates":[[88.94361,23.49975],[88.94535,23.47908],[88.93619,23.4689],[88.93689,23.46048],[88.9297,23.4598],[88.93119,23.44731],[88.92045,23.44219],[88.91869,23.43827],[88.93416,23.4436],[88.94515,23.43993],[88.94571,23.43068],[88.9347,23.43013],[88.93464,23.41446]]}},{"type":"Feature","properties":{"level":3},"geometry":{"type":"LineString","coordinates":[[89.88448,23.33495],[89.87345,23.35305],[89.85221,23.36173],[89.84335,23.35711],[89.8381,23.36077],[89.83729,23.36638],[89.8407,23.37072],[89.84573,23.3704],[89.84658,23.37961],[89.85371,23.39131],[89.85129,23.39946],[89.84687,23.40111],[89.85834,23.39515],[89.86365,23.40462],[89.863,23.41485],[89.85086,23.41616],[89.84647,23.43097],[89.8515,23.44475],[89.84711,23.44741],[89.85133,23.46092],[89.84582,23.45954],[89.82814,23.46469],[89.84975,23.4873],[89.8512,23.4955],[89.84597,23.5039]]}},{"type":"Feature","properties":{"level":1},"geometry":{"type":"LineString","coordinates":[[90.57759,23.49572],[90.5945,23.49187],[90.60581,23.49551],[90.61165,23.49024],[90.61861,23.49014],[90.64145,23.50436],[90.65912,23.49739]]}},{"type":"Feature","properties":{"level":3},"geometry":{"type":"LineString","coordinates":[[89.84597,23.5039],[89.84297,23.49834],[89.83984,23.50158],[89.83895,23.49751],[89.83184,23.49789],[89.82787,23.49391],[89.82191,23.49917],[89.8167,23.49876],[89.81299,23.50525]]}},{"type":"Feature","properties":{"level":3},"geometry":{"type":"LineString","coordinates":[[89.81299,23.50525],[89.80424,23.50381],[89.80211,23.4971],[89.79655,23.49508],[89.79928,23.4914],[89.79477,23.4875],[89.788,23.48874],[89.7904,23.48557],[89.78633,23.483],[89.78564,23.48709],[89.77076,23.48935],[89.77097,23.49829],[89.75867,23.50322],[89.74271,23.48447],[89.73837,23.48995],[89.73167,23.4869],[89.7348,23.4845],[89.73177,23.47383]]}},{"type":"Feature","properties":{"level":3},"geometry":{"type":"LineString","coordinates":[[89.68056,23.50652],[89.68794,23.50136],[89.69428,23.50165],[89.69468,23.49857],[89.70015,23.50247],[89.70103,23.49948]]}},{"type":"Feature","properties":{"level":3},"geometry":{"type":"LineString","coordinates":[[89.60715,23.46092],[89.62092,23.4618],[89.62261,23.47232],[89.61808,23.48031],[89.62499,23.49419],[89.63702,23.49079],[89.63672,23.48758],[89.6402,23.48628],[89.64331,23.49513],[89.64747,23.49636],[89.65041,23.49429],[89.64894,23.49235],[89.65712,23.49372],[89.67144,23.48526],[89.67714,23.48784],[89.67191,23.49599],[89.67297,23.50523],[89.68056,23.50652]]}},{"type":"Feature","properties":{"level":3},"geometry":{"type":"LineString","coordinates":[[90.88172,23.50693],[90.89092,23.50613]]}},{"type":"Feature","properties":{"level":3},"geometry":{"type":"LineString","coordinates":[[90.84824,23.47062],[90.85162,23.47238],[90.8524,23.49845],[90.86204,23.49885],[90.86238,23.5028],[90.86669,23.50277],[90.86935,23.50869],[90.87655,23.50864],[90.88044,23.50382],[90.88172,23.50693]]}},{"type":"Feature","properties":{"level":3},"geometry":{"type":"LineString","coordinates":[[90.93269,23.50917],[90.93511,23.50331],[90.93803,23.50821],[90.94609,23.50297],[90.94985,23.50912],[90.95396,23.50998],[90.95178,23.50071],[90.965,23.49965],[90.96723,23.49524],[90.97296,23.49394],[90.97809,23.49468],[90.97873,23.49747],[90.99103,23.49527],[90.99724,23.48926],[91.00472,23.48965],[91.00438,23.49345],[91.00718,23.49397],[91.01253,23.48886],[91.03063,23.48243]]}},{"type":"Feature","properties":{"level":3},"geometry":{"type":"LineString","coordinates":[[90.89092,23.50613],[90.91338,23.50559],[90.91667,23.5104],[90.93269,23.50917]]}},{"type":"Feature","properties":{"level":1},"geometry":{"type":"LineString","coordinates":[[89.5759,23.49605],[89.53057,23.51276],[89.5195,23.51292],[89.51451,23.50803],[89.51281,23.49579],[89.50838,23.49671],[89.5076,23.49388],[89.5143,23.48041],[89.50614,23.47523]]}},{"type":"Feature","properties":{"level":3},"geometry":{"type":"LineString","coordinates":[[88.94361,23.49975],[88.94062,23.49886],[88.93467,23.51241],[88.93183,23.51161],[88.93491,23.49642],[88.92817,23.49359],[88.92081,23.50002],[88.91403,23.50117],[88.90974,23.51584],[88.90686,23.50583],[88.90283,23.50691],[88.88892,23.49951],[88.84698,23.50437],[88.84142,23.51555],[88.82071,23.506],[88.82865,23.49553],[88.82541,23.48691],[88.81942,23.48633],[88.8161,23.49325],[88.80951,23.48902]]}},{"type":"Feature","properties":{"level":0},"geometry":{"type":"LineString","coordinates":[[91.20069,23.52028],[91.2076,23.51249],[91.22315,23.51482],[91.21787,23.49966],[91.22387,23.49742],[91.2355,23.50221],[91.2365,23.48965],[91.24917,23.48971],[91.2523,23.48004],[91.25151,23.45296],[91.25379,23.44928]]}},{"type":"Feature","properties":{"level":3},"geometry":{"type":"LineString","coordinates":[[91.18073,23.52652],[91.18752,23.52248],[91.19759,23.52371],[91.20069,23.52028]]}},{"type":"Feature","properties":{"level":3},"geometry":{"type":"LineString","coordinates":[[91.05938,23.4624],[91.06136,23.46474],[91.06399,23.46263],[91.06444,23.46604],[91.06875,23.46457],[91.06937,23.46943],[91.07802,23.47234],[91.07784,23.47694],[91.09299,23.47433],[91.09497,23.46919],[91.10121,23.46679],[91.10785,23.46773],[91.11189,23.46089],[91.11347,23.46584],[91.10832,23.48566],[91.11732,23.48476],[91.11895,23.49175],[91.12767,23.4908],[91.12558,23.48267],[91.14951,23.48656],[91.15344,23.49365],[91.15401,23.50983],[91.15987,23.51232],[91.15943,23.5242],[91.1754,23.52296],[91.17551,23.52647],[91.18073,23.52652]]}},{"type":"Feature","properties":{"level":2},"geometry":{"type":"LineString","coordinates":[[90.16511,23.5267],[90.15888,23.5218],[90.18088,23.49927]]}},{"type":"Feature","properties":{"level":3},"geometry":{"type":"LineString","coordinates":[[90.22134,23.47948],[90.2295,23.49159],[90.24153,23.49991],[90.25918,23.49556],[90.27635,23.49812],[90.28337,23.49227],[90.29297,23.49943],[90.29687,23.4957],[90.31046,23.49889],[90.31103,23.49431],[90.31477,23.49335],[90.31938,23.49541],[90.31901,23.49891],[90.32837,23.50193],[90.33455,23.49396],[90.34561,23.49425],[90.34667,23.49828],[90.34208,23.50161],[90.34507,23.50714],[90.34977,23.50846],[90.34923,23.5201],[90.35522,23.52695],[90.36402,23.52488]]}},{"type":"Feature","properties":{"level":3},"geometry":{"type":"LineString","coordinates":[[89.09135,23.44535],[89.06872,23.46406],[89.055,23.4619],[89.04986,23.46435],[89.04623,23.47638],[89.03661,23.48467],[89.02092,23.48511],[89.01134,23.49979],[89.00032,23.50973],[88.99251,23.50696],[88.98563,23.51095],[88.98324,23.50483],[88.9798,23.50385],[88.97687,23.51575],[88.97026,23.51733],[88.97088,23.52724]]}},{"type":"Feature","properties":{"level":1},"geometry":{"type":"LineString","coordinates":[[89.50614,23.47523],[89.49737,23.47636],[89.49177,23.48119],[89.48864,23.50369],[89.49251,23.51596],[89.49796,23.52204],[89.5115,23.52822]]}},{"type":"Feature","properties":{"level":3},"geometry":{"type":"LineString","coordinates":[[90.42303,23.52993],[90.41978,23.52314],[90.41631,23.52254],[90.41686,23.51551],[90.41267,23.51183],[90.41325,23.49861],[90.39447,23.47492],[90.3919,23.4671],[90.39568,23.46687],[90.40258,23.47362],[90.4315,23.46492],[90.43053,23.45788],[90.4245,23.45194],[90.42986,23.44358],[90.41687,23.44451],[90.41161,23.43559],[90.41136,23.42984],[90.41589,23.42817],[90.41651,23.42146],[90.42302,23.4163],[90.41736,23.40898]]}},{"type":"Feature","properties":{"level":3},"geometry":{"type":"LineString","coordinates":[[90.41834,23.53003],[90.42303,23.52993]]}},{"type":"Feature","properties":{"level":3},"geometry":{"type":"LineString","coordinates":[[90.36402,23.52488],[90.36871,23.52558],[90.37231,23.51814],[90.37037,23.51443],[90.36561,23.51787],[90.36068,23.50259],[90.37061,23.50429],[90.38501,23.49959],[90.39066,23.5017],[90.39425,23.52061],[90.39123,23.52492],[90.39277,23.52783],[90.40635,23.53034],[90.40746,23.51962],[90.41014,23.53004],[90.41834,23.53003]]}},{"type":"Feature","properties":{"level":3},"geometry":{"type":"LineString","coordinates":[[90.57759,23.49572],[90.57741,23.50899],[90.5673,23.52559],[90.56478,23.53613]]}},{"type":"Feature","properties":{"level":2},"geometry":{"type":"LineString","coordinates":[[88.96009,23.5363],[88.95925,23.52692],[88.94556,23.51843],[88.94725,23.51279],[88.94361,23.49975]]}},{"type":"Feature","properties":{"level":3},"geometry":{"type":"LineString","coordinates":[[88.97088,23.52724],[88.96771,23.53344],[88.96009,23.5363]]}},{"type":"Feature","properties":{"level":3},"geometry":{"type":"LineString","coordinates":[[89.93086,23.53993],[89.92615,23.53808],[89.92475,23.50737],[89.91848,23.50212],[89.91706,23.49576],[89.92442,23.47729],[89.93551,23.46289]]}},{"type":"Feature","properties":{"level":1},"geometry":{"type":"LineString","coordinates":[[90.6863,23.49542],[90.70432,23.50627],[90.70761,23.51746],[90.69745,23.52798],[90.68528,23.55423]]}},{"type":"Feature","properties":{"level":3},"geometry":{"type":"LineString","coordinates":[[90.86361,23.55366],[90.86949,23.55418],[90.87193,23.54751],[90.8737,23.52872],[90.86809,23.52816],[90.87029,23.52543],[90.86804,23.52371],[90.87592,23.52038],[90.87495,23.5126],[90.88172,23.50693]]}},{"type":"Feature","properties":{"level":3},"geometry":{"type":"LineString","coordinates":[[90.49785,23.40325],[90.49354,23.40323],[90.48625,23.40987],[90.48755,23.42251],[90.48533,23.42636],[90.48808,23.43207],[90.49104,23.42806],[90.48997,23.44314],[90.4977,23.45833],[90.49889,23.46884],[90.50818,23.47179],[90.50681,23.4759],[90.4982,23.47527],[90.4966,23.4785],[90.50143,23.49474],[90.49348,23.49126],[90.48832,23.49276],[90.48844,23.49777],[90.49286,23.4978],[90.4924,23.50167],[90.47814,23.5005],[90.47535,23.50287],[90.48043,23.51881],[90.46806,23.51893],[90.46785,23.53251],[90.47217,23.53588],[90.47671,23.55265],[90.47518,23.55497],[90.47069,23.55255],[90.47223,23.55436]]}},{"type":"Feature","properties":{"level":3},"geometry":{"type":"LineString","coordinates":[[90.43942,23.55526],[90.43806,23.54622],[90.43351,23.54689],[90.43396,23.54362],[90.43028,23.54291],[90.42303,23.52993]]}},{"type":"Feature","properties":{"level":3},"geometry":{"type":"LineString","coordinates":[[89.93086,23.53993],[89.9243,23.55488],[89.9174,23.55851]]}},{"type":"Feature","properties":{"level":3},"geometry":{"type":"LineString","coordinates":[[89.9174,23.55851],[89.90435,23.55818],[89.88407,23.53759],[89.86769,23.52799],[89.86935,23.51655],[89.86329,23.51597],[89.86093,23.5124],[89.84631,23.51204],[89.84597,23.5039]]}},{"type":"Feature","properties":{"level":2},"geometry":{"type":"LineString","coordinates":[[90.46648,23.55924],[90.47223,23.55436]]}},{"type":"Feature","properties":{"level":2},"geometry":{"type":"LineString","coordinates":[[90.43942,23.55526],[90.4456,23.55093],[90.45403,23.55036],[90.46648,23.55924]]}},{"type":"Feature","properties":{"level":3},"geometry":{"type":"LineString","coordinates":[[91.03063,23.48243],[91.03397,23.48196],[91.03434,23.49555],[91.04374,23.49596],[91.03967,23.50374],[91.04284,23.5123],[91.04077,23.51444],[91.04303,23.52907],[91.05005,23.52579],[91.05217,23.54263],[91.04819,23.5471],[91.05229,23.55151],[91.05312,23.56136],[91.06056,23.55661]]}},{"type":"Feature","properties":{"level":2},"geometry":{"type":"LineString","coordinates":[[89.32179,23.56605],[89.32355,23.56462],[89.3196,23.55678],[89.3147,23.55307],[89.31465,23.54424],[89.30616,23.54008],[89.30347,23.52623],[89.30786,23.51757],[89.30375,23.51177],[89.30989,23.50634],[89.30779,23.50224],[89.30172,23.50448],[89.29894,23.49792],[89.30492,23.49504],[89.30713,23.48928],[89.30835,23.46966],[89.30251,23.4661],[89.30385,23.45437],[89.29828,23.45439],[89.3017,23.45163],[89.29804,23.45261],[89.29435,23.44945],[89.29602,23.44709],[89.28764,23.44354]]}},{"type":"Feature","properties":{"level":3},"geometry":{"type":"LineString","coordinates":[[90.10905,23.56842],[90.10595,23.55255],[90.10056,23.55395],[90.09376,23.56344]]}},{"type":"Feature","properties":{"level":2},"geometry":{"type":"LineString","coordinates":[[90.16511,23.5267],[90.15226,23.53373],[90.13041,23.5654],[90.10905,23.56842]]}},{"type":"Feature","properties":{"level":3},"geometry":{"type":"LineString","coordinates":[[90.09376,23.56344],[90.09342,23.56891],[90.07848,23.56322],[90.08656,23.5558],[90.08194,23.55219],[90.01935,23.55627],[90.01378,23.55329],[90.00678,23.5569],[90.00087,23.55291],[90.00032,23.54892],[89.99254,23.55502],[89.98425,23.55577],[89.97908,23.55261],[89.97013,23.55601],[89.95909,23.54551],[89.94823,23.54378],[89.93827,23.53067],[89.93086,23.53993]]}},{"type":"Feature","properties":{"level":3},"geometry":{"type":"LineString","coordinates":[[89.33864,23.56898],[89.33957,23.56295],[89.34461,23.56071],[89.35859,23.55952],[89.3594,23.56383],[89.38196,23.55771],[89.38393,23.56145],[89.38805,23.56125],[89.38877,23.55611],[89.40158,23.55889],[89.41373,23.55396],[89.41727,23.53972],[89.4444,23.53639],[89.45537,23.54188],[89.46401,23.52909],[89.45634,23.52198],[89.45504,23.51591],[89.46299,23.51847],[89.47178,23.53276],[89.48598,23.52563],[89.49585,23.53563],[89.50407,23.53609],[89.50971,23.5333],[89.5115,23.52822]]}},{"type":"Feature","properties":{"level":2},"geometry":{"type":"LineString","coordinates":[[89.33864,23.56898],[89.32179,23.56605]]}},{"type":"Feature","properties":{"level":2},"geometry":{"type":"LineString","coordinates":[[90.52922,23.57155],[90.52851,23.56901],[90.55186,23.55486],[90.56478,23.53613]]}},{"type":"Feature","properties":{"level":2},"geometry":{"type":"LineString","coordinates":[[90.20599,23.572],[90.2068,23.56668],[90.19212,23.55993],[90.18618,23.56266],[90.18149,23.55649],[90.1774,23.55629],[90.18177,23.54462],[90.18106,23.53443],[90.17733,23.52712],[90.17137,23.53039],[90.16511,23.5267]]}},{"type":"Feature","properties":{"level":3},"geometry":{"type":"LineString","coordinates":[[90.52922,23.57155],[90.52988,23.57393]]}},{"type":"Feature","properties":{"level":2},"geometry":{"type":"LineString","coordinates":[[88.98797,23.57396],[88.9739,23.55724],[88.97557,23.54652],[88.95884,23.55306],[88.94764,23.55266],[88.94267,23.54825],[88.94098,23.54366],[88.94331,23.53971],[88.9503,23.54415],[88.96009,23.5363]]}},{"type":"Feature","properties":{"level":3},"geometry":{"type":"LineString","coordinates":[[90.68528,23.55423],[90.69005,23.55801],[90.70078,23.55701],[90.70335,23.57731]]}},{"type":"Feature","properties":{"level":2},"geometry":{"type":"LineString","coordinates":[[90.51614,23.57992],[90.52922,23.57155]]}},{"type":"Feature","properties":{"level":1},"geometry":{"type":"LineString","coordinates":[[89.5115,23.52822],[89.53368,23.52962],[89.53945,23.53582],[89.53534,23.53966],[89.50769,23.54748],[89.50076,23.5627],[89.49784,23.58083]]}},{"type":"Feature","properties":{"level":2},"geometry":{"type":"LineString","coordinates":[[90.47223,23.55436],[90.48044,23.57183],[90.50665,23.57489],[90.50631,23.57935],[90.51503,23.58108]]}},{"type":"Feature","properties":{"level":2},"geometry":{"type":"LineString","coordinates":[[90.51503,23.58108],[90.51614,23.57992]]}},{"type":"Feature","properties":{"level":3},"geometry":{"type":"LineString","coordinates":[[90.74126,23.59048],[90.74634,23.56369],[90.73743,23.55626],[90.74705,23.55223],[90.75735,23.55235],[90.77435,23.54163],[90.80562,23.55084],[90.8302,23.56387],[90.83312,23.5622],[90.83217,23.55833],[90.83631,23.55696],[90.84656,23.56035],[90.85054,23.56616],[90.85899,23.5644],[90.86266,23.55732],[90.85453,23.55429],[90.86361,23.55366]]}},{"type":"Feature","properties":{"level":3},"geometry":{"type":"LineString","coordinates":[[89.70103,23.49948],[89.70785,23.50369],[89.71853,23.50021],[89.72239,23.50757],[89.72754,23.506],[89.73472,23.51752],[89.74417,23.52185],[89.73057,23.53007],[89.72733,23.53879],[89.72183,23.53647],[89.70986,23.54873],[89.69127,23.5499],[89.69226,23.55616],[89.70864,23.57695],[89.7063,23.58452],[89.69851,23.59063]]}},{"type":"Feature","properties":{"level":3},"geometry":{"type":"LineString","coordinates":[[90.70335,23.57731],[90.70554,23.57011],[90.71733,23.57285],[90.72289,23.58312],[90.72592,23.58116],[90.72863,23.58324],[90.73246,23.57855],[90.73196,23.59031],[90.74126,23.59048]]}},{"type":"Feature","properties":{"level":3},"geometry":{"type":"LineString","coordinates":[[89.20549,23.58889],[89.22234,23.59061],[89.21897,23.58916],[89.23181,23.58351],[89.2292,23.57383],[89.24152,23.5708],[89.2595,23.57416],[89.27068,23.58014],[89.26821,23.58816],[89.27664,23.59477],[89.28532,23.59049],[89.28988,23.59158],[89.29219,23.58759],[89.3027,23.58643],[89.30162,23.57881],[89.30724,23.57879],[89.31058,23.57394],[89.31609,23.57442],[89.31453,23.57255],[89.32179,23.56605]]}},{"type":"Feature","properties":{"level":3},"geometry":{"type":"LineString","coordinates":[[89.17829,23.58744],[89.17463,23.57422],[89.17195,23.57426],[89.1701,23.58562],[89.15366,23.5901],[89.14909,23.5784],[89.14342,23.57904],[89.14413,23.57211],[89.14706,23.57035],[89.1328,23.55562],[89.12563,23.55994],[89.12725,23.57329],[89.12179,23.57483],[89.12199,23.55091],[89.11697,23.54887],[89.10915,23.54981],[89.10949,23.55763],[89.10224,23.56405],[89.10715,23.57111],[89.09411,23.57055],[89.09846,23.58295],[89.08736,23.57588],[89.06813,23.59057],[89.05517,23.5873],[89.05119,23.58201],[89.04982,23.57155],[89.03603,23.57621],[89.03544,23.58312],[89.04387,23.59095],[89.04458,23.59564],[89.03872,23.59319],[89.02998,23.58067],[89.02821,23.56642],[89.01313,23.56847],[89.00158,23.5802],[88.98797,23.57396]]}},{"type":"Feature","properties":{"level":3},"geometry":{"type":"LineString","coordinates":[[89.17829,23.58744],[89.18499,23.58887],[89.19176,23.58433],[89.18843,23.59145],[89.1897,23.59858],[89.20549,23.58889]]}},{"type":"Feature","properties":{"level":2},"geometry":{"type":"LineString","coordinates":[[89.66654,23.61012],[89.67287,23.59827],[89.67044,23.58754],[89.68462,23.58565],[89.69851,23.59063]]}},{"type":"Feature","properties":{"level":0},"geometry":{"type":"LineString","coordinates":[[88.80038,23.49713],[88.7943,23.50247],[88.78409,23.49799],[88.78675,23.50728],[88.78329,23.50238],[88.77026,23.4976],[88.76848,23.48864],[88.77483,23.48058],[88.7676,23.48187],[88.76083,23.49042],[88.75682,23.48675],[88.76107,23.47873],[88.74792,23.48274],[88.74109,23.47985],[88.74389,23.48354],[88.73897,23.4908],[88.72931,23.49624],[88.73056,23.50372],[88.72429,23.51231],[88.71371,23.5086],[88.70578,23.51701],[88.69553,23.51733],[88.69634,23.52508],[88.69127,23.52477],[88.69134,23.53102],[88.68443,23.52958],[88.68589,23.53709],[88.68292,23.54187],[88.67464,23.54801],[88.66726,23.54649],[88.65968,23.54921],[88.65949,23.55316],[88.65394,23.55618],[88.6547,23.56356],[88.64811,23.58053],[88.65071,23.58377],[88.64378,23.59164],[88.63871,23.5911],[88.63803,23.59774],[88.64565,23.60874],[88.63802,23.61011]]}},{"type":"Feature","properties":{"level":2},"geometry":{"type":"LineString","coordinates":[[89.49784,23.58083],[89.50628,23.59174],[89.51921,23.58884],[89.51809,23.58398],[89.52271,23.58205],[89.52856,23.5717],[89.53389,23.57376],[89.54015,23.57094],[89.54111,23.56445],[89.54468,23.56173],[89.55237,23.57262],[89.54197,23.57303],[89.54082,23.57965],[89.54788,23.58491],[89.54774,23.59321],[89.56035,23.5931],[89.56317,23.59775],[89.56213,23.6057],[89.57159,23.60628],[89.57587,23.60101],[89.58863,23.59548],[89.59942,23.6001],[89.59338,23.60692],[89.599,23.61005],[89.6054,23.59784],[89.61088,23.59394],[89.62241,23.59065],[89.62268,23.59453],[89.62873,23.5895],[89.63035,23.59273],[89.63973,23.5904],[89.64609,23.5926],[89.65385,23.61076],[89.66654,23.61012]]}},{"type":"Feature","properties":{"level":0},"geometry":{"type":"LineString","coordinates":[[91.15995,23.61377],[91.16345,23.59475],[91.16866,23.59188],[91.17637,23.59377],[91.17485,23.5861],[91.18667,23.57817],[91.19476,23.56342],[91.1942,23.54766],[91.20154,23.55076],[91.20722,23.54628],[91.21254,23.55098],[91.21243,23.54589],[91.20734,23.54346],[91.20069,23.52028]]}},{"type":"Feature","properties":{"level":2},"geometry":{"type":"LineString","coordinates":[[90.43049,23.6138],[90.42937,23.60957],[90.43569,23.60697],[90.44241,23.59539],[90.4416,23.58453],[90.431,23.5701],[90.43942,23.55526]]}},{"type":"Feature","properties":{"level":3},"geometry":{"type":"LineString","coordinates":[[91.15995,23.61377],[91.15691,23.61499]]}},{"type":"Feature","properties":{"level":3},"geometry":{"type":"LineString","coordinates":[[91.15691,23.61499],[91.13386,23.61404],[91.13122,23.60833],[91.12083,23.6071],[91.11701,23.60369],[91.11589,23.59036],[91.1114,23.58149],[91.09141,23.57822],[91.08957,23.572],[91.08376,23.56724],[91.08398,23.55949],[91.08089,23.55609],[91.07798,23.55868],[91.07454,23.55488],[91.07612,23.5612],[91.07368,23.56389],[91.06764,23.55785],[91.06056,23.55661]]}},{"type":"Feature","properties":{"level":1},"geometry":{"type":"LineString","coordinates":[[90.68528,23.55423],[90.68363,23.55955],[90.66781,23.57115],[90.64645,23.57422],[90.64408,23.58113],[90.64692,23.58845],[90.66249,23.5889],[90.66374,23.59369],[90.65102,23.61834],[90.63853,23.61455]]}},{"type":"Feature","properties":{"level":2},"geometry":{"type":"LineString","coordinates":[[90.56478,23.53613],[90.57802,23.54132],[90.57574,23.55031],[90.5816,23.55701],[90.56407,23.58249],[90.56446,23.59314],[90.59194,23.60411],[90.6095,23.60685],[90.62013,23.61265],[90.6252,23.6192]]}},{"type":"Feature","properties":{"level":1},"geometry":{"type":"LineString","coordinates":[[90.63853,23.61455],[90.6252,23.6192]]}},{"type":"Feature","properties":{"level":2},"geometry":{"type":"LineString","coordinates":[[89.00581,23.62238],[89.00578,23.60429],[89.00382,23.59943],[88.98589,23.58404],[88.98393,23.5776],[88.98797,23.57396]]}},{"type":"Feature","properties":{"level":2},"geometry":{"type":"LineString","coordinates":[[90.10905,23.56842],[90.11077,23.57469],[90.0741,23.56605],[90.07008,23.56946],[90.03995,23.57605],[90.05464,23.58635],[90.03847,23.59635],[90.03578,23.60937],[90.04503,23.61324],[90.03915,23.62897],[90.00763,23.6275]]}},{"type":"Feature","properties":{"level":2},"geometry":{"type":"LineString","coordinates":[[90.24637,23.63037],[90.2455,23.62887]]}},{"type":"Feature","properties":{"level":3},"geometry":{"type":"LineString","coordinates":[[90.36402,23.52488],[90.3587,23.52955],[90.36116,23.53661],[90.36697,23.53912],[90.36725,23.54484],[90.36226,23.54715],[90.36354,23.54924],[90.34411,23.54942],[90.33916,23.55684],[90.33851,23.55242],[90.3315,23.56095],[90.32702,23.56325],[90.32456,23.56109],[90.33237,23.56733],[90.3311,23.5739],[90.33475,23.57529],[90.33522,23.58008],[90.3469,23.58108],[90.33782,23.59856],[90.33208,23.59507],[90.33263,23.58936],[90.32276,23.58526],[90.31938,23.58772],[90.31909,23.5966],[90.31357,23.59919],[90.31054,23.60753],[90.30183,23.6125],[90.29806,23.61198],[90.29616,23.60748],[90.29251,23.60835],[90.29285,23.60405],[90.29011,23.60855],[90.28297,23.60792],[90.27975,23.60225],[90.27585,23.6062],[90.27011,23.60431],[90.26659,23.6129],[90.26886,23.61608],[90.25139,23.61086],[90.24637,23.63037]]}},{"type":"Feature","properties":{"level":3},"geometry":{"type":"LineString","coordinates":[[90.86361,23.55366],[90.87245,23.56727],[90.86792,23.56502],[90.86456,23.58494],[90.85819,23.58602],[90.85952,23.59773],[90.85317,23.60077],[90.85678,23.60677],[90.85533,23.61231],[90.85973,23.61222],[90.85911,23.62536],[90.85029,23.63191]]}},{"type":"Feature","properties":{"level":2},"geometry":{"type":"LineString","coordinates":[[90.2455,23.62887],[90.24048,23.63273],[90.2361,23.62067],[90.22583,23.61268],[90.2264,23.59985],[90.20832,23.58953],[90.20599,23.572]]}},{"type":"Feature","properties":{"level":3},"geometry":{"type":"LineString","coordinates":[[90.75898,23.63271],[90.74779,23.63447],[90.73878,23.63094],[90.73434,23.60069],[90.71752,23.58969],[90.71885,23.58746],[90.71418,23.58394],[90.70468,23.58099],[90.70335,23.57731]]}},{"type":"Feature","properties":{"level":2},"geometry":{"type":"LineString","coordinates":[[89.96381,23.63277],[89.97889,23.63573],[89.99229,23.62665],[90.00763,23.6275]]}},{"type":"Feature","properties":{"level":3},"geometry":{"type":"LineString","coordinates":[[90.85029,23.63191],[90.84771,23.62819],[90.84389,23.63317],[90.82885,23.63087],[90.82557,23.62828],[90.82573,23.62101],[90.82095,23.61953],[90.81948,23.62482],[90.81026,23.63369],[90.80467,23.63301],[90.80484,23.62796],[90.80098,23.62673],[90.7975,23.63257],[90.80046,23.63997],[90.79792,23.64034]]}},{"type":"Feature","properties":{"level":3},"geometry":{"type":"LineString","coordinates":[[89.9174,23.55851],[89.92283,23.55978],[89.91771,23.56877],[89.9141,23.56986],[89.91301,23.57933],[89.9066,23.58475],[89.90722,23.59036],[89.90195,23.59222],[89.90025,23.59849],[89.89338,23.60477],[89.89823,23.62125],[89.90355,23.62288],[89.90743,23.62915],[89.91967,23.6258],[89.93382,23.64211]]}},{"type":"Feature","properties":{"level":3},"geometry":{"type":"LineString","coordinates":[[90.79792,23.64034],[90.79432,23.64139],[90.79217,23.63375],[90.78504,23.62785],[90.76541,23.62532],[90.75898,23.63271]]}},{"type":"Feature","properties":{"level":2},"geometry":{"type":"LineString","coordinates":[[89.93382,23.64211],[89.9368,23.64426],[89.96583,23.63639],[89.96381,23.63277]]}},{"type":"Feature","properties":{"level":2},"geometry":{"type":"LineString","coordinates":[[92.07805,23.64791],[92.08808,23.64727],[92.09216,23.64393],[92.11399,23.59916],[92.1305,23.55004],[92.14592,23.45413],[92.13954,23.44169],[92.08172,23.40987],[92.06833,23.4005],[92.06559,23.39501],[92.07724,23.38434],[92.12002,23.36116],[92.13302,23.3488],[92.14446,23.2471],[92.16036,23.20258],[92.16461,23.1783],[92.1985,23.11769]]}},{"type":"Feature","properties":{"level":2},"geometry":{"type":"LineString","coordinates":[[90.43049,23.6138],[90.39122,23.65223],[90.36906,23.65433],[90.35735,23.64284],[90.34807,23.63947],[90.33227,23.64395],[90.31959,23.65386]]}},{"type":"Feature","properties":{"level":1},"geometry":{"type":"LineString","coordinates":[[89.49784,23.58083],[89.48563,23.59364],[89.47253,23.59709],[89.48726,23.61717],[89.48627,23.62485],[89.47298,23.63492],[89.44212,23.63956],[89.43713,23.64656],[89.44277,23.65601]]}},{"type":"Feature","properties":{"level":2},"geometry":{"type":"LineString","coordinates":[[90.00763,23.6275],[90.00599,23.6444],[90.01859,23.65139],[90.02052,23.66466]]}},{"type":"Feature","properties":{"level":3},"geometry":{"type":"LineString","coordinates":[[90.02434,23.66388],[90.02927,23.66603],[90.03258,23.65767],[90.03953,23.6571],[90.04211,23.64994],[90.04619,23.65903],[90.05318,23.65805],[90.05762,23.64848],[90.07388,23.65448],[90.0871,23.64677],[90.09739,23.64916],[90.10315,23.64504],[90.12379,23.64562],[90.12241,23.63634],[90.12678,23.63587],[90.12823,23.64027],[90.13453,23.63964],[90.13416,23.6435],[90.13635,23.64328],[90.13562,23.63529],[90.13861,23.63612],[90.13869,23.63981],[90.14488,23.63539],[90.14721,23.63892],[90.15003,23.63535],[90.14659,23.63584],[90.14568,23.63286],[90.16152,23.62539],[90.15963,23.62935],[90.16367,23.62827],[90.16163,23.62434],[90.16981,23.6179],[90.17052,23.6075],[90.17825,23.60456],[90.18051,23.59993],[90.17726,23.59768],[90.18317,23.58584],[90.18098,23.58136],[90.19777,23.57695],[90.20259,23.56988],[90.20599,23.572]]}},{"type":"Feature","properties":{"level":1},"geometry":{"type":"LineString","coordinates":[[89.44277,23.65601],[89.42998,23.66742]]}},{"type":"Feature","properties":{"level":2},"geometry":{"type":"LineString","coordinates":[[88.63802,23.61011],[88.63646,23.61655],[88.64879,23.62244],[88.64299,23.62654],[88.65002,23.63488],[88.64867,23.63916],[88.64552,23.63777],[88.64584,23.64158],[88.65046,23.64332],[88.65255,23.65106],[88.66727,23.64599],[88.67076,23.64957],[88.68067,23.64716],[88.6863,23.65912],[88.69361,23.65491],[88.69646,23.66529],[88.70212,23.66751]]}},{"type":"Feature","properties":{"level":3},"geometry":{"type":"LineString","coordinates":[[90.02052,23.66466],[90.02315,23.66832],[90.02434,23.66388]]}},{"type":"Feature","properties":{"level":2},"geometry":{"type":"LineString","coordinates":[[89.36593,23.66863],[89.36599,23.66395],[89.37652,23.66293],[89.36622,23.64609],[89.36253,23.64719],[89.35491,23.63931],[89.35755,23.63376],[89.3531,23.61661],[89.34827,23.61454],[89.34635,23.59841],[89.34101,23.58865],[89.34583,23.58677],[89.3451,23.57852],[89.33864,23.56898]]}},{"type":"Feature","properties":{"level":0},"geometry":{"type":"LineString","coordinates":[[91.15631,23.66873],[91.1607,23.65441],[91.15826,23.64],[91.16027,23.63143],[91.1573,23.62322],[91.15995,23.61377]]}},{"type":"Feature","properties":{"level":2},"geometry":{"type":"LineString","coordinates":[[90.4491,23.66919],[90.47122,23.64308],[90.47255,23.63727],[90.4703,23.63398],[90.44594,23.62828],[90.43049,23.6138]]}},{"type":"Feature","properties":{"level":3},"geometry":{"type":"LineString","coordinates":[[90.75898,23.63271],[90.76419,23.63667],[90.76515,23.64859],[90.75648,23.65423],[90.74257,23.65562],[90.73298,23.66986]]}},{"type":"Feature","properties":{"level":2},"geometry":{"type":"LineString","coordinates":[[90.28651,23.67363],[90.27115,23.66032],[90.27001,23.65349],[90.24928,23.65509],[90.24977,23.63778],[90.24637,23.63037]]}},{"type":"Feature","properties":{"level":2},"geometry":{"type":"LineString","coordinates":[[90.31959,23.65386],[90.28969,23.66897],[90.28651,23.67363]]}},{"type":"Feature","properties":{"level":1},"geometry":{"type":"LineString","coordinates":[[89.38031,23.67504],[89.38386,23.67286],[89.37941,23.66899],[89.36593,23.66863]]}},{"type":"Feature","properties":{"level":1},"geometry":{"type":"LineString","coordinates":[[90.68993,23.67619],[90.71302,23.66517],[90.72439,23.66526],[90.73298,23.66986]]}},{"type":"Feature","properties":{"level":2},"geometry":{"type":"LineString","coordinates":[[89.69851,23.59063],[89.71346,23.58938],[89.71411,23.59699],[89.71917,23.59647],[89.72152,23.58739],[89.73459,23.58099],[89.74356,23.58277],[89.74247,23.58957],[89.75325,23.58954],[89.75609,23.59259],[89.75256,23.60419],[89.73048,23.61919],[89.72793,23.63126],[89.73375,23.63712],[89.73436,23.64426],[89.72971,23.66804],[89.72154,23.67454],[89.72722,23.67374],[89.73391,23.67898],[89.73994,23.66782],[89.75703,23.66723],[89.75685,23.6779]]}},{"type":"Feature","properties":{"level":1},"geometry":{"type":"LineString","coordinates":[[90.6252,23.6192],[90.63636,23.63934],[90.64499,23.67632],[90.66352,23.67458],[90.66837,23.6799]]}},{"type":"Feature","properties":{"level":3},"geometry":{"type":"LineString","coordinates":[[88.80951,23.48902],[88.81367,23.50497],[88.80465,23.50883],[88.80332,23.51598],[88.81373,23.52901],[88.81609,23.52654],[88.8198,23.5276],[88.81802,23.5306],[88.82203,23.52975],[88.81861,23.53564],[88.82646,23.54163],[88.81907,23.54323],[88.8135,23.54876],[88.81813,23.56192],[88.81458,23.57323],[88.82187,23.58388],[88.81451,23.59916],[88.80869,23.6003],[88.81782,23.61473],[88.81575,23.61876],[88.81777,23.62562],[88.80156,23.62966],[88.80032,23.62275],[88.79122,23.6317],[88.78362,23.62952],[88.80458,23.66429],[88.80525,23.68187]]}},{"type":"Feature","properties":{"level":1},"geometry":{"type":"LineString","coordinates":[[90.66837,23.6799],[90.67969,23.68288],[90.68993,23.67619]]}},{"type":"Feature","properties":{"level":1},"geometry":{"type":"LineString","coordinates":[[89.42998,23.66742],[89.40864,23.6841],[89.38031,23.67504]]}},{"type":"Feature","properties":{"level":3},"geometry":{"type":"LineString","coordinates":[[89.00581,23.62238],[88.99747,23.62509],[88.98263,23.61508],[88.97826,23.61726],[88.97892,23.62203],[88.95557,23.62418],[88.93854,23.62216],[88.93533,23.62701],[88.92889,23.62056],[88.9125,23.63782],[88.9142,23.65008],[88.90876,23.65726],[88.90769,23.66492],[88.90202,23.66915],[88.90255,23.67836],[88.90655,23.68223],[88.9002,23.68694],[88.90159,23.68924],[88.89312,23.69023],[88.88753,23.68565],[88.87988,23.6907],[88.86559,23.68128],[88.85206,23.68041],[88.85323,23.67578],[88.85069,23.67472],[88.84693,23.67809],[88.84394,23.69186],[88.83434,23.69069],[88.83585,23.68396],[88.81765,23.68785],[88.81432,23.68399],[88.80825,23.68554],[88.80917,23.68268],[88.80525,23.68187]]}},{"type":"Feature","properties":{"level":1},"geometry":{"type":"LineString","coordinates":[[90.73298,23.66986],[90.74146,23.69294]]}},{"type":"Feature","properties":{"level":2},"geometry":{"type":"LineString","coordinates":[[90.4491,23.66919],[90.46083,23.67862],[90.45916,23.68197],[90.46695,23.69071],[90.46886,23.68651],[90.47241,23.68708],[90.47881,23.69357]]}},{"type":"Feature","properties":{"level":3},"geometry":{"type":"LineString","coordinates":[[90.52988,23.57393],[90.53264,23.58176],[90.52409,23.5846],[90.51649,23.59676],[90.51945,23.59946],[90.51878,23.60691],[90.53296,23.66551],[90.54663,23.69037],[90.53837,23.69372]]}},{"type":"Feature","properties":{"level":3},"geometry":{"type":"LineString","coordinates":[[90.47881,23.69357],[90.483,23.68887],[90.49018,23.68986],[90.49114,23.6777],[90.48451,23.67484],[90.47711,23.6612],[90.48648,23.65269],[90.4968,23.65276],[90.49682,23.64989],[90.50631,23.64669],[90.50286,23.64238],[90.51089,23.63916],[90.50913,23.63469],[90.49633,23.63029],[90.49717,23.62702],[90.49299,23.63015],[90.49083,23.62685],[90.49022,23.61796],[90.49526,23.6005],[90.49263,23.59931],[90.49721,23.5931],[90.50251,23.59499],[90.50851,23.59184],[90.51503,23.58108]]}},{"type":"Feature","properties":{"level":3},"geometry":{"type":"LineString","coordinates":[[89.11838,23.69433],[89.12351,23.68422],[89.11324,23.67919],[89.10781,23.67126],[89.10888,23.66501],[89.12111,23.66191],[89.12699,23.65322],[89.1355,23.64926],[89.15161,23.64975],[89.1445,23.63169],[89.15423,23.6226],[89.15503,23.61295],[89.16137,23.61442],[89.16102,23.60939],[89.17207,23.60532],[89.16704,23.59797],[89.17229,23.59005],[89.17829,23.58744]]}},{"type":"Feature","properties":{"level":2},"geometry":{"type":"LineString","coordinates":[[88.70212,23.66751],[88.70967,23.66831],[88.73366,23.68436],[88.73684,23.68383],[88.74701,23.69671],[88.77328,23.69858]]}},{"type":"Feature","properties":{"level":3},"geometry":{"type":"LineString","coordinates":[[88.80525,23.68187],[88.7953,23.6991]]}},{"type":"Feature","properties":{"level":3},"geometry":{"type":"LineString","coordinates":[[88.7953,23.6991],[88.79027,23.70136],[88.77328,23.69858]]}},{"type":"Feature","properties":{"level":3},"geometry":{"type":"LineString","coordinates":[[90.89092,23.50613],[90.89233,23.51453],[90.90453,23.5189],[90.90414,23.52773],[90.90732,23.53827],[90.91171,23.53933],[90.9132,23.55002],[90.91819,23.55541],[90.9191,23.56829],[90.93618,23.56736],[90.93651,23.57703],[90.94665,23.57799],[90.94223,23.58944],[90.94451,23.59328],[90.94205,23.60016],[90.94849,23.60778],[90.94746,23.61326],[90.95052,23.61741],[90.95859,23.62323],[90.96315,23.62303],[90.96346,23.63085],[90.96733,23.63507],[90.97614,23.63134],[90.99002,23.63379],[90.98584,23.64142],[90.99389,23.63529],[90.99237,23.63977],[90.99795,23.6486],[90.99473,23.64719],[90.98934,23.65041],[90.99185,23.65067],[90.99065,23.65709],[90.99381,23.65873],[90.99378,23.65403],[90.99613,23.65406],[90.99728,23.66037],[90.9901,23.67085],[90.99132,23.67764],[91.00098,23.67802],[91.0081,23.68981],[91.01798,23.69804],[91.01906,23.69336],[91.03388,23.69921],[91.03714,23.69583],[91.04892,23.70788]]}},{"type":"Feature","properties":{"level":3},"geometry":{"type":"LineString","coordinates":[[91.06056,23.55661],[91.06204,23.56041],[91.05881,23.56877],[91.06188,23.58597],[91.07245,23.5902],[91.06843,23.60886],[91.06531,23.59697],[91.0569,23.59641],[91.05625,23.59956],[91.06122,23.62393],[91.05957,23.63933],[91.05336,23.64171],[91.06032,23.65918],[91.05776,23.66124],[91.04409,23.65544],[91.03919,23.66297],[91.04907,23.67121],[91.0671,23.66728],[91.06792,23.67338],[91.06286,23.67897],[91.05658,23.68016],[91.0588,23.6876],[91.05541,23.70327],[91.04892,23.70788]]}},{"type":"Feature","properties":{"level":3},"geometry":{"type":"LineString","coordinates":[[90.55514,23.70844],[90.55424,23.70631],[90.56186,23.70572],[90.56145,23.70191],[90.55532,23.69746],[90.55936,23.69607],[90.55988,23.69258],[90.56771,23.68938],[90.5736,23.69098],[90.57447,23.68655],[90.57909,23.68536],[90.57012,23.6589],[90.56623,23.65493],[90.5647,23.64145],[90.54618,23.60706],[90.54471,23.59237],[90.55099,23.58594],[90.54906,23.57884],[90.5568,23.57674],[90.52988,23.57393]]}},{"type":"Feature","properties":{"level":2},"geometry":{"type":"LineString","coordinates":[[89.01643,23.70827],[89.01075,23.70666],[89.00731,23.69257],[89.00632,23.66949],[89.01229,23.65605],[89.00885,23.64267],[89.00362,23.64184],[89.00903,23.63428],[89.00971,23.62635],[89.00581,23.62238]]}},{"type":"Feature","properties":{"level":3},"geometry":{"type":"LineString","coordinates":[[90.53837,23.69372],[90.52584,23.68732],[90.51358,23.70867]]}},{"type":"Feature","properties":{"level":3},"geometry":{"type":"LineString","coordinates":[[90.53837,23.69372],[90.54051,23.70075],[90.54472,23.69977],[90.55514,23.70844]]}},{"type":"Feature","properties":{"level":2},"geometry":{"type":"LineString","coordinates":[[90.51198,23.71089],[90.47881,23.69357]]}},{"type":"Feature","properties":{"level":3},"geometry":{"type":"LineString","coordinates":[[90.51358,23.70867],[90.51198,23.71089]]}},{"type":"Feature","properties":{"level":2},"geometry":{"type":"LineString","coordinates":[[90.51198,23.71089],[90.51142,23.71161]]}},{"type":"Feature","properties":{"level":2},"geometry":{"type":"LineString","coordinates":[[90.02052,23.66466],[90.01917,23.67052],[90.02322,23.67397],[90.02903,23.67327],[90.031,23.67953],[90.03769,23.68217],[90.03516,23.68555],[90.03924,23.68906],[90.03693,23.69428],[90.04294,23.69421],[90.03693,23.69908],[90.0406,23.69929],[90.04064,23.70527],[90.0437,23.70583],[90.04119,23.71285]]}},{"type":"Feature","properties":{"level":2},"geometry":{"type":"LineString","coordinates":[[89.8268,23.71288],[89.84232,23.70918],[89.84804,23.70046],[89.84456,23.71204],[89.84975,23.71337]]}},{"type":"Feature","properties":{"level":2},"geometry":{"type":"LineString","coordinates":[[89.84975,23.71337],[89.89167,23.68603],[89.91819,23.65758],[89.92536,23.6423],[89.93382,23.64211]]}},{"type":"Feature","properties":{"level":3},"geometry":{"type":"LineString","coordinates":[[90.28651,23.67363],[90.25704,23.71395]]}},{"type":"Feature","properties":{"level":2},"geometry":{"type":"LineString","coordinates":[[89.75685,23.6779],[89.76486,23.68194],[89.79135,23.68331],[89.79078,23.68597],[89.79532,23.68778],[89.79305,23.68987],[89.79306,23.71263],[89.81518,23.72122],[89.81761,23.71583],[89.8268,23.71288]]}},{"type":"Feature","properties":{"level":0},"geometry":{"type":"LineString","coordinates":[[88.63802,23.61011],[88.63697,23.60704],[88.62978,23.60889],[88.62025,23.60234],[88.61407,23.6032],[88.60941,23.60022],[88.60519,23.60023],[88.60832,23.60478],[88.60187,23.60701],[88.6062,23.6105],[88.5971,23.60549],[88.59695,23.60189],[88.58061,23.60318],[88.58544,23.61618],[88.59371,23.61728],[88.59352,23.64097],[88.56225,23.63734],[88.56357,23.64566],[88.55808,23.6496],[88.56338,23.65816],[88.57005,23.66062],[88.57028,23.66673],[88.57412,23.66779],[88.57454,23.67915],[88.57281,23.68553],[88.56808,23.68656],[88.56517,23.71222],[88.56922,23.72376]]}},{"type":"Feature","properties":{"level":3},"geometry":{"type":"LineString","coordinates":[[90.88235,23.72518],[90.88017,23.71806],[90.86543,23.70987],[90.8713,23.70755],[90.87149,23.70163],[90.88258,23.68815],[90.8678,23.68176],[90.85935,23.67076],[90.86385,23.66626],[90.87529,23.67719],[90.87736,23.66805],[90.86782,23.6607],[90.86563,23.65033],[90.85029,23.63191]]}},{"type":"Feature","properties":{"level":2},"geometry":{"type":"LineString","coordinates":[[90.04119,23.71285],[90.05035,23.71167],[90.05247,23.71772],[90.05051,23.72301],[90.05557,23.72517],[90.06985,23.72464],[90.08084,23.71594],[90.08216,23.72443],[90.08555,23.72695]]}},{"type":"Feature","properties":{"level":2},"geometry":{"type":"LineString","coordinates":[[89.84975,23.71337],[89.83615,23.72972],[89.8386,23.73201]]}},{"type":"Feature","properties":{"level":0},"geometry":{"type":"LineString","coordinates":[[91.9626,23.73421],[91.96673,23.73404],[91.96763,23.7297],[91.97842,23.73378],[92.00057,23.67137],[92.00624,23.67023],[92.00839,23.66416],[92.01344,23.66333],[92.0153,23.65942],[92.01917,23.66304],[92.02438,23.66268],[92.02263,23.65806],[92.03021,23.65839],[92.04147,23.64812],[92.05524,23.64886],[92.06333,23.64535],[92.07805,23.64791]]}},{"type":"Feature","properties":{"level":0},"geometry":{"type":"LineString","coordinates":[[91.9666,23.46889],[91.96372,23.49754],[91.97077,23.50282],[91.96235,23.51864],[91.95643,23.52276],[91.95663,23.52955],[91.96473,23.53445],[91.95733,23.55131],[91.95948,23.56291],[91.9522,23.597],[91.95301,23.60847],[91.94109,23.63464],[91.9465,23.63846],[91.94628,23.64617],[91.93965,23.659],[91.94137,23.66971],[91.9342,23.68552],[91.94108,23.68885],[91.94241,23.69399],[91.95742,23.69442],[91.95623,23.69838],[91.95122,23.69905],[91.94846,23.71398],[91.95421,23.71935],[91.951,23.72605],[91.95427,23.72631],[91.95737,23.73449],[91.9626,23.73421]]}},{"type":"Feature","properties":{"level":3},"geometry":{"type":"LineString","coordinates":[[89.58783,23.73452],[89.59151,23.73538],[89.59533,23.72885],[89.59399,23.71175],[89.60082,23.70287],[89.59758,23.69462],[89.60143,23.69348],[89.60272,23.68416],[89.60612,23.67917],[89.61504,23.67944],[89.61614,23.66781],[89.60975,23.66709],[89.61031,23.65992],[89.62909,23.65174],[89.63456,23.65311],[89.64066,23.64472],[89.65165,23.64777],[89.64893,23.64647],[89.65025,23.64264],[89.65677,23.63918],[89.65869,23.62795],[89.668,23.62299],[89.66654,23.61012]]}},{"type":"Feature","properties":{"level":3},"geometry":{"type":"LineString","coordinates":[[89.54101,23.73549],[89.5458,23.73085],[89.54664,23.73415],[89.56709,23.72771],[89.57052,23.73193],[89.57856,23.72686],[89.58783,23.73452]]}},{"type":"Feature","properties":{"level":2},"geometry":{"type":"LineString","coordinates":[[88.77328,23.69858],[88.78446,23.71669],[88.78328,23.7209],[88.77834,23.72239],[88.77984,23.73666]]}},{"type":"Feature","properties":{"level":1},"geometry":{"type":"LineString","coordinates":[[89.36593,23.66863],[89.34876,23.67207],[89.34828,23.68403],[89.32206,23.70378],[89.3214,23.71411],[89.31224,23.72054],[89.30905,23.73327],[89.29652,23.73803]]}},{"type":"Feature","properties":{"level":0},"geometry":{"type":"LineString","coordinates":[[92.164,23.73889],[92.17248,23.73704],[92.16988,23.72275],[92.17731,23.71629],[92.17681,23.70809],[92.18164,23.70712],[92.18657,23.71031],[92.19306,23.70665],[92.20022,23.70702],[92.21135,23.69279],[92.21392,23.68406],[92.20603,23.67282],[92.207,23.6624],[92.21133,23.659],[92.21262,23.65246],[92.22556,23.6546],[92.23266,23.66692],[92.23239,23.68452],[92.24286,23.69557],[92.23691,23.71188],[92.24099,23.71982],[92.2527,23.72481],[92.26561,23.72506],[92.26711,23.7218],[92.27562,23.719],[92.27935,23.7089],[92.28471,23.70867],[92.2892,23.70116],[92.28918,23.67494],[92.2753,23.65205],[92.27355,23.64376],[92.28147,23.63951],[92.27711,23.63303],[92.27901,23.62576],[92.2809,23.63234],[92.29668,23.62402],[92.28738,23.61861],[92.28597,23.59661],[92.28898,23.59869],[92.29587,23.58801],[92.3007,23.59397],[92.30736,23.57861],[92.30558,23.57327],[92.30903,23.57062],[92.30654,23.56506],[92.31291,23.55492],[92.30906,23.55161],[92.31041,23.54415],[92.3072,23.53587],[92.31315,23.53474],[92.31733,23.52833],[92.31347,23.51793],[92.31813,23.5184],[92.31606,23.51449],[92.31904,23.51238],[92.32053,23.49581],[92.31816,23.49357],[92.32281,23.49094],[92.31753,23.48688],[92.32684,23.47812],[92.32413,23.47884],[92.32448,23.47394],[92.31865,23.46966],[92.32958,23.46601],[92.32942,23.4611],[92.325,23.45919],[92.33207,23.45453],[92.32697,23.44812],[92.33009,23.42819],[92.33946,23.43389],[92.34421,23.43259],[92.34707,23.41212],[92.35438,23.41155],[92.35582,23.40887],[92.35485,23.40356],[92.35135,23.4045],[92.35488,23.38888],[92.3585,23.3895],[92.35422,23.38126],[92.36469,23.37981],[92.35711,23.37454],[92.35789,23.37036],[92.36382,23.36672],[92.36994,23.37254],[92.37016,23.36673],[92.37895,23.3634],[92.37682,23.35644],[92.37986,23.35585],[92.3811,23.35034],[92.37633,23.3446],[92.3755,23.33447],[92.36547,23.32343],[92.36881,23.31865],[92.36971,23.32372],[92.37338,23.31928],[92.37772,23.32035],[92.37813,23.31267],[92.38702,23.30537],[92.38237,23.28559],[92.38828,23.28121],[92.39287,23.26538],[92.38684,23.26523],[92.39402,23.25554],[92.39211,23.24922],[92.40051,23.23994],[92.39848,23.23619],[92.35001,23.23502],[92.35477,23.21509],[92.353,23.18601],[92.36004,23.18137],[92.3552,23.17917],[92.36383,23.15583],[92.35919,23.14913],[92.36081,23.14426],[92.35675,23.13408],[92.36718,23.12639],[92.35775,23.10694],[92.36283,23.09812],[92.36873,23.0973],[92.37231,23.0872],[92.379,23.08667],[92.38377,23.07222]]}},{"type":"Feature","properties":{"level":0},"geometry":{"type":"LineString","coordinates":[[92.07805,23.64791],[92.08053,23.66118],[92.07706,23.66799],[92.08281,23.68011],[92.09904,23.67609],[92.10708,23.68921],[92.12294,23.69604],[92.12448,23.70616],[92.14026,23.72295],[92.14471,23.73339],[92.164,23.73889]]}},{"type":"Feature","properties":{"level":2},"geometry":{"type":"LineString","coordinates":[[91.15631,23.66873],[91.14845,23.67042],[91.14148,23.66814],[91.14076,23.66437],[91.12558,23.6686],[91.12754,23.67196],[91.12045,23.67602],[91.12442,23.67469],[91.12758,23.68234],[91.12275,23.68043],[91.12093,23.68789],[91.11803,23.68519],[91.11805,23.69772],[91.11147,23.69327],[91.10873,23.70691],[91.1066,23.70231],[91.10167,23.7049],[91.10763,23.7093],[91.09799,23.70963],[91.10735,23.71315],[91.1097,23.71735],[91.09603,23.7158],[91.0967,23.72021],[91.09199,23.71699],[91.08603,23.7178],[91.08348,23.7218],[91.08134,23.72021],[91.07983,23.72333],[91.08287,23.7238],[91.0857,23.73022],[91.08234,23.72745],[91.07986,23.72918],[91.0784,23.72485],[91.07373,23.72786],[91.07808,23.73712],[91.06882,23.73043],[91.06691,23.73368],[91.07161,23.73975]]}},{"type":"Feature","properties":{"level":3},"geometry":{"type":"LineString","coordinates":[[91.04892,23.70788],[91.05843,23.73212],[91.06206,23.73252],[91.06461,23.73991]]}},{"type":"Feature","properties":{"level":3},"geometry":{"type":"LineString","coordinates":[[90.35183,23.73994],[90.36431,23.7083],[90.40051,23.71062],[90.4146,23.70236],[90.4491,23.66919]]}},{"type":"Feature","properties":{"level":2},"geometry":{"type":"LineString","coordinates":[[91.07161,23.73975],[91.06563,23.73684],[91.06461,23.73991]]}},{"type":"Feature","properties":{"level":3},"geometry":{"type":"LineString","coordinates":[[89.44277,23.65601],[89.45017,23.66104],[89.45942,23.67476],[89.46684,23.67314],[89.47357,23.67527],[89.47323,23.67767],[89.47704,23.67621],[89.48213,23.68326],[89.49169,23.68009],[89.49278,23.68338],[89.48906,23.68066],[89.48745,23.68756],[89.49335,23.68804],[89.50487,23.69703],[89.50683,23.70527],[89.50263,23.7076],[89.50511,23.70988],[89.50286,23.71228],[89.51304,23.71347],[89.51377,23.71857],[89.52061,23.71849],[89.51514,23.73478],[89.53301,23.73432],[89.53821,23.74077],[89.54101,23.73549]]}},{"type":"Feature","properties":{"level":2},"geometry":{"type":"LineString","coordinates":[[89.11838,23.69433],[89.12391,23.70358],[89.12131,23.71297],[89.12773,23.71686],[89.12728,23.72177],[89.13605,23.72233],[89.13864,23.72606],[89.15698,23.72102],[89.1598,23.73595],[89.16704,23.73709],[89.16724,23.74081]]}},{"type":"Feature","properties":{"level":3},"geometry":{"type":"LineString","coordinates":[[88.70212,23.66751],[88.70171,23.67844],[88.70772,23.6898],[88.70169,23.68651],[88.69328,23.69107],[88.6945,23.69667],[88.68496,23.70109],[88.67676,23.70046],[88.66659,23.69486],[88.66792,23.70365],[88.66374,23.70556],[88.64833,23.70448],[88.64487,23.70154],[88.67449,23.68737],[88.66411,23.67748],[88.65329,23.68019],[88.64805,23.66767],[88.6455,23.67087],[88.63561,23.66693],[88.63481,23.68143],[88.62457,23.6837],[88.63219,23.68621],[88.62709,23.69298],[88.63165,23.6923],[88.63022,23.69605],[88.63299,23.6957],[88.62697,23.70412],[88.63106,23.71443],[88.62851,23.71951],[88.61927,23.7173],[88.61887,23.72392],[88.60173,23.73012],[88.60509,23.74146],[88.59947,23.74391]]}},{"type":"Feature","properties":{"level":2},"geometry":{"type":"LineString","coordinates":[[90.14938,23.74486],[90.15747,23.74266],[90.15881,23.73578],[90.15548,23.73187],[90.15843,23.72504],[90.17777,23.72397],[90.18725,23.71976],[90.18859,23.71441],[90.19052,23.72028],[90.20281,23.72055],[90.20659,23.7236],[90.21622,23.7117],[90.22616,23.70725],[90.23717,23.71373],[90.25704,23.71395]]}},{"type":"Feature","properties":{"level":3},"geometry":{"type":"LineString","coordinates":[[90.3441,23.74572],[90.35183,23.73994]]}},{"type":"Feature","properties":{"level":3},"geometry":{"type":"LineString","coordinates":[[88.59947,23.74391],[88.59731,23.74586],[88.59708,23.74177],[88.60084,23.73879],[88.59802,23.73508],[88.6015,23.73579],[88.59807,23.7343],[88.59757,23.72926],[88.59721,23.73296],[88.59508,23.73239],[88.59586,23.72621],[88.58904,23.72579],[88.58859,23.73129],[88.58247,23.72543],[88.58488,23.72991],[88.57933,23.72991],[88.57703,23.72284],[88.58025,23.71975],[88.56922,23.72376]]}},{"type":"Feature","properties":{"level":2},"geometry":{"type":"LineString","coordinates":[[90.08555,23.72695],[90.09891,23.72901],[90.10534,23.72685],[90.10585,23.71659],[90.11554,23.71463],[90.11654,23.72169],[90.12141,23.72326],[90.12406,23.73286],[90.13008,23.73352],[90.13797,23.74535],[90.14938,23.74486]]}},{"type":"Feature","properties":{"level":2},"geometry":{"type":"LineString","coordinates":[[90.88235,23.72518],[90.86939,23.71801],[90.86611,23.7227],[90.85822,23.72168],[90.85304,23.72517],[90.8352,23.72436],[90.82806,23.73443],[90.81573,23.73433],[90.81146,23.73726],[90.80873,23.73287],[90.8018,23.73486],[90.80139,23.74716]]}},{"type":"Feature","properties":{"level":2},"geometry":{"type":"LineString","coordinates":[[90.88591,23.75386],[90.88643,23.73563],[90.88235,23.72518]]}},{"type":"Feature","properties":{"level":2},"geometry":{"type":"LineString","coordinates":[[90.80139,23.74716],[90.79861,23.75549],[90.79118,23.74307],[90.79304,23.74196],[90.77963,23.73302],[90.78098,23.7275],[90.77498,23.70994],[90.78592,23.69863],[90.78466,23.68655],[90.77848,23.68374],[90.77015,23.6849],[90.76249,23.6999],[90.74146,23.69294]]}},{"type":"Feature","properties":{"level":2},"geometry":{"type":"LineString","coordinates":[[89.06991,23.75609],[89.08389,23.75833],[89.08332,23.74553],[89.09508,23.7416],[89.09994,23.72544],[89.10563,23.72723],[89.11092,23.73547],[89.11731,23.73416],[89.11924,23.72501],[89.11252,23.70831],[89.11838,23.69433]]}},{"type":"Feature","properties":{"level":3},"geometry":{"type":"LineString","coordinates":[[90.66837,23.6799],[90.677,23.70108],[90.66466,23.70925],[90.66679,23.71731],[90.6588,23.72021],[90.65982,23.72661],[90.65111,23.72517],[90.65037,23.73209],[90.64452,23.72922],[90.64286,23.73981],[90.62858,23.74242],[90.60477,23.7607]]}},{"type":"Feature","properties":{"level":1},"geometry":{"type":"LineString","coordinates":[[90.74146,23.69294],[90.73649,23.70935],[90.72557,23.72118],[90.72155,23.73255],[90.72336,23.74764],[90.73371,23.76184]]}},{"type":"Feature","properties":{"level":3},"geometry":{"type":"LineString","coordinates":[[90.58238,23.76369],[90.56885,23.75949],[90.56249,23.74724],[90.56738,23.74465],[90.55654,23.74368],[90.54987,23.73792],[90.53616,23.73677],[90.53218,23.73407],[90.53345,23.7278],[90.52984,23.72699],[90.52605,23.71678],[90.51773,23.71656],[90.51142,23.71161]]}},{"type":"Feature","properties":{"level":2},"geometry":{"type":"LineString","coordinates":[[89.24835,23.76412],[89.25272,23.76421],[89.26719,23.74304],[89.28517,23.73693],[89.29652,23.73803]]}},{"type":"Feature","properties":{"level":2},"geometry":{"type":"LineString","coordinates":[[89.16724,23.74081],[89.17253,23.7412],[89.17312,23.74531],[89.17913,23.74689],[89.17986,23.74998],[89.198,23.74337],[89.20837,23.75294],[89.2134,23.75345],[89.21518,23.75927],[89.22272,23.76061],[89.23308,23.75607],[89.23557,23.76068],[89.24405,23.76029],[89.2465,23.7647]]}},{"type":"Feature","properties":{"level":2},"geometry":{"type":"LineString","coordinates":[[89.2465,23.7647],[89.24835,23.76412]]}},{"type":"Feature","properties":{"level":3},"geometry":{"type":"LineString","coordinates":[[90.60477,23.7607],[90.59646,23.76488],[90.58368,23.76025],[90.58238,23.76369]]}},{"type":"Feature","properties":{"level":2},"geometry":{"type":"LineString","coordinates":[[89.01643,23.70827],[89.02697,23.6964],[89.03806,23.69377],[89.05292,23.7149],[89.03828,23.72179],[89.0391,23.72478],[89.04789,23.72767],[89.0594,23.71898],[89.07535,23.7262],[89.07465,23.72976],[89.06282,23.73591],[89.05344,23.75695],[89.05338,23.76521],[89.05946,23.77044],[89.06959,23.77159],[89.06991,23.75609]]}},{"type":"Feature","properties":{"level":3},"geometry":{"type":"LineString","coordinates":[[90.23746,23.77679],[90.24448,23.77489],[90.25343,23.76445],[90.25657,23.75915],[90.2549,23.75199],[90.26456,23.74313],[90.27664,23.74445],[90.28225,23.74992],[90.28707,23.74794],[90.29087,23.76663],[90.30781,23.77077],[90.31278,23.76952],[90.31493,23.75413],[90.32459,23.74099],[90.33498,23.74097],[90.3441,23.74572]]}},{"type":"Feature","properties":{"level":2},"geometry":{"type":"LineString","coordinates":[[90.25704,23.71395],[90.25038,23.72397],[90.23629,23.73429],[90.22219,23.73747],[90.21852,23.74414],[90.22605,23.76437],[90.23395,23.77629],[90.23746,23.77679]]}},{"type":"Feature","properties":{"level":2},"geometry":{"type":"LineString","coordinates":[[90.51142,23.71161],[90.50084,23.71853],[90.50071,23.72863],[90.49216,23.7348],[90.49478,23.74343],[90.48588,23.74933],[90.48893,23.75456],[90.48362,23.75829],[90.48316,23.7715],[90.47274,23.78],[90.47132,23.78484]]}},{"type":"Feature","properties":{"level":3},"geometry":{"type":"LineString","coordinates":[[90.47132,23.78484],[90.46742,23.78495]]}},{"type":"Feature","properties":{"level":3},"geometry":{"type":"LineString","coordinates":[[89.98022,23.78529],[89.98261,23.77936],[89.99238,23.7765],[89.99845,23.76892],[90.00984,23.77543],[90.01403,23.77369],[90.01711,23.76141],[90.01046,23.75487],[90.0155,23.75052],[90.0238,23.74916],[90.02829,23.7395],[90.0417,23.73147],[90.04286,23.72544],[90.03079,23.72308],[90.02798,23.71923],[90.02894,23.71648],[90.04119,23.71285]]}},{"type":"Feature","properties":{"level":3},"geometry":{"type":"LineString","coordinates":[[90.46742,23.78495],[90.45872,23.77535],[90.46218,23.77414],[90.46092,23.76696],[90.4492,23.76805],[90.45237,23.76033],[90.43307,23.76374],[90.42611,23.75794],[90.42497,23.75067],[90.41815,23.75238],[90.41606,23.74941],[90.39476,23.74588],[90.39308,23.74991],[90.38065,23.75309],[90.37941,23.75851],[90.37417,23.75832],[90.36665,23.75178],[90.36963,23.74728],[90.36709,23.74423],[90.35183,23.73994]]}},{"type":"Feature","properties":{"level":2},"geometry":{"type":"LineString","coordinates":[[88.98861,23.78621],[89.00141,23.78236],[89.00298,23.78755],[89.00593,23.78709],[89.00467,23.77809],[88.9909,23.75345],[88.99345,23.7506],[89.00217,23.75122],[89.00772,23.74487],[89.01018,23.73571],[89.00726,23.72458],[89.01643,23.70827]]}},{"type":"Feature","properties":{"level":0},"geometry":{"type":"LineString","coordinates":[[91.22699,23.79262],[91.23054,23.78382],[91.23044,23.76416],[91.21846,23.73682],[91.20968,23.749],[91.20589,23.75003],[91.16766,23.7502],[91.1558,23.73658],[91.14848,23.71186],[91.15317,23.68879],[91.19535,23.69195],[91.20299,23.68585],[91.20695,23.68655],[91.20056,23.65651],[91.20423,23.65531],[91.2016,23.65432],[91.20379,23.65054],[91.19064,23.64706],[91.19261,23.65443],[91.18222,23.65981],[91.18109,23.65664],[91.17154,23.65718],[91.1663,23.66344],[91.16061,23.66406],[91.15604,23.6709],[91.15631,23.66873]]}},{"type":"Feature","properties":{"level":2},"geometry":{"type":"LineString","coordinates":[[91.06461,23.73991],[91.0672,23.74142],[91.0664,23.74593],[91.06283,23.74262],[91.05701,23.74706],[91.06066,23.74748],[91.06079,23.75473],[91.06488,23.75963],[91.05452,23.7553],[91.05771,23.76405],[91.04885,23.75962],[91.05277,23.76957],[91.04165,23.76383],[91.04116,23.76832],[91.04487,23.76766],[91.04732,23.77389],[91.04425,23.77939],[91.03868,23.77502],[91.0365,23.78394],[91.0397,23.7861],[91.03497,23.79568]]}},{"type":"Feature","properties":{"level":2},"geometry":{"type":"LineString","coordinates":[[91.03497,23.79568],[91.00382,23.78788],[91.00035,23.79407],[90.99499,23.79445],[90.99869,23.78666],[90.96682,23.78226],[90.95997,23.78013],[90.95911,23.77432],[90.94787,23.77596],[90.91478,23.76467],[90.91352,23.76856],[90.90127,23.76691],[90.89914,23.76032],[90.8932,23.76013],[90.88591,23.75386]]}},{"type":"Feature","properties":{"level":3},"geometry":{"type":"LineString","coordinates":[[89.89676,23.79462],[89.90291,23.79853],[89.92444,23.80049]]}},{"type":"Feature","properties":{"level":3},"geometry":{"type":"LineString","coordinates":[[89.98022,23.78529],[89.96455,23.78929],[89.95834,23.78726],[89.95442,23.79009],[89.94322,23.78979],[89.94887,23.79526],[89.94595,23.79885],[89.92444,23.80049]]}},{"type":"Feature","properties":{"level":3},"geometry":{"type":"LineString","coordinates":[[89.8386,23.73201],[89.85689,23.75249],[89.86819,23.75993],[89.86551,23.76634],[89.85361,23.76579],[89.85261,23.77373],[89.84939,23.77499],[89.84982,23.7819],[89.85724,23.78856],[89.86599,23.7903],[89.88365,23.80156],[89.89676,23.79462]]}},{"type":"Feature","properties":{"level":1},"geometry":{"type":"LineString","coordinates":[[89.66294,23.80993],[89.68068,23.8115]]}},{"type":"Feature","properties":{"level":3},"geometry":{"type":"LineString","coordinates":[[89.75685,23.6779],[89.75343,23.67848],[89.74483,23.69575],[89.73374,23.70376],[89.73168,23.70122],[89.72589,23.70615],[89.71944,23.70684],[89.72149,23.7129],[89.71883,23.71629],[89.72809,23.71465],[89.72148,23.7247],[89.71774,23.7251],[89.71632,23.74064],[89.72769,23.77452],[89.71626,23.77643],[89.71009,23.78138],[89.70824,23.78514],[89.71476,23.78511],[89.71608,23.78829],[89.71299,23.7898],[89.71635,23.79081],[89.71047,23.79102],[89.71016,23.79666],[89.70272,23.80294],[89.68851,23.80566],[89.68068,23.8115]]}},{"type":"Feature","properties":{"level":3},"geometry":{"type":"LineString","coordinates":[[89.53106,23.81537],[89.52781,23.81117],[89.53725,23.8073],[89.53167,23.79568],[89.53306,23.7933],[89.52643,23.79405],[89.53284,23.78996],[89.52664,23.79127],[89.52168,23.78615],[89.52262,23.78126],[89.52057,23.78146],[89.5265,23.77914],[89.52599,23.77202],[89.54105,23.76839],[89.5533,23.7559],[89.55316,23.75253],[89.5645,23.7516],[89.56689,23.74673],[89.572,23.75122],[89.57869,23.75184],[89.57611,23.74195],[89.58197,23.73775],[89.58918,23.73929],[89.58783,23.73452]]}},{"type":"Feature","properties":{"level":1},"geometry":{"type":"LineString","coordinates":[[89.53106,23.81537],[89.54999,23.81321],[89.55109,23.81602],[89.56466,23.8118],[89.56509,23.80851],[89.57719,23.80627],[89.58676,23.8137],[89.63364,23.80922],[89.64265,23.81076],[89.64374,23.81386]]}},{"type":"Feature","properties":{"level":1},"geometry":{"type":"LineString","coordinates":[[89.64374,23.81386],[89.65015,23.8168],[89.66294,23.80993]]}},{"type":"Feature","properties":{"level":3},"geometry":{"type":"LineString","coordinates":[[89.38031,23.67504],[89.36451,23.67875],[89.36513,23.68742],[89.36261,23.68893],[89.36907,23.69395],[89.3665,23.70015],[89.3766,23.70144],[89.37851,23.70746],[89.38294,23.70583],[89.38841,23.70937],[89.38809,23.70647],[89.39873,23.70331],[89.40701,23.7111],[89.40951,23.69882],[89.42623,23.70442],[89.42935,23.70022],[89.43069,23.70754],[89.42729,23.70809],[89.42516,23.71312],[89.43124,23.71267],[89.43711,23.72118],[89.44561,23.72049],[89.44982,23.72677],[89.4454,23.72981],[89.44689,23.75012],[89.44191,23.75222],[89.43671,23.74982],[89.43225,23.75661],[89.4215,23.75652],[89.4234,23.76553],[89.42868,23.76563],[89.43104,23.77309],[89.43755,23.77468],[89.43701,23.78092],[89.44016,23.7849],[89.431,23.79854],[89.43132,23.80237],[89.42499,23.80572],[89.45819,23.81153],[89.48096,23.80049],[89.4845,23.80931],[89.47725,23.81103],[89.49962,23.82681]]}},{"type":"Feature","properties":{"level":1},"geometry":{"type":"LineString","coordinates":[[89.49962,23.82681],[89.53106,23.81537]]}},{"type":"Feature","properties":{"level":2},"geometry":{"type":"LineString","coordinates":[[88.91216,23.82741],[88.92035,23.82387],[88.92345,23.81727],[88.91857,23.80978],[88.91159,23.78408],[88.9245,23.78644],[88.93354,23.79679],[88.93974,23.7949],[88.93803,23.80368],[88.94735,23.79886],[88.95394,23.80853],[88.96118,23.80926],[88.97299,23.80197],[88.9771,23.78888],[88.98861,23.78621]]}},{"type":"Feature","properties":{"level":2},"geometry":{"type":"LineString","coordinates":[[88.77984,23.73666],[88.78569,23.7414],[88.78484,23.75333],[88.78753,23.76757],[88.79129,23.77233],[88.79693,23.76872],[88.8179,23.77183],[88.83234,23.81507],[88.84319,23.81987],[88.84852,23.83174],[88.85864,23.83193]]}},{"type":"Feature","properties":{"level":2},"geometry":{"type":"LineString","coordinates":[[89.8386,23.73201],[89.83417,23.75189],[89.81954,23.7608],[89.80832,23.77714],[89.7809,23.79932],[89.77561,23.80897],[89.77102,23.83301],[89.74142,23.83381]]}},{"type":"Feature","properties":{"level":3},"geometry":{"type":"LineString","coordinates":[[90.58238,23.76369],[90.5838,23.76913],[90.59693,23.78113],[90.58947,23.78568],[90.58926,23.79233],[90.59336,23.7989],[90.58883,23.80637],[90.595,23.80849],[90.59678,23.81298],[90.59389,23.81285],[90.59612,23.81552],[90.59222,23.81676],[90.59454,23.81976],[90.59091,23.82489],[90.60309,23.83387],[90.60935,23.8332]]}},{"type":"Feature","properties":{"level":1},"geometry":{"type":"LineString","coordinates":[[89.68068,23.8115],[89.70741,23.81502],[89.73579,23.83128],[89.73533,23.83592]]}},{"type":"Feature","properties":{"level":2},"geometry":{"type":"LineString","coordinates":[[89.74142,23.83381],[89.73533,23.83592]]}},{"type":"Feature","properties":{"level":2},"geometry":{"type":"LineString","coordinates":[[90.23746,23.77679],[90.24823,23.81905],[90.24509,23.83682]]}},{"type":"Feature","properties":{"level":2},"geometry":{"type":"LineString","coordinates":[[88.85864,23.83193],[88.8626,23.82782],[88.87635,23.83344],[88.89583,23.82728],[88.90629,23.83783],[88.91216,23.82741]]}},{"type":"Feature","properties":{"level":2},"geometry":{"type":"LineString","coordinates":[[90.47132,23.78484],[90.48087,23.79179],[90.48509,23.81401],[90.49036,23.81652],[90.48668,23.81787],[90.48663,23.8316],[90.4825,23.83061],[90.47852,23.83376],[90.47282,23.84169],[90.47331,23.84857]]}},{"type":"Feature","properties":{"level":3},"geometry":{"type":"LineString","coordinates":[[91.22699,23.79262],[91.21464,23.7852],[91.20468,23.79376],[91.19997,23.80265],[91.18424,23.80068],[91.17524,23.79627],[91.17832,23.79978],[91.18025,23.82129],[91.16943,23.8156],[91.16443,23.82025],[91.16258,23.8129],[91.15978,23.81618],[91.15817,23.81192],[91.15388,23.81449],[91.15112,23.81119],[91.12808,23.81822],[91.12533,23.82453],[91.11787,23.82538],[91.11744,23.82981],[91.10648,23.8369],[91.10959,23.86335]]}},{"type":"Feature","properties":{"level":3},"geometry":{"type":"LineString","coordinates":[[91.10959,23.86335],[91.10378,23.86363]]}},{"type":"Feature","properties":{"level":3},"geometry":{"type":"LineString","coordinates":[[90.83851,23.86451],[90.84298,23.85295],[90.8476,23.85019],[90.84474,23.84657],[90.84531,23.83269],[90.83879,23.82947],[90.83977,23.82487],[90.84429,23.82378],[90.85852,23.83598],[90.87011,23.83598],[90.86805,23.81259],[90.87333,23.81051],[90.88477,23.81248],[90.88857,23.78863],[90.87762,23.78269],[90.88317,23.77252],[90.88591,23.75386]]}},{"type":"Feature","properties":{"level":3},"geometry":{"type":"LineString","coordinates":[[91.03497,23.79568],[91.04207,23.79405],[91.04023,23.80122],[91.04311,23.80497],[91.05582,23.80219],[91.06499,23.80957],[91.07768,23.81219],[91.08412,23.82587],[91.07272,23.82992],[91.06751,23.84491],[91.08149,23.84554],[91.08464,23.85078],[91.09049,23.85069],[91.09799,23.86525]]}},{"type":"Feature","properties":{"level":3},"geometry":{"type":"LineString","coordinates":[[91.10378,23.86363],[91.09799,23.86525]]}},{"type":"Feature","properties":{"level":1},"geometry":{"type":"LineString","coordinates":[[90.73371,23.76184],[90.74743,23.78149],[90.7596,23.79286],[90.76671,23.80625],[90.76648,23.82518],[90.75932,23.84725],[90.76381,23.86184],[90.77473,23.86558],[90.82767,23.86386],[90.83774,23.86621]]}},{"type":"Feature","properties":{"level":3},"geometry":{"type":"LineString","coordinates":[[90.83774,23.86621],[90.83851,23.86451]]}},{"type":"Feature","properties":{"level":2},"geometry":{"type":"LineString","coordinates":[[90.24509,23.83682],[90.23867,23.83063],[90.21691,23.8386],[90.20668,23.83405],[90.20322,23.83705],[90.1899,23.8338],[90.1723,23.82684],[90.15671,23.82947],[90.15156,23.82753],[90.15096,23.84074],[90.12728,23.86767]]}},{"type":"Feature","properties":{"level":3},"geometry":{"type":"LineString","coordinates":[[90.12728,23.86767],[90.12329,23.86787],[90.12527,23.86375],[90.12317,23.85816],[90.11806,23.85617],[90.12129,23.84781],[90.11783,23.84779],[90.11515,23.85254],[90.11307,23.84507],[90.10925,23.84893],[90.09476,23.84091],[90.0922,23.83455],[90.06944,23.82869],[90.06658,23.82228],[90.07292,23.81307],[90.0602,23.80336],[90.05833,23.79601],[90.06117,23.79511],[90.06122,23.7905],[90.05119,23.78306],[90.05111,23.77088],[90.06553,23.7742],[90.07538,23.7667],[90.07349,23.76335],[90.07582,23.75943],[90.07072,23.75888],[90.07666,23.75444],[90.07778,23.74813],[90.07335,23.72923],[90.08555,23.72695]]}},{"type":"Feature","properties":{"level":3},"geometry":{"type":"LineString","coordinates":[[88.77984,23.73666],[88.76976,23.74066],[88.75956,23.73624],[88.75752,23.74582],[88.74162,23.74632],[88.7376,23.75552],[88.72841,23.75059],[88.71914,23.75865],[88.71188,23.75855],[88.71247,23.76291],[88.71778,23.76558],[88.70743,23.77577],[88.70382,23.77509],[88.70062,23.77958],[88.70324,23.78588],[88.69282,23.78982],[88.69362,23.80073],[88.69013,23.80902],[88.69736,23.80656],[88.70203,23.81554],[88.69824,23.82281],[88.6992,23.8306],[88.69273,23.83883],[88.69927,23.84245],[88.69419,23.84769],[88.69437,23.85318],[88.67356,23.85537],[88.66747,23.85209],[88.67405,23.84927],[88.67037,23.84696],[88.67309,23.84074],[88.6683,23.84343],[88.66026,23.83584],[88.65813,23.84031],[88.65211,23.83766],[88.64416,23.84153],[88.65036,23.85332],[88.64848,23.86107],[88.64193,23.86879]]}},{"type":"Feature","properties":{"level":1},"geometry":{"type":"LineString","coordinates":[[90.83774,23.86621],[90.84274,23.86917]]}},{"type":"Feature","properties":{"level":0},"geometry":{"type":"LineString","coordinates":[[88.628,23.86515],[88.63741,23.87129],[88.64193,23.86879]]}},{"type":"Feature","properties":{"level":2},"geometry":{"type":"LineString","coordinates":[[90.64793,23.87284],[90.64753,23.86918],[90.65386,23.86763],[90.65334,23.86142],[90.65674,23.86028],[90.64752,23.85278],[90.65686,23.84508],[90.6643,23.84645],[90.66075,23.83911],[90.65688,23.84176],[90.64617,23.83966],[90.63646,23.8253],[90.64546,23.81161],[90.64802,23.8018],[90.65473,23.79834],[90.66354,23.80408],[90.66644,23.80056],[90.66376,23.79738],[90.6693,23.79537],[90.6778,23.79812],[90.68353,23.79598],[90.68449,23.79927],[90.69011,23.79988],[90.68626,23.81701],[90.67939,23.82322],[90.6817,23.82739],[90.67911,23.83085],[90.68424,23.82948],[90.68661,23.82455],[90.70729,23.81639],[90.71636,23.80914],[90.71811,23.80632],[90.71507,23.80206],[90.7253,23.80021],[90.72821,23.79535],[90.74144,23.78916],[90.73049,23.77174],[90.73371,23.76184]]}},{"type":"Feature","properties":{"level":2},"geometry":{"type":"LineString","coordinates":[[90.60935,23.8332],[90.62255,23.84305],[90.61916,23.85393],[90.62494,23.86524],[90.63522,23.87378],[90.64021,23.87168],[90.64744,23.87634],[90.64793,23.87284]]}},{"type":"Feature","properties":{"level":0},"geometry":{"type":"LineString","coordinates":[[88.56922,23.72376],[88.56902,23.72749],[88.57668,23.73341],[88.57553,23.73873],[88.57218,23.73456],[88.57243,23.74007],[88.57484,23.74022],[88.57054,23.74843],[88.58067,23.75866],[88.57958,23.77363],[88.56569,23.77692],[88.55672,23.78495],[88.57052,23.78327],[88.57699,23.78586],[88.58132,23.78954],[88.58115,23.79658],[88.59166,23.79802],[88.5919,23.80355],[88.59621,23.80545],[88.58496,23.81358],[88.58895,23.81405],[88.594,23.80943],[88.59843,23.81062],[88.60224,23.81705],[88.58653,23.83131],[88.58729,23.84405],[88.59138,23.85272],[88.58616,23.8561],[88.57805,23.85114],[88.57573,23.86207],[88.5826,23.86305],[88.58763,23.87138],[88.59938,23.86932],[88.60733,23.86258],[88.60955,23.87298],[88.61896,23.87677],[88.62516,23.87466],[88.62392,23.86743],[88.628,23.86515]]}},{"type":"Feature","properties":{"level":2},"geometry":{"type":"LineString","coordinates":[[88.85864,23.83193],[88.86379,23.85374],[88.88278,23.86864],[88.88147,23.87685]]}},{"type":"Feature","properties":{"level":3},"geometry":{"type":"LineString","coordinates":[[90.35304,23.87757],[90.35048,23.8649],[90.34488,23.85778],[90.34985,23.85404],[90.34139,23.85294],[90.3368,23.84664],[90.34136,23.84173],[90.33768,23.83783],[90.3372,23.83003],[90.34226,23.8266],[90.33616,23.81998],[90.34053,23.81824],[90.33832,23.81068],[90.34255,23.80232],[90.33492,23.78308],[90.3375,23.77902],[90.33346,23.77545],[90.34361,23.76942],[90.32891,23.75047],[90.3441,23.74572]]}},{"type":"Feature","properties":{"level":3},"geometry":{"type":"LineString","coordinates":[[89.2465,23.7647],[89.24784,23.77478],[89.2448,23.77563],[89.24361,23.7825],[89.24504,23.79454],[89.24981,23.7955],[89.24618,23.79747],[89.2504,23.80013],[89.24794,23.8067],[89.2573,23.8188],[89.25927,23.83039],[89.26232,23.83317],[89.26986,23.8279],[89.28646,23.82731],[89.29111,23.84139],[89.2961,23.84133],[89.29027,23.85133],[89.29676,23.8538],[89.28745,23.85839],[89.29083,23.86385],[89.29868,23.86281],[89.30213,23.8703],[89.29424,23.87091],[89.29416,23.87396],[89.31735,23.87518],[89.31671,23.87994]]}},{"type":"Feature","properties":{"level":2},"geometry":{"type":"LineString","coordinates":[[90.47331,23.84857],[90.47302,23.86631],[90.46098,23.87823],[90.46207,23.88265]]}},{"type":"Feature","properties":{"level":1},"geometry":{"type":"LineString","coordinates":[[89.29652,23.73803],[89.30469,23.74667],[89.31433,23.7486],[89.31861,23.75783],[89.32181,23.76793],[89.31012,23.7686],[89.31097,23.77581],[89.32982,23.77847],[89.32766,23.78202],[89.32999,23.79038],[89.32667,23.7935],[89.33623,23.81919],[89.33548,23.83059],[89.33953,23.83142],[89.3441,23.83997],[89.35075,23.84241],[89.35107,23.86256],[89.35825,23.87087],[89.36384,23.87167],[89.35772,23.87648],[89.36099,23.88404],[89.35848,23.88673]]}},{"type":"Feature","properties":{"level":1},"geometry":{"type":"LineString","coordinates":[[89.35215,23.88601],[89.35848,23.88673]]}},{"type":"Feature","properties":{"level":2},"geometry":{"type":"LineString","coordinates":[[90.6109,23.88856],[90.61349,23.87513],[90.60958,23.87548],[90.60785,23.85945],[90.59785,23.85977],[90.59542,23.8541],[90.59955,23.84763],[90.59831,23.84487],[90.60741,23.83826],[90.60935,23.8332]]}},{"type":"Feature","properties":{"level":3},"geometry":{"type":"LineString","coordinates":[[91.10959,23.86335],[91.13703,23.86239],[91.15202,23.84662],[91.15774,23.84554],[91.16337,23.85115],[91.16109,23.85654],[91.16433,23.86899],[91.17184,23.87039],[91.1774,23.86592],[91.17394,23.85273],[91.18721,23.84951],[91.20331,23.86632],[91.19791,23.87788],[91.19929,23.88424],[91.20498,23.88954]]}},{"type":"Feature","properties":{"level":1},"geometry":{"type":"LineString","coordinates":[[89.31671,23.87994],[89.33245,23.88457],[89.34574,23.89349],[89.35215,23.88601]]}},{"type":"Feature","properties":{"level":2},"geometry":{"type":"LineString","coordinates":[[90.57094,23.8955],[90.58865,23.89206],[90.59262,23.88642],[90.59811,23.88473],[90.60196,23.8931],[90.60577,23.89274],[90.60809,23.88673],[90.6109,23.88856]]}},{"type":"Feature","properties":{"level":2},"geometry":{"type":"LineString","coordinates":[[90.57072,23.89563],[90.56089,23.89419],[90.55578,23.88648],[90.55096,23.8851],[90.53296,23.88752],[90.52743,23.89471],[90.52723,23.88986],[90.52196,23.89112],[90.51815,23.88813],[90.52254,23.87553],[90.50637,23.87475],[90.50313,23.85761],[90.48595,23.8477],[90.47331,23.84857]]}},{"type":"Feature","properties":{"level":2},"geometry":{"type":"LineString","coordinates":[[90.57072,23.89563],[90.57094,23.8955]]}},{"type":"Feature","properties":{"level":3},"geometry":{"type":"LineString","coordinates":[[89.92444,23.80049],[89.93076,23.80636],[89.92573,23.811],[89.92572,23.8157],[89.92169,23.81716],[89.9277,23.82681],[89.91906,23.82183],[89.91216,23.83029],[89.91745,23.83597],[89.91616,23.83981],[89.90553,23.83575],[89.90173,23.83955],[89.89596,23.83805],[89.8958,23.84558],[89.89253,23.84645],[89.89594,23.84811],[89.88873,23.84762],[89.8859,23.85136],[89.88901,23.85299],[89.88873,23.85966],[89.8942,23.86371],[89.88929,23.87212],[89.88536,23.87027],[89.87903,23.87436],[89.87496,23.8673],[89.8688,23.86594],[89.86838,23.86181],[89.86245,23.8625],[89.8576,23.8575],[89.85724,23.86202],[89.85114,23.86037],[89.84856,23.85508],[89.85066,23.85427],[89.84491,23.8499],[89.83689,23.85292],[89.82016,23.85029],[89.81879,23.85655],[89.82655,23.86804],[89.81548,23.87091],[89.81447,23.88145],[89.81491,23.88431],[89.8202,23.88368],[89.81873,23.88997],[89.82199,23.89743]]}},{"type":"Feature","properties":{"level":2},"geometry":{"type":"LineString","coordinates":[[90.43875,23.90034],[90.44973,23.89581],[90.45882,23.89614],[90.46207,23.88265]]}},{"type":"Feature","properties":{"level":2},"geometry":{"type":"LineString","coordinates":[[90.35304,23.87757],[90.35877,23.88263],[90.35711,23.88919],[90.35983,23.89317],[90.37996,23.89964],[90.38889,23.89468],[90.39435,23.88079],[90.41211,23.883],[90.43875,23.90034]]}},{"type":"Feature","properties":{"level":1},"geometry":{"type":"LineString","coordinates":[[89.37851,23.90767],[89.39147,23.90461],[89.40921,23.88346],[89.43567,23.86868],[89.46555,23.84509],[89.49962,23.82681]]}},{"type":"Feature","properties":{"level":1},"geometry":{"type":"LineString","coordinates":[[89.35848,23.88673],[89.35918,23.89012],[89.36661,23.88967],[89.36863,23.8931],[89.36743,23.90888],[89.37851,23.90767]]}},{"type":"Feature","properties":{"level":2},"geometry":{"type":"LineString","coordinates":[[90.12728,23.86767],[90.11473,23.88066],[90.10884,23.89546],[90.09333,23.90314],[90.08739,23.91186],[90.08379,23.91208]]}},{"type":"Feature","properties":{"level":0},"geometry":{"type":"LineString","coordinates":[[91.24564,23.91225],[91.24389,23.90609],[91.2289,23.89832],[91.22961,23.88084],[91.23768,23.87423],[91.24069,23.86276],[91.25448,23.83779],[91.23301,23.8109],[91.23121,23.79798],[91.22699,23.79262]]}},{"type":"Feature","properties":{"level":3},"geometry":{"type":"LineString","coordinates":[[91.20498,23.88954],[91.20995,23.8935],[91.21043,23.90329],[91.22996,23.90219],[91.23932,23.9049],[91.24333,23.91277],[91.24564,23.91225]]}},{"type":"Feature","properties":{"level":3},"geometry":{"type":"LineString","coordinates":[[89.82199,23.89743],[89.82137,23.90312],[89.81532,23.90733],[89.80294,23.90715],[89.80096,23.90205],[89.79574,23.90463],[89.79469,23.90188],[89.78357,23.90068],[89.78863,23.908],[89.78336,23.91127],[89.78159,23.90616],[89.77574,23.90996],[89.77404,23.90421],[89.76579,23.90022],[89.76442,23.90404],[89.71335,23.90695],[89.70029,23.91489]]}},{"type":"Feature","properties":{"level":1},"geometry":{"type":"LineString","coordinates":[[89.73533,23.83592],[89.71452,23.85805],[89.70646,23.87683],[89.70234,23.87512],[89.69875,23.86693],[89.69763,23.87349],[89.70333,23.8809],[89.70119,23.88842],[89.70623,23.89245],[89.70107,23.89705],[89.70304,23.90172],[89.70029,23.91489]]}},{"type":"Feature","properties":{"level":3},"geometry":{"type":"LineString","coordinates":[[89.94752,23.9162],[89.94208,23.91077],[89.94385,23.90622],[89.94746,23.90824],[89.95434,23.8861],[89.95027,23.88387],[89.9509,23.86974],[89.9558,23.86892],[89.95657,23.86526],[89.96082,23.86661],[89.96141,23.85682],[89.95738,23.8437],[89.97525,23.84431],[89.96574,23.83899],[89.96903,23.83679],[89.96641,23.8345],[89.97217,23.83175],[89.96514,23.82943],[89.96669,23.82143],[89.96124,23.81414],[89.98446,23.81452],[89.98785,23.80574],[89.98613,23.79252],[89.98022,23.78529]]}},{"type":"Feature","properties":{"level":3},"geometry":{"type":"LineString","coordinates":[[89.9981,23.92041],[90.008,23.91258],[90.01045,23.90649],[90.02643,23.90467],[90.02975,23.89995],[90.05311,23.89839],[90.05556,23.89504],[90.05021,23.88688],[90.07528,23.89085],[90.07444,23.89675],[90.07963,23.89737],[90.08424,23.90272],[90.08379,23.91208]]}},{"type":"Feature","properties":{"level":3},"geometry":{"type":"LineString","coordinates":[[89.94752,23.9162],[89.95848,23.9143],[89.96119,23.91876],[89.96448,23.91502],[89.9714,23.91505],[89.97686,23.91832],[89.98128,23.91292],[89.98248,23.9243],[89.9885,23.92002],[89.99338,23.92108],[89.99381,23.92464],[89.9981,23.92041]]}},{"type":"Feature","properties":{"level":3},"geometry":{"type":"LineString","coordinates":[[89.94159,23.92979],[89.94752,23.9162]]}},{"type":"Feature","properties":{"level":3},"geometry":{"type":"LineString","coordinates":[[90.46207,23.88265],[90.47496,23.89806],[90.48273,23.90158],[90.48292,23.91045],[90.49367,23.91873],[90.48904,23.92427],[90.48981,23.93586],[90.49297,23.9391]]}},{"type":"Feature","properties":{"level":3},"geometry":{"type":"LineString","coordinates":[[90.6109,23.88856],[90.61335,23.89148],[90.60889,23.89937],[90.61567,23.90206],[90.61479,23.90851],[90.62558,23.91127],[90.62614,23.91893],[90.64656,23.92045],[90.64808,23.92505],[90.65585,23.92469],[90.66038,23.92035],[90.66593,23.92807],[90.6692,23.9263],[90.67345,23.93031],[90.676,23.92554],[90.68653,23.93183],[90.68947,23.93892],[90.69411,23.9398]]}},{"type":"Feature","properties":{"level":3},"geometry":{"type":"LineString","coordinates":[[89.94159,23.92979],[89.93147,23.92811],[89.92989,23.93336],[89.91904,23.92953],[89.91109,23.934],[89.90726,23.93195],[89.90028,23.93591],[89.89315,23.93484],[89.89214,23.941],[89.87221,23.94197]]}},{"type":"Feature","properties":{"level":3},"geometry":{"type":"LineString","coordinates":[[89.87221,23.94197],[89.86789,23.93475],[89.85966,23.93854],[89.85055,23.93743],[89.84065,23.92352],[89.8401,23.91322],[89.83744,23.91271],[89.84181,23.90761],[89.8398,23.89855],[89.83033,23.89497],[89.82199,23.89743]]}},{"type":"Feature","properties":{"level":3},"geometry":{"type":"LineString","coordinates":[[90.74065,23.94201],[90.74129,23.94005],[90.76302,23.94781]]}},{"type":"Feature","properties":{"level":3},"geometry":{"type":"LineString","coordinates":[[90.76302,23.94781],[90.76671,23.94575],[90.7657,23.93995],[90.75923,23.9411],[90.75562,23.93821],[90.75219,23.92429],[90.74139,23.91393],[90.74572,23.89222],[90.75709,23.88462],[90.77316,23.88476],[90.78397,23.90266],[90.79333,23.91177],[90.799,23.91495],[90.8104,23.91317],[90.81567,23.9109],[90.81348,23.90144],[90.82208,23.88394],[90.83372,23.87398],[90.83977,23.87679],[90.84274,23.86917]]}},{"type":"Feature","properties":{"level":2},"geometry":{"type":"LineString","coordinates":[[88.88147,23.87685],[88.86787,23.8777],[88.85433,23.86857],[88.84778,23.86944],[88.8378,23.87681],[88.83912,23.88315],[88.85634,23.88044],[88.86676,23.88496],[88.87323,23.89751],[88.87185,23.9104],[88.85695,23.92774],[88.83787,23.9378],[88.82789,23.93898],[88.82015,23.9275],[88.81744,23.92791],[88.81215,23.93523],[88.80964,23.94867]]}},{"type":"Feature","properties":{"level":3},"geometry":{"type":"LineString","coordinates":[[89.64374,23.81386],[89.63051,23.82268],[89.61963,23.83923],[89.62492,23.85721],[89.6229,23.86287],[89.61752,23.86348],[89.61551,23.87226],[89.62756,23.88401],[89.62007,23.88932],[89.61766,23.89662],[89.60117,23.89067],[89.5999,23.89338],[89.60466,23.89995],[89.59342,23.90377],[89.58687,23.91107],[89.62023,23.91228],[89.61856,23.92089],[89.61154,23.93034],[89.59718,23.9412],[89.58464,23.94478],[89.59936,23.95114],[89.60594,23.95939]]}},{"type":"Feature","properties":{"level":3},"geometry":{"type":"LineString","coordinates":[[90.69411,23.9398],[90.71554,23.93895],[90.72837,23.94217],[90.73909,23.9607],[90.74283,23.95622],[90.74065,23.94201]]}},{"type":"Feature","properties":{"level":0},"geometry":{"type":"LineString","coordinates":[[88.64193,23.86879],[88.65349,23.86571],[88.66144,23.87076],[88.66743,23.86962],[88.66434,23.88229],[88.68323,23.88909],[88.68828,23.9013],[88.7044,23.89959],[88.70562,23.90212],[88.70289,23.90042],[88.6999,23.90539],[88.70404,23.90739],[88.69932,23.91024],[88.70663,23.91643],[88.71333,23.91308],[88.71531,23.91588],[88.72295,23.91632],[88.72511,23.91297],[88.73335,23.91102],[88.73557,23.91464],[88.73305,23.92295],[88.73573,23.92309],[88.73453,23.92798],[88.73712,23.92884],[88.73492,23.93315],[88.74334,23.93007],[88.73854,23.94962],[88.74238,23.95146],[88.73353,23.95766],[88.73445,23.96292]]}},{"type":"Feature","properties":{"level":3},"geometry":{"type":"LineString","coordinates":[[88.98861,23.78621],[89.00005,23.8208],[89.00197,23.8239],[89.01171,23.82535],[89.01,23.83346],[89.01775,23.8339],[89.01993,23.85188],[89.02559,23.85169],[89.02996,23.85812],[89.04282,23.8619],[89.04458,23.86498],[89.05175,23.86273],[89.05506,23.86777],[89.05508,23.87982],[89.06757,23.88212],[89.07327,23.87893],[89.08747,23.87993],[89.08375,23.8895],[89.07925,23.88926],[89.07216,23.89758],[89.09191,23.90956],[89.09016,23.91538],[89.08045,23.92027],[89.0807,23.93134],[89.08487,23.94556],[89.10169,23.94848],[89.10081,23.95683],[89.0938,23.95689],[89.09569,23.96365]]}},{"type":"Feature","properties":{"level":1},"geometry":{"type":"LineString","coordinates":[[89.09569,23.96365],[89.14512,23.96408]]}},{"type":"Feature","properties":{"level":1},"geometry":{"type":"LineString","coordinates":[[89.14512,23.96408],[89.14884,23.9601],[89.14937,23.9532],[89.15801,23.95265],[89.16945,23.95669],[89.17556,23.96576]]}},{"type":"Feature","properties":{"level":3},"geometry":{"type":"LineString","coordinates":[[89.16724,23.74081],[89.15001,23.75591],[89.14186,23.75594],[89.14016,23.76352],[89.1425,23.78137],[89.15524,23.78276],[89.15931,23.79035],[89.16422,23.79225],[89.15308,23.80033],[89.15469,23.81185],[89.152,23.81931],[89.14605,23.81732],[89.14397,23.82146],[89.15225,23.82234],[89.15378,23.82979],[89.16154,23.83337],[89.15659,23.83936],[89.15885,23.84704],[89.15207,23.85044],[89.14959,23.85614],[89.15277,23.86354],[89.14962,23.8684],[89.15737,23.87851],[89.14949,23.89121],[89.15367,23.90258],[89.13774,23.91207],[89.13957,23.91571],[89.15724,23.92506],[89.16468,23.92603],[89.16728,23.93245],[89.16555,23.93682],[89.18256,23.94218],[89.19215,23.95059],[89.1886,23.96306],[89.18315,23.96729]]}},{"type":"Feature","properties":{"level":3},"geometry":{"type":"LineString","coordinates":[[89.18315,23.96729],[89.17556,23.96576]]}},{"type":"Feature","properties":{"level":1},"geometry":{"type":"LineString","coordinates":[[90.84274,23.86917],[90.85912,23.87867],[90.89433,23.8646],[90.90687,23.86856],[90.91852,23.8814],[90.93116,23.91339],[90.95119,23.93025],[90.95434,23.95906],[90.9701,23.96871],[90.97328,23.97372]]}},{"type":"Feature","properties":{"level":2},"geometry":{"type":"LineString","coordinates":[[88.80964,23.94867],[88.80902,23.96386],[88.79929,23.97514],[88.79181,23.97436],[88.78361,23.96865],[88.78098,23.95062],[88.77649,23.94772],[88.76835,23.95263],[88.76107,23.9689],[88.74,23.96202],[88.73445,23.96292]]}},{"type":"Feature","properties":{"level":3},"geometry":{"type":"LineString","coordinates":[[91.09799,23.86525],[91.08408,23.87772],[91.07951,23.88882],[91.08339,23.89266],[91.07852,23.89215],[91.07714,23.89741],[91.0864,23.94069],[91.08164,23.95133],[91.07352,23.95538],[91.06378,23.94899],[91.04275,23.94644],[91.03276,23.93746],[91.02803,23.94316],[91.02773,23.97854]]}},{"type":"Feature","properties":{"level":3},"geometry":{"type":"LineString","coordinates":[[91.02773,23.97854],[91.01853,23.97791],[91.01607,23.96914],[91.00261,23.96872],[90.9905,23.964],[90.97328,23.97372]]}},{"type":"Feature","properties":{"level":1},"geometry":{"type":"LineString","coordinates":[[89.21347,23.98714],[89.21336,23.97215],[89.2251,23.97734],[89.23341,23.97383],[89.23183,23.94665],[89.24317,23.93803],[89.24457,23.92677],[89.25068,23.91936],[89.2533,23.90537],[89.26319,23.89852],[89.27996,23.89909],[89.30255,23.89041],[89.30911,23.87898],[89.31671,23.87994]]}},{"type":"Feature","properties":{"level":1},"geometry":{"type":"LineString","coordinates":[[89.17556,23.96576],[89.17295,23.96932],[89.17572,23.98716],[89.21326,23.98962],[89.21347,23.98714]]}},{"type":"Feature","properties":{"level":3},"geometry":{"type":"LineString","coordinates":[[89.91472,23.99398],[89.92061,23.98824],[89.91832,23.98251],[89.92811,23.98239],[89.92791,23.97729],[89.93641,23.97624],[89.93803,23.98209],[89.95024,23.98371],[89.94512,23.97313],[89.94627,23.95374],[89.9406,23.95265],[89.94418,23.94351],[89.94857,23.94307],[89.94516,23.94099],[89.94746,23.93228],[89.94159,23.92979]]}},{"type":"Feature","properties":{"level":3},"geometry":{"type":"LineString","coordinates":[[89.4082,23.99541],[89.4002,23.98407],[89.40599,23.97852],[89.40717,23.94932],[89.40052,23.94461],[89.37851,23.90767]]}},{"type":"Feature","properties":{"level":0},"geometry":{"type":"LineString","coordinates":[[91.30348,23.99616],[91.29744,23.97598],[91.29936,23.9717],[91.28756,23.96782],[91.28507,23.98236],[91.27133,23.96301],[91.26431,23.946],[91.2726,23.93777],[91.2753,23.92468],[91.23337,23.92691],[91.24113,23.92285],[91.24564,23.91225]]}},{"type":"Feature","properties":{"level":1},"geometry":{"type":"LineString","coordinates":[[89.05826,23.99774],[89.06319,23.98671],[89.07073,23.97903],[89.09455,23.97303],[89.09569,23.96365]]}},{"type":"Feature","properties":{"level":3},"geometry":{"type":"LineString","coordinates":[[89.60594,23.95939],[89.54776,23.96774],[89.52673,23.95633],[89.52252,23.95855],[89.52088,23.96711],[89.50087,23.96222],[89.49313,23.96964],[89.48403,23.9719],[89.47261,23.9594],[89.47032,23.96835],[89.46505,23.96502],[89.45372,23.96602],[89.45401,23.97159],[89.45976,23.97322],[89.45907,23.97532],[89.44456,23.98287],[89.43824,23.9935],[89.43342,23.99142],[89.43215,23.9954],[89.43505,23.99579],[89.43261,23.99928],[89.43007,23.99556],[89.42447,23.9952],[89.42394,23.9889],[89.41863,23.9832],[89.40905,23.98676],[89.41116,23.99366],[89.4082,23.99541]]}},{"type":"Feature","properties":{"level":3},"geometry":{"type":"LineString","coordinates":[[90.18475,24.00242],[90.18617,23.98786],[90.1906,23.98569],[90.18975,23.9775],[90.19871,23.97614],[90.20055,23.97302],[90.19766,23.96732],[90.20447,23.96635],[90.20749,23.9575],[90.23063,23.94302],[90.23113,23.93636],[90.22721,23.93478],[90.22801,23.93019],[90.22413,23.92738],[90.23041,23.90821],[90.22816,23.89899],[90.23177,23.89528],[90.23022,23.88555],[90.23372,23.87861],[90.2333,23.87022],[90.23942,23.86059],[90.24509,23.83682]]}},{"type":"Feature","properties":{"level":3},"geometry":{"type":"LineString","coordinates":[[88.963,24.009],[88.9646,23.99735],[88.97005,23.995],[88.96968,23.9873],[88.95906,23.98176],[88.94652,23.96547],[88.95903,23.9402],[88.95557,23.92497],[88.94818,23.919],[88.92409,23.90929],[88.90596,23.90878],[88.89091,23.90386],[88.88734,23.90586],[88.88878,23.90283],[88.88606,23.89997],[88.88983,23.89932],[88.88294,23.89233],[88.88147,23.87685]]}},{"type":"Feature","properties":{"level":3},"geometry":{"type":"LineString","coordinates":[[89.05826,23.99774],[89.03621,23.99066],[89.02011,23.99282],[89.01434,23.98671],[88.99124,23.98741],[88.98595,23.99124],[88.98055,24.00233],[88.97435,24.00307],[88.96697,24.00941]]}},{"type":"Feature","properties":{"level":3},"geometry":{"type":"LineString","coordinates":[[88.96697,24.00941],[88.963,24.009]]}},{"type":"Feature","properties":{"level":1},"geometry":{"type":"LineString","coordinates":[[89.70029,23.91489],[89.69863,23.9256],[89.6885,23.92701],[89.69033,23.93273],[89.68715,23.94028],[89.69741,23.9433],[89.69814,23.98767],[89.70727,23.99983],[89.72203,24.01158]]}},{"type":"Feature","properties":{"level":2},"geometry":{"type":"LineString","coordinates":[[90.25878,24.01388],[90.2594,24.00905],[90.25089,23.99854],[90.25501,23.99551],[90.26194,23.97801],[90.25875,23.97026],[90.2689,23.96716],[90.26956,23.9616],[90.28052,23.96662],[90.28062,23.96425],[90.29655,23.96068],[90.2995,23.94837],[90.31824,23.95024],[90.31713,23.95667],[90.33003,23.95479],[90.33097,23.94985],[90.33557,23.94768],[90.33989,23.94916],[90.33599,23.95427],[90.34228,23.95759],[90.34677,23.94829],[90.34876,23.93131],[90.34385,23.90293],[90.34907,23.89474],[90.35304,23.87757]]}},{"type":"Feature","properties":{"level":2},"geometry":{"type":"LineString","coordinates":[[90.08379,23.91208],[90.08094,23.91215],[90.07807,23.90638],[90.07231,23.90565],[90.06621,23.90947],[90.06346,23.91578],[90.07572,23.92662],[90.06609,23.92583],[90.06274,23.93049],[90.0672,23.93414],[90.06753,23.94138],[90.06218,23.95112],[90.07245,23.95479],[90.07455,23.9605],[90.05025,23.95901],[90.04575,23.96175],[90.0446,23.96868],[90.03817,23.97127],[90.0431,23.97427],[90.03976,23.97565],[90.03799,23.98297],[90.05155,23.99027],[90.05721,24.00016],[90.04587,23.9969],[90.04196,24.00506],[90.02732,24.00399],[90.02339,24.0079],[90.02236,24.01666],[90.02004,24.01045],[90.01314,24.01335],[90.01309,24.00785],[90.0084,24.01121]]}},{"type":"Feature","properties":{"level":3},"geometry":{"type":"LineString","coordinates":[[91.20498,23.88954],[91.19287,23.89826],[91.18853,23.91233],[91.17149,23.92225],[91.1684,23.93358],[91.15086,23.94964],[91.14768,23.9572],[91.15059,23.95916],[91.15312,23.97153],[91.14662,23.978],[91.13562,23.97722],[91.12824,23.9828],[91.13166,24.0025],[91.12544,24.00529],[91.12424,24.00177],[91.11608,24.00318],[91.12644,24.01707],[91.14607,24.00719],[91.15255,24.01643],[91.15336,24.01391],[91.15686,24.01659],[91.16414,24.0138],[91.17056,24.01625],[91.1693,24.01289],[91.17224,24.01102]]}},{"type":"Feature","properties":{"level":3},"geometry":{"type":"LineString","coordinates":[[90.46048,24.01882],[90.469,24.02148],[90.47186,24.01549],[90.4818,24.01244],[90.48993,24.01504],[90.49182,24.02405]]}},{"type":"Feature","properties":{"level":3},"geometry":{"type":"LineString","coordinates":[[90.49182,24.02405],[90.49488,24.01535],[90.4898,24.01472],[90.49093,24.0104],[90.49535,24.0078],[90.50294,23.99261],[90.49402,23.9871],[90.49922,23.98655],[90.50658,23.97626],[90.51075,23.97627],[90.51462,23.96709],[90.50903,23.96193],[90.50674,23.96509],[90.49235,23.96434],[90.49029,23.95994],[90.4959,23.96195],[90.51411,23.95967],[90.51553,23.93927],[90.51064,23.9364],[90.49297,23.9391]]}},{"type":"Feature","properties":{"level":2},"geometry":{"type":"LineString","coordinates":[[89.7876,24.02499],[89.78592,24.01142],[89.7754,23.99187],[89.77698,23.98839],[89.76452,23.9781],[89.77358,23.97359],[89.78437,23.98084],[89.78824,23.98876],[89.79414,23.98787],[89.79303,23.98031],[89.8036,23.98118],[89.80636,23.97969],[89.80597,23.97526],[89.81281,23.97427],[89.81304,23.9802],[89.82046,23.98459],[89.83921,23.97855],[89.84399,23.96928],[89.84994,23.97322],[89.8557,23.96599],[89.86426,23.96726],[89.87103,23.97251],[89.86753,23.9769],[89.87061,23.98455],[89.86657,23.98812],[89.86701,23.99287],[89.87428,23.99586],[89.87762,23.99509],[89.87784,23.98713],[89.88177,23.98505],[89.88026,23.97772],[89.88377,23.97198],[89.89518,23.97041],[89.89635,23.97258],[89.89098,23.97746],[89.89584,23.98253],[89.89515,23.98605],[89.90636,23.98801],[89.90816,23.99841],[89.90915,23.99425],[89.91472,23.99398]]}},{"type":"Feature","properties":{"level":2},"geometry":{"type":"LineString","coordinates":[[90.24544,24.02908],[90.25116,24.02533],[90.24892,24.02023],[90.25161,24.0165],[90.25878,24.01388]]}},{"type":"Feature","properties":{"level":3},"geometry":{"type":"LineString","coordinates":[[90.44842,24.0315],[90.46048,24.01882]]}},{"type":"Feature","properties":{"level":3},"geometry":{"type":"LineString","coordinates":[[90.49297,23.9391],[90.48701,23.94526],[90.4832,23.9435],[90.47656,23.9471],[90.48408,23.95664],[90.47752,23.95882],[90.47674,23.967],[90.4718,23.96592],[90.47296,23.96027],[90.46095,23.95965],[90.4616,23.9659],[90.46704,23.97228],[90.46355,23.97806],[90.45255,23.98241],[90.45164,23.99582],[90.43826,24.01691],[90.43998,24.02531],[90.44842,24.0315]]}},{"type":"Feature","properties":{"level":2},"geometry":{"type":"LineString","coordinates":[[90.18475,24.00242],[90.18256,24.00531],[90.19317,24.0102],[90.19715,24.00988],[90.19931,24.0054],[90.20359,24.01017],[90.21096,24.00516],[90.21859,24.01016],[90.23756,24.00819],[90.2377,24.02827],[90.23502,24.02954],[90.23695,24.03242],[90.24544,24.02908]]}},{"type":"Feature","properties":{"level":3},"geometry":{"type":"LineString","coordinates":[[90.66057,24.03291],[90.66512,24.03104],[90.66863,24.01646],[90.6746,24.00887],[90.68688,24.01783],[90.69687,24.01392],[90.69642,24.00595],[90.68382,23.99852],[90.67691,23.98991],[90.68313,23.97959],[90.69973,23.97848],[90.70529,23.99906],[90.71352,24.00321],[90.72146,23.99894],[90.71257,23.99328],[90.71414,23.97421],[90.70762,23.94936],[90.69411,23.9398]]}},{"type":"Feature","properties":{"level":1},"geometry":{"type":"LineString","coordinates":[[89.72203,24.01158],[89.74098,24.02222],[89.76828,24.02462],[89.78648,24.0349]]}},{"type":"Feature","properties":{"level":2},"geometry":{"type":"LineString","coordinates":[[89.78648,24.0349],[89.7876,24.02499]]}},{"type":"Feature","properties":{"level":2},"geometry":{"type":"LineString","coordinates":[[90.65099,24.03529],[90.65962,24.0153],[90.65511,24.01],[90.64017,24.00466],[90.63163,23.9791],[90.61866,23.96881],[90.61454,23.93084],[90.59487,23.92147],[90.56184,23.91328],[90.56277,23.90624],[90.57289,23.89711],[90.57072,23.89563]]}},{"type":"Feature","properties":{"level":1},"geometry":{"type":"LineString","coordinates":[[90.97328,23.97372],[90.96925,24.00761],[90.9733,24.01888],[90.98668,24.03531]]}},{"type":"Feature","properties":{"level":2},"geometry":{"type":"LineString","coordinates":[[89.97283,24.03551],[89.97997,24.03235],[89.97978,24.02624],[89.98593,24.01851],[89.97723,24.01638],[89.97788,24.011],[89.98875,24.00883],[89.99431,24.00299],[89.99274,23.99996],[90.01015,24.00294],[90.0084,24.01121]]}},{"type":"Feature","properties":{"level":2},"geometry":{"type":"LineString","coordinates":[[90.14844,24.03555],[90.14803,24.02652],[90.16346,24.02112],[90.16365,24.01436],[90.17188,24.00128],[90.18475,24.00242]]}},{"type":"Feature","properties":{"level":2},"geometry":{"type":"LineString","coordinates":[[89.91472,23.99398],[89.91868,23.99959],[89.9318,24.00525],[89.93859,24.00566],[89.93186,23.99548],[89.9359,23.99557],[89.9411,24.00448],[89.94852,24.00326],[89.93956,24.01154],[89.94191,24.01733],[89.94826,24.01647],[89.94859,24.02886],[89.95032,24.02294],[89.95938,24.01443],[89.9674,24.01344],[89.96826,24.02977],[89.97392,24.03022],[89.97283,24.03551]]}},{"type":"Feature","properties":{"level":3},"geometry":{"type":"LineString","coordinates":[[90.49182,24.02405],[90.49219,24.02892],[90.49787,24.0321],[90.4989,24.03662]]}},{"type":"Feature","properties":{"level":2},"geometry":{"type":"LineString","coordinates":[[90.0084,24.01121],[90.00502,24.01724],[90.01377,24.01814],[90.0174,24.02845],[90.01469,24.03352],[90.008,24.03406],[90.00836,24.03846]]}},{"type":"Feature","properties":{"level":3},"geometry":{"type":"LineString","coordinates":[[89.40419,24.04103],[89.40857,24.03338],[89.4096,24.02136],[89.41337,24.02186],[89.41972,24.01395],[89.41586,24.0118],[89.41344,24.00209],[89.40376,24.0013],[89.4082,23.99541]]}},{"type":"Feature","properties":{"level":2},"geometry":{"type":"LineString","coordinates":[[90.01889,24.04459],[90.01918,24.03712],[90.02855,24.03515],[90.02799,24.03161],[90.02045,24.02973],[90.02479,24.0228],[90.04213,24.02947],[90.06173,24.03021],[90.06527,24.0383],[90.06983,24.03254],[90.0737,24.03472],[90.07499,24.04294],[90.08209,24.04256],[90.08466,24.03766],[90.0903,24.0372],[90.1022,24.02122],[90.10843,24.01961],[90.11079,24.02885],[90.1216,24.0275],[90.12183,24.03071],[90.12906,24.03498],[90.14844,24.03555]]}},{"type":"Feature","properties":{"level":2},"geometry":{"type":"LineString","coordinates":[[90.00836,24.03846],[90.0128,24.04372],[90.01889,24.04459]]}},{"type":"Feature","properties":{"level":3},"geometry":{"type":"LineString","coordinates":[[90.55267,24.04603],[90.55834,24.03559],[90.56776,24.02686],[90.57283,24.03278],[90.57917,24.03197],[90.58542,24.04039],[90.59999,24.03471],[90.6129,24.04454],[90.62751,24.0406],[90.64171,24.04275],[90.65099,24.03529]]}},{"type":"Feature","properties":{"level":3},"geometry":{"type":"LineString","coordinates":[[90.4989,24.03662],[90.50575,24.04134],[90.50942,24.03633],[90.51327,24.04327],[90.5192,24.04451],[90.52176,24.04186],[90.52076,24.03266],[90.53626,24.0401],[90.54274,24.03626],[90.54335,24.04219],[90.55294,24.04214],[90.55039,24.04552],[90.55267,24.04603]]}},{"type":"Feature","properties":{"level":3},"geometry":{"type":"LineString","coordinates":[[91.06883,24.04472],[91.06492,24.04776],[91.06525,24.04127],[91.06964,24.03728],[91.06817,24.03061],[91.06399,24.02804],[91.06615,24.02412],[91.06389,24.0166],[91.04616,24.01463],[91.04572,24.00957],[91.0513,24.00735],[91.04703,24.00359],[91.05145,23.99719],[91.04046,23.99403],[91.03638,23.97767],[91.02773,23.97854]]}},{"type":"Feature","properties":{"level":2},"geometry":{"type":"LineString","coordinates":[[90.64456,24.05226],[90.65307,24.03638],[90.65099,24.03529]]}},{"type":"Feature","properties":{"level":3},"geometry":{"type":"LineString","coordinates":[[90.64456,24.05226],[90.65761,24.03971],[90.66057,24.03291]]}},{"type":"Feature","properties":{"level":3},"geometry":{"type":"LineString","coordinates":[[90.76302,23.94781],[90.7633,23.95914],[90.77259,23.96692],[90.77779,23.98207],[90.78419,23.97981],[90.80448,23.98148],[90.8137,23.9781],[90.82218,23.98251],[90.82622,24.00575],[90.82354,24.01194],[90.82769,24.01343],[90.82569,24.03022],[90.82817,24.03174],[90.82171,24.03964],[90.8346,24.05507]]}},{"type":"Feature","properties":{"level":3},"geometry":{"type":"LineString","coordinates":[[91.11623,24.05533],[91.13232,24.05057],[91.14256,24.05347],[91.15567,24.05154],[91.15843,24.04139],[91.1564,24.03636],[91.16793,24.01889],[91.17403,24.01776],[91.17224,24.01102]]}},{"type":"Feature","properties":{"level":3},"geometry":{"type":"LineString","coordinates":[[91.06883,24.04472],[91.07115,24.04102],[91.0843,24.03883],[91.08553,24.04532],[91.08999,24.04416],[91.0916,24.04773],[91.10291,24.0491],[91.10809,24.04271],[91.11623,24.05533]]}},{"type":"Feature","properties":{"level":2},"geometry":{"type":"LineString","coordinates":[[90.98668,24.03531],[90.96196,24.03884],[90.95921,24.04551],[90.96354,24.0572]]}},{"type":"Feature","properties":{"level":2},"geometry":{"type":"LineString","coordinates":[[89.67924,24.05847],[89.68277,24.05578],[89.67824,24.05286],[89.67983,24.03644],[89.69378,24.03952],[89.70083,24.03299],[89.69707,24.03325],[89.70341,24.01984],[89.72203,24.01158]]}},{"type":"Feature","properties":{"level":3},"geometry":{"type":"LineString","coordinates":[[90.96354,24.0572],[90.9542,24.06308],[90.94203,24.05769]]}},{"type":"Feature","properties":{"level":3},"geometry":{"type":"LineString","coordinates":[[90.94203,24.05769],[90.92935,24.06388],[90.92879,24.05667],[90.9197,24.05319],[90.9173,24.04581],[90.91574,24.04981],[90.91516,24.04694],[90.91233,24.04832],[90.91484,24.05314],[90.90865,24.0524],[90.90602,24.05699],[90.89055,24.04717],[90.88814,24.04025],[90.87145,24.03262],[90.87003,24.04374],[90.8624,24.0492],[90.86425,24.04292],[90.86162,24.04233],[90.8346,24.05507]]}},{"type":"Feature","properties":{"level":3},"geometry":{"type":"LineString","coordinates":[[91.04933,24.06706],[91.05348,24.06556],[91.05776,24.05806],[91.06216,24.06353],[91.0692,24.06082],[91.07149,24.05476],[91.06883,24.04472]]}},{"type":"Feature","properties":{"level":3},"geometry":{"type":"LineString","coordinates":[[90.00836,24.03846],[90.00515,24.03948],[90.00667,24.04336],[89.99816,24.0575],[89.99444,24.05765],[89.99093,24.05089],[89.98229,24.05461],[89.97887,24.07101],[89.97505,24.0712]]}},{"type":"Feature","properties":{"level":2},"geometry":{"type":"LineString","coordinates":[[90.63738,24.07273],[90.64456,24.05226]]}},{"type":"Feature","properties":{"level":1},"geometry":{"type":"LineString","coordinates":[[90.98668,24.03531],[91.01061,24.05735],[91.03826,24.07377]]}},{"type":"Feature","properties":{"level":3},"geometry":{"type":"LineString","coordinates":[[91.03826,24.07377],[91.04933,24.06706]]}},{"type":"Feature","properties":{"level":3},"geometry":{"type":"LineString","coordinates":[[90.34178,24.07547],[90.33702,24.07356],[90.33722,24.06633],[90.34309,24.06075],[90.33587,24.05736],[90.33923,24.04161],[90.32546,24.03281],[90.30997,24.0442],[90.30241,24.04297],[90.30436,24.03396],[90.31232,24.02987],[90.31295,24.02573],[90.31154,24.01483],[90.30648,24.01374],[90.30223,24.00637],[90.29198,24.01374],[90.28188,24.00904],[90.28016,24.01277],[90.25878,24.01388]]}},{"type":"Feature","properties":{"level":3},"geometry":{"type":"LineString","coordinates":[[91.17224,24.01102],[91.17362,23.99534],[91.18783,24.02207],[91.18746,24.02731],[91.18371,24.02707],[91.18359,24.03033],[91.18813,24.03125],[91.20004,24.04309],[91.20687,24.04051],[91.22197,24.04997],[91.22549,24.05844],[91.2356,24.06406],[91.23926,24.0746],[91.23817,24.08067],[91.24699,24.08152]]}},{"type":"Feature","properties":{"level":3},"geometry":{"type":"LineString","coordinates":[[90.44842,24.0315],[90.44939,24.04808],[90.44608,24.05976],[90.43681,24.05918],[90.43698,24.06186],[90.42111,24.06699],[90.42344,24.08455]]}},{"type":"Feature","properties":{"level":3},"geometry":{"type":"LineString","coordinates":[[89.18825,24.09025],[89.17365,24.08907],[89.16949,24.08084],[89.16661,24.0832],[89.15762,24.07531],[89.14937,24.07448],[89.14458,24.07737],[89.13773,24.07471],[89.13847,24.03724],[89.14214,24.03383],[89.13959,24.01916],[89.14283,24.01884],[89.13989,23.98575],[89.14512,23.96408]]}},{"type":"Feature","properties":{"level":3},"geometry":{"type":"LineString","coordinates":[[89.40419,24.04103],[89.38901,24.05335],[89.38402,24.04071],[89.37897,24.04166],[89.37483,24.05445],[89.36028,24.04872],[89.34484,24.05753],[89.33476,24.06912],[89.31159,24.05312],[89.30703,24.0648],[89.29128,24.06703],[89.28927,24.06195],[89.28582,24.06199],[89.28555,24.06842],[89.27586,24.07313],[89.27488,24.07724],[89.24891,24.08262],[89.24084,24.07995],[89.22531,24.08508],[89.21848,24.08186],[89.21871,24.0898],[89.21098,24.08413],[89.20656,24.09025],[89.20337,24.09003]]}},{"type":"Feature","properties":{"level":3},"geometry":{"type":"LineString","coordinates":[[89.20337,24.09003],[89.19792,24.0937],[89.19254,24.08861],[89.18825,24.09025]]}},{"type":"Feature","properties":{"level":2},"geometry":{"type":"LineString","coordinates":[[90.96354,24.0572],[90.96449,24.06519],[90.95344,24.07068],[90.95138,24.07933],[90.94545,24.08585],[90.93843,24.08604],[90.92587,24.07882],[90.9148,24.07757],[90.89231,24.09486]]}},{"type":"Feature","properties":{"level":1},"geometry":{"type":"LineString","coordinates":[[91.27344,24.09471],[91.27891,24.09071],[91.28228,24.09462],[91.29271,24.09451],[91.29278,24.08799],[91.28886,24.08681],[91.28851,24.07895],[91.2848,24.0752],[91.28563,24.06085],[91.29275,24.0626],[91.30421,24.05729],[91.30398,24.04545],[91.3127,24.04123],[91.31358,24.03141],[91.31014,24.0269],[91.30394,24.02615],[91.30905,24.02375],[91.30905,24.01775],[91.30419,24.01221],[91.30119,24.01439],[91.29551,24.00696],[91.29613,24.00071],[91.30348,23.99616]]}},{"type":"Feature","properties":{"level":3},"geometry":{"type":"LineString","coordinates":[[91.24699,24.08152],[91.25101,24.07576],[91.26553,24.08432],[91.26387,24.08836],[91.2665,24.08858],[91.26323,24.09192],[91.268,24.09523]]}},{"type":"Feature","properties":{"level":1},"geometry":{"type":"LineString","coordinates":[[91.268,24.09523],[91.27344,24.09471]]}},{"type":"Feature","properties":{"level":3},"geometry":{"type":"LineString","coordinates":[[89.60594,23.95939],[89.61809,23.97523],[89.62658,23.97615],[89.61864,23.97945],[89.62318,23.98275],[89.61959,23.98939],[89.62104,23.99523],[89.61379,24.00611],[89.61417,24.01212],[89.61047,24.01328],[89.61245,24.01852],[89.61042,24.02639],[89.60694,24.02662],[89.60651,24.03272],[89.59777,24.042],[89.59908,24.04724],[89.60741,24.05188],[89.61133,24.06033],[89.61043,24.06678],[89.60631,24.06786],[89.60704,24.07843],[89.6003,24.08279],[89.6045,24.08969],[89.60991,24.09111],[89.60998,24.09755]]}},{"type":"Feature","properties":{"level":3},"geometry":{"type":"LineString","coordinates":[[90.42344,24.08455],[90.42172,24.09059],[90.40852,24.09843]]}},{"type":"Feature","properties":{"level":2},"geometry":{"type":"LineString","coordinates":[[89.61358,24.09851],[89.613,24.09626],[89.61559,24.09688],[89.62953,24.08329],[89.63276,24.08151],[89.63898,24.08494],[89.65683,24.07576],[89.67924,24.05847]]}},{"type":"Feature","properties":{"level":2},"geometry":{"type":"LineString","coordinates":[[89.60998,24.09755],[89.61358,24.09851]]}},{"type":"Feature","properties":{"level":3},"geometry":{"type":"LineString","coordinates":[[89.41744,24.09882],[89.40748,24.09577],[89.41408,24.08965],[89.4136,24.08282],[89.42238,24.07599],[89.41942,24.06653],[89.42231,24.05781],[89.41716,24.05557],[89.4165,24.04493],[89.40419,24.04103]]}},{"type":"Feature","properties":{"level":3},"geometry":{"type":"LineString","coordinates":[[90.8346,24.05507],[90.82298,24.06403],[90.81944,24.07056],[90.82022,24.07661],[90.81536,24.0896],[90.81851,24.08945],[90.81883,24.09654],[90.81404,24.09887],[90.79553,24.0966],[90.79292,24.1017]]}},{"type":"Feature","properties":{"level":3},"geometry":{"type":"LineString","coordinates":[[90.40852,24.09843],[90.4003,24.10187],[90.38551,24.09666],[90.37793,24.0977],[90.37369,24.09448],[90.37331,24.08915],[90.3684,24.08914],[90.3626,24.07641],[90.35506,24.07594],[90.35903,24.06718],[90.35118,24.06131],[90.34178,24.07547]]}},{"type":"Feature","properties":{"level":3},"geometry":{"type":"LineString","coordinates":[[90.79292,24.1017],[90.78052,24.10043],[90.78287,24.09609],[90.77023,24.08357],[90.76472,24.08179],[90.76005,24.08594],[90.75942,24.09228],[90.7449,24.09537],[90.74136,24.10756],[90.73493,24.10844]]}},{"type":"Feature","properties":{"level":3},"geometry":{"type":"LineString","coordinates":[[90.73493,24.10844],[90.73297,24.10743],[90.73615,24.10206],[90.74063,24.10068],[90.73869,24.09002],[90.74105,24.08622],[90.74829,24.08515],[90.74531,24.08177],[90.736,24.08316],[90.73415,24.08737],[90.7279,24.0872],[90.73076,24.07529],[90.72805,24.06507],[90.70149,24.07652],[90.69212,24.07421],[90.68995,24.07888],[90.67552,24.07633],[90.67158,24.07186],[90.666,24.07522],[90.64557,24.07046],[90.63738,24.07273]]}},{"type":"Feature","properties":{"level":0},"geometry":{"type":"LineString","coordinates":[[91.40779,24.10882],[91.40063,24.11076],[91.37424,24.10686],[91.37732,24.07916],[91.39649,24.04914],[91.39092,24.02498],[91.37302,24.00214],[91.37615,23.9965],[91.37396,23.99504],[91.37872,23.99084],[91.37611,23.98675],[91.38022,23.98262],[91.37993,23.97519],[91.37414,23.97473],[91.3616,23.98561],[91.35358,23.98154],[91.34128,23.98165],[91.33013,23.99228],[91.32379,23.99382],[91.31598,23.98981],[91.30348,23.99616]]}},{"type":"Feature","properties":{"level":1},"geometry":{"type":"LineString","coordinates":[[89.00504,24.11656],[89.0226,24.09502],[89.02684,24.07403],[89.04113,24.03393],[89.05826,23.99774]]}},{"type":"Feature","properties":{"level":3},"geometry":{"type":"LineString","coordinates":[[89.36428,24.12078],[89.37038,24.12009],[89.37894,24.11229],[89.38079,24.1165],[89.38444,24.11369],[89.38991,24.1164],[89.39314,24.11101],[89.39706,24.11156],[89.39663,24.10637],[89.40156,24.10451],[89.40624,24.10544],[89.41003,24.11354],[89.41744,24.09882]]}},{"type":"Feature","properties":{"level":1},"geometry":{"type":"LineString","coordinates":[[88.9745,24.12156],[89.00504,24.11656]]}},{"type":"Feature","properties":{"level":3},"geometry":{"type":"LineString","coordinates":[[88.963,24.009],[88.96287,24.01155],[88.95354,24.01131],[88.95275,24.0158],[88.94087,24.01544],[88.94073,24.01871],[88.93629,24.02067],[88.92223,24.02296],[88.91852,24.02663],[88.92062,24.03313],[88.92469,24.03529],[88.92315,24.04045],[88.91648,24.04379],[88.91705,24.04741],[88.9119,24.04698],[88.90914,24.05042],[88.92382,24.07572],[88.92658,24.11561],[88.92379,24.12184]]}},{"type":"Feature","properties":{"level":1},"geometry":{"type":"LineString","coordinates":[[88.92379,24.12184],[88.9367,24.13123],[88.95198,24.12361],[88.9745,24.12156]]}},{"type":"Feature","properties":{"level":1},"geometry":{"type":"LineString","coordinates":[[88.86167,24.11704],[88.8809,24.12093],[88.88048,24.10627],[88.90961,24.11688],[88.9089,24.12619],[88.90606,24.12628],[88.91096,24.13078],[88.92114,24.13302],[88.91681,24.1224],[88.92379,24.12184]]}},{"type":"Feature","properties":{"level":2},"geometry":{"type":"LineString","coordinates":[[89.52923,24.14176],[89.52938,24.13779],[89.54335,24.12612],[89.54759,24.12755],[89.54855,24.12537],[89.55078,24.13139],[89.5623,24.12602],[89.5616,24.1188],[89.5557,24.12052],[89.55906,24.11305],[89.56563,24.11046],[89.56785,24.11404],[89.57981,24.11277],[89.58352,24.10749],[89.58865,24.10751],[89.60555,24.098],[89.6091,24.10012],[89.60998,24.09755]]}},{"type":"Feature","properties":{"level":3},"geometry":{"type":"LineString","coordinates":[[89.52902,24.14267],[89.50793,24.13095],[89.49874,24.13906],[89.49082,24.13252],[89.48581,24.13217],[89.48614,24.12836],[89.48174,24.12545],[89.4689,24.13093],[89.45999,24.12466],[89.45208,24.13152],[89.44956,24.12001],[89.44174,24.11597],[89.45002,24.10612],[89.44478,24.09214],[89.43788,24.08922],[89.42316,24.08961],[89.4219,24.08713],[89.4182,24.09022],[89.41744,24.09882]]}},{"type":"Feature","properties":{"level":2},"geometry":{"type":"LineString","coordinates":[[89.52902,24.14267],[89.52923,24.14176]]}},{"type":"Feature","properties":{"level":3},"geometry":{"type":"LineString","coordinates":[[89.97505,24.0712],[89.96508,24.05597],[89.96796,24.07343],[89.9565,24.07184],[89.94194,24.06614],[89.94091,24.06302],[89.93927,24.06802],[89.93491,24.05477],[89.93378,24.06094],[89.92448,24.06003],[89.92314,24.06709],[89.92745,24.07848],[89.91628,24.0811],[89.91682,24.08481],[89.91181,24.08682],[89.91345,24.10136],[89.89481,24.1059],[89.88991,24.117],[89.88577,24.11863],[89.88068,24.11497],[89.86573,24.12406],[89.86746,24.12735],[89.88107,24.13201],[89.87122,24.1385],[89.85316,24.13757],[89.85421,24.15737]]}},{"type":"Feature","properties":{"level":3},"geometry":{"type":"LineString","coordinates":[[90.34178,24.07547],[90.33645,24.08059],[90.34099,24.08787],[90.33273,24.09632],[90.33787,24.09988],[90.34086,24.11338],[90.34858,24.12189],[90.35161,24.13546],[90.35466,24.13651],[90.35372,24.14193],[90.35941,24.15044],[90.35668,24.1602]]}},{"type":"Feature","properties":{"level":1},"geometry":{"type":"LineString","coordinates":[[91.03826,24.07377],[91.05051,24.09133],[91.0508,24.10102],[91.04689,24.11029],[91.03409,24.12427],[90.99734,24.14284],[90.98448,24.16161]]}},{"type":"Feature","properties":{"level":3},"geometry":{"type":"LineString","coordinates":[[90.89231,24.09486],[90.90045,24.09823],[90.92703,24.0972],[90.92507,24.10482],[90.9313,24.11524],[90.93404,24.11364],[90.93277,24.10727],[90.94279,24.1079],[90.93714,24.12586],[90.9314,24.13301],[90.93254,24.14828],[90.94199,24.15944],[90.95155,24.1623],[90.96105,24.16044]]}},{"type":"Feature","properties":{"level":3},"geometry":{"type":"LineString","coordinates":[[89.37347,24.16333],[89.36713,24.15963],[89.36457,24.15068],[89.35973,24.14983],[89.36191,24.14192],[89.37117,24.14031],[89.36728,24.13719],[89.36741,24.12803],[89.36198,24.12405],[89.36428,24.12078]]}},{"type":"Feature","properties":{"level":2},"geometry":{"type":"LineString","coordinates":[[89.10578,24.16113],[89.09258,24.1581],[89.08835,24.16261],[89.08203,24.16339],[89.08183,24.15349],[89.06266,24.14797],[89.04442,24.16813],[89.03735,24.15711],[89.02942,24.16857],[89.02467,24.16937],[89.01393,24.16069],[88.99535,24.15583],[89.00926,24.14573],[89.01591,24.14521],[88.99902,24.14208],[89.01744,24.1413],[89.0129,24.13668],[89.00438,24.14002],[89.01009,24.12799],[89.00504,24.11656]]}},{"type":"Feature","properties":{"level":3},"geometry":{"type":"LineString","coordinates":[[89.18825,24.09025],[89.18654,24.09791],[89.18923,24.10439],[89.18684,24.10948],[89.17244,24.10879],[89.1748,24.11953],[89.1685,24.12581],[89.17527,24.12706],[89.17338,24.13308],[89.17636,24.14023],[89.17269,24.14254],[89.1694,24.13513],[89.16297,24.14545],[89.16608,24.16805],[89.16248,24.17105]]}},{"type":"Feature","properties":{"level":2},"geometry":{"type":"LineString","coordinates":[[89.16201,24.17167],[89.14588,24.16431],[89.14026,24.16994],[89.12764,24.17145],[89.12922,24.16679],[89.11201,24.16596],[89.11002,24.16076],[89.10578,24.16113]]}},{"type":"Feature","properties":{"level":3},"geometry":{"type":"LineString","coordinates":[[89.16248,24.17105],[89.16201,24.17167]]}},{"type":"Feature","properties":{"level":2},"geometry":{"type":"LineString","coordinates":[[90.89231,24.09486],[90.8719,24.10234],[90.85666,24.10342],[90.84551,24.11184],[90.84937,24.11871],[90.86706,24.12577],[90.8723,24.14052],[90.86517,24.14555],[90.84648,24.14376],[90.84113,24.1487],[90.83915,24.14595],[90.8262,24.15385],[90.82049,24.1627],[90.82051,24.17323]]}},{"type":"Feature","properties":{"level":3},"geometry":{"type":"LineString","coordinates":[[90.02586,24.17332],[90.03194,24.17222],[90.03292,24.16905],[90.02675,24.15826],[90.01528,24.15452],[90.00652,24.15719],[90.00439,24.15461],[90.00664,24.15195],[90.00295,24.14909],[90.00637,24.14609],[90.00277,24.14301],[90.00583,24.14378],[90.00744,24.14059],[90.00391,24.13686],[90.00392,24.12971],[89.99772,24.12925],[89.99526,24.12386],[89.98992,24.12225],[89.97893,24.12376],[89.97959,24.1142],[89.97071,24.10316],[89.96222,24.10087],[89.97562,24.09943],[89.97583,24.08728],[89.97317,24.08489],[89.98247,24.08438],[89.98226,24.07958],[89.97756,24.07878],[89.97505,24.0712]]}},{"type":"Feature","properties":{"level":3},"geometry":{"type":"LineString","coordinates":[[89.80202,24.17372],[89.80261,24.1707],[89.82185,24.17009],[89.83036,24.16323],[89.85421,24.15737]]}},{"type":"Feature","properties":{"level":1},"geometry":{"type":"LineString","coordinates":[[89.78648,24.0349],[89.78616,24.04158],[89.79609,24.04449],[89.81795,24.06507],[89.82593,24.08308],[89.82581,24.09334],[89.81912,24.10966],[89.81917,24.13119],[89.82289,24.14201],[89.81233,24.14801],[89.80578,24.16106],[89.79038,24.15801],[89.78341,24.16551],[89.78852,24.17131],[89.80198,24.17386]]}},{"type":"Feature","properties":{"level":3},"geometry":{"type":"LineString","coordinates":[[89.80198,24.17386],[89.80202,24.17372]]}},{"type":"Feature","properties":{"level":3},"geometry":{"type":"LineString","coordinates":[[90.98448,24.16161],[90.97615,24.16542],[90.96989,24.17724]]}},{"type":"Feature","properties":{"level":3},"geometry":{"type":"LineString","coordinates":[[90.96989,24.17724],[90.96631,24.17686],[90.9699,24.16523],[90.96105,24.16044]]}},{"type":"Feature","properties":{"level":3},"geometry":{"type":"LineString","coordinates":[[90.41811,24.17742],[90.43435,24.17627],[90.44036,24.17194],[90.44831,24.17407],[90.45967,24.16582],[90.46565,24.15649],[90.46394,24.1469],[90.45874,24.14269],[90.46812,24.13401],[90.45735,24.12941],[90.45488,24.11645],[90.46149,24.10831],[90.45679,24.10599],[90.45226,24.10832],[90.45051,24.10246],[90.44815,24.1037],[90.45033,24.08772],[90.43729,24.08387],[90.42344,24.08455]]}},{"type":"Feature","properties":{"level":3},"geometry":{"type":"LineString","coordinates":[[90.35668,24.1602],[90.3597,24.16454],[90.37246,24.16273],[90.37614,24.15914],[90.38902,24.16192],[90.39494,24.15277],[90.39937,24.15199],[90.40819,24.16112],[90.41351,24.17463],[90.41811,24.17742]]}},{"type":"Feature","properties":{"level":0},"geometry":{"type":"LineString","coordinates":[[91.64735,24.17831],[91.64815,24.15518],[91.63599,24.1366],[91.64252,24.11294],[91.639,24.10153],[91.61261,24.09051],[91.59657,24.09535],[91.59703,24.09252],[91.59278,24.09106],[91.59961,24.08274],[91.59486,24.08111],[91.59285,24.07365],[91.58697,24.0715],[91.57569,24.07875],[91.57359,24.07362],[91.55806,24.07631],[91.54673,24.07351],[91.51259,24.08432],[91.49888,24.08571],[91.49351,24.0889],[91.49583,24.09418],[91.48425,24.09451],[91.47396,24.10003],[91.46295,24.09462],[91.45602,24.09514],[91.45098,24.09975],[91.44337,24.09576],[91.44139,24.1012],[91.43171,24.09902],[91.42906,24.10793],[91.40779,24.10882]]}},{"type":"Feature","properties":{"level":3},"geometry":{"type":"LineString","coordinates":[[91.24699,24.08152],[91.24633,24.09501],[91.23848,24.10364],[91.22157,24.10739],[91.20855,24.10541],[91.21596,24.10866],[91.21297,24.11215],[91.1973,24.10782],[91.19666,24.10108],[91.20369,24.09482],[91.19697,24.0917],[91.19265,24.08496],[91.16745,24.09234],[91.16074,24.10826],[91.16074,24.11719],[91.14325,24.12924],[91.14133,24.14029],[91.12859,24.13943],[91.12119,24.14398],[91.11746,24.14209],[91.10872,24.14856],[91.1126,24.16205],[91.11764,24.16256],[91.12051,24.17017],[91.09425,24.16937],[91.09221,24.175],[91.08344,24.17971],[91.07492,24.17679],[91.07611,24.18282],[91.07101,24.18071],[91.07372,24.16587],[91.07173,24.16263],[91.05994,24.16776],[91.0547,24.1761],[91.04205,24.17593],[91.0439,24.17996],[91.04056,24.18336],[91.03036,24.18221],[91.02587,24.18476]]}},{"type":"Feature","properties":{"level":1},"geometry":{"type":"LineString","coordinates":[[90.98448,24.16161],[90.99123,24.17028],[91.01983,24.18785]]}},{"type":"Feature","properties":{"level":3},"geometry":{"type":"LineString","coordinates":[[91.02587,24.18476],[91.01983,24.18785]]}},{"type":"Feature","properties":{"level":3},"geometry":{"type":"LineString","coordinates":[[90.79292,24.1017],[90.79109,24.10518],[90.79494,24.11079],[90.78993,24.11601],[90.78368,24.11322],[90.77985,24.11808],[90.77718,24.14578],[90.77076,24.15158],[90.76687,24.15129],[90.77067,24.16163],[90.76873,24.16557],[90.77289,24.16765],[90.77233,24.17357],[90.77703,24.16346],[90.78191,24.16343],[90.78167,24.15962],[90.78483,24.15989],[90.78573,24.16606],[90.80327,24.16895],[90.79863,24.17168],[90.8047,24.17627],[90.8021,24.17973],[90.80608,24.18495],[90.80474,24.18843]]}},{"type":"Feature","properties":{"level":2},"geometry":{"type":"LineString","coordinates":[[90.14844,24.03555],[90.15165,24.0537],[90.16341,24.05724],[90.15914,24.06646],[90.1795,24.07853],[90.18075,24.09214],[90.17442,24.09941],[90.17496,24.11053],[90.18104,24.10839],[90.18644,24.09944],[90.19706,24.10139],[90.20198,24.09523],[90.21136,24.09608],[90.21494,24.10119],[90.23339,24.10736],[90.23193,24.11533],[90.21997,24.12696],[90.22092,24.14378],[90.2272,24.15137],[90.2271,24.16336],[90.24587,24.18482],[90.25177,24.18736],[90.25246,24.1917]]}},{"type":"Feature","properties":{"level":2},"geometry":{"type":"LineString","coordinates":[[90.82051,24.17323],[90.81813,24.1779],[90.81151,24.18071],[90.80652,24.19178]]}},{"type":"Feature","properties":{"level":2},"geometry":{"type":"LineString","coordinates":[[90.80652,24.19178],[90.80474,24.18843]]}},{"type":"Feature","properties":{"level":3},"geometry":{"type":"LineString","coordinates":[[90.11568,24.18661],[90.1153,24.18287],[90.12391,24.18363],[90.12093,24.17993],[90.11615,24.18066],[90.11833,24.17631],[90.11484,24.17265],[90.10732,24.16946],[90.10059,24.17462],[90.10272,24.17265],[90.10068,24.16925],[90.09276,24.16515],[90.08901,24.16522],[90.08237,24.17355],[90.08087,24.18018],[90.06434,24.17994],[90.06169,24.17726],[90.06293,24.1701],[90.05971,24.16976],[90.05616,24.17846],[90.05771,24.18472],[90.05325,24.19332],[90.04586,24.19156],[90.04646,24.18022],[90.03502,24.17438],[90.02883,24.17928],[90.02586,24.17332]]}},{"type":"Feature","properties":{"level":2},"geometry":{"type":"LineString","coordinates":[[89.19194,24.19732],[89.19025,24.197]]}},{"type":"Feature","properties":{"level":3},"geometry":{"type":"LineString","coordinates":[[89.19194,24.19732],[89.19388,24.19049],[89.20424,24.18987],[89.19875,24.18015],[89.20038,24.17113],[89.20919,24.16944],[89.20996,24.17228],[89.21387,24.17185],[89.21122,24.16968],[89.21406,24.16743],[89.2126,24.16379],[89.21658,24.16206],[89.21905,24.15248],[89.21713,24.15077],[89.21944,24.14911],[89.22254,24.15769],[89.22842,24.16202],[89.22168,24.16525],[89.22293,24.16919],[89.24136,24.16589],[89.24276,24.15366],[89.23879,24.14607],[89.24021,24.14279],[89.24322,24.14359],[89.24078,24.1377],[89.25199,24.14795],[89.26114,24.15045],[89.26666,24.14674],[89.26517,24.14131],[89.26849,24.13871],[89.27081,24.12711],[89.28209,24.1183],[89.27992,24.11244],[89.28703,24.10787],[89.30337,24.10786],[89.31071,24.1127],[89.3119,24.11698],[89.3205,24.11957],[89.32631,24.10977],[89.32371,24.10539],[89.3288,24.10767],[89.33598,24.102],[89.34064,24.10694],[89.34324,24.10392],[89.34541,24.10663],[89.35369,24.10626],[89.35953,24.11153],[89.35612,24.11362],[89.35823,24.12148],[89.36428,24.12078]]}},{"type":"Feature","properties":{"level":2},"geometry":{"type":"LineString","coordinates":[[89.19025,24.197],[89.17934,24.19708],[89.16201,24.17167]]}},{"type":"Feature","properties":{"level":2},"geometry":{"type":"LineString","coordinates":[[89.51562,24.19846],[89.5277,24.19306],[89.52831,24.1889],[89.51912,24.18375],[89.52101,24.17599],[89.53481,24.17278],[89.53882,24.16728],[89.53696,24.16367],[89.52738,24.16591],[89.53183,24.15448],[89.5256,24.1543],[89.52284,24.14896],[89.52795,24.14704],[89.52902,24.14267]]}},{"type":"Feature","properties":{"level":1},"geometry":{"type":"LineString","coordinates":[[88.74678,24.20032],[88.75806,24.19254],[88.77134,24.16885],[88.77364,24.1703],[88.78216,24.16164],[88.77512,24.15326],[88.79517,24.14033],[88.8,24.13257],[88.82119,24.12558],[88.83688,24.12638],[88.84506,24.13123],[88.85717,24.12101],[88.85772,24.11407],[88.86167,24.11704]]}},{"type":"Feature","properties":{"level":3},"geometry":{"type":"LineString","coordinates":[[90.02586,24.17332],[90.01391,24.18391],[90.01086,24.183],[90.01231,24.1799],[90.00387,24.18226],[90.0043,24.17752],[89.99809,24.17887],[89.99196,24.186],[89.97915,24.17851],[89.97909,24.19133],[89.98598,24.19716],[89.97744,24.19709],[89.97409,24.20595]]}},{"type":"Feature","properties":{"level":1},"geometry":{"type":"LineString","coordinates":[[91.01983,24.18785],[91.03835,24.21311],[91.04405,24.21486]]}},{"type":"Feature","properties":{"level":2},"geometry":{"type":"LineString","coordinates":[[89.46759,24.21448],[89.46973,24.20385],[89.48991,24.20173],[89.49044,24.21323],[89.49555,24.21492],[89.50346,24.21128],[89.50154,24.21296],[89.50448,24.21567],[89.5113,24.20374],[89.50979,24.20184],[89.51562,24.19846]]}},{"type":"Feature","properties":{"level":3},"geometry":{"type":"LineString","coordinates":[[90.83747,24.21604],[90.84144,24.20362],[90.82601,24.18717],[90.82051,24.17323]]}},{"type":"Feature","properties":{"level":3},"geometry":{"type":"LineString","coordinates":[[90.96105,24.16044],[90.95657,24.16505],[90.95407,24.17677],[90.94532,24.17924],[90.9487,24.1822],[90.94703,24.18419],[90.93847,24.17893],[90.93645,24.17261],[90.93427,24.17518],[90.92616,24.17389],[90.92128,24.17795],[90.92349,24.19064],[90.90984,24.19426],[90.90727,24.1988],[90.89727,24.19798],[90.88865,24.1902],[90.8831,24.19204],[90.88272,24.20064],[90.87021,24.19647],[90.8668,24.20032],[90.85902,24.19709],[90.84155,24.21654]]}},{"type":"Feature","properties":{"level":3},"geometry":{"type":"LineString","coordinates":[[89.46759,24.21448],[89.45114,24.21752],[89.44049,24.21506],[89.4411,24.20476],[89.43322,24.19817],[89.4255,24.20632],[89.42782,24.2107],[89.4239,24.21617]]}},{"type":"Feature","properties":{"level":3},"geometry":{"type":"LineString","coordinates":[[90.84155,24.21654],[90.83747,24.21604]]}},{"type":"Feature","properties":{"level":3},"geometry":{"type":"LineString","coordinates":[[89.4239,24.21617],[89.42079,24.21931],[89.41776,24.21783],[89.41861,24.20904],[89.40959,24.20159],[89.41066,24.19266],[89.40326,24.19137],[89.39988,24.18259],[89.40163,24.18095],[89.398,24.1731],[89.40294,24.16822],[89.40104,24.16276],[89.39666,24.16457],[89.39891,24.15859],[89.40292,24.16002],[89.41062,24.15547],[89.40899,24.15058],[89.40058,24.14864],[89.40311,24.13916],[89.39354,24.13741],[89.39303,24.15315],[89.3882,24.15582],[89.38348,24.15386],[89.37347,24.16333]]}},{"type":"Feature","properties":{"level":3},"geometry":{"type":"LineString","coordinates":[[90.20821,24.21777],[90.22278,24.21886],[90.22158,24.21273],[90.21631,24.21241],[90.2173,24.20611],[90.22589,24.20494],[90.23242,24.20028],[90.23832,24.20122],[90.24011,24.1817],[90.2444,24.18793],[90.25246,24.1917]]}},{"type":"Feature","properties":{"level":0},"geometry":{"type":"LineString","coordinates":[[88.73445,23.96292],[88.73832,23.9831],[88.74936,23.98512],[88.76761,23.98161],[88.76811,23.98507],[88.76187,23.99585],[88.76265,24.00358],[88.7585,24.00609],[88.74611,24.00573],[88.73591,23.99575],[88.72848,23.99654],[88.73469,24.02251],[88.74214,24.03329],[88.72383,24.04302],[88.72421,24.04797],[88.73651,24.04864],[88.72958,24.05003],[88.72679,24.05417],[88.73753,24.06182],[88.73386,24.06621],[88.72746,24.06478],[88.72342,24.06917],[88.72866,24.09946],[88.72045,24.1041],[88.70098,24.09436],[88.7007,24.10749],[88.69413,24.111],[88.6985,24.12008],[88.70787,24.11912],[88.74645,24.14695],[88.74092,24.16204],[88.73125,24.17261],[88.73478,24.21947]]}},{"type":"Feature","properties":{"level":1},"geometry":{"type":"LineString","coordinates":[[88.73478,24.21947],[88.74678,24.20032]]}},{"type":"Feature","properties":{"level":3},"geometry":{"type":"LineString","coordinates":[[90.11568,24.18661],[90.13257,24.20211],[90.15353,24.20187],[90.16981,24.21],[90.20344,24.21203],[90.20445,24.21909],[90.20641,24.22075],[90.20821,24.21777]]}},{"type":"Feature","properties":{"level":3},"geometry":{"type":"LineString","coordinates":[[89.94748,24.22474],[89.94835,24.21763],[89.95203,24.21518],[89.94705,24.20076],[89.94985,24.19845],[89.96263,24.20816],[89.97409,24.20595]]}},{"type":"Feature","properties":{"level":0},"geometry":{"type":"LineString","coordinates":[[88.73478,24.21947],[88.73632,24.22814]]}},{"type":"Feature","properties":{"level":3},"geometry":{"type":"LineString","coordinates":[[89.85421,24.15737],[89.85289,24.16],[89.8595,24.15674],[89.8624,24.15892],[89.86114,24.16752],[89.86704,24.17176],[89.89757,24.16643],[89.88897,24.18404],[89.89885,24.21436],[89.91202,24.21918],[89.92685,24.2133],[89.92471,24.21927],[89.92779,24.22388],[89.94096,24.23099],[89.94713,24.2305],[89.94748,24.22474]]}},{"type":"Feature","properties":{"level":3},"geometry":{"type":"LineString","coordinates":[[89.67924,24.05847],[89.68996,24.06794],[89.68762,24.07202],[89.70914,24.07854],[89.70955,24.08889],[89.7134,24.08752],[89.71415,24.08111],[89.71865,24.08166],[89.72496,24.09418],[89.73908,24.09325],[89.74822,24.10676],[89.75987,24.10384],[89.76495,24.11199],[89.74186,24.12271],[89.74143,24.11817],[89.73808,24.1189],[89.74054,24.12311],[89.7366,24.12965],[89.72219,24.13167],[89.71271,24.14073],[89.717,24.15143],[89.72546,24.15381],[89.72378,24.16501],[89.73232,24.16664],[89.72967,24.17579],[89.72079,24.18372],[89.72137,24.18992],[89.71697,24.19092],[89.71617,24.19756],[89.71193,24.19933],[89.71073,24.20554],[89.7149,24.2073],[89.70698,24.21321],[89.70897,24.22125],[89.70204,24.22599],[89.69721,24.22379],[89.69697,24.23098]]}},{"type":"Feature","properties":{"level":3},"geometry":{"type":"LineString","coordinates":[[89.69697,24.23098],[89.68961,24.22728],[89.68025,24.23416],[89.67623,24.22987],[89.67508,24.23334],[89.65703,24.23458],[89.6547,24.22531],[89.64948,24.22108],[89.6532,24.22029],[89.65043,24.21442],[89.64631,24.21542],[89.64762,24.22184],[89.64404,24.23152],[89.63225,24.23215],[89.6306,24.23926],[89.61986,24.23829]]}},{"type":"Feature","properties":{"level":2},"geometry":{"type":"LineString","coordinates":[[90.68245,24.24397],[90.68565,24.23564],[90.67373,24.22506],[90.67274,24.20647],[90.68719,24.19023],[90.68989,24.18146],[90.68505,24.16302],[90.68771,24.15694],[90.68636,24.1498],[90.69668,24.13864],[90.68621,24.12946],[90.6775,24.11393],[90.68696,24.11049],[90.69765,24.11449],[90.70297,24.11084],[90.70486,24.10397],[90.69508,24.09757],[90.66872,24.09816],[90.65657,24.09236],[90.64857,24.09693],[90.64326,24.10667],[90.64131,24.07949],[90.63738,24.07273]]}},{"type":"Feature","properties":{"level":2},"geometry":{"type":"LineString","coordinates":[[90.72119,24.23903],[90.70863,24.2359],[90.68245,24.24397]]}},{"type":"Feature","properties":{"level":3},"geometry":{"type":"LineString","coordinates":[[90.30349,24.24407],[90.3048,24.24568],[90.30911,24.23839],[90.31422,24.23643],[90.31212,24.23144],[90.31642,24.22833],[90.31517,24.22272],[90.32133,24.21948],[90.32027,24.21301],[90.32376,24.21164],[90.32161,24.20722],[90.32525,24.20625],[90.32713,24.19983],[90.33209,24.19875],[90.33253,24.19523],[90.32814,24.19196],[90.33469,24.18538],[90.33643,24.17398],[90.34089,24.17483],[90.34937,24.16162],[90.35668,24.1602]]}},{"type":"Feature","properties":{"level":0},"geometry":{"type":"LineString","coordinates":[[91.78177,24.22676],[91.74615,24.24731],[91.75888,24.14148],[91.7389,24.14198],[91.73627,24.14588],[91.72737,24.14387],[91.72113,24.15214],[91.7065,24.15444],[91.70347,24.16325],[91.69278,24.15986],[91.68573,24.16525],[91.68062,24.17706],[91.68008,24.19335],[91.6681,24.20918],[91.66916,24.22728],[91.66637,24.23279],[91.66496,24.22857],[91.65953,24.22794],[91.654,24.22016],[91.64893,24.21899],[91.64771,24.21452],[91.65284,24.20601],[91.65322,24.19602],[91.65894,24.19487],[91.6597,24.1896],[91.65579,24.17605],[91.64735,24.17831]]}},{"type":"Feature","properties":{"level":2},"geometry":{"type":"LineString","coordinates":[[90.25246,24.1917],[90.25216,24.19658],[90.25847,24.19836],[90.26822,24.20779],[90.26941,24.21362],[90.29291,24.22356],[90.29158,24.23907],[90.30107,24.24987]]}},{"type":"Feature","properties":{"level":3},"geometry":{"type":"LineString","coordinates":[[90.30107,24.24987],[90.30349,24.24407]]}},{"type":"Feature","properties":{"level":3},"geometry":{"type":"LineString","coordinates":[[89.5929,24.2521],[89.59431,24.24437],[89.59772,24.24674],[89.60483,24.24389],[89.60516,24.23581],[89.61226,24.23312],[89.61986,24.23829]]}},{"type":"Feature","properties":{"level":2},"geometry":{"type":"LineString","coordinates":[[90.80474,24.18843],[90.79725,24.18889],[90.78652,24.19614],[90.7923,24.22229],[90.78141,24.23117],[90.78264,24.23884],[90.77996,24.24484],[90.76999,24.2521],[90.75107,24.24971],[90.73563,24.23992],[90.72119,24.23903]]}},{"type":"Feature","properties":{"level":2},"geometry":{"type":"LineString","coordinates":[[88.86167,24.11704],[88.87316,24.13378],[88.88365,24.13305],[88.89234,24.15217],[88.9028,24.15477],[88.89404,24.15448],[88.89337,24.15791],[88.89709,24.16069],[88.89509,24.16438],[88.88254,24.16307],[88.8775,24.16669],[88.86834,24.16716],[88.86719,24.16459],[88.86174,24.1673],[88.86448,24.17445],[88.87013,24.1758],[88.87362,24.1826],[88.86747,24.18748],[88.87496,24.19227],[88.87632,24.19946],[88.87624,24.20366],[88.87061,24.20556],[88.8715,24.21008],[88.86859,24.21173],[88.87344,24.2134],[88.87454,24.21729],[88.87131,24.22679],[88.87471,24.23734],[88.87918,24.23836],[88.87807,24.23032],[88.88099,24.22867],[88.89799,24.23295],[88.9013,24.24308],[88.90783,24.24033],[88.91724,24.24491],[88.91841,24.25457]]}},{"type":"Feature","properties":{"level":3},"geometry":{"type":"LineString","coordinates":[[91.40779,24.10882],[91.40729,24.11837],[91.38359,24.1608],[91.37226,24.19096],[91.37175,24.2055],[91.37667,24.22691],[91.37232,24.23303],[91.37909,24.24511],[91.38063,24.25548]]}},{"type":"Feature","properties":{"level":2},"geometry":{"type":"LineString","coordinates":[[90.6513,24.26089],[90.6561,24.25352],[90.68245,24.24397]]}},{"type":"Feature","properties":{"level":1},"geometry":{"type":"LineString","coordinates":[[91.04405,24.21486],[91.07557,24.21511],[91.0901,24.21117],[91.08986,24.21946],[91.07875,24.22808],[91.08492,24.24035],[91.13955,24.24429],[91.14763,24.2477],[91.15429,24.25633],[91.17528,24.26552]]}},{"type":"Feature","properties":{"level":1},"geometry":{"type":"LineString","coordinates":[[91.32177,24.26566],[91.32554,24.26169],[91.32636,24.25186],[91.32899,24.25156],[91.32401,24.23114],[91.31459,24.23196],[91.3148,24.22868],[91.30762,24.22734],[91.30571,24.22144],[91.30085,24.22484],[91.29761,24.21441],[91.291,24.21512],[91.28947,24.21991],[91.28528,24.21918],[91.28435,24.20978],[91.27929,24.20972],[91.2806,24.20721],[91.27505,24.20488],[91.27701,24.20038],[91.28639,24.19646],[91.29766,24.19916],[91.29968,24.20348],[91.30548,24.20042],[91.30528,24.20446],[91.31316,24.20529],[91.31507,24.18912],[91.31362,24.18542],[91.30978,24.19202],[91.30612,24.1922],[91.29839,24.18715],[91.28506,24.18755],[91.2846,24.18226],[91.27743,24.18267],[91.27574,24.15852],[91.26854,24.15966],[91.26822,24.14943],[91.26195,24.14815],[91.26194,24.14344],[91.27097,24.14285],[91.27112,24.12471],[91.29347,24.11947],[91.28862,24.11689],[91.28394,24.11852],[91.28408,24.11201],[91.26953,24.11279],[91.268,24.09523]]}},{"type":"Feature","properties":{"level":3},"geometry":{"type":"LineString","coordinates":[[89.51562,24.19846],[89.51549,24.20214],[89.52532,24.20911],[89.51442,24.22572],[89.52641,24.23944],[89.53245,24.23709],[89.53589,24.24097],[89.54324,24.23932],[89.54284,24.24392],[89.55123,24.24298],[89.54664,24.24997],[89.54841,24.25221],[89.56508,24.24929],[89.57117,24.25551],[89.58769,24.25226],[89.59682,24.26762],[89.59814,24.26372],[89.5929,24.2521]]}},{"type":"Feature","properties":{"level":1},"geometry":{"type":"LineString","coordinates":[[91.31285,24.26812],[91.32177,24.26566]]}},{"type":"Feature","properties":{"level":3},"geometry":{"type":"LineString","coordinates":[[91.33957,24.26838],[91.34601,24.26679],[91.34666,24.26038],[91.37209,24.26285],[91.37347,24.26814],[91.37694,24.26232],[91.37612,24.25667],[91.38063,24.25548]]}},{"type":"Feature","properties":{"level":3},"geometry":{"type":"LineString","coordinates":[[90.4989,24.03662],[90.49741,24.05027],[90.50069,24.0615],[90.49654,24.06564],[90.49679,24.07251],[90.50662,24.08645],[90.51565,24.08593],[90.5221,24.09077],[90.51778,24.09264],[90.5151,24.10049],[90.52229,24.11023],[90.51648,24.12896],[90.53698,24.13174],[90.54074,24.13471],[90.54409,24.14031],[90.54216,24.14648],[90.55342,24.16089],[90.5528,24.17031],[90.54088,24.18123],[90.54118,24.20237],[90.54904,24.22045],[90.54354,24.22835],[90.54225,24.23699],[90.52855,24.23896],[90.52521,24.24388],[90.52875,24.25599],[90.54455,24.26863]]}},{"type":"Feature","properties":{"level":1},"geometry":{"type":"LineString","coordinates":[[90.63391,24.26881],[90.64047,24.263],[90.6513,24.26089]]}},{"type":"Feature","properties":{"level":1},"geometry":{"type":"LineString","coordinates":[[91.17528,24.26552],[91.17918,24.25711],[91.19622,24.24017],[91.20481,24.23996],[91.20744,24.23693],[91.21193,24.23992],[91.21582,24.23689],[91.22203,24.23832],[91.2213,24.23453],[91.22759,24.23825],[91.23029,24.23401],[91.23869,24.23363],[91.23771,24.23102],[91.24364,24.23253],[91.26861,24.22419],[91.2684,24.22753],[91.27135,24.22474],[91.27313,24.22826],[91.27413,24.2251],[91.28187,24.22737],[91.28702,24.22515],[91.28727,24.23054],[91.2816,24.23193],[91.28638,24.24106],[91.28504,24.24543],[91.30131,24.26595],[91.31285,24.26812]]}},{"type":"Feature","properties":{"level":3},"geometry":{"type":"LineString","coordinates":[[91.33855,24.26974],[91.33014,24.26791],[91.33003,24.26543],[91.32177,24.26566]]}},{"type":"Feature","properties":{"level":3},"geometry":{"type":"LineString","coordinates":[[91.33855,24.26974],[91.33957,24.26838]]}},{"type":"Feature","properties":{"level":1},"geometry":{"type":"LineString","coordinates":[[90.54455,24.26863],[90.57732,24.24765],[90.61074,24.26811],[90.62287,24.27159],[90.63391,24.26881]]}},{"type":"Feature","properties":{"level":3},"geometry":{"type":"LineString","coordinates":[[91.38063,24.25548],[91.38464,24.27119],[91.393,24.27063],[91.39488,24.26564],[91.41424,24.25064],[91.41406,24.24425],[91.4175,24.24361],[91.4222,24.24999],[91.44758,24.25178],[91.45006,24.25499],[91.44698,24.26116],[91.46779,24.26625],[91.46993,24.27402],[91.47282,24.2739]]}},{"type":"Feature","properties":{"level":1},"geometry":{"type":"LineString","coordinates":[[89.80198,24.17386],[89.78672,24.2379],[89.78645,24.24972],[89.79255,24.27488]]}},{"type":"Feature","properties":{"level":3},"geometry":{"type":"LineString","coordinates":[[91.47282,24.2739],[91.48044,24.27053],[91.48599,24.27549]]}},{"type":"Feature","properties":{"level":2},"geometry":{"type":"LineString","coordinates":[[90.30107,24.24987],[90.30406,24.25544],[90.30118,24.26186],[90.305,24.26692],[90.29988,24.2685],[90.30078,24.27156],[90.29354,24.2783]]}},{"type":"Feature","properties":{"level":3},"geometry":{"type":"LineString","coordinates":[[90.83747,24.21604],[90.83162,24.21384],[90.82503,24.21815],[90.82252,24.23715],[90.82882,24.23984],[90.83135,24.25065],[90.84076,24.25226],[90.84472,24.25659],[90.85588,24.25089],[90.86386,24.25098],[90.86191,24.25886],[90.87081,24.26048],[90.86324,24.27484],[90.8668,24.27202],[90.86521,24.27754],[90.87402,24.28018],[90.876,24.27748]]}},{"type":"Feature","properties":{"level":2},"geometry":{"type":"LineString","coordinates":[[91.61381,24.28192],[91.62101,24.26584],[91.62032,24.2547],[91.61415,24.24868],[91.62042,24.24649],[91.61914,24.23301],[91.62486,24.22914],[91.62818,24.215],[91.63523,24.21024],[91.63527,24.19965],[91.6416,24.19878],[91.64286,24.19261],[91.6472,24.19053],[91.64735,24.17831]]}},{"type":"Feature","properties":{"level":3},"geometry":{"type":"LineString","coordinates":[[89.10578,24.16113],[89.1069,24.17927],[89.11299,24.19828],[89.10723,24.19967],[89.10422,24.21086],[89.09835,24.21496],[89.10358,24.22003],[89.10251,24.2285],[89.10878,24.23443],[89.1087,24.23902],[89.11641,24.23914],[89.11829,24.24195],[89.11401,24.2427],[89.11018,24.25145],[89.0982,24.25519],[89.10754,24.26336],[89.1097,24.2723],[89.10418,24.27531],[89.08833,24.27153],[89.08859,24.25865],[89.07245,24.24992],[89.06527,24.25731],[89.06177,24.2572],[89.0608,24.25103],[89.05644,24.25587],[89.0515,24.25434],[89.04691,24.25813],[89.03308,24.24805],[89.02066,24.26218],[89.03036,24.27122],[89.0285,24.28287]]}},{"type":"Feature","properties":{"level":3},"geometry":{"type":"LineString","coordinates":[[91.61244,24.28388],[91.59863,24.28037],[91.57848,24.28303],[91.56245,24.28034],[91.56189,24.27774],[91.55536,24.27774],[91.5511,24.28123],[91.54929,24.27838],[91.54294,24.28034],[91.53092,24.27524],[91.52734,24.27653],[91.52567,24.27013],[91.52906,24.26291],[91.52681,24.25615],[91.51808,24.25917],[91.51897,24.26635],[91.5104,24.2733],[91.50595,24.26925],[91.5121,24.26523],[91.50583,24.26264],[91.49615,24.27152],[91.48778,24.26779],[91.48599,24.27549]]}},{"type":"Feature","properties":{"level":2},"geometry":{"type":"LineString","coordinates":[[91.61244,24.28388],[91.61381,24.28192]]}},{"type":"Feature","properties":{"level":3},"geometry":{"type":"LineString","coordinates":[[89.79255,24.27488],[89.76897,24.28614],[89.76045,24.28727],[89.76004,24.28118],[89.75246,24.2783],[89.74274,24.26393],[89.72958,24.26136],[89.72947,24.2582],[89.71533,24.25758],[89.70605,24.2502],[89.7021,24.25181],[89.70074,24.24342],[89.69091,24.24066],[89.69697,24.23098]]}},{"type":"Feature","properties":{"level":3},"geometry":{"type":"LineString","coordinates":[[90.876,24.27748],[90.89114,24.27323],[90.89283,24.25932],[90.90426,24.25897],[90.89926,24.25176],[90.90964,24.25538],[90.92665,24.27371],[90.93004,24.26753],[90.92512,24.25899],[90.93213,24.26039],[90.94944,24.25645],[90.9558,24.25951],[90.96342,24.25287],[90.97317,24.25339],[90.98416,24.26181],[91.00245,24.26192],[91.00706,24.27204],[90.99692,24.27747],[91.00443,24.28481],[91.01419,24.28462],[91.01539,24.28996]]}},{"type":"Feature","properties":{"level":3},"geometry":{"type":"LineString","coordinates":[[89.0285,24.28287],[89.01644,24.27861],[89.00708,24.2702],[88.98381,24.27479],[88.97084,24.29032]]}},{"type":"Feature","properties":{"level":3},"geometry":{"type":"LineString","coordinates":[[89.97409,24.20595],[89.97046,24.21762],[89.98451,24.21832],[89.98525,24.23408],[89.98227,24.2367],[89.98577,24.25068],[89.97812,24.25903],[89.98203,24.26667],[89.96551,24.28259],[89.9727,24.27688],[89.97771,24.2806],[89.97005,24.28326],[89.97047,24.29041]]}},{"type":"Feature","properties":{"level":3},"geometry":{"type":"LineString","coordinates":[[91.04405,24.21486],[91.04047,24.21811],[91.05211,24.24589],[91.0496,24.25652],[91.04071,24.26691],[91.03926,24.29033],[91.0354,24.29225]]}},{"type":"Feature","properties":{"level":3},"geometry":{"type":"LineString","coordinates":[[91.0354,24.29225],[91.02517,24.29221],[91.02264,24.28722],[91.02229,24.29015],[91.01539,24.28996]]}},{"type":"Feature","properties":{"level":3},"geometry":{"type":"LineString","coordinates":[[88.97084,24.29032],[88.96345,24.29337],[88.95051,24.29025],[88.94717,24.28882],[88.9506,24.28461],[88.94722,24.28003],[88.9376,24.2805],[88.94201,24.26132],[88.93405,24.24672],[88.92497,24.24899],[88.92226,24.25517],[88.91841,24.25457]]}},{"type":"Feature","properties":{"level":3},"geometry":{"type":"LineString","coordinates":[[91.47282,24.2739],[91.47081,24.2827],[91.47544,24.28545],[91.47442,24.29103],[91.46306,24.29037],[91.46075,24.29275],[91.45539,24.2901],[91.45427,24.29633],[91.45026,24.29879],[91.45282,24.29237],[91.44706,24.29256],[91.43738,24.28652],[91.4317,24.28732],[91.42962,24.28408],[91.42543,24.28588],[91.42609,24.2898],[91.41158,24.28865],[91.40804,24.29491],[91.39629,24.29293],[91.39505,24.28625],[91.38773,24.28363],[91.38331,24.28805],[91.37745,24.28599],[91.38007,24.29308]]}},{"type":"Feature","properties":{"level":3},"geometry":{"type":"LineString","coordinates":[[91.33874,24.30226],[91.33666,24.29573],[91.34112,24.28952],[91.34133,24.28004],[91.33855,24.26974]]}},{"type":"Feature","properties":{"level":3},"geometry":{"type":"LineString","coordinates":[[91.38007,24.29308],[91.38408,24.29468],[91.38401,24.29822],[91.37925,24.302],[91.37551,24.30022],[91.37765,24.29359],[91.37299,24.29061],[91.36319,24.29563],[91.34874,24.29102],[91.33874,24.30226]]}},{"type":"Feature","properties":{"level":3},"geometry":{"type":"LineString","coordinates":[[90.05865,24.30286],[90.05785,24.29913],[90.06217,24.30035],[90.06289,24.29804],[90.05936,24.29469],[90.06049,24.28968],[90.06444,24.29381],[90.0714,24.29178],[90.0673,24.2958],[90.06776,24.30024],[90.07184,24.29538],[90.07545,24.297],[90.0752,24.29157],[90.06725,24.28757],[90.06794,24.27993],[90.07982,24.28845],[90.08112,24.28356],[90.08456,24.28498],[90.08128,24.27874],[90.08746,24.28089],[90.0851,24.27457],[90.08174,24.27662],[90.07926,24.26688],[90.0898,24.26895],[90.07573,24.26434],[90.08169,24.26218],[90.08085,24.25972],[90.08681,24.26094],[90.08507,24.2518],[90.09026,24.25686],[90.0949,24.25445],[90.09861,24.25929],[90.10002,24.2571],[90.09583,24.25101],[90.10081,24.25433],[90.10295,24.24827],[90.10561,24.24891],[90.09899,24.24684],[90.1056,24.24389],[90.1039,24.24002],[90.10117,24.24114],[90.10142,24.23771],[90.09906,24.2427],[90.09615,24.24182],[90.10463,24.23686],[90.10344,24.23326],[90.09945,24.23632],[90.0897,24.23179],[90.09355,24.22898],[90.09288,24.22524],[90.09649,24.22929],[90.09885,24.22731],[90.09089,24.22235],[90.09701,24.22112],[90.09094,24.21638],[90.09829,24.21843],[90.09821,24.21242],[90.1019,24.21533],[90.10261,24.21193],[90.10764,24.21046],[90.10643,24.20767],[90.1095,24.20778],[90.10857,24.20281],[90.1117,24.20574],[90.11378,24.20381],[90.10546,24.19615],[90.10993,24.19726],[90.11703,24.19161],[90.11568,24.18661]]}},{"type":"Feature","properties":{"level":3},"geometry":{"type":"LineString","coordinates":[[88.73632,24.22814],[88.74491,24.23404],[88.75595,24.23268],[88.76175,24.24066],[88.78868,24.23145],[88.80376,24.23413],[88.80244,24.23763],[88.80528,24.23977],[88.81764,24.22908],[88.82518,24.2285],[88.82483,24.23819],[88.83267,24.24002],[88.83463,24.24931],[88.84103,24.25057],[88.84175,24.26362],[88.8389,24.26803],[88.84119,24.27152],[88.83477,24.27287],[88.83496,24.27901],[88.8419,24.28317],[88.85506,24.28311],[88.86087,24.29317],[88.86018,24.30333]]}},{"type":"Feature","properties":{"level":3},"geometry":{"type":"LineString","coordinates":[[89.61986,24.23829],[89.61728,24.24065],[89.61646,24.26554],[89.62339,24.27243],[89.62778,24.26933],[89.63326,24.2716],[89.63358,24.28789],[89.63554,24.2917],[89.64009,24.28949],[89.64133,24.29155],[89.63621,24.2934],[89.63738,24.29651],[89.63221,24.2967],[89.63239,24.30657]]}},{"type":"Feature","properties":{"level":3},"geometry":{"type":"LineString","coordinates":[[89.97047,24.29041],[89.98021,24.29425],[89.99157,24.28572],[90.0077,24.29497],[90.00717,24.30152],[90.01114,24.30297],[90.03603,24.2915],[90.04082,24.2952],[90.04438,24.30574],[90.05087,24.31027],[90.05865,24.30286]]}},{"type":"Feature","properties":{"level":2},"geometry":{"type":"LineString","coordinates":[[88.91841,24.25457],[88.91687,24.25936],[88.90883,24.2612],[88.90495,24.27183],[88.90171,24.27278],[88.90418,24.29214],[88.88695,24.29517],[88.87875,24.2929],[88.87369,24.31078],[88.86524,24.31476]]}},{"type":"Feature","properties":{"level":1},"geometry":{"type":"LineString","coordinates":[[90.49609,24.31529],[90.51385,24.31178],[90.52319,24.30423],[90.52949,24.30329],[90.52072,24.28797],[90.5469,24.27474],[90.54455,24.26863]]}},{"type":"Feature","properties":{"level":2},"geometry":{"type":"LineString","coordinates":[[88.86524,24.31476],[88.8577,24.30985],[88.86018,24.30333]]}},{"type":"Feature","properties":{"level":0},"geometry":{"type":"LineString","coordinates":[[88.73632,24.22814],[88.74059,24.25688],[88.73363,24.282],[88.72494,24.29727],[88.70477,24.31259],[88.69665,24.31543],[88.6757,24.31507]]}},{"type":"Feature","properties":{"level":3},"geometry":{"type":"LineString","coordinates":[[89.04385,24.3224],[89.03976,24.31423],[89.0422,24.30062],[89.03787,24.29013],[89.02658,24.29306],[89.03045,24.28439],[89.0285,24.28287]]}},{"type":"Feature","properties":{"level":2},"geometry":{"type":"LineString","coordinates":[[89.29061,24.32371],[89.28956,24.30331],[89.27944,24.3044],[89.27729,24.29443],[89.26963,24.29651],[89.2659,24.28587],[89.25599,24.27344],[89.24284,24.27553],[89.23931,24.26709],[89.23419,24.26599],[89.23451,24.25728],[89.24124,24.25692],[89.24083,24.24502],[89.23887,24.24067],[89.23337,24.24239],[89.22937,24.23351],[89.22158,24.23328],[89.22506,24.22356],[89.21814,24.21119],[89.21065,24.20503],[89.2036,24.20626],[89.19194,24.19732]]}},{"type":"Feature","properties":{"level":0},"geometry":{"type":"LineString","coordinates":[[91.92088,24.33655],[91.94005,24.2696],[91.91168,24.16993],[91.9147,24.16714],[91.91194,24.16426],[91.91382,24.15396],[91.90608,24.14531],[91.90552,24.13954],[91.89079,24.13721],[91.88426,24.13922],[91.87528,24.15608],[91.87373,24.17458],[91.86682,24.17703],[91.86157,24.18337],[91.85849,24.18119],[91.84818,24.18616],[91.84282,24.20176],[91.84958,24.204],[91.84939,24.20915],[91.85268,24.20891],[91.85072,24.21316],[91.85543,24.21258],[91.84656,24.21832],[91.85012,24.22153],[91.84322,24.22179],[91.84534,24.2263],[91.83885,24.22724],[91.83833,24.21947],[91.8328,24.21923],[91.82106,24.21039],[91.81371,24.21324],[91.80748,24.22121],[91.79307,24.22083],[91.78177,24.22676]]}},{"type":"Feature","properties":{"level":2},"geometry":{"type":"LineString","coordinates":[[89.39439,24.3378],[89.39636,24.33932]]}},{"type":"Feature","properties":{"level":2},"geometry":{"type":"LineString","coordinates":[[89.39636,24.33932],[89.40315,24.33424],[89.39962,24.32537],[89.40623,24.32186],[89.41851,24.3229],[89.42295,24.31999],[89.42011,24.31384],[89.42682,24.30949],[89.4251,24.3041],[89.42064,24.30495],[89.424,24.29636],[89.42097,24.2854],[89.42722,24.28065],[89.42506,24.27452],[89.43009,24.26899],[89.42444,24.25879],[89.42447,24.25145],[89.42876,24.251],[89.43167,24.25491],[89.43913,24.25416],[89.44119,24.26382],[89.44754,24.26494],[89.44855,24.27046],[89.46037,24.26373],[89.46354,24.25313],[89.45921,24.24153],[89.45502,24.23929],[89.45692,24.23614],[89.44579,24.23459],[89.45333,24.22851],[89.47098,24.23211],[89.47137,24.23441],[89.47496,24.23293],[89.47846,24.22417],[89.47334,24.21925],[89.46489,24.22269],[89.46759,24.21448]]}},{"type":"Feature","properties":{"level":2},"geometry":{"type":"LineString","coordinates":[[88.86018,24.30333],[88.85351,24.30345],[88.85369,24.31058],[88.84588,24.31937],[88.85057,24.32663],[88.84522,24.33932]]}},{"type":"Feature","properties":{"level":1},"geometry":{"type":"LineString","coordinates":[[89.79255,24.27488],[89.78949,24.29042],[89.77589,24.30531],[89.77443,24.33075],[89.76447,24.34021]]}},{"type":"Feature","properties":{"level":1},"geometry":{"type":"LineString","coordinates":[[90.45739,24.34042],[90.4641,24.33243],[90.47204,24.32914],[90.47487,24.32361],[90.48572,24.31959],[90.48916,24.31351],[90.49609,24.31529]]}},{"type":"Feature","properties":{"level":1},"geometry":{"type":"LineString","coordinates":[[90.29354,24.2783],[90.32374,24.29918],[90.3455,24.29316],[90.35386,24.30068],[90.35895,24.29976],[90.35835,24.2883],[90.36421,24.28109],[90.37812,24.28511],[90.38016,24.28997],[90.38743,24.28901],[90.39339,24.28034],[90.40263,24.28224],[90.41663,24.30343],[90.4222,24.30822],[90.42579,24.30481],[90.42862,24.30941],[90.42702,24.33175],[90.43003,24.33136],[90.43781,24.34012],[90.45739,24.34042]]}},{"type":"Feature","properties":{"level":3},"geometry":{"type":"LineString","coordinates":[[89.37347,24.16333],[89.36139,24.16786],[89.36531,24.17571],[89.35281,24.18442],[89.35435,24.18811],[89.36021,24.18772],[89.35878,24.20037],[89.3349,24.21426],[89.33956,24.22245],[89.33549,24.22645],[89.32322,24.22932],[89.32593,24.23755],[89.33623,24.24484],[89.33738,24.25469],[89.34879,24.25967],[89.34881,24.26228],[89.3605,24.25847],[89.36571,24.26755],[89.37534,24.27263],[89.38229,24.26864],[89.38967,24.27979],[89.39225,24.28869],[89.38659,24.29152],[89.38962,24.29715],[89.38557,24.30685],[89.38066,24.3099],[89.3827,24.31803],[89.37949,24.32595],[89.37583,24.32522],[89.3747,24.32914],[89.3834,24.34203]]}},{"type":"Feature","properties":{"level":2},"geometry":{"type":"LineString","coordinates":[[89.3834,24.34203],[89.39439,24.3378]]}},{"type":"Feature","properties":{"level":2},"geometry":{"type":"LineString","coordinates":[[88.84522,24.33932],[88.84598,24.34446],[88.85026,24.34675]]}},{"type":"Feature","properties":{"level":3},"geometry":{"type":"LineString","coordinates":[[90.72119,24.23903],[90.7202,24.2454],[90.7289,24.25322],[90.72228,24.26605],[90.72314,24.27342],[90.73182,24.27354],[90.73862,24.28569],[90.74306,24.28528],[90.74685,24.28028],[90.76113,24.29086],[90.75798,24.29411],[90.76281,24.30303],[90.76454,24.34702],[90.75676,24.34962]]}},{"type":"Feature","properties":{"level":2},"geometry":{"type":"LineString","coordinates":[[89.32046,24.35081],[89.31472,24.33817],[89.30315,24.33454],[89.30071,24.32754],[89.29063,24.3287],[89.29061,24.32371]]}},{"type":"Feature","properties":{"level":3},"geometry":{"type":"LineString","coordinates":[[89.04385,24.3224],[89.04673,24.32593],[89.04625,24.33724],[89.0585,24.34236],[89.0606,24.34913],[89.06831,24.3491],[89.07161,24.34563],[89.07957,24.35167]]}},{"type":"Feature","properties":{"level":2},"geometry":{"type":"LineString","coordinates":[[89.32046,24.35081],[89.3338,24.34855],[89.34021,24.35201],[89.35398,24.3484],[89.36678,24.35388],[89.38239,24.34522],[89.3834,24.34203]]}},{"type":"Feature","properties":{"level":3},"geometry":{"type":"LineString","coordinates":[[89.07957,24.35167],[89.08259,24.3507],[89.08726,24.35609],[89.0924,24.34967],[89.09669,24.35131],[89.09541,24.35535],[89.10012,24.35379],[89.09694,24.34821],[89.08123,24.34469],[89.08599,24.33814],[89.09521,24.33438],[89.11438,24.3458],[89.11891,24.34128],[89.13182,24.33823],[89.14679,24.33566],[89.15113,24.33904],[89.15728,24.33654],[89.15838,24.33929],[89.16419,24.33886],[89.16159,24.34734],[89.16485,24.3538],[89.17539,24.35021],[89.19166,24.35362],[89.19828,24.35151],[89.19669,24.34466],[89.20712,24.34192],[89.20962,24.33619],[89.2141,24.33707],[89.21424,24.33283],[89.22292,24.33355],[89.23426,24.32666],[89.23526,24.31568],[89.24343,24.31137],[89.24664,24.30515],[89.26672,24.30625],[89.27102,24.31469],[89.27039,24.32282],[89.2735,24.32309],[89.27677,24.33036],[89.29061,24.32371]]}},{"type":"Feature","properties":{"level":3},"geometry":{"type":"LineString","coordinates":[[89.97047,24.29041],[89.96809,24.29623],[89.96042,24.29853],[89.9554,24.29705],[89.95733,24.28675],[89.94458,24.28704],[89.94438,24.29097],[89.92998,24.30032],[89.92767,24.30909],[89.91727,24.30919],[89.91785,24.31904],[89.91148,24.32556],[89.89372,24.32594],[89.89091,24.33211],[89.8953,24.33327],[89.89895,24.34061],[89.89351,24.34913],[89.88528,24.34559],[89.885,24.34067],[89.88177,24.33941],[89.86706,24.34073],[89.86693,24.33544],[89.85118,24.34173],[89.83869,24.33619],[89.83443,24.34801],[89.82354,24.34663],[89.81911,24.35765],[89.80813,24.36235]]}},{"type":"Feature","properties":{"level":3},"geometry":{"type":"LineString","coordinates":[[89.80813,24.36235],[89.79926,24.35757],[89.80069,24.34037],[89.78675,24.33799],[89.76447,24.34021]]}},{"type":"Feature","properties":{"level":3},"geometry":{"type":"LineString","coordinates":[[88.96833,24.36364],[88.97202,24.36227],[88.97008,24.35694],[88.97396,24.3552],[88.98471,24.35901],[88.98426,24.36324],[88.98665,24.36275],[88.98652,24.35756],[88.98376,24.3566],[88.98596,24.351],[88.99292,24.34877],[88.99346,24.34405],[89.01011,24.33658],[89.01411,24.33849],[89.01479,24.33527],[89.02148,24.33223],[89.02859,24.33332],[89.04385,24.3224]]}},{"type":"Feature","properties":{"level":0},"geometry":{"type":"LineString","coordinates":[[88.6757,24.31507],[88.65931,24.3143],[88.65262,24.30506],[88.64886,24.31089],[88.62896,24.30509],[88.62387,24.31552],[88.60726,24.31517],[88.60577,24.31039],[88.5998,24.31083],[88.58841,24.31406],[88.58742,24.32442],[88.56805,24.32661],[88.55514,24.29354],[88.52703,24.34452],[88.50827,24.34269],[88.49528,24.35404],[88.48532,24.35553],[88.46923,24.36374]]}},{"type":"Feature","properties":{"level":3},"geometry":{"type":"LineString","coordinates":[[88.85026,24.34675],[88.85865,24.34086],[88.86614,24.35031],[88.86965,24.34231],[88.88349,24.34012],[88.89478,24.34859],[88.9051,24.34758],[88.90827,24.35092],[88.9069,24.35343],[88.91175,24.35664],[88.9116,24.34922],[88.92101,24.35276],[88.92909,24.34697],[88.93334,24.34976],[88.93577,24.34789],[88.93961,24.35982],[88.94601,24.36004],[88.94539,24.35641],[88.95398,24.35524],[88.96251,24.3596],[88.96357,24.36352],[88.96833,24.36364]]}},{"type":"Feature","properties":{"level":3},"geometry":{"type":"LineString","coordinates":[[88.6757,24.31507],[88.66861,24.34246],[88.67251,24.35013],[88.66688,24.35262],[88.67047,24.35652],[88.66669,24.36002],[88.66828,24.36413],[88.67702,24.36218],[88.68595,24.35491],[88.70403,24.35504]]}},{"type":"Feature","properties":{"level":3},"geometry":{"type":"LineString","coordinates":[[88.78298,24.36556],[88.78357,24.35762],[88.78701,24.35306],[88.79308,24.35187],[88.79184,24.34296],[88.79475,24.33926],[88.79808,24.34101],[88.80347,24.33757],[88.8052,24.34341],[88.81004,24.34448],[88.82009,24.34062],[88.82058,24.35139],[88.82537,24.35458],[88.82737,24.35043],[88.83658,24.35086],[88.83825,24.34189],[88.84522,24.33932]]}},{"type":"Feature","properties":{"level":3},"geometry":{"type":"LineString","coordinates":[[91.33874,24.30226],[91.33931,24.30992],[91.34614,24.32128],[91.34177,24.33839],[91.34604,24.34153],[91.34551,24.35451],[91.33755,24.34933],[91.32395,24.35274],[91.31859,24.35752],[91.31466,24.35703],[91.30946,24.36743]]}},{"type":"Feature","properties":{"level":3},"geometry":{"type":"LineString","coordinates":[[89.63239,24.30657],[89.64254,24.30579],[89.64295,24.3025],[89.6469,24.30193],[89.64963,24.3109],[89.65666,24.31387],[89.65627,24.31899],[89.65259,24.31948],[89.65464,24.32861],[89.66837,24.33281],[89.67359,24.3386],[89.67642,24.33323],[89.69508,24.35001],[89.68958,24.36373],[89.69553,24.36876]]}},{"type":"Feature","properties":{"level":1},"geometry":{"type":"LineString","coordinates":[[89.76447,24.34021],[89.75548,24.34623],[89.75308,24.353],[89.75575,24.36217],[89.7637,24.36953]]}},{"type":"Feature","properties":{"level":3},"geometry":{"type":"LineString","coordinates":[[91.01539,24.28996],[91.01622,24.3054],[91.0085,24.30619],[91.00656,24.31038],[91.01543,24.31878],[91.01541,24.32239],[91.00422,24.33891],[90.98829,24.34035],[90.98995,24.34636],[91.00195,24.36392],[91.01051,24.3615],[91.01268,24.35465],[91.02876,24.35079],[91.03105,24.36323],[91.04007,24.36439],[91.04059,24.36774],[91.04504,24.36889],[91.0452,24.3732]]}},{"type":"Feature","properties":{"level":3},"geometry":{"type":"LineString","coordinates":[[90.75676,24.34962],[90.77106,24.35079],[90.77022,24.36019],[90.78173,24.37394],[90.78744,24.36813],[90.78677,24.35943],[90.81177,24.36529],[90.82608,24.3504],[90.84051,24.36604],[90.85738,24.36426],[90.87156,24.37273]]}},{"type":"Feature","properties":{"level":3},"geometry":{"type":"LineString","coordinates":[[88.70403,24.35504],[88.70493,24.35162],[88.70904,24.35077],[88.71005,24.34464],[88.71584,24.34915],[88.72311,24.34456],[88.7224,24.33957],[88.73082,24.33759],[88.73184,24.33395],[88.73594,24.33398],[88.73846,24.33837],[88.73965,24.33333],[88.74952,24.34392],[88.74704,24.35163],[88.75256,24.35545],[88.75119,24.35867],[88.74246,24.3603],[88.74251,24.36285],[88.74975,24.36486],[88.75609,24.36162],[88.76586,24.3626],[88.76784,24.36599],[88.76484,24.36998],[88.76807,24.37071],[88.77141,24.36749],[88.77096,24.36106],[88.77427,24.36052],[88.78006,24.37413],[88.78298,24.36556]]}},{"type":"Feature","properties":{"level":1},"geometry":{"type":"LineString","coordinates":[[91.24165,24.37867],[91.23178,24.36722],[91.21997,24.36778],[91.21342,24.36109],[91.23615,24.33522],[91.23903,24.32467],[91.23691,24.31728],[91.19012,24.32303],[91.17474,24.32069],[91.17008,24.31614],[91.16,24.29444],[91.15866,24.28221],[91.189,24.29329],[91.19756,24.2934],[91.19839,24.29108],[91.1934,24.2777],[91.17528,24.26552]]}},{"type":"Feature","properties":{"level":3},"geometry":{"type":"LineString","coordinates":[[91.30946,24.36743],[91.29205,24.36763],[91.29005,24.35909],[91.27258,24.36155],[91.27253,24.35653],[91.25971,24.35307],[91.25699,24.35439],[91.25961,24.35813],[91.25342,24.36268],[91.24059,24.36586],[91.24044,24.36883],[91.24592,24.36965],[91.24594,24.37447],[91.24165,24.37867]]}},{"type":"Feature","properties":{"level":3},"geometry":{"type":"LineString","coordinates":[[89.72744,24.37849],[89.74264,24.37316],[89.73981,24.37237],[89.73903,24.35446],[89.74514,24.3553],[89.74673,24.37319],[89.75417,24.36838],[89.7637,24.36953]]}},{"type":"Feature","properties":{"level":3},"geometry":{"type":"LineString","coordinates":[[89.69553,24.36876],[89.70185,24.36506],[89.70617,24.37342],[89.71862,24.37734],[89.72509,24.37198],[89.72744,24.37849]]}},{"type":"Feature","properties":{"level":3},"geometry":{"type":"LineString","coordinates":[[90.8955,24.3818],[90.89355,24.36948],[90.90153,24.36972],[90.9056,24.35947],[90.9147,24.35239],[90.91194,24.33895],[90.91375,24.32762],[90.90522,24.32211],[90.89877,24.31287],[90.88255,24.31025],[90.88407,24.3077],[90.88917,24.30864],[90.89188,24.28592],[90.88834,24.28427],[90.88679,24.2894],[90.88022,24.29022],[90.876,24.27748]]}},{"type":"Feature","properties":{"level":3},"geometry":{"type":"LineString","coordinates":[[90.8955,24.3818],[90.89022,24.38241]]}},{"type":"Feature","properties":{"level":3},"geometry":{"type":"LineString","coordinates":[[90.89022,24.38241],[90.87586,24.37829],[90.87156,24.37273]]}},{"type":"Feature","properties":{"level":3},"geometry":{"type":"LineString","coordinates":[[90.75676,24.34962],[90.75081,24.34813],[90.74423,24.35111],[90.74342,24.35808],[90.73795,24.36046],[90.73682,24.36318],[90.74155,24.36328],[90.74016,24.36977],[90.74253,24.37261],[90.73845,24.38474],[90.72905,24.3872],[90.71508,24.38021],[90.71368,24.38707]]}},{"type":"Feature","properties":{"level":0},"geometry":{"type":"LineString","coordinates":[[92.10582,24.38296],[92.10208,24.38351],[92.09983,24.37725],[92.09064,24.373],[92.08465,24.3762],[92.04831,24.37858],[92.04387,24.37622],[92.03548,24.3812],[92.02732,24.38051],[92.02198,24.38434],[92.02301,24.38697],[92.00711,24.38251],[92.00421,24.38882],[91.99666,24.39426],[91.99503,24.38922],[91.98956,24.39073],[91.9919,24.38754],[91.98568,24.37754],[91.97214,24.38528],[91.96613,24.38006],[91.97188,24.3799],[91.9707,24.37396],[91.97316,24.37141],[91.97687,24.37315],[91.98003,24.36466],[91.98436,24.36206],[91.97823,24.35792],[91.99632,24.3396],[91.9982,24.33317],[91.99481,24.33205],[91.99585,24.32333],[91.98222,24.32478],[91.98125,24.32901],[91.97727,24.329],[91.97294,24.33507],[91.97064,24.3443],[91.96551,24.34731],[91.96805,24.35031],[91.95631,24.35665],[91.94253,24.34869],[91.94077,24.34302],[91.92088,24.33655]]}},{"type":"Feature","properties":{"level":3},"geometry":{"type":"LineString","coordinates":[[90.71368,24.38707],[90.69443,24.39392],[90.67653,24.39439],[90.6688,24.38931],[90.66522,24.39388],[90.65132,24.39012],[90.64642,24.39243]]}},{"type":"Feature","properties":{"level":1},"geometry":{"type":"LineString","coordinates":[[90.6513,24.26089],[90.65155,24.27076],[90.64409,24.27892],[90.64175,24.30916],[90.62634,24.33464],[90.61942,24.33886],[90.63361,24.35909],[90.63574,24.37406],[90.63901,24.37522],[90.64287,24.38528],[90.64243,24.39471]]}},{"type":"Feature","properties":{"level":3},"geometry":{"type":"LineString","coordinates":[[90.64642,24.39243],[90.64243,24.39471]]}},{"type":"Feature","properties":{"level":1},"geometry":{"type":"LineString","coordinates":[[89.7637,24.36953],[89.768,24.37988],[89.76476,24.39546],[89.77626,24.39495]]}},{"type":"Feature","properties":{"level":3},"geometry":{"type":"LineString","coordinates":[[88.70963,24.39749],[88.70541,24.39696],[88.70598,24.39144],[88.70306,24.39051],[88.7028,24.3852],[88.70783,24.38167],[88.70412,24.38438],[88.70618,24.37984],[88.70384,24.37997],[88.69951,24.38329],[88.70087,24.36275],[88.70553,24.36345],[88.70403,24.35504]]}},{"type":"Feature","properties":{"level":3},"geometry":{"type":"LineString","coordinates":[[91.78177,24.22676],[91.79403,24.241],[91.79129,24.25046],[91.79361,24.25885],[91.78782,24.26242],[91.76846,24.25156],[91.76531,24.25449],[91.77596,24.25906],[91.77719,24.27111],[91.78671,24.26973],[91.79492,24.27339],[91.79558,24.30325],[91.79103,24.30785],[91.77669,24.30582],[91.77033,24.30627],[91.77018,24.30927],[91.77482,24.32288],[91.77021,24.32468],[91.77055,24.33061],[91.78494,24.33291],[91.78561,24.33678],[91.78383,24.35871],[91.77181,24.35799],[91.77271,24.36315],[91.77562,24.36739],[91.79109,24.36149],[91.79725,24.36456],[91.79967,24.37354],[91.79828,24.3784],[91.78867,24.38297],[91.79005,24.38588],[91.79717,24.38641],[91.78833,24.39998],[91.78852,24.40422]]}},{"type":"Feature","properties":{"level":3},"geometry":{"type":"LineString","coordinates":[[89.07957,24.35167],[89.07657,24.35565],[89.07147,24.35444],[89.06757,24.35933],[89.07578,24.3614],[89.08399,24.37008],[89.07727,24.37575],[89.09308,24.38095],[89.0967,24.39146],[89.09031,24.39206],[89.09772,24.39707],[89.10242,24.39596],[89.10155,24.40932],[89.10612,24.40898]]}},{"type":"Feature","properties":{"level":0},"geometry":{"type":"LineString","coordinates":[[88.46923,24.36374],[88.44733,24.37764],[88.42954,24.38323],[88.39086,24.37154],[88.34643,24.37561],[88.32816,24.38464],[88.29178,24.41613]]}},{"type":"Feature","properties":{"level":3},"geometry":{"type":"LineString","coordinates":[[88.59,24.41697],[88.58946,24.41651]]}},{"type":"Feature","properties":{"level":3},"geometry":{"type":"LineString","coordinates":[[88.58946,24.41651],[88.59221,24.41284],[88.58887,24.4077],[88.59208,24.40312],[88.5896,24.40405],[88.59158,24.40198],[88.5893,24.39772],[88.59605,24.39607],[88.59503,24.39323],[88.5914,24.39374],[88.58595,24.38197],[88.58054,24.3812],[88.57982,24.38595],[88.5745,24.38215],[88.57027,24.38326],[88.57118,24.38653],[88.56722,24.38939],[88.56912,24.39636],[88.55636,24.40124],[88.55146,24.3853],[88.54334,24.38481],[88.54159,24.37874],[88.55778,24.37459],[88.55608,24.3704],[88.56947,24.36098],[88.61485,24.35999],[88.64985,24.34951],[88.6539,24.36107],[88.65941,24.36328],[88.65942,24.36598],[88.66545,24.36545],[88.65474,24.39342],[88.65081,24.38886],[88.64767,24.39149],[88.634,24.39147],[88.62768,24.38491],[88.61829,24.38898],[88.63053,24.40085],[88.63145,24.40956],[88.61902,24.41486],[88.61767,24.4115],[88.60891,24.4153],[88.60361,24.41199],[88.59,24.41697]]}},{"type":"Feature","properties":{"level":3},"geometry":{"type":"LineString","coordinates":[[89.63239,24.30657],[89.62351,24.32262],[89.62498,24.33491],[89.62082,24.33675],[89.61984,24.3513],[89.61616,24.35768],[89.61601,24.36438],[89.62142,24.36739],[89.62392,24.37733],[89.61872,24.37602],[89.61539,24.3687],[89.60986,24.36737],[89.6131,24.37242],[89.61147,24.37745],[89.60025,24.38574],[89.59616,24.38374],[89.59662,24.388],[89.58606,24.39873],[89.58908,24.40313],[89.58261,24.40072],[89.5892,24.41156],[89.5875,24.41894]]}},{"type":"Feature","properties":{"level":1},"geometry":{"type":"LineString","coordinates":[[90.23249,24.42037],[90.24181,24.41434],[90.24891,24.41521],[90.23006,24.34874],[90.2341,24.33518],[90.24829,24.33343],[90.2477,24.3264],[90.25407,24.318],[90.25716,24.29706],[90.26171,24.29084],[90.27189,24.28691],[90.28058,24.28757],[90.28651,24.27826],[90.29354,24.2783]]}},{"type":"Feature","properties":{"level":3},"geometry":{"type":"LineString","coordinates":[[90.10344,24.42353],[90.10906,24.41424],[90.11654,24.41075],[90.10549,24.41029],[90.10607,24.40755],[90.09689,24.40312],[90.10006,24.39787],[90.0957,24.38208],[90.09073,24.37677],[90.09838,24.36245],[90.0871,24.35903],[90.07066,24.36081],[90.07327,24.35595],[90.07138,24.3485],[90.0661,24.35022],[90.05984,24.34591],[90.06719,24.34041],[90.05514,24.33841],[90.05635,24.33209],[90.06371,24.33066],[90.06674,24.32565],[90.07185,24.32638],[90.07312,24.32285],[90.07253,24.32025],[90.06911,24.32069],[90.06989,24.31422],[90.06322,24.31373],[90.06565,24.30593],[90.05865,24.30286]]}},{"type":"Feature","properties":{"level":3},"geometry":{"type":"LineString","coordinates":[[89.43511,24.425],[89.42344,24.41769],[89.43309,24.41018],[89.43272,24.40067],[89.42112,24.39573],[89.41159,24.39636],[89.41039,24.39085],[89.42415,24.38548],[89.43022,24.38678],[89.42778,24.38088],[89.41728,24.37606],[89.42967,24.36983],[89.42915,24.36718],[89.41544,24.36403],[89.41207,24.36042],[89.41887,24.35143],[89.41395,24.34442],[89.40341,24.34905],[89.39636,24.33932]]}},{"type":"Feature","properties":{"level":3},"geometry":{"type":"LineString","coordinates":[[90.10344,24.42353],[90.07591,24.41947],[90.07767,24.40583],[90.0699,24.39687],[90.06316,24.39795],[90.0621,24.40091],[90.05856,24.39918],[90.05249,24.40557],[90.04303,24.40353],[90.04031,24.41028],[90.03637,24.4103],[90.03278,24.40878],[90.0337,24.39765],[90.02962,24.40064],[90.01524,24.39347],[90.01286,24.40356],[90.00744,24.40408],[90.00642,24.39585],[89.99357,24.40161],[89.99401,24.3933],[89.98329,24.39746],[89.98145,24.393],[89.98588,24.39708],[89.9857,24.39217],[89.98104,24.38942],[89.97264,24.39597],[89.96984,24.38991],[89.96174,24.39728],[89.95049,24.39444],[89.95141,24.39738],[89.94831,24.39914],[89.95021,24.40191],[89.94184,24.41004],[89.93027,24.40312],[89.92354,24.40507],[89.92398,24.41297],[89.91999,24.42098],[89.91263,24.41541],[89.8984,24.41858],[89.89721,24.42285],[89.89056,24.42023],[89.88582,24.42808]]}},{"type":"Feature","properties":{"level":1},"geometry":{"type":"LineString","coordinates":[[91.21874,24.42857],[91.22054,24.41948],[91.21472,24.40363],[91.2212,24.40413],[91.21772,24.40862],[91.22018,24.4114],[91.22739,24.40725],[91.2324,24.40966],[91.23887,24.40801],[91.2441,24.40009],[91.24279,24.39513],[91.25668,24.3813],[91.25306,24.37789],[91.24434,24.38098],[91.24165,24.37867]]}},{"type":"Feature","properties":{"level":3},"geometry":{"type":"LineString","coordinates":[[90.23249,24.42037],[90.21809,24.41937],[90.20423,24.42946]]}},{"type":"Feature","properties":{"level":3},"geometry":{"type":"LineString","coordinates":[[89.88559,24.42947],[89.8812,24.42729],[89.88187,24.41446],[89.87629,24.412],[89.88537,24.40193],[89.88696,24.39749],[89.88473,24.39523],[89.87817,24.39862],[89.87727,24.40319],[89.86771,24.40339],[89.86599,24.39746],[89.85736,24.39564],[89.85245,24.40015],[89.84934,24.39717],[89.84155,24.39893],[89.83501,24.40591],[89.82744,24.40495],[89.82795,24.40134],[89.82142,24.40376],[89.82261,24.39861],[89.81851,24.39005],[89.80369,24.38926],[89.80756,24.38588],[89.79894,24.38684],[89.7891,24.3986],[89.77626,24.39495]]}},{"type":"Feature","properties":{"level":3},"geometry":{"type":"LineString","coordinates":[[89.88582,24.42808],[89.88559,24.42947]]}},{"type":"Feature","properties":{"level":3},"geometry":{"type":"LineString","coordinates":[[90.20423,24.42946],[90.20145,24.43253],[90.19512,24.42943],[90.17297,24.42876],[90.17066,24.42214],[90.16203,24.41935],[90.1471,24.42443],[90.13257,24.42375],[90.12126,24.42102],[90.12392,24.42039],[90.12267,24.41584],[90.1097,24.42546],[90.10344,24.42353]]}},{"type":"Feature","properties":{"level":3},"geometry":{"type":"LineString","coordinates":[[91.0452,24.3732],[91.0519,24.37987],[91.07323,24.35898],[91.08003,24.36136],[91.08399,24.37607],[91.09062,24.38041],[91.09383,24.36758],[91.09825,24.36223],[91.11927,24.36226],[91.121,24.38272],[91.12784,24.38117],[91.13011,24.38442],[91.13593,24.38322],[91.1401,24.3867],[91.15112,24.37707],[91.1616,24.39555],[91.1811,24.4122],[91.1857,24.4235],[91.19357,24.42682],[91.19501,24.42408],[91.19657,24.43035],[91.20026,24.42857],[91.2051,24.43211],[91.21746,24.43326]]}},{"type":"Feature","properties":{"level":1},"geometry":{"type":"LineString","coordinates":[[91.21746,24.43326],[91.21874,24.42857]]}},{"type":"Feature","properties":{"level":2},"geometry":{"type":"LineString","coordinates":[[89.24846,24.43532],[89.24844,24.43058],[89.25519,24.42832],[89.26755,24.43247],[89.27485,24.43029],[89.27838,24.42568],[89.28494,24.42513],[89.28423,24.40695],[89.28797,24.40455],[89.28742,24.38996],[89.28399,24.3839],[89.29012,24.37934],[89.29342,24.36986],[89.30048,24.37214],[89.31274,24.36139],[89.31442,24.35535],[89.31936,24.35788],[89.32046,24.35081]]}},{"type":"Feature","properties":{"level":3},"geometry":{"type":"LineString","coordinates":[[89.5875,24.41894],[89.58708,24.42194],[89.58016,24.42161],[89.5797,24.42408],[89.57582,24.41895],[89.57472,24.42706],[89.56792,24.43023],[89.56711,24.43404],[89.5579,24.43054],[89.55841,24.43608],[89.55347,24.43692]]}},{"type":"Feature","properties":{"level":3},"geometry":{"type":"LineString","coordinates":[[89.55347,24.43692],[89.55197,24.43904],[89.5364,24.43535],[89.52902,24.43052],[89.53204,24.42539],[89.52788,24.41867],[89.51551,24.42331],[89.51363,24.41164],[89.50561,24.40937],[89.50618,24.42685],[89.51126,24.42457],[89.514,24.43541],[89.51036,24.43424],[89.50818,24.43738],[89.48233,24.42806],[89.48033,24.4175],[89.46862,24.42433],[89.45382,24.42187],[89.43511,24.425]]}},{"type":"Feature","properties":{"level":3},"geometry":{"type":"LineString","coordinates":[[89.24094,24.43966],[89.24846,24.43532]]}},{"type":"Feature","properties":{"level":2},"geometry":{"type":"LineString","coordinates":[[91.61072,24.44053],[91.61555,24.44024],[91.61733,24.43666],[91.61447,24.42881],[91.61902,24.4181],[91.60035,24.41609],[91.60177,24.36381],[91.62344,24.3647],[91.61905,24.36084],[91.62174,24.35193],[91.62727,24.34614],[91.62977,24.32771],[91.62842,24.30835],[91.61244,24.28388]]}},{"type":"Feature","properties":{"level":3},"geometry":{"type":"LineString","coordinates":[[89.10612,24.40898],[89.11314,24.40697],[89.11521,24.41034],[89.11947,24.40923],[89.12996,24.41749],[89.12989,24.41316],[89.13451,24.41033],[89.14848,24.41152],[89.16641,24.4031],[89.17242,24.41573],[89.18476,24.41224],[89.18914,24.41499],[89.1951,24.40919],[89.20395,24.40965],[89.21721,24.41419],[89.21183,24.42529],[89.23227,24.44171],[89.24209,24.44351],[89.24094,24.43966]]}},{"type":"Feature","properties":{"level":3},"geometry":{"type":"LineString","coordinates":[[91.0452,24.3732],[91.043,24.3695],[91.03597,24.37449],[91.03583,24.37815],[91.0405,24.37933],[91.03787,24.38378],[91.0273,24.38146],[91.02336,24.38344],[91.03252,24.40273],[91.02365,24.40747],[91.02716,24.41271],[91.01707,24.4143],[91.0176,24.41117],[91.01305,24.40884],[91.01129,24.4103],[91.0147,24.41712],[91.00693,24.41596],[90.9986,24.41909],[91.00264,24.42652],[90.99935,24.44378]]}},{"type":"Feature","properties":{"level":3},"geometry":{"type":"LineString","coordinates":[[90.99935,24.44378],[90.99782,24.4438]]}},{"type":"Feature","properties":{"level":3},"geometry":{"type":"LineString","coordinates":[[91.90241,24.44632],[91.9131,24.44493],[91.9112,24.4366],[91.91581,24.43618],[91.91742,24.43028],[91.92216,24.42839],[91.92322,24.41795],[91.91979,24.40676],[91.92225,24.39848],[91.92871,24.39584],[91.93737,24.39775],[91.93723,24.38844],[91.93298,24.38711],[91.92088,24.33655]]}},{"type":"Feature","properties":{"level":3},"geometry":{"type":"LineString","coordinates":[[91.48599,24.27549],[91.49007,24.28628],[91.48677,24.28731],[91.48572,24.2937],[91.4924,24.29677],[91.48894,24.29935],[91.49018,24.30532],[91.48727,24.30514],[91.48387,24.31236],[91.47595,24.31273],[91.47948,24.317],[91.46967,24.32979],[91.47005,24.33819],[91.47533,24.34237],[91.477,24.35085],[91.47974,24.34958],[91.48548,24.35434],[91.4824,24.35957],[91.48617,24.3655],[91.48306,24.37907],[91.48603,24.37944],[91.48313,24.38253],[91.47937,24.37809],[91.47107,24.3814],[91.46419,24.39988],[91.46636,24.40785],[91.47558,24.40814],[91.48055,24.41739],[91.47883,24.42586],[91.48443,24.43379],[91.48924,24.43617],[91.50237,24.43496],[91.50023,24.445],[91.49478,24.44697]]}},{"type":"Feature","properties":{"level":2},"geometry":{"type":"LineString","coordinates":[[88.85026,24.34675],[88.854,24.34847],[88.86175,24.36414],[88.87378,24.35923],[88.88026,24.36585],[88.88526,24.36271],[88.89193,24.3663],[88.89093,24.36412],[88.89337,24.36414],[88.89623,24.38034],[88.89004,24.38392],[88.90139,24.40904],[88.89762,24.41122],[88.90139,24.42208],[88.89618,24.43974],[88.90125,24.44773]]}},{"type":"Feature","properties":{"level":1},"geometry":{"type":"LineString","coordinates":[[90.22065,24.4491],[90.22219,24.43499],[90.23249,24.42037]]}},{"type":"Feature","properties":{"level":3},"geometry":{"type":"LineString","coordinates":[[89.61867,24.44753],[89.63034,24.4473],[89.62948,24.44319],[89.62285,24.44031],[89.63128,24.4368],[89.63019,24.43105],[89.62611,24.43571],[89.62145,24.43157],[89.61776,24.43239],[89.62465,24.42887],[89.61889,24.42293],[89.62433,24.42104],[89.6213,24.41462],[89.62296,24.40977],[89.63279,24.40847],[89.63418,24.4133],[89.64955,24.40974],[89.65082,24.41263],[89.64663,24.41194],[89.64592,24.41498],[89.64944,24.416],[89.64785,24.41873],[89.65174,24.42151],[89.66128,24.41927],[89.65764,24.42155],[89.66105,24.42962],[89.66668,24.41968],[89.6669,24.41271],[89.68242,24.41187],[89.68323,24.4092],[89.67868,24.40679],[89.68871,24.40408],[89.68304,24.39905],[89.68536,24.39595],[89.68337,24.38254],[89.68613,24.37576],[89.68993,24.38181],[89.68958,24.37828],[89.69703,24.37649],[89.69553,24.36876]]}},{"type":"Feature","properties":{"level":3},"geometry":{"type":"LineString","coordinates":[[90.99782,24.4438],[90.9849,24.44971],[90.98068,24.44886],[90.98363,24.43436],[90.97287,24.43381],[90.97697,24.42559],[90.97444,24.42192],[90.96551,24.42553],[90.96429,24.4146],[90.96766,24.41204],[90.95974,24.40555],[90.9528,24.40856],[90.94545,24.40482],[90.94776,24.40141],[90.95607,24.40178],[90.95321,24.39138],[90.94846,24.39598],[90.94417,24.3938],[90.9438,24.39964],[90.93758,24.39876],[90.93617,24.40211],[90.89906,24.38709],[90.8955,24.3818]]}},{"type":"Feature","properties":{"level":3},"geometry":{"type":"LineString","coordinates":[[89.5979,24.45258],[89.60814,24.44959],[89.61068,24.44386],[89.61867,24.44753]]}},{"type":"Feature","properties":{"level":3},"geometry":{"type":"LineString","coordinates":[[89.5875,24.41894],[89.59851,24.41852],[89.59927,24.42362],[89.60749,24.42376],[89.60012,24.43019],[89.59905,24.43805],[89.60817,24.4417],[89.60332,24.44731],[89.59399,24.44839],[89.5939,24.45404],[89.5979,24.45258]]}},{"type":"Feature","properties":{"level":3},"geometry":{"type":"LineString","coordinates":[[91.46253,24.45427],[91.45202,24.43674],[91.46285,24.4352],[91.46202,24.42473],[91.45328,24.42361],[91.44727,24.43159],[91.44471,24.43063],[91.44796,24.42331],[91.45503,24.42032],[91.46155,24.41183],[91.44932,24.40659],[91.4436,24.41619],[91.43437,24.41697],[91.43934,24.40813],[91.42687,24.39746],[91.42134,24.40249],[91.4195,24.40009],[91.40644,24.40373],[91.40605,24.39956],[91.40203,24.39808],[91.40509,24.38997],[91.3931,24.39799],[91.39529,24.38708],[91.38036,24.39445],[91.37477,24.40196],[91.37134,24.39483],[91.37682,24.39437],[91.38259,24.38967],[91.38141,24.38728],[91.35793,24.39239],[91.33916,24.38801],[91.32991,24.38175],[91.33526,24.3677],[91.32083,24.37218],[91.31717,24.37099],[91.31594,24.36477],[91.30946,24.36743]]}},{"type":"Feature","properties":{"level":3},"geometry":{"type":"LineString","coordinates":[[91.47258,24.45555],[91.47837,24.45429],[91.47668,24.45012],[91.49478,24.44697]]}},{"type":"Feature","properties":{"level":3},"geometry":{"type":"LineString","coordinates":[[91.46253,24.45427],[91.47258,24.45555]]}},{"type":"Feature","properties":{"level":3},"geometry":{"type":"LineString","coordinates":[[91.83063,24.46069],[91.83991,24.45742],[91.85162,24.45792],[91.86014,24.45303],[91.88032,24.45681],[91.87806,24.45115],[91.88016,24.44597],[91.87675,24.44488],[91.88329,24.43816],[91.88626,24.43897],[91.88727,24.4348],[91.89699,24.43586],[91.89826,24.43888],[91.89552,24.44136],[91.90241,24.44632]]}},{"type":"Feature","properties":{"level":3},"geometry":{"type":"LineString","coordinates":[[90.45686,24.4618],[90.46426,24.45954],[90.46734,24.45162],[90.46314,24.43442],[90.46855,24.42828],[90.46637,24.42086],[90.47071,24.41911],[90.47177,24.41103],[90.48065,24.41057],[90.48042,24.40672],[90.48639,24.40458],[90.47537,24.39477],[90.47392,24.38571],[90.47539,24.37662],[90.48688,24.37366],[90.49118,24.36075],[90.49698,24.35789],[90.49696,24.35351],[90.49995,24.35213],[90.49989,24.34599],[90.49124,24.33092],[90.49609,24.31529]]}},{"type":"Feature","properties":{"level":3},"geometry":{"type":"LineString","coordinates":[[91.01195,24.46344],[91.00513,24.46273],[90.99673,24.45655],[90.99935,24.44378]]}},{"type":"Feature","properties":{"level":3},"geometry":{"type":"LineString","coordinates":[[89.0434,24.46645],[89.0495,24.46198],[89.04979,24.45593],[89.05816,24.45592],[89.06377,24.45001],[89.06258,24.44521],[89.05481,24.44276],[89.05294,24.43857],[89.05588,24.42977],[89.05865,24.42923],[89.06268,24.43892],[89.07079,24.44311],[89.07695,24.4357],[89.07413,24.42749],[89.0778,24.41726],[89.07193,24.41393],[89.07532,24.40823],[89.07989,24.40743],[89.0825,24.4181],[89.08715,24.41919],[89.08689,24.42197],[89.09087,24.41315],[89.10125,24.41423],[89.10612,24.40898]]}},{"type":"Feature","properties":{"level":3},"geometry":{"type":"LineString","coordinates":[[91.78852,24.40422],[91.79129,24.4182],[91.78227,24.42829],[91.78638,24.43098],[91.78791,24.42768],[91.79416,24.4269],[91.79503,24.44292],[91.78627,24.44557],[91.78724,24.46543],[91.79202,24.46292],[91.79758,24.46457],[91.80356,24.46017],[91.80345,24.45061],[91.80893,24.45783],[91.81882,24.45793],[91.8158,24.46024],[91.82062,24.46016],[91.81849,24.46425],[91.82209,24.46724],[91.83063,24.46069]]}},{"type":"Feature","properties":{"level":3},"geometry":{"type":"LineString","coordinates":[[91.78852,24.40422],[91.77607,24.4031],[91.77299,24.40827],[91.76578,24.4043],[91.75621,24.4045],[91.75566,24.40123],[91.74627,24.40438],[91.74654,24.40235],[91.72728,24.40345],[91.71458,24.40054],[91.71035,24.40772],[91.68784,24.40373],[91.6884,24.4149],[91.67225,24.40479],[91.66659,24.40931],[91.66098,24.40565],[91.64856,24.40442],[91.64338,24.41398],[91.65425,24.4162],[91.65606,24.41925],[91.64999,24.42533],[91.64846,24.43354],[91.64078,24.43487],[91.64196,24.44091],[91.63316,24.44433],[91.63404,24.45018],[91.63812,24.44853],[91.63926,24.45069],[91.63652,24.45225],[91.6387,24.45465],[91.63586,24.46008],[91.63328,24.46041],[91.63341,24.46558],[91.62154,24.46884]]}},{"type":"Feature","properties":{"level":3},"geometry":{"type":"LineString","coordinates":[[89.0395,24.4692],[89.03485,24.46632],[89.03382,24.46027],[89.02099,24.46463],[89.01212,24.46349],[89.00953,24.45008],[89.00255,24.45153],[88.99533,24.44801],[88.9865,24.45156],[88.987,24.45532],[88.96719,24.45521],[88.95929,24.45131],[88.94726,24.45418],[88.9456,24.4441],[88.93709,24.44445],[88.92973,24.43988],[88.92913,24.4433],[88.91645,24.44756],[88.90125,24.44773]]}},{"type":"Feature","properties":{"level":3},"geometry":{"type":"LineString","coordinates":[[89.0395,24.4692],[89.0434,24.46645]]}},{"type":"Feature","properties":{"level":3},"geometry":{"type":"LineString","coordinates":[[90.72204,24.47043],[90.71948,24.46636],[90.72876,24.46044],[90.72972,24.45588],[90.72631,24.448],[90.72278,24.45131],[90.71594,24.45049],[90.72224,24.44907],[90.72353,24.43795],[90.73004,24.43411],[90.72844,24.42895],[90.73448,24.42707],[90.71716,24.41145],[90.72069,24.39569],[90.71368,24.38707]]}},{"type":"Feature","properties":{"level":2},"geometry":{"type":"LineString","coordinates":[[91.6142,24.47286],[91.61639,24.46417],[91.61072,24.44053]]}},{"type":"Feature","properties":{"level":3},"geometry":{"type":"LineString","coordinates":[[91.62154,24.46884],[91.6142,24.47286]]}},{"type":"Feature","properties":{"level":3},"geometry":{"type":"LineString","coordinates":[[91.49478,24.44697],[91.49654,24.45569],[91.5071,24.47029],[91.51094,24.4695],[91.50944,24.47387],[91.51242,24.47465],[91.52535,24.47024],[91.52732,24.46303],[91.53226,24.46075],[91.53675,24.46019],[91.5448,24.46513],[91.54671,24.46188],[91.55141,24.4676],[91.55657,24.45967],[91.55894,24.46204],[91.5577,24.45762],[91.56249,24.45517],[91.54797,24.44443],[91.55388,24.44334],[91.55538,24.44589],[91.55932,24.43952],[91.55658,24.43749],[91.563,24.43719],[91.56491,24.43263],[91.56918,24.43511],[91.59447,24.43178],[91.60263,24.42452],[91.61072,24.44053]]}},{"type":"Feature","properties":{"level":3},"geometry":{"type":"LineString","coordinates":[[90.29415,24.47295],[90.30394,24.46486],[90.31773,24.47231],[90.32436,24.46795],[90.3324,24.4728],[90.33775,24.46263],[90.34584,24.45844],[90.3546,24.46227],[90.36439,24.45496],[90.38079,24.47128],[90.38713,24.46702],[90.3888,24.4581],[90.39207,24.46577],[90.38977,24.47058],[90.40782,24.47918],[90.42418,24.47166],[90.43216,24.45834],[90.43278,24.45116],[90.45151,24.45208],[90.45686,24.4618]]}},{"type":"Feature","properties":{"level":3},"geometry":{"type":"LineString","coordinates":[[90.27442,24.47906],[90.27959,24.48072],[90.28112,24.47725],[90.28476,24.47855],[90.29415,24.47295]]}},{"type":"Feature","properties":{"level":3},"geometry":{"type":"LineString","coordinates":[[90.22065,24.4491],[90.2296,24.44366],[90.24796,24.44122],[90.2548,24.453],[90.25281,24.47273],[90.26176,24.47304],[90.27038,24.48096],[90.27442,24.47906]]}},{"type":"Feature","properties":{"level":1},"geometry":{"type":"LineString","coordinates":[[90.64243,24.39471],[90.64803,24.40483],[90.64794,24.41558],[90.6395,24.42287],[90.64135,24.42824],[90.63369,24.43444],[90.58801,24.44594],[90.58485,24.45381],[90.57922,24.45699],[90.57582,24.46691],[90.57573,24.48218]]}},{"type":"Feature","properties":{"level":1},"geometry":{"type":"LineString","coordinates":[[91.22413,24.48404],[91.23601,24.46614],[91.24337,24.42811],[91.22894,24.43433],[91.21746,24.43326]]}},{"type":"Feature","properties":{"level":1},"geometry":{"type":"LineString","coordinates":[[91.15418,24.476],[91.1661,24.48407],[91.19266,24.48053],[91.19599,24.47701],[91.1892,24.47675],[91.18483,24.47025],[91.1908,24.46408],[91.20056,24.46608],[91.20224,24.47479],[91.2078,24.47982],[91.22045,24.47445],[91.21616,24.48299],[91.22413,24.48404]]}},{"type":"Feature","properties":{"level":3},"geometry":{"type":"LineString","coordinates":[[89.88021,24.48698],[89.87348,24.48686],[89.87358,24.48021],[89.87843,24.47266],[89.87586,24.46852],[89.87845,24.46322],[89.88234,24.46284],[89.88546,24.45],[89.89449,24.43984],[89.89354,24.43522],[89.88513,24.43298],[89.88559,24.42947]]}},{"type":"Feature","properties":{"level":3},"geometry":{"type":"LineString","coordinates":[[91.15418,24.476],[91.14432,24.47401],[91.13252,24.47781],[91.12218,24.48965],[91.12023,24.48601],[91.11922,24.49337],[91.11161,24.48605],[91.09302,24.49017],[91.09044,24.49476]]}},{"type":"Feature","properties":{"level":3},"geometry":{"type":"LineString","coordinates":[[91.09044,24.49476],[91.08268,24.49246],[91.06356,24.49493],[91.06112,24.48869],[91.05352,24.48981],[91.05439,24.48068],[91.06825,24.47267],[91.06348,24.47227],[91.05634,24.45687],[91.04415,24.46414],[91.03347,24.44973],[91.02961,24.44959],[91.02726,24.45226],[91.03159,24.46246],[91.02633,24.47098],[91.01626,24.46288],[91.01195,24.46344]]}},{"type":"Feature","properties":{"level":3},"geometry":{"type":"LineString","coordinates":[[88.53875,24.49377],[88.54155,24.49259],[88.53949,24.4881],[88.54206,24.48285],[88.5521,24.48847],[88.5566,24.48765],[88.55475,24.49489],[88.56111,24.49535],[88.56274,24.49058],[88.56976,24.48952],[88.57563,24.49843],[88.57845,24.49772]]}},{"type":"Feature","properties":{"level":3},"geometry":{"type":"LineString","coordinates":[[91.01195,24.46344],[91.00592,24.46856],[91.00642,24.47432],[90.98573,24.47089],[90.97754,24.49079],[90.9689,24.49606],[90.95727,24.49125],[90.94957,24.50075]]}},{"type":"Feature","properties":{"level":3},"geometry":{"type":"LineString","coordinates":[[90.87156,24.37273],[90.86625,24.37638],[90.85655,24.37479],[90.85157,24.38261],[90.8534,24.38796],[90.84918,24.38897],[90.85822,24.41235],[90.8565,24.41683],[90.86085,24.41881],[90.85629,24.43024],[90.85227,24.43075],[90.8505,24.43597],[90.85004,24.43284],[90.83207,24.42889],[90.83141,24.43597],[90.82716,24.43608],[90.82605,24.44177],[90.82257,24.44209],[90.82324,24.44616],[90.8081,24.4483],[90.80667,24.46546],[90.80172,24.4677],[90.80563,24.46765],[90.80404,24.47794],[90.80052,24.47987],[90.7982,24.47772],[90.79772,24.48018],[90.80717,24.49442],[90.81377,24.49633],[90.81538,24.50393]]}},{"type":"Feature","properties":{"level":3},"geometry":{"type":"LineString","coordinates":[[88.53875,24.49377],[88.53232,24.49481],[88.52994,24.48854],[88.52574,24.49053],[88.52218,24.48758],[88.51371,24.49288],[88.51352,24.50439],[88.50786,24.50345],[88.5051,24.49737],[88.50805,24.48365],[88.52071,24.47461],[88.50643,24.47286],[88.51384,24.46709],[88.51164,24.46277],[88.51973,24.46071],[88.52892,24.46444],[88.53413,24.46004],[88.52978,24.45661],[88.53244,24.43504],[88.52485,24.43445],[88.52108,24.42867],[88.51658,24.4317],[88.51421,24.42804],[88.51476,24.42007],[88.5223,24.40579],[88.5206,24.40123],[88.5123,24.39979],[88.51309,24.39059],[88.50876,24.3852],[88.4849,24.39322],[88.47763,24.38179],[88.4801,24.37608],[88.47137,24.37188],[88.46923,24.36374]]}},{"type":"Feature","properties":{"level":3},"geometry":{"type":"LineString","coordinates":[[88.67945,24.51175],[88.67855,24.51153]]}},{"type":"Feature","properties":{"level":3},"geometry":{"type":"LineString","coordinates":[[88.70963,24.39749],[88.71196,24.40751],[88.70099,24.40945],[88.70347,24.41567],[88.70737,24.41517],[88.70551,24.4272],[88.6975,24.42799],[88.69837,24.43071],[88.69387,24.4335],[88.69362,24.43772],[88.69707,24.4385],[88.69637,24.44561],[88.6822,24.45199],[88.66524,24.44944],[88.66548,24.45354],[88.66954,24.45537],[88.6728,24.47471],[88.67825,24.47668],[88.67546,24.49157],[88.67713,24.49781],[88.67386,24.50164],[88.68101,24.5024],[88.68048,24.49561],[88.68798,24.50229],[88.68664,24.50858],[88.67858,24.50782],[88.67945,24.51175]]}},{"type":"Feature","properties":{"level":3},"geometry":{"type":"LineString","coordinates":[[88.8509,24.51232],[88.8504,24.50642],[88.84091,24.49493],[88.84214,24.49072],[88.84688,24.48956],[88.84933,24.48095],[88.837,24.46969],[88.84647,24.46546],[88.84619,24.4616],[88.85851,24.46079],[88.86009,24.45625],[88.8566,24.44567],[88.85132,24.44531],[88.8482,24.44063],[88.84348,24.44271],[88.83789,24.4375],[88.83065,24.44546],[88.82854,24.44301],[88.81242,24.44212],[88.80993,24.43685],[88.80066,24.4403],[88.79916,24.42724],[88.80688,24.41975],[88.8068,24.41453],[88.79665,24.40497],[88.78576,24.40693],[88.78235,24.40381],[88.78474,24.40255],[88.77396,24.40345],[88.76848,24.39748],[88.76731,24.40408],[88.75991,24.40261],[88.75913,24.4133],[88.75188,24.41284],[88.74627,24.40497],[88.73941,24.40515],[88.73646,24.39928],[88.73888,24.39486],[88.72933,24.39352],[88.73063,24.38337],[88.72699,24.38374],[88.71538,24.39646],[88.70963,24.39749]]}},{"type":"Feature","properties":{"level":3},"geometry":{"type":"LineString","coordinates":[[90.54369,24.51312],[90.56341,24.50446],[90.57573,24.48218]]}},{"type":"Feature","properties":{"level":3},"geometry":{"type":"LineString","coordinates":[[88.67855,24.51153],[88.673,24.51206],[88.66401,24.50173],[88.64654,24.49478],[88.6443,24.49132],[88.64629,24.48145],[88.64169,24.4762],[88.62525,24.48572],[88.62023,24.48348],[88.61976,24.48611],[88.61457,24.48663],[88.61543,24.48207],[88.60683,24.48219],[88.60513,24.4869],[88.60777,24.48727],[88.60322,24.48997],[88.59941,24.48721],[88.58595,24.48877],[88.58132,24.49057],[88.57845,24.49772]]}},{"type":"Feature","properties":{"level":1},"geometry":{"type":"LineString","coordinates":[[90.70353,24.51462],[90.70451,24.49867],[90.70894,24.49837],[90.71035,24.49321],[90.71596,24.49034],[90.71751,24.47822],[90.72204,24.47043]]}},{"type":"Feature","properties":{"level":1},"geometry":{"type":"LineString","coordinates":[[90.57573,24.48218],[90.58338,24.48592],[90.58365,24.49443],[90.60498,24.4991],[90.61655,24.49596],[90.63147,24.48029],[90.63796,24.48105],[90.63741,24.47621],[90.64838,24.47809],[90.65081,24.47453],[90.65843,24.47429],[90.66456,24.46706],[90.67897,24.4669],[90.68207,24.47276],[90.67936,24.4805],[90.68346,24.48183],[90.68572,24.4872],[90.682,24.49178],[90.6828,24.50136],[90.68695,24.50215],[90.68896,24.50779],[90.69677,24.50883],[90.70353,24.51462]]}},{"type":"Feature","properties":{"level":3},"geometry":{"type":"LineString","coordinates":[[88.88611,24.51805],[88.87327,24.51378],[88.86741,24.52031],[88.8509,24.51232]]}},{"type":"Feature","properties":{"level":3},"geometry":{"type":"LineString","coordinates":[[90.80492,24.52018],[90.81204,24.51875],[90.81252,24.50517],[90.81538,24.50393]]}},{"type":"Feature","properties":{"level":2},"geometry":{"type":"LineString","coordinates":[[88.90125,24.44773],[88.89202,24.45618],[88.89949,24.46532],[88.89609,24.47378],[88.89272,24.47504],[88.89539,24.48568],[88.90226,24.48545],[88.90618,24.4979],[88.91069,24.49634],[88.91614,24.50577],[88.92615,24.50333],[88.92325,24.50525],[88.9282,24.51742],[88.92467,24.52048],[88.91822,24.51492],[88.89828,24.51203],[88.89796,24.52173],[88.88611,24.51805]]}},{"type":"Feature","properties":{"level":3},"geometry":{"type":"LineString","coordinates":[[88.67945,24.51175],[88.68976,24.51628],[88.69689,24.51553],[88.70473,24.52499],[88.71058,24.52333],[88.71483,24.5257]]}},{"type":"Feature","properties":{"level":3},"geometry":{"type":"LineString","coordinates":[[90.87676,24.52837],[90.88465,24.52024],[90.88277,24.50914],[90.88697,24.506],[90.88715,24.50005],[90.90644,24.50013],[90.90294,24.49375],[90.90479,24.4901],[90.92899,24.49044],[90.94957,24.50075]]}},{"type":"Feature","properties":{"level":1},"geometry":{"type":"LineString","coordinates":[[90.72204,24.47043],[90.72331,24.4748],[90.72929,24.47648],[90.73577,24.48544],[90.74178,24.49742],[90.7426,24.50817],[90.75258,24.50256],[90.75789,24.51224],[90.79311,24.50774],[90.79186,24.5181],[90.79695,24.51884],[90.80047,24.52845]]}},{"type":"Feature","properties":{"level":3},"geometry":{"type":"LineString","coordinates":[[90.80047,24.52845],[90.80492,24.52018]]}},{"type":"Feature","properties":{"level":3},"geometry":{"type":"LineString","coordinates":[[88.8509,24.51232],[88.83656,24.51539],[88.83672,24.51917],[88.82716,24.52021],[88.82899,24.52333],[88.81901,24.52313],[88.81585,24.52962],[88.79878,24.52823],[88.7988,24.52407],[88.79442,24.52335],[88.78683,24.52547],[88.78336,24.53168],[88.77806,24.53219],[88.77207,24.52817],[88.75666,24.53069],[88.75358,24.52831]]}},{"type":"Feature","properties":{"level":3},"geometry":{"type":"LineString","coordinates":[[88.75358,24.52831],[88.74793,24.53273],[88.74444,24.52753],[88.74638,24.52258],[88.74357,24.52193],[88.74266,24.51594],[88.74548,24.5096],[88.72852,24.50543],[88.72934,24.51986],[88.72422,24.52464],[88.71483,24.5257]]}},{"type":"Feature","properties":{"level":3},"geometry":{"type":"LineString","coordinates":[[90.81538,24.50393],[90.81768,24.4995],[90.82899,24.50136],[90.83598,24.51765],[90.83219,24.52624],[90.83668,24.52886],[90.83942,24.52695],[90.83783,24.52056],[90.84089,24.51889],[90.84276,24.52351],[90.85253,24.53001],[90.8589,24.52826],[90.87055,24.53435],[90.87676,24.52837]]}},{"type":"Feature","properties":{"level":3},"geometry":{"type":"LineString","coordinates":[[89.06567,24.53523],[89.05759,24.52803],[89.06568,24.52542],[89.05541,24.52019],[89.05896,24.51071],[89.05056,24.50057],[89.05508,24.49116],[89.04588,24.48266],[89.04734,24.47637],[89.0395,24.4692]]}},{"type":"Feature","properties":{"level":3},"geometry":{"type":"LineString","coordinates":[[90.48184,24.54563],[90.48476,24.54317],[90.48246,24.5422],[90.48406,24.53352],[90.50095,24.51859],[90.50817,24.51762],[90.50897,24.52198],[90.5143,24.52371],[90.5293,24.52121],[90.54369,24.51312]]}},{"type":"Feature","properties":{"level":3},"geometry":{"type":"LineString","coordinates":[[90.45686,24.4618],[90.4448,24.46998],[90.44575,24.47567],[90.44144,24.47973],[90.44197,24.48609],[90.45364,24.48569],[90.44885,24.49463],[90.45208,24.49801],[90.45101,24.50572],[90.44424,24.50787],[90.44954,24.51476],[90.44838,24.52318],[90.45869,24.52435],[90.46737,24.52021],[90.46784,24.52998],[90.4647,24.53367],[90.46782,24.53599],[90.46415,24.54047],[90.46846,24.54105],[90.47031,24.54501],[90.48184,24.54563]]}},{"type":"Feature","properties":{"level":1},"geometry":{"type":"LineString","coordinates":[[90.15758,24.54981],[90.16325,24.53715],[90.17085,24.53772],[90.17666,24.51827],[90.18698,24.52323],[90.19402,24.5146],[90.21035,24.50983],[90.20421,24.5031],[90.20733,24.49816],[90.21577,24.49943],[90.22867,24.48405],[90.23543,24.48442],[90.23709,24.48758],[90.24605,24.48212],[90.22648,24.47],[90.2249,24.46377],[90.2117,24.4629],[90.21324,24.45191],[90.22065,24.4491]]}},{"type":"Feature","properties":{"level":3},"geometry":{"type":"LineString","coordinates":[[89.43511,24.425],[89.43886,24.43047],[89.43543,24.43956],[89.44234,24.44823],[89.43878,24.45151],[89.44038,24.46104],[89.44395,24.46098],[89.44706,24.46858],[89.45378,24.46762],[89.45439,24.48029],[89.4386,24.47158],[89.4294,24.47224],[89.42875,24.47837],[89.41187,24.47953],[89.41705,24.49139],[89.42438,24.49914],[89.41334,24.5201],[89.40453,24.52277],[89.40435,24.52766],[89.40062,24.52772],[89.39998,24.54084],[89.38937,24.5414],[89.3939,24.5531]]}},{"type":"Feature","properties":{"level":2},"geometry":{"type":"LineString","coordinates":[[89.33762,24.55924],[89.33356,24.54914],[89.3366,24.54652],[89.33098,24.54605],[89.32839,24.53676],[89.31659,24.5261],[89.31868,24.52347],[89.31555,24.52276],[89.31431,24.51475],[89.30988,24.51552],[89.31075,24.51135],[89.30461,24.51041],[89.30492,24.50216],[89.29875,24.50152],[89.28579,24.48669],[89.28235,24.48803],[89.28394,24.48402],[89.2799,24.48074],[89.28427,24.47626],[89.27934,24.474],[89.28327,24.47096],[89.27787,24.47156],[89.28312,24.46892],[89.27977,24.46108],[89.27535,24.45912],[89.27488,24.45346],[89.25405,24.43872],[89.25086,24.44069],[89.24846,24.43532]]}},{"type":"Feature","properties":{"level":3},"geometry":{"type":"LineString","coordinates":[[89.60841,24.56063],[89.61621,24.55845],[89.61357,24.55586],[89.61623,24.55185],[89.60495,24.5522],[89.60148,24.54901],[89.60049,24.54627],[89.60606,24.54021],[89.60392,24.53596],[89.60036,24.53573],[89.59857,24.51943],[89.60563,24.51618],[89.60548,24.51133],[89.61513,24.50134],[89.61534,24.48677],[89.62197,24.4852],[89.61197,24.47985],[89.61764,24.46955],[89.62221,24.46766],[89.62295,24.46358],[89.61615,24.45402],[89.61867,24.44753]]}},{"type":"Feature","properties":{"level":2},"geometry":{"type":"LineString","coordinates":[[89.3939,24.5531],[89.39384,24.55759],[89.38421,24.5577],[89.3817,24.55418],[89.34682,24.5585],[89.34677,24.56088]]}},{"type":"Feature","properties":{"level":2},"geometry":{"type":"LineString","coordinates":[[89.52938,24.56171],[89.52988,24.5519],[89.53357,24.54753],[89.51933,24.53512],[89.51765,24.53691],[89.52305,24.54583],[89.52158,24.55183],[89.50442,24.55711],[89.50184,24.55369],[89.49428,24.55275],[89.48254,24.5563],[89.47349,24.55246],[89.47457,24.54408],[89.46526,24.54593],[89.45727,24.54245],[89.45651,24.54721],[89.4309,24.55139],[89.43058,24.55634],[89.4242,24.56081],[89.41068,24.56108],[89.41026,24.55451],[89.40279,24.55131],[89.3939,24.5531]]}},{"type":"Feature","properties":{"level":2},"geometry":{"type":"LineString","coordinates":[[89.60286,24.56347],[89.59089,24.55329],[89.58806,24.55596],[89.57026,24.54524],[89.56442,24.54668],[89.56408,24.55214],[89.56063,24.55465],[89.55295,24.55463],[89.55231,24.54748],[89.54569,24.54689],[89.54605,24.55203],[89.53891,24.55279],[89.53297,24.56309],[89.52938,24.56171]]}},{"type":"Feature","properties":{"level":3},"geometry":{"type":"LineString","coordinates":[[89.60286,24.56347],[89.60841,24.56063]]}},{"type":"Feature","properties":{"level":2},"geometry":{"type":"LineString","coordinates":[[89.34677,24.56088],[89.34246,24.5635],[89.33762,24.55924]]}},{"type":"Feature","properties":{"level":3},"geometry":{"type":"LineString","coordinates":[[89.99602,24.56387],[90.0036,24.55861],[90.0056,24.56342],[90.01739,24.56146],[90.01075,24.55636],[90.00968,24.54939],[90.02208,24.54273],[90.03778,24.5481],[90.04315,24.54597],[90.04599,24.55248],[90.05114,24.54616],[90.05894,24.54963],[90.07176,24.54275],[90.07737,24.54482],[90.07782,24.5514],[90.0837,24.54988],[90.08656,24.55556],[90.1048,24.55837],[90.11582,24.54286],[90.11611,24.52547],[90.11257,24.5207],[90.1287,24.53434],[90.15758,24.54981]]}},{"type":"Feature","properties":{"level":3},"geometry":{"type":"LineString","coordinates":[[90.54369,24.51312],[90.53815,24.52324],[90.51753,24.5435],[90.51468,24.56819]]}},{"type":"Feature","properties":{"level":3},"geometry":{"type":"LineString","coordinates":[[89.88021,24.48698],[89.88053,24.4798],[89.89767,24.48911],[89.90905,24.48698],[89.91852,24.49072],[89.93137,24.48947],[89.94299,24.49704],[89.94274,24.5072],[89.94861,24.5099],[89.94905,24.51734],[89.95629,24.51684],[89.95115,24.52417],[89.95795,24.52555],[89.95531,24.52878],[89.96171,24.53363],[89.96049,24.54204],[89.96623,24.54337],[89.96527,24.54644],[89.97414,24.54619],[89.9749,24.55188],[89.97897,24.55508],[89.97584,24.56044],[89.9807,24.56004],[89.98736,24.56947]]}},{"type":"Feature","properties":{"level":3},"geometry":{"type":"LineString","coordinates":[[89.98736,24.56947],[89.99602,24.56387]]}},{"type":"Feature","properties":{"level":1},"geometry":{"type":"LineString","coordinates":[[91.23393,24.57023],[91.22635,24.56286],[91.22692,24.5546],[91.21514,24.52563],[91.18324,24.49439],[91.18011,24.49426],[91.17537,24.50159],[91.16891,24.49933],[91.1517,24.48208],[91.15418,24.476]]}},{"type":"Feature","properties":{"level":0},"geometry":{"type":"LineString","coordinates":[[88.29178,24.41613],[88.27572,24.43816],[88.26389,24.44583],[88.20375,24.45926],[88.19375,24.46551],[88.18449,24.48194],[88.17432,24.49215],[88.16649,24.4982],[88.14855,24.50424],[88.10586,24.54556],[88.08612,24.57399]]}},{"type":"Feature","properties":{"level":1},"geometry":{"type":"LineString","coordinates":[[89.77626,24.39495],[89.77188,24.40095],[89.7745,24.40134],[89.77359,24.40415],[89.76857,24.40855],[89.76192,24.41031],[89.75963,24.40719],[89.75091,24.42774],[89.75008,24.43916],[89.75746,24.45441],[89.74576,24.45511],[89.74502,24.47043],[89.75204,24.47244],[89.76071,24.48426],[89.75055,24.483],[89.75937,24.50025],[89.75688,24.5065],[89.75276,24.50554],[89.74973,24.51179],[89.7387,24.51527],[89.73674,24.5196],[89.74163,24.52384],[89.74955,24.5214],[89.75119,24.5303],[89.7466,24.5332],[89.74958,24.53548],[89.7487,24.53888],[89.77085,24.54128],[89.76971,24.56194],[89.78916,24.57469]]}},{"type":"Feature","properties":{"level":3},"geometry":{"type":"LineString","coordinates":[[89.82311,24.57953],[89.83,24.57724],[89.83198,24.57283],[89.82553,24.55039],[89.82917,24.55177],[89.83194,24.54886],[89.83523,24.5306],[89.85451,24.52585],[89.85255,24.53801],[89.85944,24.52748],[89.86289,24.53693],[89.86868,24.53239],[89.87154,24.53512],[89.88258,24.53546],[89.88297,24.54452],[89.89355,24.54027],[89.88752,24.53565],[89.88774,24.52698],[89.8846,24.52215],[89.87911,24.52439],[89.87636,24.52196],[89.87745,24.51706],[89.88349,24.51614],[89.88566,24.50927],[89.89392,24.50918],[89.89119,24.50013],[89.89299,24.49687],[89.88688,24.49632],[89.8842,24.48824],[89.88021,24.48698]]}},{"type":"Feature","properties":{"level":1},"geometry":{"type":"LineString","coordinates":[[89.78916,24.57469],[89.7947,24.57115],[89.81103,24.57085],[89.80963,24.57641],[89.81802,24.58107]]}},{"type":"Feature","properties":{"level":3},"geometry":{"type":"LineString","coordinates":[[89.81802,24.58107],[89.82311,24.57953]]}},{"type":"Feature","properties":{"level":2},"geometry":{"type":"LineString","coordinates":[[88.88611,24.51805],[88.88138,24.52117],[88.88637,24.52494],[88.88486,24.52969],[88.88894,24.53437],[88.88924,24.53072],[88.89935,24.52868],[88.89813,24.53891],[88.9081,24.54038],[88.92199,24.54821],[88.9364,24.5424],[88.93602,24.53964],[88.94405,24.54032],[88.94918,24.54947],[88.96321,24.55195],[88.9631,24.58354]]}},{"type":"Feature","properties":{"level":2},"geometry":{"type":"LineString","coordinates":[[89.06567,24.53523],[89.06267,24.53947],[89.05243,24.53602],[89.04359,24.5451],[89.03626,24.54675],[89.02955,24.55795],[89.02319,24.55773],[89.01801,24.55016],[89.01121,24.55168],[89.00583,24.55759],[89.01207,24.56084],[89.01109,24.56553],[88.99253,24.57214],[88.9739,24.58432]]}},{"type":"Feature","properties":{"level":2},"geometry":{"type":"LineString","coordinates":[[88.9739,24.58432],[88.9631,24.58354]]}},{"type":"Feature","properties":{"level":1},"geometry":{"type":"LineString","coordinates":[[90.80047,24.52845],[90.8042,24.53122],[90.80108,24.53666],[90.80336,24.54478],[90.80686,24.54385],[90.80623,24.53884],[90.80926,24.54059],[90.81089,24.54672],[90.80858,24.54881],[90.81462,24.55714],[90.80998,24.56444],[90.82042,24.57355],[90.82063,24.58595]]}},{"type":"Feature","properties":{"level":1},"geometry":{"type":"LineString","coordinates":[[89.7801,24.59639],[89.78417,24.58112],[89.78916,24.57469]]}},{"type":"Feature","properties":{"level":2},"geometry":{"type":"LineString","coordinates":[[89.33762,24.55924],[89.33331,24.56126],[89.33331,24.57062],[89.32895,24.56997],[89.33064,24.57191],[89.32485,24.57822],[89.32298,24.58813],[89.3272,24.59782]]}},{"type":"Feature","properties":{"level":3},"geometry":{"type":"LineString","coordinates":[[91.73507,24.59845],[91.73664,24.59166],[91.74169,24.59074],[91.73873,24.5884],[91.7496,24.58783],[91.74798,24.5808],[91.75042,24.57728],[91.74446,24.56969],[91.75124,24.56875],[91.74995,24.57175],[91.75228,24.57217],[91.75728,24.56986],[91.75827,24.57413],[91.76215,24.57359],[91.7643,24.57078],[91.7607,24.56727],[91.76353,24.56548],[91.76214,24.55761],[91.76515,24.55112],[91.78762,24.54498],[91.78718,24.53884],[91.79799,24.53729],[91.80293,24.5139],[91.81067,24.51333],[91.80517,24.50175],[91.81608,24.4986],[91.81383,24.49006],[91.82187,24.49531],[91.82515,24.48698],[91.82198,24.48316],[91.82477,24.48406],[91.82354,24.48128],[91.83231,24.47486],[91.8285,24.47209],[91.83221,24.46507],[91.83063,24.46069]]}},{"type":"Feature","properties":{"level":3},"geometry":{"type":"LineString","coordinates":[[88.39872,24.60305],[88.41037,24.59157],[88.42331,24.59929],[88.43204,24.59622],[88.43616,24.59861],[88.43879,24.5892],[88.44864,24.59517],[88.45768,24.59097],[88.45807,24.58777],[88.45263,24.58799],[88.45376,24.58233],[88.48255,24.56378],[88.48393,24.55991],[88.48952,24.55884],[88.49244,24.55422],[88.49763,24.55716],[88.50224,24.55142],[88.50985,24.5531],[88.51532,24.54776],[88.51706,24.55098],[88.52349,24.54951],[88.52832,24.55443],[88.53593,24.55262],[88.53052,24.53951],[88.53437,24.53093],[88.54051,24.53561],[88.55137,24.53106],[88.55235,24.52764],[88.54874,24.52185],[88.545,24.52269],[88.54366,24.5146],[88.53276,24.51458],[88.53875,24.49377]]}},{"type":"Feature","properties":{"level":2},"geometry":{"type":"LineString","coordinates":[[88.39872,24.60305],[88.38947,24.59864],[88.37133,24.60247],[88.36829,24.59359],[88.35935,24.60227],[88.34507,24.58581],[88.33378,24.58837],[88.32278,24.57178],[88.31663,24.56779],[88.30677,24.57006],[88.30702,24.56317],[88.30077,24.56411],[88.31043,24.5377],[88.31287,24.52083],[88.30572,24.49541],[88.3062,24.48516],[88.31877,24.46022],[88.33247,24.44697],[88.29178,24.41613]]}},{"type":"Feature","properties":{"level":2},"geometry":{"type":"LineString","coordinates":[[91.69386,24.60641],[91.7199,24.59637],[91.72904,24.59542],[91.73507,24.59845]]}},{"type":"Feature","properties":{"level":3},"geometry":{"type":"LineString","coordinates":[[90.94957,24.50075],[90.95328,24.50909],[90.94481,24.52386],[90.95569,24.52871],[90.96219,24.53785],[90.97257,24.53323],[90.98049,24.54124],[90.97392,24.54242],[90.97505,24.54749],[90.97038,24.55477],[90.96216,24.5547],[90.95655,24.56299],[90.95046,24.56364],[90.95337,24.56933],[90.95143,24.57898],[90.94106,24.58482],[90.9477,24.59249],[90.94365,24.59961],[90.94581,24.60667]]}},{"type":"Feature","properties":{"level":2},"geometry":{"type":"LineString","coordinates":[[89.60169,24.60796],[89.60513,24.60365],[89.60128,24.59444],[89.60528,24.58155],[89.60286,24.56347]]}},{"type":"Feature","properties":{"level":0},"geometry":{"type":"LineString","coordinates":[[92.24258,24.61255],[92.23625,24.59977],[92.23326,24.58179],[92.23529,24.57829],[92.23267,24.57013],[92.22945,24.50079],[92.22251,24.50021],[92.20213,24.5074],[92.18398,24.52298],[92.17492,24.52318],[92.16793,24.53204],[92.15774,24.5289],[92.15796,24.52382],[92.15485,24.52249],[92.15736,24.51405],[92.15339,24.51155],[92.1588,24.50656],[92.15207,24.50214],[92.15142,24.48989],[92.15708,24.47423],[92.1538,24.47298],[92.15853,24.47002],[92.15596,24.46639],[92.16037,24.46438],[92.15809,24.46085],[92.16088,24.45991],[92.16395,24.43869],[92.16787,24.43647],[92.16758,24.42659],[92.16386,24.42038],[92.15387,24.42662],[92.14753,24.42252],[92.13659,24.42604],[92.13252,24.41554],[92.13471,24.40827],[92.13134,24.40793],[92.1189,24.39087],[92.12187,24.38338],[92.10582,24.38296]]}},{"type":"Feature","properties":{"level":3},"geometry":{"type":"LineString","coordinates":[[89.7801,24.59639],[89.76372,24.59091],[89.75964,24.5984],[89.74497,24.59794],[89.73864,24.58518],[89.74662,24.57339],[89.74412,24.57228],[89.72803,24.57558],[89.72984,24.58723],[89.72716,24.59325],[89.7218,24.59385],[89.71987,24.58939],[89.70815,24.59125],[89.70761,24.58284],[89.70615,24.58653],[89.70111,24.58612],[89.69845,24.58171],[89.69374,24.5809],[89.68934,24.57238],[89.68774,24.56744],[89.69283,24.55854],[89.69248,24.55227],[89.68136,24.5499],[89.6807,24.55895],[89.67438,24.55738],[89.67333,24.5613],[89.66774,24.56221],[89.6688,24.5756],[89.66281,24.58408],[89.65219,24.58074],[89.6487,24.58898],[89.65548,24.59463],[89.64883,24.60211],[89.63084,24.60075],[89.61869,24.61152],[89.61023,24.61274]]}},{"type":"Feature","properties":{"level":1},"geometry":{"type":"LineString","coordinates":[[90.82063,24.58595],[90.8248,24.58766],[90.8278,24.58412],[90.84181,24.58098],[90.85094,24.59142],[90.85274,24.59862],[90.85668,24.59726],[90.86343,24.6013],[90.8664,24.60005],[90.86582,24.59548],[90.88093,24.5938],[90.88342,24.60014],[90.88796,24.60157],[90.90568,24.60096],[90.9093,24.59597],[90.91692,24.59989],[90.91463,24.61453]]}},{"type":"Feature","properties":{"level":1},"geometry":{"type":"LineString","coordinates":[[90.92941,24.61471],[90.93344,24.61205],[90.93577,24.60314],[90.94581,24.60667]]}},{"type":"Feature","properties":{"level":1},"geometry":{"type":"LineString","coordinates":[[90.91463,24.61453],[90.92941,24.61471]]}},{"type":"Feature","properties":{"level":3},"geometry":{"type":"LineString","coordinates":[[89.61023,24.61274],[89.60794,24.61527],[89.60169,24.60796]]}},{"type":"Feature","properties":{"level":1},"geometry":{"type":"LineString","coordinates":[[90.13922,24.615],[90.13498,24.61634],[90.13395,24.60185],[90.13007,24.59511],[90.14433,24.57599],[90.15574,24.57404],[90.15104,24.56782],[90.15758,24.54981]]}},{"type":"Feature","properties":{"level":3},"geometry":{"type":"LineString","coordinates":[[89.94596,24.62201],[89.94299,24.62138],[89.9415,24.61591],[89.94404,24.60594],[89.94167,24.60877],[89.93887,24.60587],[89.94057,24.6001],[89.94555,24.59527],[89.95242,24.5975],[89.95175,24.59315],[89.9551,24.59577],[89.95404,24.6002],[89.96048,24.60358],[89.96779,24.5962],[89.9805,24.59643],[89.9821,24.58689],[89.99225,24.58568],[89.98345,24.57159],[89.98736,24.56947]]}},{"type":"Feature","properties":{"level":2},"geometry":{"type":"LineString","coordinates":[[90.7611,24.62356],[90.75856,24.60835],[90.77526,24.60757],[90.77661,24.61556],[90.78426,24.60716],[90.79481,24.60461],[90.79655,24.59258],[90.78937,24.58372],[90.79108,24.58141],[90.79643,24.58314],[90.79347,24.57674],[90.79805,24.57459],[90.7998,24.57792],[90.80821,24.57891],[90.80732,24.58493],[90.81647,24.57994],[90.81627,24.58555],[90.82063,24.58595]]}},{"type":"Feature","properties":{"level":2},"geometry":{"type":"LineString","coordinates":[[91.66123,24.62748],[91.66815,24.61833],[91.66956,24.60973],[91.66396,24.59115],[91.6549,24.59494],[91.64109,24.59196],[91.63425,24.59385],[91.6389,24.5883],[91.63468,24.58666],[91.63268,24.59445],[91.62378,24.60136],[91.60951,24.58886],[91.61329,24.58254],[91.61907,24.58762],[91.62874,24.58951],[91.63307,24.58292],[91.62916,24.58275],[91.62699,24.57837],[91.63411,24.57665],[91.6384,24.56517],[91.64697,24.56683],[91.64496,24.5566],[91.64836,24.55642],[91.65261,24.54955],[91.656,24.55141],[91.65772,24.54682],[91.64805,24.54093],[91.64208,24.54542],[91.63751,24.54349],[91.64218,24.5366],[91.64123,24.5282],[91.63415,24.52585],[91.63678,24.5186],[91.62241,24.51613],[91.62491,24.51297],[91.61661,24.50136],[91.61808,24.49532],[91.61321,24.49161],[91.61547,24.48883],[91.61279,24.48045],[91.6142,24.47286]]}},{"type":"Feature","properties":{"level":1},"geometry":{"type":"LineString","coordinates":[[90.94581,24.60667],[90.95372,24.60434],[90.96364,24.61382],[90.9661,24.60793],[90.97762,24.60148],[90.98555,24.60721],[90.99405,24.60344],[91.00471,24.60392],[91.01168,24.6077],[91.01873,24.60501],[91.02229,24.60895],[91.02147,24.61875],[91.02879,24.63017],[91.04294,24.62627]]}},{"type":"Feature","properties":{"level":3},"geometry":{"type":"LineString","coordinates":[[88.57845,24.49772],[88.58142,24.5137],[88.56942,24.51936],[88.57524,24.52402],[88.57592,24.53771],[88.585,24.54208],[88.58568,24.54827],[88.59564,24.56241],[88.59298,24.56604],[88.59431,24.57066],[88.58703,24.57759],[88.59458,24.59053],[88.59477,24.60488],[88.5918,24.60964],[88.60055,24.61781],[88.60342,24.62614],[88.606,24.62495],[88.60497,24.62042],[88.62985,24.61203],[88.62494,24.62733],[88.62973,24.63207]]}},{"type":"Feature","properties":{"level":1},"geometry":{"type":"LineString","coordinates":[[91.19462,24.63219],[91.19523,24.62528],[91.17785,24.6316],[91.18101,24.62651],[91.17744,24.62068],[91.17998,24.61717],[91.20111,24.60985],[91.20013,24.60294],[91.20529,24.59553],[91.19746,24.59034],[91.19934,24.58669],[91.20657,24.58723],[91.20667,24.5784],[91.22602,24.57675],[91.23393,24.57023]]}},{"type":"Feature","properties":{"level":2},"geometry":{"type":"LineString","coordinates":[[91.67726,24.63405],[91.68557,24.61752],[91.68393,24.61031],[91.69386,24.60641]]}},{"type":"Feature","properties":{"level":2},"geometry":{"type":"LineString","coordinates":[[91.66123,24.62748],[91.67068,24.63366],[91.67353,24.63175],[91.67726,24.63405]]}},{"type":"Feature","properties":{"level":2},"geometry":{"type":"LineString","coordinates":[[88.41949,24.63437],[88.4193,24.62405],[88.42351,24.6161],[88.39831,24.60603],[88.39872,24.60305]]}},{"type":"Feature","properties":{"level":3},"geometry":{"type":"LineString","coordinates":[[88.71483,24.5257],[88.70955,24.53645],[88.71103,24.544],[88.7052,24.54602],[88.71148,24.5651],[88.70773,24.56745],[88.71155,24.56677],[88.70662,24.56856],[88.70526,24.56585],[88.6944,24.57265],[88.70024,24.57829],[88.69994,24.58265],[88.69038,24.58872],[88.69334,24.59383],[88.6906,24.60009],[88.67247,24.60767],[88.67285,24.61375],[88.67855,24.61555],[88.67887,24.63576]]}},{"type":"Feature","properties":{"level":2},"geometry":{"type":"LineString","coordinates":[[88.67887,24.63576],[88.67232,24.6358]]}},{"type":"Feature","properties":{"level":2},"geometry":{"type":"LineString","coordinates":[[88.67232,24.6358],[88.65672,24.63128],[88.65477,24.62812],[88.64806,24.63544],[88.64394,24.62464],[88.63841,24.62133],[88.63094,24.62513],[88.62973,24.63207]]}},{"type":"Feature","properties":{"level":3},"geometry":{"type":"LineString","coordinates":[[90.7611,24.62356],[90.74013,24.62775],[90.72194,24.62193],[90.72136,24.618],[90.71446,24.61271],[90.70107,24.61901],[90.70282,24.62749],[90.6791,24.63698],[90.67169,24.62229],[90.66661,24.62019],[90.66707,24.6145],[90.6608,24.60762],[90.6623,24.60246],[90.65221,24.60123],[90.64687,24.59205],[90.6248,24.59026],[90.61773,24.59491],[90.61372,24.58589],[90.61889,24.58284],[90.61509,24.58096],[90.61858,24.57796],[90.61189,24.58154],[90.61408,24.57929],[90.60892,24.5762],[90.59185,24.5784],[90.58457,24.57468],[90.58261,24.56895],[90.58837,24.56545],[90.58968,24.56043],[90.58399,24.56264],[90.58061,24.55956],[90.56876,24.5701],[90.56661,24.56406],[90.56925,24.56079],[90.55828,24.56007],[90.55787,24.57512],[90.54155,24.57244],[90.5384,24.57611],[90.53081,24.57506],[90.52317,24.58831],[90.51901,24.58045],[90.52014,24.57027],[90.51468,24.56819]]}},{"type":"Feature","properties":{"level":3},"geometry":{"type":"LineString","coordinates":[[90.51468,24.56819],[90.51439,24.57956],[90.51897,24.58794],[90.50983,24.60688],[90.49806,24.61969],[90.49989,24.62247],[90.47371,24.62971],[90.46344,24.63732]]}},{"type":"Feature","properties":{"level":3},"geometry":{"type":"LineString","coordinates":[[90.46344,24.63732],[90.46281,24.63775]]}},{"type":"Feature","properties":{"level":3},"geometry":{"type":"LineString","coordinates":[[91.90241,24.44632],[91.90565,24.45026],[91.90276,24.46039],[91.91727,24.46128],[91.92035,24.46701],[91.91299,24.46671],[91.91281,24.47181],[91.92822,24.4808],[91.92157,24.49085],[91.93867,24.49139],[91.93599,24.50084],[91.9381,24.50641],[91.93389,24.50754],[91.93238,24.51708],[91.94417,24.5199],[91.94693,24.52938],[91.96095,24.53263],[91.95956,24.53762],[91.94506,24.53675],[91.93388,24.55924],[91.93871,24.5693],[91.94042,24.58604],[91.94869,24.58859],[91.95108,24.59701],[91.95732,24.60111],[91.95182,24.61352],[91.95273,24.62727],[91.96687,24.62414],[91.9724,24.63375],[91.96931,24.6395]]}},{"type":"Feature","properties":{"level":3},"geometry":{"type":"LineString","coordinates":[[92.10582,24.38296],[92.10862,24.39402],[92.1074,24.40986],[92.11417,24.41574],[92.11222,24.4284],[92.11398,24.43302],[92.12017,24.43409],[92.12279,24.44134],[92.11691,24.44442],[92.12273,24.44718],[92.12,24.44714],[92.11809,24.45358],[92.1214,24.45745],[92.11025,24.46304],[92.10773,24.46825],[92.11521,24.48225],[92.12206,24.48247],[92.12944,24.49068],[92.12529,24.49139],[92.12497,24.50502],[92.12188,24.50484],[92.11898,24.49741],[92.11388,24.50216],[92.11781,24.50558],[92.11018,24.50641],[92.1188,24.51889],[92.11765,24.53172],[92.11459,24.53283],[92.11893,24.53726],[92.10454,24.53433],[92.11593,24.54719],[92.10867,24.56027],[92.10356,24.56013],[92.10387,24.55639],[92.08469,24.5667],[92.08048,24.56393],[92.07291,24.56779],[92.06143,24.56818],[92.0549,24.57253],[92.05597,24.57992],[92.05248,24.58383],[92.05584,24.59378],[92.05461,24.6079],[92.06781,24.63269],[92.06651,24.63721],[92.05987,24.64052]]}},{"type":"Feature","properties":{"level":2},"geometry":{"type":"LineString","coordinates":[[89.106,24.64202],[89.0992,24.63685],[89.10394,24.62182],[89.10024,24.62054],[89.09834,24.60377],[89.10145,24.6033],[89.0966,24.59735],[89.10364,24.58692],[89.1069,24.58766],[89.10473,24.58593],[89.106,24.56347],[89.09965,24.55973],[89.10209,24.55654],[89.09866,24.55394],[89.09977,24.54304],[89.09432,24.53876],[89.09103,24.54499],[89.08633,24.54581],[89.08181,24.53435],[89.06567,24.53523]]}},{"type":"Feature","properties":{"level":1},"geometry":{"type":"LineString","coordinates":[[89.81802,24.58107],[89.81169,24.58345],[89.81339,24.58584],[89.81077,24.58797],[89.81311,24.58999],[89.81657,24.58571],[89.82173,24.59257],[89.82826,24.59212],[89.82324,24.60085],[89.83286,24.60764],[89.82637,24.61113],[89.82651,24.61394],[89.83611,24.61412],[89.83553,24.61828],[89.841,24.62038],[89.84088,24.62703],[89.8507,24.62175],[89.85078,24.62733],[89.84162,24.63754],[89.84623,24.63934],[89.84577,24.64271]]}},{"type":"Feature","properties":{"level":1},"geometry":{"type":"LineString","coordinates":[[91.17765,24.64399],[91.18658,24.63887],[91.19294,24.64154],[91.19462,24.63219]]}},{"type":"Feature","properties":{"level":1},"geometry":{"type":"LineString","coordinates":[[91.04294,24.62627],[91.03672,24.61997],[91.03946,24.61261],[91.05611,24.61754],[91.05666,24.61525],[91.06236,24.62046],[91.07339,24.62207],[91.09325,24.60492],[91.0995,24.60265],[91.09973,24.60861],[91.10548,24.60251],[91.10475,24.61114],[91.11721,24.60866],[91.12451,24.61416],[91.12986,24.61298],[91.13495,24.62472],[91.12952,24.63236],[91.13036,24.64511],[91.13734,24.64151],[91.13835,24.63783],[91.15535,24.64243],[91.16358,24.63553],[91.17568,24.64648],[91.17765,24.64399]]}},{"type":"Feature","properties":{"level":3},"geometry":{"type":"LineString","coordinates":[[89.94596,24.62201],[89.94661,24.63099],[89.94014,24.63321],[89.94542,24.63841],[89.94423,24.64338],[89.93596,24.64387],[89.93701,24.64604],[89.92676,24.64387],[89.9299,24.64952],[89.92567,24.6459],[89.91353,24.64925]]}},{"type":"Feature","properties":{"level":3},"geometry":{"type":"LineString","coordinates":[[92.05987,24.64052],[92.048,24.63422],[92.04287,24.62638],[92.03368,24.62797],[92.02883,24.6367],[92.0351,24.64464],[92.02917,24.65189]]}},{"type":"Feature","properties":{"level":3},"geometry":{"type":"LineString","coordinates":[[91.34003,24.65188],[91.36174,24.65027],[91.35923,24.64669],[91.36541,24.64234],[91.35519,24.63594],[91.35621,24.63309],[91.35279,24.63355],[91.35024,24.62878],[91.33746,24.6363],[91.34047,24.62428],[91.34873,24.62568],[91.35485,24.6222],[91.35904,24.62484],[91.37343,24.61756],[91.37481,24.62809],[91.38126,24.6188],[91.37827,24.61059],[91.37282,24.61134],[91.37271,24.60606],[91.36378,24.59102],[91.35885,24.5955],[91.35715,24.59289],[91.35027,24.59395],[91.34156,24.58745],[91.34414,24.5845],[91.35556,24.5844],[91.36104,24.57951],[91.36275,24.5753],[91.35722,24.57219],[91.35466,24.5776],[91.34854,24.57493],[91.3416,24.58152],[91.31174,24.58947],[91.30443,24.59723],[91.30096,24.59564],[91.31023,24.58448],[91.31455,24.58639],[91.32052,24.58056],[91.31712,24.57405],[91.32328,24.57419],[91.3244,24.5706],[91.34169,24.56515],[91.33788,24.55683],[91.34513,24.55856],[91.34363,24.54851],[91.33928,24.54621],[91.32241,24.54558],[91.31514,24.54908],[91.3133,24.54694],[91.30943,24.55104],[91.30624,24.54841],[91.31181,24.52713],[91.32531,24.52793],[91.3248,24.51878],[91.32156,24.5178],[91.32479,24.5119],[91.31814,24.51135],[91.31533,24.49927],[91.30994,24.49634],[91.30735,24.50427],[91.29696,24.50046],[91.29751,24.49242],[91.30401,24.49101],[91.30305,24.48325],[91.31126,24.47928],[91.29822,24.47874],[91.29343,24.47197],[91.2805,24.47534],[91.28166,24.48744],[91.27111,24.48242],[91.27021,24.49194],[91.26112,24.49101],[91.2637,24.4845],[91.24902,24.48425],[91.24174,24.49073],[91.24111,24.48797],[91.2351,24.49003],[91.23466,24.48649],[91.22277,24.48845],[91.22413,24.48404]]}},{"type":"Feature","properties":{"level":2},"geometry":{"type":"LineString","coordinates":[[92.02044,24.65178],[92.02917,24.65189]]}},{"type":"Feature","properties":{"level":2},"geometry":{"type":"LineString","coordinates":[[91.96931,24.6395],[91.97385,24.6376],[91.97864,24.64227],[91.98532,24.64296],[91.9964,24.65404],[92.01723,24.64962],[92.01629,24.65428],[92.02044,24.65178]]}},{"type":"Feature","properties":{"level":3},"geometry":{"type":"LineString","coordinates":[[89.91353,24.64925],[89.90893,24.65605],[89.90111,24.65056],[89.9005,24.64415],[89.89754,24.64306],[89.90364,24.63917],[89.9039,24.63039],[89.89751,24.63295],[89.88869,24.62993],[89.88371,24.63485],[89.87886,24.63172],[89.87152,24.63655],[89.87328,24.64119],[89.87094,24.64283],[89.86658,24.63864],[89.86339,24.63961],[89.86268,24.63622],[89.85598,24.6421],[89.84577,24.64271]]}},{"type":"Feature","properties":{"level":2},"geometry":{"type":"LineString","coordinates":[[91.23393,24.57023],[91.24472,24.57725],[91.25602,24.57801],[91.26842,24.58431],[91.26728,24.60115],[91.27484,24.60937],[91.27599,24.60381],[91.29463,24.59946],[91.29933,24.61112],[91.29775,24.62104],[91.30799,24.62625],[91.30285,24.63492],[91.30401,24.65721],[91.30868,24.65682],[91.3142,24.64789],[91.32655,24.65829],[91.33433,24.66028]]}},{"type":"Feature","properties":{"level":3},"geometry":{"type":"LineString","coordinates":[[91.33433,24.66028],[91.34003,24.65188]]}},{"type":"Feature","properties":{"level":2},"geometry":{"type":"LineString","coordinates":[[91.90513,24.66432],[91.9132,24.66222],[91.91109,24.65709],[91.92214,24.65383],[91.92657,24.65389],[91.93245,24.66273],[91.93416,24.6567],[91.94287,24.65599],[91.94807,24.65141],[91.96373,24.64644],[91.96931,24.6395]]}},{"type":"Feature","properties":{"level":2},"geometry":{"type":"LineString","coordinates":[[91.73507,24.59845],[91.74066,24.60021],[91.74524,24.59675],[91.7515,24.60014],[91.75378,24.60913],[91.7712,24.6202],[91.77283,24.62666],[91.78322,24.62748],[91.78047,24.63653],[91.78622,24.64332],[91.79591,24.64536],[91.80093,24.63732],[91.83159,24.65432],[91.84425,24.65131],[91.8475,24.6454],[91.86295,24.65084],[91.86531,24.65809],[91.86932,24.65884],[91.87705,24.65583],[91.8854,24.65779],[91.89103,24.64603],[91.90214,24.65072],[91.90462,24.6644]]}},{"type":"Feature","properties":{"level":2},"geometry":{"type":"LineString","coordinates":[[91.90462,24.6644],[91.90513,24.66432]]}},{"type":"Feature","properties":{"level":2},"geometry":{"type":"LineString","coordinates":[[88.9631,24.58354],[88.95949,24.58496],[88.95415,24.57861],[88.94089,24.58871],[88.94176,24.59143],[88.93755,24.5867],[88.93388,24.58821],[88.93333,24.5957],[88.92679,24.59773],[88.9246,24.61807],[88.91148,24.63103],[88.90991,24.64316],[88.89801,24.64365],[88.89033,24.63721],[88.88303,24.64338],[88.87909,24.64164],[88.8813,24.63705],[88.87929,24.63488],[88.87403,24.63737],[88.87327,24.64522],[88.86318,24.64733],[88.86542,24.64885],[88.8617,24.65597],[88.83272,24.65738],[88.82959,24.65158],[88.81927,24.6532],[88.81086,24.65696],[88.81332,24.67291]]}},{"type":"Feature","properties":{"level":3},"geometry":{"type":"LineString","coordinates":[[92.24258,24.61255],[92.23792,24.61358],[92.23612,24.62063],[92.22792,24.62598],[92.20677,24.60747],[92.19843,24.60751],[92.1893,24.60118],[92.1749,24.6067],[92.17781,24.5988],[92.17389,24.59745],[92.17472,24.59237],[92.16995,24.58743],[92.16985,24.6001],[92.16304,24.60237],[92.16233,24.62099],[92.15424,24.62261],[92.14769,24.6281],[92.13659,24.6286],[92.13665,24.63445],[92.13351,24.63603],[92.13694,24.6423],[92.11863,24.64724],[92.11658,24.6531],[92.10652,24.657],[92.09547,24.63379],[92.08897,24.64447],[92.07382,24.64917],[92.07338,24.65365],[92.08399,24.66876],[92.07671,24.67345]]}},{"type":"Feature","properties":{"level":3},"geometry":{"type":"LineString","coordinates":[[92.07671,24.67345],[92.0708,24.6726],[92.07535,24.67022],[92.07276,24.66439],[92.06974,24.66425],[92.07116,24.66078],[92.06643,24.66116],[92.06818,24.65841],[92.0615,24.6571],[92.06378,24.6487],[92.05686,24.64599],[92.05921,24.64531],[92.0565,24.64313],[92.05987,24.64052]]}},{"type":"Feature","properties":{"level":3},"geometry":{"type":"LineString","coordinates":[[90.34555,24.67438],[90.34099,24.66558],[90.32739,24.66494],[90.32475,24.66195],[90.33217,24.65616],[90.33036,24.65019],[90.33359,24.64317],[90.33853,24.64109],[90.33828,24.63685],[90.3471,24.63398],[90.35246,24.61583],[90.36022,24.61365],[90.35636,24.60105],[90.35021,24.59691],[90.34845,24.59145],[90.33639,24.58414],[90.33558,24.57917],[90.34149,24.57788],[90.3422,24.57051],[90.32403,24.56498],[90.32627,24.55327],[90.32281,24.55021],[90.3307,24.53933],[90.34332,24.53897],[90.34464,24.53269],[90.33722,24.53084],[90.33531,24.51887],[90.32687,24.51695],[90.32307,24.51011],[90.32156,24.48421],[90.30559,24.48541],[90.29415,24.47295]]}},{"type":"Feature","properties":{"level":3},"geometry":{"type":"LineString","coordinates":[[91.40842,24.67465],[91.41014,24.66901],[91.39571,24.66189],[91.39478,24.65373],[91.43218,24.6433],[91.4345,24.62829],[91.44167,24.62256],[91.43147,24.6135],[91.4465,24.61077],[91.45417,24.61319],[91.45372,24.60161],[91.46862,24.60096],[91.47523,24.58676],[91.46758,24.58132],[91.45329,24.58576],[91.45369,24.57742],[91.45089,24.57393],[91.45538,24.55586],[91.45904,24.55561],[91.45654,24.55271],[91.46441,24.5476],[91.47054,24.55224],[91.47793,24.5504],[91.48833,24.55264],[91.49582,24.55026],[91.49665,24.54695],[91.49366,24.54096],[91.48876,24.54287],[91.48743,24.54072],[91.49743,24.53227],[91.4829,24.52536],[91.48392,24.52028],[91.47584,24.51444],[91.48287,24.50627],[91.47704,24.50431],[91.46775,24.51139],[91.46537,24.50754],[91.46713,24.50144],[91.47348,24.50375],[91.47701,24.50037],[91.46741,24.49314],[91.47275,24.48714],[91.46302,24.48388],[91.47109,24.48148],[91.47817,24.48547],[91.47955,24.48235],[91.47265,24.47865],[91.4716,24.4708],[91.46141,24.4602],[91.45986,24.45567],[91.46253,24.45427]]}},{"type":"Feature","properties":{"level":3},"geometry":{"type":"LineString","coordinates":[[90.46281,24.63775],[90.45219,24.64701],[90.44504,24.64703],[90.4448,24.65075],[90.41644,24.65635],[90.40007,24.66789],[90.3959,24.66462],[90.39224,24.66827],[90.37963,24.66762],[90.36123,24.6781]]}},{"type":"Feature","properties":{"level":3},"geometry":{"type":"LineString","coordinates":[[90.36123,24.6781],[90.34555,24.67438]]}},{"type":"Feature","properties":{"level":2},"geometry":{"type":"LineString","coordinates":[[91.45867,24.66869],[91.46544,24.67079],[91.4661,24.66226],[91.47829,24.67387],[91.48527,24.66911],[91.48431,24.67667],[91.49413,24.66885],[91.4948,24.67406],[91.5145,24.66667],[91.52037,24.66923],[91.52229,24.66178],[91.52461,24.6668],[91.53242,24.66212],[91.53261,24.65163],[91.53911,24.65655],[91.54496,24.6714],[91.55003,24.66048],[91.55353,24.66085],[91.55343,24.6677],[91.56761,24.65762],[91.57096,24.64725],[91.57155,24.6618],[91.56198,24.66612],[91.57435,24.67716],[91.57838,24.67404],[91.57833,24.66498],[91.58091,24.66268],[91.5863,24.66182],[91.58458,24.66654],[91.58959,24.67055],[91.60599,24.67032],[91.60623,24.67479],[91.619,24.65802],[91.62269,24.65709],[91.62643,24.65966],[91.62435,24.66834],[91.62648,24.67325],[91.65006,24.67952]]}},{"type":"Feature","properties":{"level":2},"geometry":{"type":"LineString","coordinates":[[91.65006,24.67952],[91.65508,24.68211],[91.65875,24.68019],[91.65042,24.6723],[91.64969,24.66367],[91.63967,24.65964],[91.64454,24.6548],[91.64147,24.64769],[91.64667,24.64597],[91.64679,24.6415],[91.65505,24.63583],[91.65222,24.62926],[91.66123,24.62748]]}},{"type":"Feature","properties":{"level":2},"geometry":{"type":"LineString","coordinates":[[91.40842,24.67465],[91.41416,24.67406],[91.41891,24.6824],[91.42775,24.68182],[91.42722,24.67144],[91.43026,24.67019],[91.43124,24.6752],[91.43815,24.67073],[91.44405,24.65174],[91.44785,24.6537],[91.4498,24.66651],[91.45867,24.66869]]}},{"type":"Feature","properties":{"level":3},"geometry":{"type":"LineString","coordinates":[[90.46281,24.63775],[90.45882,24.64908],[90.4654,24.66673],[90.46572,24.67999],[90.46093,24.6839]]}},{"type":"Feature","properties":{"level":2},"geometry":{"type":"LineString","coordinates":[[89.13621,24.68497],[89.1331,24.67411],[89.13461,24.66519],[89.131,24.66465],[89.13708,24.66095],[89.12879,24.65635],[89.1245,24.65983],[89.12394,24.65516],[89.12101,24.65895],[89.1184,24.64707],[89.106,24.64202]]}},{"type":"Feature","properties":{"level":2},"geometry":{"type":"LineString","coordinates":[[89.3272,24.59782],[89.30682,24.59807],[89.30605,24.61345],[89.29686,24.61394],[89.29931,24.61777],[89.29474,24.61957],[89.29513,24.62222],[89.27995,24.62491],[89.27959,24.62782],[89.2716,24.62377],[89.26856,24.62884],[89.25858,24.6281],[89.25525,24.62039],[89.24961,24.61986],[89.24879,24.6153],[89.25477,24.61327],[89.25364,24.60488],[89.24383,24.6013],[89.24225,24.59567],[89.23897,24.59465],[89.2405,24.5917],[89.23594,24.58758],[89.23884,24.58338],[89.22422,24.57945],[89.21721,24.59088],[89.21651,24.59779],[89.21285,24.59886],[89.21585,24.60142],[89.21563,24.61265],[89.20717,24.61066],[89.20525,24.6037],[89.20432,24.61112],[89.19504,24.61417],[89.20043,24.61844],[89.20021,24.62713],[89.20616,24.62757],[89.21007,24.63365],[89.20315,24.63371],[89.20412,24.63917],[89.20086,24.64225],[89.19849,24.63942],[89.19099,24.64009],[89.19337,24.64687],[89.18916,24.65066],[89.18255,24.64814],[89.1793,24.64302],[89.17355,24.64541],[89.17088,24.63555],[89.17584,24.63123],[89.16994,24.62764],[89.17151,24.62164],[89.14988,24.61641],[89.15235,24.62267],[89.14579,24.62356],[89.14121,24.63126],[89.13521,24.64383],[89.13765,24.64529],[89.13541,24.6563],[89.1443,24.65941],[89.14501,24.66627],[89.14203,24.66667],[89.14428,24.6717],[89.1535,24.67315],[89.15472,24.66846],[89.16573,24.67055],[89.16238,24.68732],[89.15662,24.68744]]}},{"type":"Feature","properties":{"level":2},"geometry":{"type":"LineString","coordinates":[[89.15662,24.68744],[89.15172,24.68745],[89.15041,24.68205],[89.14138,24.67946],[89.13988,24.68672],[89.13621,24.68497]]}},{"type":"Feature","properties":{"level":2},"geometry":{"type":"LineString","coordinates":[[88.81332,24.67291],[88.80475,24.67542],[88.80408,24.68515],[88.7974,24.68922],[88.79352,24.68923],[88.7879,24.68237],[88.76735,24.6707],[88.75257,24.6768],[88.74778,24.68192],[88.74968,24.68465],[88.74161,24.68804],[88.7342,24.66709],[88.72705,24.66959],[88.72388,24.66449],[88.71934,24.66461],[88.71758,24.67217],[88.70145,24.667],[88.69895,24.66082],[88.70367,24.65883],[88.70278,24.65083],[88.69441,24.64351],[88.70115,24.64228],[88.70514,24.63212],[88.69769,24.63421],[88.69301,24.62952],[88.69053,24.63209],[88.69238,24.63878],[88.69067,24.63649],[88.68635,24.64017],[88.67887,24.63576]]}},{"type":"Feature","properties":{"level":3},"geometry":{"type":"LineString","coordinates":[[89.33708,24.69103],[89.32814,24.68526],[89.33049,24.67908],[89.32645,24.67742],[89.33919,24.66551],[89.33389,24.64682],[89.34189,24.63297],[89.34291,24.62266],[89.33855,24.61283],[89.33919,24.60125],[89.33501,24.5993],[89.33526,24.59641],[89.3272,24.59782]]}},{"type":"Feature","properties":{"level":2},"geometry":{"type":"LineString","coordinates":[[91.37805,24.69805],[91.3921,24.68802],[91.38931,24.68438],[91.39219,24.68158],[91.39082,24.67543],[91.39849,24.67842],[91.39885,24.67351],[91.40842,24.67465]]}},{"type":"Feature","properties":{"level":2},"geometry":{"type":"LineString","coordinates":[[91.33433,24.66028],[91.34234,24.67497],[91.34561,24.67477],[91.34779,24.66937],[91.36237,24.6783],[91.35816,24.68636],[91.34883,24.68747],[91.34952,24.69105],[91.37175,24.68948],[91.37445,24.69689],[91.37805,24.69805]]}},{"type":"Feature","properties":{"level":3},"geometry":{"type":"LineString","coordinates":[[88.81332,24.67291],[88.82249,24.67818],[88.82543,24.67599],[88.83338,24.67837],[88.83566,24.68401],[88.84461,24.67887],[88.84547,24.69831]]}},{"type":"Feature","properties":{"level":2},"geometry":{"type":"LineString","coordinates":[[92.02917,24.65189],[92.03393,24.65911],[92.03364,24.68092],[92.03624,24.68723],[92.03197,24.69219],[92.0326,24.69666],[92.02632,24.69742],[92.0312,24.69986]]}},{"type":"Feature","properties":{"level":2},"geometry":{"type":"LineString","coordinates":[[90.69439,24.69907],[90.70176,24.70044],[90.70763,24.6916],[90.70291,24.68983],[90.70444,24.68769],[90.698,24.67659],[90.70189,24.66734],[90.72038,24.64812],[90.72476,24.65265],[90.72817,24.6524],[90.72829,24.64814],[90.73924,24.64884],[90.7418,24.63533],[90.75724,24.63535],[90.7611,24.62356]]}},{"type":"Feature","properties":{"level":2},"geometry":{"type":"LineString","coordinates":[[88.62973,24.63207],[88.6344,24.63652],[88.62711,24.63609],[88.62254,24.64758],[88.62757,24.65495],[88.62568,24.66395],[88.62819,24.67237],[88.62419,24.67553],[88.62301,24.69368],[88.61982,24.69964],[88.60871,24.70347],[88.59987,24.69957],[88.59198,24.70004]]}},{"type":"Feature","properties":{"level":3},"geometry":{"type":"LineString","coordinates":[[88.8987,24.70416],[88.90154,24.699],[88.91171,24.69645],[88.91749,24.68529],[88.928,24.68083],[88.92814,24.67395],[88.92087,24.67127],[88.92229,24.66888],[88.93166,24.67036],[88.94046,24.66702],[88.94106,24.66915],[88.95134,24.66454],[88.94633,24.67904],[88.94733,24.68926],[88.95243,24.69256],[88.9671,24.69202],[88.97851,24.69536],[88.97788,24.69266],[88.98488,24.69087],[88.99351,24.67015],[89.01949,24.6716],[89.01918,24.66218],[89.01587,24.65803],[89.02052,24.65806],[89.02397,24.65411],[89.03325,24.65651],[89.03329,24.65269],[89.04377,24.65169],[89.04551,24.64744],[89.05442,24.64871],[89.0552,24.63893],[89.0677,24.63723],[89.07203,24.64111],[89.07957,24.66928],[89.08584,24.67109],[89.09617,24.67009],[89.0975,24.65734],[89.0941,24.65476],[89.09409,24.64626],[89.106,24.64202]]}},{"type":"Feature","properties":{"level":3},"geometry":{"type":"LineString","coordinates":[[88.84547,24.69831],[88.86602,24.69597],[88.87976,24.68693],[88.88176,24.68042],[88.88627,24.67875],[88.89052,24.68281],[88.89233,24.69631],[88.8899,24.69877],[88.89627,24.70567],[88.8987,24.70416]]}},{"type":"Feature","properties":{"level":3},"geometry":{"type":"LineString","coordinates":[[90.46093,24.6839],[90.45302,24.71089]]}},{"type":"Feature","properties":{"level":3},"geometry":{"type":"LineString","coordinates":[[88.27939,24.71592],[88.295,24.713],[88.29703,24.70328],[88.301,24.69966],[88.30699,24.70033],[88.30791,24.69409],[88.32307,24.69282],[88.33238,24.68109],[88.34209,24.67918],[88.34248,24.67095],[88.35231,24.66622],[88.35085,24.66259],[88.35394,24.65973],[88.34542,24.65466],[88.34709,24.64545],[88.35446,24.64976],[88.3557,24.64447],[88.36475,24.64514],[88.3657,24.63939],[88.37347,24.64497],[88.3829,24.63859],[88.38043,24.65203],[88.39065,24.64626],[88.39301,24.64797],[88.39701,24.64149],[88.40818,24.64309],[88.41949,24.63437]]}},{"type":"Feature","properties":{"level":3},"geometry":{"type":"LineString","coordinates":[[88.08612,24.57399],[88.10777,24.575],[88.12054,24.57203],[88.12102,24.58421],[88.14785,24.58412],[88.15077,24.58679],[88.15868,24.58257],[88.16375,24.58668],[88.16953,24.58484],[88.17737,24.58814],[88.19343,24.58509],[88.20946,24.5754],[88.22171,24.57657],[88.22189,24.57998],[88.21312,24.58278],[88.21455,24.58538],[88.22352,24.58039],[88.22698,24.57427],[88.23034,24.57628],[88.22844,24.57955],[88.23085,24.58855],[88.22563,24.5931],[88.22163,24.59095],[88.21695,24.59552],[88.21239,24.59535],[88.20789,24.58927],[88.20349,24.5907],[88.20488,24.59831],[88.19265,24.60465],[88.19993,24.60604],[88.19499,24.61032],[88.19885,24.61472],[88.19493,24.61441],[88.18814,24.62203],[88.19265,24.62479],[88.20007,24.62342],[88.21169,24.61178],[88.21812,24.62094],[88.22641,24.61917],[88.22428,24.62223],[88.22632,24.62565],[88.22169,24.62808],[88.22656,24.63172],[88.23211,24.63228],[88.24179,24.62644],[88.23597,24.63439],[88.24404,24.64422],[88.24151,24.65035],[88.23859,24.64919],[88.24013,24.65783],[88.2476,24.6535],[88.25391,24.65764],[88.25562,24.66391],[88.26012,24.66167],[88.26382,24.66572],[88.26813,24.66486],[88.27006,24.66093],[88.27899,24.66796],[88.29596,24.66891],[88.29867,24.68008],[88.29191,24.68886],[88.26659,24.67823],[88.25616,24.68051],[88.24757,24.68877],[88.25892,24.70435],[88.27939,24.71592]]}},{"type":"Feature","properties":{"level":3},"geometry":{"type":"LineString","coordinates":[[90.30107,24.71805],[90.30202,24.70266],[90.31955,24.70591],[90.33555,24.69894],[90.3397,24.7007],[90.34238,24.69437],[90.33493,24.68799],[90.33511,24.68138],[90.34555,24.67438]]}},{"type":"Feature","properties":{"level":3},"geometry":{"type":"LineString","coordinates":[[89.27719,24.71909],[89.28244,24.7124],[89.28076,24.70618],[89.27622,24.70514],[89.27751,24.69429],[89.28995,24.69473],[89.28968,24.69094],[89.29274,24.69061],[89.29962,24.69238],[89.29983,24.69682],[89.31181,24.69736],[89.31817,24.68664],[89.32146,24.68627],[89.32528,24.68931],[89.32476,24.69769],[89.33192,24.6983],[89.33708,24.69103]]}},{"type":"Feature","properties":{"level":2},"geometry":{"type":"LineString","coordinates":[[88.59198,24.70004],[88.58901,24.6897],[88.57646,24.68071],[88.57047,24.68489],[88.57732,24.69646],[88.57152,24.6978],[88.56704,24.70319],[88.55091,24.70658],[88.54282,24.70276],[88.53891,24.70641],[88.5199,24.70807],[88.51591,24.71371],[88.51012,24.7139],[88.50355,24.71972]]}},{"type":"Feature","properties":{"level":2},"geometry":{"type":"LineString","coordinates":[[88.50355,24.71972],[88.49964,24.71889],[88.49732,24.71023],[88.48926,24.70989],[88.48979,24.69147],[88.48446,24.68856],[88.48285,24.68193],[88.47207,24.68593],[88.46003,24.68506],[88.45644,24.67767],[88.47583,24.66926],[88.48057,24.67991],[88.48922,24.6768],[88.49105,24.6803],[88.51099,24.68335],[88.51148,24.67343],[88.50241,24.6754],[88.50224,24.66815],[88.49405,24.66978],[88.48825,24.66396],[88.4917,24.6628],[88.4912,24.65766],[88.46824,24.66153],[88.46622,24.65838],[88.4593,24.65779],[88.4494,24.66611],[88.43696,24.66783],[88.43474,24.65104],[88.42145,24.65056],[88.43108,24.64387],[88.4308,24.63674],[88.42741,24.63345],[88.41949,24.63437]]}},{"type":"Feature","properties":{"level":3},"geometry":{"type":"LineString","coordinates":[[90.13922,24.615],[90.14946,24.61603],[90.16224,24.60481],[90.16895,24.60462],[90.17102,24.6104],[90.17446,24.61126],[90.17392,24.62084],[90.18397,24.62697],[90.18153,24.6298],[90.18782,24.63445],[90.18636,24.63727],[90.18347,24.63608],[90.18514,24.6411],[90.18144,24.64761],[90.18382,24.65079],[90.18982,24.64999],[90.18944,24.6553],[90.19983,24.65384],[90.20319,24.65651],[90.20361,24.66796],[90.20643,24.67056],[90.20185,24.67281],[90.19863,24.6834],[90.22511,24.68361],[90.23331,24.68953],[90.2328,24.69379],[90.24352,24.69637],[90.24632,24.69051],[90.25236,24.68989],[90.25688,24.69479],[90.26632,24.69257],[90.27009,24.69618],[90.26737,24.69832],[90.28215,24.69753],[90.28869,24.70261],[90.29273,24.71901],[90.2993,24.72232],[90.30107,24.71805]]}},{"type":"Feature","properties":{"level":3},"geometry":{"type":"LineString","coordinates":[[89.52938,24.56171],[89.5271,24.56036],[89.52746,24.56401],[89.52367,24.56477],[89.53122,24.56983],[89.53343,24.57559],[89.53198,24.57823],[89.52703,24.5769],[89.52779,24.58383],[89.51479,24.57913],[89.5145,24.58541],[89.49632,24.59265],[89.49741,24.59992],[89.50066,24.59943],[89.50857,24.60807],[89.50697,24.62123],[89.51012,24.63241],[89.50525,24.63515],[89.5048,24.63907],[89.50255,24.63592],[89.49736,24.63663],[89.48725,24.64557],[89.48783,24.65013],[89.4969,24.6581],[89.4976,24.66502],[89.49311,24.66816],[89.49347,24.66391],[89.48655,24.66531],[89.48604,24.67041],[89.47956,24.6694],[89.48856,24.67426],[89.48832,24.68138],[89.48347,24.68437],[89.4904,24.68621],[89.48591,24.68908],[89.49229,24.69426],[89.48714,24.69858],[89.49018,24.70445],[89.48645,24.70937],[89.47676,24.70723],[89.47432,24.71624],[89.48,24.71544],[89.47609,24.72264]]}},{"type":"Feature","properties":{"level":3},"geometry":{"type":"LineString","coordinates":[[89.47609,24.72264],[89.46717,24.72506],[89.45952,24.72229],[89.45729,24.71656],[89.44052,24.71817],[89.42736,24.72344]]}},{"type":"Feature","properties":{"level":3},"geometry":{"type":"LineString","coordinates":[[89.42736,24.72344],[89.42234,24.7252],[89.41822,24.71901],[89.40968,24.72096],[89.40851,24.71557],[89.39858,24.71648],[89.40177,24.70551],[89.39661,24.71137],[89.3911,24.70998],[89.38819,24.69859],[89.38046,24.69808],[89.38019,24.69239],[89.37615,24.69155],[89.37556,24.69898],[89.36681,24.70272],[89.35384,24.70272],[89.33708,24.69103]]}},{"type":"Feature","properties":{"level":3},"geometry":{"type":"LineString","coordinates":[[88.84901,24.72539],[88.85278,24.71688],[88.84572,24.71324],[88.84892,24.70442],[88.84547,24.69831]]}},{"type":"Feature","properties":{"level":3},"geometry":{"type":"LineString","coordinates":[[90.69439,24.69907],[90.69251,24.69604],[90.68698,24.69592],[90.68509,24.69748],[90.68765,24.70322],[90.67406,24.70476],[90.67438,24.71155],[90.66512,24.71554],[90.64624,24.7119],[90.64268,24.72648]]}},{"type":"Feature","properties":{"level":3},"geometry":{"type":"LineString","coordinates":[[90.64268,24.72648],[90.63709,24.72581],[90.63338,24.71246],[90.62878,24.71078],[90.63083,24.70929],[90.62551,24.70479],[90.61027,24.71342],[90.58982,24.70693],[90.58588,24.70939],[90.58221,24.70367],[90.57711,24.70352],[90.57532,24.69483],[90.58509,24.6843],[90.58318,24.68198],[90.57893,24.68453],[90.57364,24.67678],[90.56644,24.67718],[90.56625,24.68394],[90.56389,24.67966],[90.55702,24.68715],[90.55289,24.68129],[90.53556,24.68447],[90.53405,24.69257],[90.5367,24.69854],[90.52869,24.69867],[90.52761,24.69488],[90.51627,24.69607],[90.51396,24.70056],[90.50593,24.70077],[90.50382,24.70515],[90.49553,24.70489],[90.49079,24.68403],[90.49316,24.67528],[90.50551,24.66338],[90.51342,24.64859],[90.49954,24.65347],[90.49426,24.65198],[90.48007,24.65826],[90.46351,24.64516],[90.46344,24.63732]]}},{"type":"Feature","properties":{"level":3},"geometry":{"type":"LineString","coordinates":[[89.99059,24.72993],[89.99672,24.69557],[90.00537,24.69221],[90.01203,24.68126],[90.00208,24.6755],[89.99657,24.67816],[89.98625,24.67569],[89.97857,24.66954],[89.98234,24.67136],[89.98935,24.66843],[89.9838,24.66548],[89.98581,24.6637],[89.99751,24.66416],[89.99921,24.67069],[90.00231,24.66849],[90.0003,24.65738],[89.99318,24.66016],[89.9895,24.65734],[89.99002,24.65379],[89.98488,24.65489],[89.97346,24.64372],[89.97588,24.63466],[89.98298,24.63423],[89.97855,24.6302],[89.98634,24.62878],[89.98741,24.62522],[89.97974,24.62414],[89.97665,24.62691],[89.96678,24.62387],[89.9645,24.6277],[89.95557,24.62191],[89.95189,24.62454],[89.94851,24.62024],[89.94596,24.62201]]}},{"type":"Feature","properties":{"level":3},"geometry":{"type":"LineString","coordinates":[[90.85908,24.73062],[90.84934,24.72997],[90.85621,24.72022],[90.86177,24.72242],[90.86293,24.71351],[90.87921,24.71407],[90.87558,24.69276],[90.88291,24.69204],[90.88381,24.68646],[90.89167,24.68056],[90.89496,24.67102],[90.89258,24.66712],[90.90315,24.6672],[90.89837,24.66211],[90.89894,24.65754],[90.90936,24.64798],[90.90824,24.63171],[90.90455,24.62921],[90.91083,24.62863],[90.91383,24.62461],[90.91463,24.61453]]}},{"type":"Feature","properties":{"level":3},"geometry":{"type":"LineString","coordinates":[[91.96518,24.73237],[91.97224,24.72915],[91.98518,24.73414],[91.98946,24.72969],[91.98901,24.72513],[91.99568,24.72513],[91.9832,24.71456],[91.99162,24.71453],[91.99969,24.71011],[92.01171,24.71221],[92.01445,24.70713],[92.02314,24.70667],[92.0312,24.69986]]}},{"type":"Feature","properties":{"level":2},"geometry":{"type":"LineString","coordinates":[[89.65721,24.74008],[89.66084,24.72731],[89.64313,24.71921],[89.64189,24.71516],[89.63773,24.71536],[89.64461,24.709],[89.64664,24.7012],[89.64279,24.70144],[89.63215,24.69353],[89.62571,24.68524],[89.61762,24.68823],[89.61194,24.68739],[89.61289,24.68478],[89.60845,24.68642],[89.60568,24.69386],[89.59732,24.69652],[89.59511,24.70211],[89.57159,24.70014],[89.56698,24.69565],[89.56316,24.71108],[89.55462,24.70779],[89.5537,24.7026],[89.56099,24.69166],[89.5588,24.67958],[89.55268,24.67963],[89.54913,24.67446],[89.55371,24.66763],[89.54596,24.65328],[89.5625,24.65301],[89.5629,24.65047],[89.55478,24.64113],[89.55985,24.62689],[89.5563,24.62233],[89.54967,24.62464],[89.54906,24.6179],[89.5573,24.61617],[89.57138,24.62223],[89.57735,24.61923],[89.58362,24.62083],[89.59047,24.60992],[89.59521,24.61126],[89.60169,24.60796]]}},{"type":"Feature","properties":{"level":2},"geometry":{"type":"LineString","coordinates":[[89.13621,24.68497],[89.13313,24.68592],[89.13624,24.69261],[89.13138,24.69214],[89.12928,24.69984],[89.13463,24.70367],[89.13007,24.70525],[89.13517,24.70748],[89.1336,24.71244],[89.14434,24.71696],[89.14279,24.71903],[89.14663,24.72264],[89.1441,24.7268],[89.14828,24.72651],[89.14944,24.7401],[89.14118,24.73764]]}},{"type":"Feature","properties":{"level":3},"geometry":{"type":"LineString","coordinates":[[91.04294,24.62627],[91.0507,24.62798],[91.04292,24.62996],[91.04687,24.6366],[91.04108,24.6358],[91.03856,24.64135],[91.05467,24.66493],[91.06738,24.66609],[91.06381,24.66882],[91.06358,24.674],[91.07207,24.69558],[91.06033,24.70197],[91.05619,24.69534],[91.05369,24.69735],[91.04703,24.6923],[91.03686,24.69711],[91.05059,24.7094],[91.04817,24.71631],[91.03359,24.72472],[91.0344,24.72942],[91.0256,24.73556],[91.01361,24.73919],[91.00038,24.73605],[91.00132,24.74053]]}},{"type":"Feature","properties":{"level":3},"geometry":{"type":"LineString","coordinates":[[90.98937,24.74183],[91.00132,24.74053]]}},{"type":"Feature","properties":{"level":3},"geometry":{"type":"LineString","coordinates":[[90.45302,24.71089],[90.457,24.71394],[90.46494,24.71135],[90.46614,24.71572],[90.4804,24.72106],[90.48461,24.72456],[90.48507,24.73978],[90.49048,24.74258],[90.49324,24.73977],[90.5017,24.74433]]}},{"type":"Feature","properties":{"level":3},"geometry":{"type":"LineString","coordinates":[[88.27939,24.71592],[88.28759,24.73051],[88.27257,24.74673]]}},{"type":"Feature","properties":{"level":3},"geometry":{"type":"LineString","coordinates":[[90.98937,24.74183],[90.98442,24.73731],[90.97426,24.73504],[90.97462,24.73185],[90.97026,24.72897],[90.96372,24.72954],[90.95593,24.72362],[90.94683,24.72731],[90.9442,24.73291],[90.92867,24.73215],[90.92389,24.73807],[90.92353,24.74553],[90.91546,24.74927],[90.89985,24.74576]]}},{"type":"Feature","properties":{"level":2},"geometry":{"type":"LineString","coordinates":[[91.67223,24.75011],[91.66503,24.74992],[91.65763,24.74286],[91.67157,24.73125],[91.67038,24.72703],[91.67468,24.72539],[91.67162,24.71997],[91.66516,24.72136],[91.66479,24.72446],[91.65811,24.72444],[91.65132,24.71719],[91.65706,24.71506],[91.65626,24.70944],[91.66168,24.70539],[91.66079,24.70178],[91.64329,24.70075],[91.64258,24.69371],[91.64546,24.69349],[91.64614,24.69865],[91.65456,24.69771],[91.65006,24.67952]]}},{"type":"Feature","properties":{"level":3},"geometry":{"type":"LineString","coordinates":[[88.96306,24.74819],[88.95109,24.75004],[88.9499,24.74394],[88.94545,24.74803],[88.94558,24.74398],[88.93955,24.74013],[88.94167,24.73794],[88.93943,24.73485],[88.92487,24.72825],[88.91384,24.728],[88.90486,24.73177],[88.90207,24.72434],[88.89242,24.73373],[88.87783,24.72715],[88.87383,24.72002],[88.86996,24.72439],[88.86335,24.71957],[88.86593,24.72507],[88.85909,24.72505],[88.85908,24.72923],[88.85209,24.72949],[88.85198,24.72459],[88.84901,24.72539]]}},{"type":"Feature","properties":{"level":3},"geometry":{"type":"LineString","coordinates":[[90.89985,24.74576],[90.89919,24.75254],[90.89733,24.74468],[90.87686,24.74864],[90.87901,24.74206],[90.87134,24.73475],[90.86956,24.73855],[90.85908,24.73062]]}},{"type":"Feature","properties":{"level":3},"geometry":{"type":"LineString","coordinates":[[91.89226,24.75806],[91.89545,24.75151],[91.89408,24.74567],[91.90352,24.74365],[91.90332,24.732],[91.91024,24.72554],[91.91505,24.72626],[91.91785,24.71948],[91.91062,24.71379],[91.90531,24.71582],[91.90531,24.70956],[91.89926,24.70844],[91.90411,24.70453],[91.90482,24.69672],[91.91655,24.69516],[91.91827,24.69201],[91.91486,24.6857],[91.91539,24.67842],[91.90462,24.6644]]}},{"type":"Feature","properties":{"level":3},"geometry":{"type":"LineString","coordinates":[[91.96518,24.73237],[91.95482,24.73023],[91.95564,24.72512],[91.95191,24.72821],[91.9507,24.73151],[91.95817,24.73676],[91.95035,24.73727],[91.95044,24.74394],[91.94631,24.75057],[91.92388,24.74962],[91.89374,24.7579]]}},{"type":"Feature","properties":{"level":3},"geometry":{"type":"LineString","coordinates":[[91.89374,24.7579],[91.89226,24.75806]]}},{"type":"Feature","properties":{"level":3},"geometry":{"type":"LineString","coordinates":[[89.47609,24.72264],[89.4772,24.7283],[89.49325,24.72853],[89.48898,24.73256],[89.4934,24.74057],[89.48562,24.73924],[89.48239,24.74291],[89.47486,24.7426],[89.4724,24.7478],[89.46629,24.74971],[89.46634,24.75707],[89.46066,24.75993]]}},{"type":"Feature","properties":{"level":1},"geometry":{"type":"LineString","coordinates":[[89.84577,24.64271],[89.84244,24.6471],[89.84432,24.64997],[89.85861,24.64866],[89.86793,24.65284],[89.86509,24.66351],[89.87681,24.6802],[89.88688,24.67511],[89.89706,24.68225],[89.89179,24.70199],[89.87782,24.71401],[89.87763,24.73771],[89.88293,24.74416],[89.87894,24.74659],[89.8874,24.74719],[89.89106,24.74227],[89.90046,24.73937],[89.8979,24.74518],[89.89979,24.74654],[89.90493,24.7391],[89.90856,24.7398],[89.91427,24.74866],[89.92396,24.7469],[89.92161,24.75085],[89.92488,24.75409],[89.91844,24.75814],[89.9256,24.75665],[89.93211,24.75994]]}},{"type":"Feature","properties":{"level":1},"geometry":{"type":"LineString","coordinates":[[89.93235,24.76137],[89.94006,24.75192],[89.94069,24.74405],[89.95717,24.74388],[89.96048,24.73759],[89.95533,24.7341],[89.95996,24.73329],[89.96376,24.72635],[89.97564,24.72304],[89.98438,24.72833],[89.98771,24.72636],[89.99059,24.72993]]}},{"type":"Feature","properties":{"level":1},"geometry":{"type":"LineString","coordinates":[[89.93211,24.75994],[89.93235,24.76137]]}},{"type":"Feature","properties":{"level":2},"geometry":{"type":"LineString","coordinates":[[92.0312,24.69986],[92.03926,24.70711],[92.04232,24.7039],[92.03946,24.7004],[92.0494,24.69694],[92.04965,24.70089],[92.06003,24.71016],[92.05813,24.71941],[92.07492,24.71699],[92.07992,24.7228],[92.07815,24.72828],[92.08226,24.73169],[92.08415,24.74805],[92.07726,24.74934],[92.07735,24.76928]]}},{"type":"Feature","properties":{"level":3},"geometry":{"type":"LineString","coordinates":[[91.69386,24.60641],[91.69442,24.61672],[91.70673,24.6143],[91.71035,24.62003],[91.72568,24.62344],[91.74139,24.61866],[91.74668,24.61882],[91.74973,24.62266],[91.7516,24.63035],[91.74813,24.63488],[91.75226,24.64499],[91.76236,24.65134],[91.76206,24.65828],[91.76557,24.66185],[91.76488,24.66899],[91.75936,24.66946],[91.75408,24.67687],[91.76296,24.68635],[91.75691,24.68931],[91.75465,24.68658],[91.75603,24.68994],[91.75364,24.69138],[91.75832,24.69353],[91.75943,24.69903],[91.75548,24.70237],[91.76091,24.70948],[91.7689,24.70805],[91.76619,24.69872],[91.77632,24.69869],[91.7756,24.69387],[91.77885,24.69225],[91.79255,24.69295],[91.79297,24.69679],[91.79839,24.69627],[91.79982,24.71246],[91.81091,24.7018],[91.8238,24.70037],[91.82443,24.7108],[91.82041,24.713],[91.82259,24.71709],[91.83113,24.7133],[91.8299,24.73226],[91.81193,24.7324],[91.81141,24.74632],[91.80539,24.75209],[91.8034,24.76114],[91.82276,24.76086],[91.82373,24.76635],[91.83145,24.77012]]}},{"type":"Feature","properties":{"level":3},"geometry":{"type":"LineString","coordinates":[[91.83145,24.77012],[91.84019,24.76814],[91.8435,24.77311],[91.85032,24.77098],[91.8491,24.76712],[91.85603,24.76729],[91.8573,24.77071],[91.87056,24.76932],[91.87377,24.76681],[91.86941,24.75889],[91.87094,24.75671],[91.87625,24.75656],[91.88019,24.76103],[91.87988,24.7566],[91.89043,24.75301],[91.89226,24.75806]]}},{"type":"Feature","properties":{"level":3},"geometry":{"type":"LineString","coordinates":[[90.85908,24.73062],[90.84317,24.7337],[90.84941,24.74472],[90.84406,24.7499],[90.83618,24.75282],[90.8303,24.75011],[90.81605,24.75588],[90.81488,24.75901],[90.80124,24.76001],[90.80242,24.76558],[90.79624,24.7637],[90.7969,24.77408]]}},{"type":"Feature","properties":{"level":3},"geometry":{"type":"LineString","coordinates":[[90.71936,24.77084],[90.73192,24.77298],[90.74144,24.76884],[90.74656,24.76053],[90.75844,24.76028],[90.76082,24.76697],[90.77414,24.76617],[90.78115,24.77447]]}},{"type":"Feature","properties":{"level":2},"geometry":{"type":"LineString","coordinates":[[90.71936,24.77084],[90.70904,24.7683],[90.70456,24.77596],[90.70016,24.77707],[90.69506,24.77166],[90.69702,24.76252],[90.69425,24.75611],[90.7036,24.75609],[90.71492,24.75123],[90.71609,24.74464],[90.72281,24.74428],[90.72504,24.73285],[90.71963,24.72879],[90.70944,24.73087],[90.70205,24.7171],[90.69554,24.71395],[90.69735,24.70574],[90.69439,24.69907]]}},{"type":"Feature","properties":{"level":1},"geometry":{"type":"LineString","coordinates":[[89.72108,24.78009],[89.73687,24.77142],[89.73896,24.76241],[89.74556,24.77621],[89.76142,24.76824],[89.77447,24.7746],[89.78168,24.76861],[89.78473,24.75994],[89.78404,24.75145],[89.77953,24.7455],[89.7923,24.73955],[89.78553,24.72572],[89.77466,24.72689],[89.77579,24.71893],[89.78561,24.70578],[89.79498,24.70494],[89.79033,24.69832],[89.79461,24.69217],[89.79188,24.68829],[89.79797,24.68742],[89.80095,24.68294],[89.79934,24.67886],[89.78551,24.67169],[89.78801,24.62826],[89.76799,24.62449],[89.76747,24.61445],[89.77429,24.60036],[89.7801,24.59639]]}},{"type":"Feature","properties":{"level":2},"geometry":{"type":"LineString","coordinates":[[89.72108,24.78009],[89.69952,24.77841]]}},{"type":"Feature","properties":{"level":1},"geometry":{"type":"LineString","coordinates":[[91.17122,24.78067],[91.16685,24.78032],[91.16824,24.77621],[91.16054,24.77137],[91.16061,24.76613],[91.15412,24.76746],[91.13698,24.76007],[91.14961,24.75852],[91.15142,24.75188],[91.15745,24.75338],[91.16062,24.74931],[91.15706,24.743],[91.15142,24.74957],[91.147,24.74863],[91.14676,24.74274],[91.15214,24.73314],[91.14261,24.72964],[91.14225,24.72676],[91.15941,24.72612],[91.15888,24.72047],[91.16302,24.71881],[91.16987,24.73008],[91.1771,24.72956],[91.18563,24.72584],[91.19843,24.71388],[91.20123,24.7168],[91.20791,24.71216],[91.20762,24.71696],[91.21329,24.71622],[91.22155,24.72342],[91.22143,24.72829],[91.22591,24.72887],[91.2302,24.72419],[91.22695,24.70697],[91.22123,24.70218],[91.24251,24.69402],[91.24341,24.6831],[91.23885,24.67802],[91.23386,24.67566],[91.22373,24.679],[91.22353,24.67316],[91.23375,24.66975],[91.23158,24.65858],[91.22686,24.65364],[91.22,24.65597],[91.21022,24.65414],[91.20567,24.63391],[91.19462,24.63219]]}},{"type":"Feature","properties":{"level":3},"geometry":{"type":"LineString","coordinates":[[90.7969,24.77408],[90.79795,24.77925],[90.79453,24.78084],[90.78535,24.77398],[90.78115,24.77447]]}},{"type":"Feature","properties":{"level":2},"geometry":{"type":"LineString","coordinates":[[89.69952,24.77841],[89.68261,24.78202],[89.67692,24.7756],[89.6774,24.76474],[89.66827,24.75392],[89.67107,24.74809],[89.65608,24.74614],[89.65721,24.74008]]}},{"type":"Feature","properties":{"level":1},"geometry":{"type":"LineString","coordinates":[[90.07791,24.78691],[90.09331,24.76852],[90.09362,24.75817],[90.09926,24.7566],[90.09526,24.75624],[90.09787,24.75255],[90.09067,24.75169],[90.09204,24.73669],[90.13044,24.73796],[90.1355,24.73416],[90.12902,24.717],[90.1371,24.7004],[90.13472,24.69104],[90.14296,24.68005],[90.14506,24.65525],[90.15161,24.64943],[90.14958,24.64303],[90.15241,24.63414],[90.14809,24.62315],[90.14323,24.6232],[90.13922,24.615]]}},{"type":"Feature","properties":{"level":1},"geometry":{"type":"LineString","coordinates":[[89.99059,24.72993],[89.99121,24.73606],[89.99729,24.73955],[89.99765,24.74559],[90.01048,24.74714],[90.01623,24.75505],[90.02113,24.75573],[90.02318,24.76528],[90.02119,24.77219],[90.02447,24.77617],[90.03332,24.78095],[90.04849,24.77551],[90.06042,24.7822],[90.06808,24.78038],[90.07087,24.78546],[90.07778,24.78702]]}},{"type":"Feature","properties":{"level":1},"geometry":{"type":"LineString","coordinates":[[90.07778,24.78702],[90.07791,24.78691]]}},{"type":"Feature","properties":{"level":3},"geometry":{"type":"LineString","coordinates":[[91.83145,24.77012],[91.83691,24.77563],[91.83579,24.78552],[91.82068,24.78085],[91.82376,24.78196],[91.82012,24.78604],[91.81069,24.78747]]}},{"type":"Feature","properties":{"level":3},"geometry":{"type":"LineString","coordinates":[[89.46066,24.75993],[89.46545,24.76286],[89.47587,24.76025],[89.47594,24.76354],[89.48621,24.76534],[89.49476,24.76231],[89.48982,24.77566],[89.49497,24.77733],[89.49638,24.78187],[89.50539,24.78095],[89.5117,24.77493],[89.52306,24.78085],[89.52894,24.77821],[89.53067,24.78324],[89.53458,24.78242],[89.53437,24.78892]]}},{"type":"Feature","properties":{"level":2},"geometry":{"type":"LineString","coordinates":[[89.14118,24.73764],[89.1327,24.73509],[89.13068,24.74363],[89.12519,24.73967],[89.12912,24.73866],[89.12741,24.73239],[89.12268,24.73363],[89.12173,24.73122],[89.12467,24.73269],[89.12539,24.72346],[89.12837,24.72471],[89.12652,24.72857],[89.12957,24.72781],[89.13029,24.71836],[89.11276,24.72537],[89.10928,24.72312],[89.11799,24.72138],[89.11956,24.71588],[89.11396,24.71593],[89.11229,24.71929],[89.10841,24.71675],[89.09737,24.72741],[89.08993,24.72152],[89.08175,24.72054],[89.08238,24.7314],[89.0865,24.72823],[89.08625,24.73116],[89.09083,24.7303],[89.09558,24.73495],[89.09442,24.73793],[89.08274,24.74202],[89.08958,24.75143],[89.09674,24.75225],[89.08859,24.7547],[89.08913,24.7595],[89.08515,24.76241],[89.08872,24.76485],[89.08131,24.76652],[89.08154,24.77399],[89.08848,24.78502],[89.07573,24.79104],[89.07171,24.7885],[89.07315,24.7855],[89.06786,24.78611],[89.06663,24.78317],[89.06199,24.78294],[89.05926,24.7878],[89.05404,24.78553]]}},{"type":"Feature","properties":{"level":3},"geometry":{"type":"LineString","coordinates":[[89.15801,24.79173],[89.1594,24.78314],[89.16148,24.78577],[89.16284,24.78223],[89.16834,24.78163],[89.16619,24.7804],[89.16786,24.77118],[89.15422,24.7776],[89.15748,24.77376],[89.15619,24.76831],[89.14441,24.75761],[89.1364,24.75649],[89.13698,24.75296],[89.13984,24.75358],[89.13882,24.74983],[89.14241,24.75052],[89.13902,24.74768],[89.1427,24.74163],[89.14118,24.73764]]}},{"type":"Feature","properties":{"level":2},"geometry":{"type":"LineString","coordinates":[[89.05404,24.78553],[89.05101,24.79193],[89.04533,24.7909],[89.03762,24.7832],[89.02094,24.78184],[89.02096,24.7719],[89.01488,24.7717],[89.01419,24.76605],[88.99783,24.7666],[88.99763,24.76253],[88.99136,24.75714],[88.99218,24.7445],[88.97954,24.74777],[88.97383,24.74022],[88.96306,24.74819]]}},{"type":"Feature","properties":{"level":3},"geometry":{"type":"LineString","coordinates":[[89.57066,24.79311],[89.57751,24.77771],[89.57127,24.7579],[89.5792,24.75675],[89.5839,24.76148],[89.59005,24.7448],[89.6013,24.74738],[89.60087,24.75192],[89.60684,24.75082],[89.62099,24.76035],[89.62927,24.75726],[89.62924,24.74141],[89.6448,24.73716],[89.65721,24.74008]]}},{"type":"Feature","properties":{"level":3},"geometry":{"type":"LineString","coordinates":[[89.27719,24.71909],[89.27339,24.72022],[89.26826,24.71208],[89.26533,24.72395],[89.25779,24.72429],[89.2549,24.73165],[89.25139,24.72992],[89.24525,24.7369],[89.23571,24.73687],[89.23262,24.74425],[89.22548,24.74336],[89.22491,24.75125],[89.215,24.75798],[89.21726,24.76904],[89.20535,24.76849],[89.20281,24.7846],[89.19615,24.78629],[89.194,24.7912],[89.1806,24.78974],[89.17956,24.79513],[89.17063,24.79673],[89.15842,24.79406],[89.15801,24.79173]]}},{"type":"Feature","properties":{"level":3},"geometry":{"type":"LineString","coordinates":[[91.78894,24.79735],[91.78802,24.79115],[91.7778,24.7814],[91.76574,24.78014],[91.76466,24.77606],[91.7472,24.77444],[91.7467,24.78313],[91.74656,24.78022],[91.74047,24.7787],[91.73943,24.77115],[91.72645,24.75862],[91.72934,24.74825],[91.72564,24.74792],[91.72508,24.74492],[91.72082,24.74933],[91.71667,24.74276],[91.70969,24.74035],[91.70831,24.74431],[91.70341,24.74324],[91.69973,24.74892],[91.69272,24.74787],[91.684,24.75337],[91.67811,24.75142],[91.67725,24.74832],[91.68031,24.74693],[91.67651,24.74112],[91.67653,24.74876],[91.67223,24.75011]]}},{"type":"Feature","properties":{"level":3},"geometry":{"type":"LineString","coordinates":[[91.81069,24.78747],[91.78894,24.79735]]}},{"type":"Feature","properties":{"level":3},"geometry":{"type":"LineString","coordinates":[[89.53437,24.78892],[89.55362,24.77636],[89.55511,24.77964],[89.54676,24.79162],[89.5507,24.79026],[89.55841,24.79807],[89.57066,24.79311]]}},{"type":"Feature","properties":{"level":3},"geometry":{"type":"LineString","coordinates":[[89.15662,24.79895],[89.15242,24.79528],[89.15801,24.79173]]}},{"type":"Feature","properties":{"level":1},"geometry":{"type":"LineString","coordinates":[[89.75266,24.79998],[89.75019,24.79711],[89.73261,24.79532],[89.72108,24.78009]]}},{"type":"Feature","properties":{"level":3},"geometry":{"type":"LineString","coordinates":[[90.45302,24.71089],[90.44683,24.72171],[90.45265,24.72144],[90.45222,24.7346],[90.45943,24.75008],[90.45757,24.75584],[90.45935,24.75771],[90.47051,24.75167],[90.46481,24.7676],[90.46836,24.77159],[90.43853,24.77607],[90.43328,24.77301],[90.41675,24.78227],[90.42098,24.78846],[90.41517,24.79176],[90.38884,24.79747],[90.38823,24.79313],[90.39175,24.79265],[90.38063,24.79286],[90.37297,24.79971],[90.36589,24.80121]]}},{"type":"Feature","properties":{"level":2},"geometry":{"type":"LineString","coordinates":[[90.67022,24.80277],[90.67795,24.79962],[90.68123,24.8018],[90.68657,24.79928],[90.70832,24.80097],[90.71105,24.79593],[90.70432,24.78728],[90.72047,24.77919],[90.71936,24.77084]]}},{"type":"Feature","properties":{"level":3},"geometry":{"type":"LineString","coordinates":[[90.36589,24.80121],[90.35501,24.80532],[90.3558,24.79974],[90.34655,24.80034],[90.3366,24.79658],[90.33343,24.7938],[90.33452,24.78754],[90.33096,24.78499],[90.33188,24.78187],[90.33955,24.77968],[90.33842,24.77188],[90.34599,24.77408],[90.349,24.76496],[90.35971,24.76409],[90.34983,24.75001],[90.351,24.74639],[90.35769,24.74638],[90.36658,24.73449],[90.37725,24.72881],[90.38675,24.72862],[90.38587,24.72534],[90.39385,24.72158],[90.39141,24.712],[90.40542,24.70833],[90.41187,24.69398],[90.4239,24.69421],[90.43038,24.68782],[90.43994,24.687],[90.44853,24.68095],[90.4519,24.68477],[90.46093,24.6839]]}},{"type":"Feature","properties":{"level":3},"geometry":{"type":"LineString","coordinates":[[91.37805,24.69805],[91.38271,24.70478],[91.38144,24.70817],[91.37707,24.70532],[91.37226,24.71165],[91.3649,24.71123],[91.35523,24.7195],[91.34315,24.7166],[91.34414,24.72334],[91.35252,24.72701],[91.34808,24.74337],[91.32926,24.73996],[91.32732,24.74623],[91.3093,24.72848],[91.31125,24.73765],[91.31621,24.7425],[91.30958,24.74826],[91.30048,24.76846],[91.29154,24.76293],[91.278,24.76963],[91.2614,24.76221],[91.26467,24.75708],[91.26205,24.74824],[91.2771,24.75108],[91.2699,24.74597],[91.26749,24.73506],[91.25375,24.72851],[91.24793,24.72826],[91.25082,24.73376],[91.24259,24.7371],[91.24543,24.74167],[91.21435,24.74601],[91.20985,24.75019],[91.20472,24.74543],[91.19323,24.7487],[91.19213,24.75837],[91.20476,24.74947],[91.20741,24.76796],[91.21903,24.77183],[91.2181,24.7776],[91.20911,24.78725],[91.20417,24.7886],[91.20508,24.79187],[91.21238,24.79819],[91.22619,24.7956],[91.22597,24.80007],[91.20847,24.80113],[91.20751,24.80666]]}},{"type":"Feature","properties":{"level":3},"geometry":{"type":"LineString","coordinates":[[91.00132,24.74053],[91.01193,24.7519],[91.0081,24.75906],[91.0094,24.76531],[91.02378,24.76779],[91.04026,24.76484],[91.04387,24.76899],[91.05478,24.76833],[91.06355,24.77442],[91.06539,24.76984],[91.07606,24.76719],[91.07555,24.77609],[91.08575,24.77607],[91.08904,24.7791],[91.08537,24.78682],[91.10131,24.78475],[91.11571,24.79876],[91.11852,24.80777]]}},{"type":"Feature","properties":{"level":3},"geometry":{"type":"LineString","coordinates":[[88.27257,24.74673],[88.26483,24.76142],[88.26064,24.76349],[88.23141,24.76491],[88.22946,24.76935],[88.22079,24.77065],[88.2288,24.77399],[88.23939,24.79114],[88.23667,24.79454],[88.23774,24.80277],[88.23331,24.80941]]}},{"type":"Feature","properties":{"level":3},"geometry":{"type":"LineString","coordinates":[[91.20751,24.80666],[91.19957,24.80963],[91.19269,24.80651],[91.18158,24.79156],[91.17428,24.79312],[91.17122,24.78067]]}},{"type":"Feature","properties":{"level":1},"geometry":{"type":"LineString","coordinates":[[91.11567,24.81316],[91.11852,24.80777]]}},{"type":"Feature","properties":{"level":3},"geometry":{"type":"LineString","coordinates":[[88.3836,24.82081],[88.38735,24.81015],[88.37856,24.80805],[88.37637,24.80358],[88.36759,24.80605],[88.36227,24.80212],[88.35495,24.8074],[88.33652,24.79818],[88.33156,24.80028],[88.32541,24.77433],[88.33825,24.75777],[88.33598,24.74485],[88.32956,24.74219],[88.31373,24.75076],[88.30288,24.75001],[88.29835,24.75247],[88.29544,24.75951],[88.27257,24.74673]]}},{"type":"Feature","properties":{"level":1},"geometry":{"type":"LineString","coordinates":[[91.17169,24.82084],[91.17212,24.8091],[91.16027,24.79503],[91.16944,24.79196],[91.17122,24.78067]]}},{"type":"Feature","properties":{"level":3},"geometry":{"type":"LineString","coordinates":[[89.30765,24.82155],[89.30621,24.81723],[89.32029,24.80372],[89.3164,24.80271],[89.31679,24.79694],[89.31332,24.7928],[89.31543,24.76669],[89.31276,24.76298],[89.29943,24.76388],[89.29896,24.76075],[89.29456,24.76075],[89.28905,24.74814],[89.28156,24.75102],[89.28167,24.73903],[89.276,24.73391],[89.27924,24.72823],[89.27719,24.71909]]}},{"type":"Feature","properties":{"level":2},"geometry":{"type":"LineString","coordinates":[[91.65774,24.82628],[91.66158,24.82095],[91.65798,24.81847],[91.65911,24.81193],[91.66568,24.81396],[91.66751,24.80978],[91.67206,24.80978],[91.67148,24.80046],[91.67535,24.79571],[91.66971,24.79456],[91.673,24.78954],[91.66506,24.78854],[91.65297,24.79581],[91.65307,24.79174],[91.64637,24.7859],[91.64336,24.78886],[91.63376,24.78251],[91.64722,24.78291],[91.64826,24.77156],[91.66042,24.77448],[91.67091,24.76955],[91.6763,24.75902],[91.67223,24.75011]]}},{"type":"Feature","properties":{"level":3},"geometry":{"type":"LineString","coordinates":[[89.93211,24.75994],[89.92146,24.76398],[89.9193,24.78002],[89.91359,24.78607],[89.89967,24.79193],[89.89748,24.8031],[89.88912,24.8046],[89.88878,24.81114],[89.89497,24.81023],[89.89583,24.81549],[89.88737,24.81895],[89.88707,24.82334],[89.88376,24.8252],[89.87669,24.81675],[89.86635,24.82049],[89.8571,24.81739],[89.85625,24.82064],[89.85077,24.82208],[89.85017,24.82824],[89.83672,24.83095]]}},{"type":"Feature","properties":{"level":0},"geometry":{"type":"LineString","coordinates":[[92.25007,24.83285],[92.24984,24.82981],[92.25367,24.83205],[92.27361,24.82741],[92.27662,24.81528],[92.27422,24.8137],[92.27666,24.81206],[92.27355,24.79957],[92.27981,24.79663],[92.28173,24.79023],[92.28887,24.78811],[92.28942,24.78511],[92.28558,24.77487],[92.28227,24.77559],[92.28114,24.76599],[92.28972,24.76055],[92.28007,24.74582],[92.28193,24.74241],[92.29629,24.73671],[92.26945,24.695],[92.26011,24.68689],[92.26097,24.6821],[92.25555,24.67874],[92.25647,24.66975],[92.24641,24.65606],[92.24969,24.64996],[92.24918,24.64169],[92.24258,24.61255]]}},{"type":"Feature","properties":{"level":1},"geometry":{"type":"LineString","coordinates":[[91.15955,24.83473],[91.16503,24.83468],[91.16416,24.83077],[91.17059,24.82881],[91.17169,24.82084]]}},{"type":"Feature","properties":{"level":2},"geometry":{"type":"LineString","coordinates":[[92.07735,24.76928],[92.09152,24.76583],[92.09546,24.75736],[92.102,24.7564],[92.1149,24.76604],[92.11989,24.76615],[92.12655,24.76043],[92.17396,24.77354],[92.17829,24.77008],[92.19228,24.76778],[92.19746,24.77854],[92.19296,24.79067],[92.19802,24.80597],[92.20255,24.80728],[92.20433,24.8027],[92.2116,24.8044],[92.21513,24.81403],[92.2319,24.82031],[92.24299,24.81859],[92.24465,24.82305],[92.23783,24.83109],[92.24491,24.83106],[92.25089,24.83615]]}},{"type":"Feature","properties":{"level":0},"geometry":{"type":"LineString","coordinates":[[92.25089,24.83615],[92.25007,24.83285]]}},{"type":"Feature","properties":{"level":3},"geometry":{"type":"LineString","coordinates":[[89.43029,24.83842],[89.42528,24.83504],[89.4273,24.83176],[89.42117,24.82974],[89.41843,24.83356],[89.41817,24.82906],[89.40905,24.82464],[89.40301,24.82999],[89.39644,24.82945],[89.39422,24.83441],[89.38589,24.83387],[89.38255,24.81685],[89.377,24.817],[89.37217,24.8295],[89.36603,24.83171],[89.35764,24.82816],[89.35728,24.82451],[89.34637,24.82489],[89.34368,24.82229],[89.34095,24.82435],[89.3296,24.8204],[89.32424,24.82327],[89.32146,24.819],[89.30765,24.82155]]}},{"type":"Feature","properties":{"level":3},"geometry":{"type":"LineString","coordinates":[[89.46066,24.75993],[89.45373,24.76449],[89.45496,24.76904],[89.45068,24.77221],[89.4496,24.77784],[89.45599,24.78735],[89.45374,24.80208],[89.44576,24.81879],[89.44752,24.82263],[89.4367,24.82728],[89.43763,24.83416],[89.43278,24.83847]]}},{"type":"Feature","properties":{"level":3},"geometry":{"type":"LineString","coordinates":[[89.43278,24.83847],[89.43029,24.83842]]}},{"type":"Feature","properties":{"level":3},"geometry":{"type":"LineString","coordinates":[[91.45015,24.83901],[91.45439,24.83072],[91.44889,24.81848],[91.46112,24.81429],[91.45948,24.80207],[91.4657,24.79691],[91.46255,24.79476],[91.46345,24.78718],[91.47079,24.78408],[91.45537,24.77232],[91.45831,24.7678],[91.45623,24.76177],[91.46803,24.75766],[91.47012,24.7436],[91.46241,24.74214],[91.45919,24.74487],[91.45056,24.73739],[91.44686,24.74331],[91.44139,24.74138],[91.45141,24.72844],[91.45099,24.72373],[91.45904,24.72134],[91.44991,24.70456],[91.4537,24.70046],[91.46043,24.69991],[91.46405,24.69293],[91.46065,24.68758],[91.45359,24.68524],[91.45867,24.66869]]}},{"type":"Feature","properties":{"level":3},"geometry":{"type":"LineString","coordinates":[[88.78688,24.8395],[88.79526,24.83644],[88.79414,24.83105],[88.80261,24.81806],[88.79918,24.79561],[88.79395,24.79305],[88.7941,24.78415],[88.80467,24.78381],[88.80121,24.77369],[88.79681,24.77203],[88.8046,24.76889],[88.80292,24.772],[88.80644,24.77194],[88.80908,24.76548],[88.81469,24.76491],[88.8204,24.75159],[88.81484,24.75247],[88.8135,24.74126],[88.81679,24.73574],[88.82518,24.74004],[88.82789,24.73243],[88.83374,24.73357],[88.84184,24.72302],[88.84901,24.72539]]}},{"type":"Feature","properties":{"level":2},"geometry":{"type":"LineString","coordinates":[[88.41377,24.83969],[88.41635,24.83892],[88.41743,24.83086],[88.41215,24.83005],[88.40955,24.8237],[88.41832,24.8214],[88.4231,24.82364],[88.42534,24.81863],[88.43181,24.81631],[88.43942,24.82381],[88.44296,24.8241],[88.44404,24.82092],[88.44091,24.80534],[88.43369,24.80641],[88.43055,24.79621],[88.43223,24.78786],[88.42137,24.78779],[88.41813,24.78472],[88.41987,24.78105],[88.4132,24.77724],[88.41277,24.77295],[88.41781,24.77121],[88.42951,24.77393],[88.43536,24.78146],[88.45663,24.77919],[88.45592,24.77445],[88.46711,24.77023],[88.47143,24.76489],[88.47836,24.77418],[88.48664,24.77038],[88.49104,24.77217],[88.49126,24.7629],[88.48736,24.75613],[88.49206,24.74656],[88.4856,24.74809],[88.48357,24.74463],[88.47375,24.74892],[88.47394,24.76013],[88.46452,24.76302],[88.4581,24.76112],[88.45487,24.75366],[88.4644,24.75042],[88.4611,24.73503],[88.46413,24.73292],[88.46953,24.73273],[88.47314,24.73685],[88.48736,24.73401],[88.4916,24.73918],[88.50875,24.73347],[88.50355,24.71972]]}},{"type":"Feature","properties":{"level":2},"geometry":{"type":"LineString","coordinates":[[88.3836,24.82081],[88.39257,24.81928],[88.40107,24.82525],[88.40453,24.83236],[88.41082,24.83143],[88.41351,24.83844],[88.40815,24.83948],[88.41377,24.83969]]}},{"type":"Feature","properties":{"level":3},"geometry":{"type":"LineString","coordinates":[[91.47525,24.84032],[91.48174,24.83984],[91.48657,24.83414],[91.4888,24.83656],[91.49452,24.83463],[91.49509,24.83216],[91.50241,24.83434],[91.50617,24.83051],[91.51307,24.83367]]}},{"type":"Feature","properties":{"level":1},"geometry":{"type":"LineString","coordinates":[[91.11852,24.80777],[91.13072,24.80126],[91.13066,24.7939],[91.14194,24.79794],[91.14361,24.80335],[91.15272,24.81173],[91.14267,24.82668],[91.15333,24.84064],[91.15955,24.83473]]}},{"type":"Feature","properties":{"level":3},"geometry":{"type":"LineString","coordinates":[[91.65774,24.82628],[91.65187,24.82392],[91.63716,24.82509],[91.63408,24.8198],[91.62765,24.82006],[91.61409,24.82281],[91.60606,24.8304],[91.6101,24.81783],[91.60139,24.8107],[91.59642,24.81142],[91.59772,24.821],[91.58415,24.83006],[91.58074,24.82867],[91.58008,24.83159],[91.56091,24.82936],[91.55942,24.83597],[91.54793,24.83862],[91.54542,24.83333],[91.53555,24.82948],[91.53032,24.84124],[91.52294,24.83515],[91.51688,24.83842],[91.5175,24.83116],[91.51307,24.83367]]}},{"type":"Feature","properties":{"level":3},"geometry":{"type":"LineString","coordinates":[[89.82383,24.84382],[89.82683,24.83807],[89.82167,24.83098],[89.83487,24.82938],[89.83185,24.81998],[89.83358,24.81359],[89.82681,24.81233],[89.83078,24.80618],[89.82625,24.80596],[89.8249,24.79942],[89.81102,24.80203],[89.80771,24.7927],[89.80419,24.79211],[89.79906,24.79912],[89.79218,24.79871],[89.78367,24.80284],[89.78222,24.80737],[89.76388,24.81498],[89.76197,24.80517],[89.75266,24.79998]]}},{"type":"Feature","properties":{"level":3},"geometry":{"type":"LineString","coordinates":[[89.83672,24.83095],[89.83079,24.84596],[89.82383,24.84382]]}},{"type":"Feature","properties":{"level":3},"geometry":{"type":"LineString","coordinates":[[91.45015,24.83901],[91.45283,24.84132],[91.4639,24.83773],[91.46332,24.84636],[91.47525,24.84032]]}},{"type":"Feature","properties":{"level":3},"geometry":{"type":"LineString","coordinates":[[90.78115,24.77447],[90.77794,24.77956],[90.78117,24.78449],[90.78823,24.78584],[90.78407,24.78773],[90.78889,24.78895],[90.79035,24.80626],[90.79433,24.80827],[90.78698,24.81773],[90.7795,24.81878],[90.78111,24.82833],[90.79552,24.83015],[90.79672,24.84241],[90.81008,24.84493],[90.81033,24.84845]]}},{"type":"Feature","properties":{"level":3},"geometry":{"type":"LineString","coordinates":[[89.82383,24.84382],[89.81587,24.84358],[89.81374,24.84898]]}},{"type":"Feature","properties":{"level":3},"geometry":{"type":"LineString","coordinates":[[90.20095,24.85918],[90.2024,24.85369],[90.2077,24.85462],[90.21779,24.85026],[90.22265,24.83491],[90.21868,24.82936],[90.23235,24.83395],[90.23142,24.83993],[90.23616,24.84139],[90.23948,24.83589],[90.2389,24.83077],[90.2362,24.83078],[90.237,24.81949],[90.24324,24.81201],[90.23745,24.80316],[90.24751,24.81156],[90.25204,24.80199],[90.26896,24.80135],[90.27039,24.79788],[90.27779,24.80147],[90.27721,24.80391],[90.28521,24.8047],[90.30536,24.80012],[90.30154,24.79647],[90.30944,24.7889],[90.30381,24.78544],[90.30227,24.78037],[90.30592,24.77649],[90.31946,24.77257],[90.31484,24.76021],[90.31904,24.75651],[90.32536,24.75831],[90.32891,24.75336],[90.33445,24.75346],[90.33618,24.74435],[90.32671,24.74203],[90.32926,24.73444],[90.31972,24.73258],[90.31619,24.72529],[90.31081,24.72617],[90.30988,24.71782],[90.30107,24.71805]]}},{"type":"Feature","properties":{"level":2},"geometry":{"type":"LineString","coordinates":[[90.20095,24.85918],[90.18651,24.85487],[90.18911,24.85172],[90.18858,24.84294],[90.18114,24.84071],[90.1848,24.83113],[90.19065,24.82863],[90.18546,24.82556],[90.18222,24.82882],[90.16995,24.82801],[90.16039,24.81302],[90.16287,24.80648],[90.15939,24.80365],[90.16028,24.79329],[90.145,24.7902],[90.14138,24.77991],[90.1358,24.77919],[90.13478,24.7827],[90.12256,24.78961],[90.11864,24.78622],[90.11382,24.7885],[90.11231,24.78366],[90.10341,24.78226],[90.09159,24.7908],[90.07778,24.78702]]}},{"type":"Feature","properties":{"level":2},"geometry":{"type":"LineString","coordinates":[[88.96306,24.74819],[88.96831,24.74679],[88.96332,24.75474],[88.9681,24.75802],[88.96784,24.76546],[88.97565,24.77415],[88.97586,24.78269],[88.97872,24.78535],[88.97501,24.7852],[88.97181,24.79008],[88.97825,24.79276],[88.9783,24.80318],[88.98269,24.80569],[88.97394,24.80922],[88.97014,24.82474],[88.97497,24.82339],[88.97976,24.82744],[88.97992,24.82405],[88.98529,24.82446],[88.98774,24.82775],[88.97918,24.83045],[88.97954,24.83821],[88.97439,24.84884],[88.97766,24.85468],[88.99066,24.85958]]}},{"type":"Feature","properties":{"level":3},"geometry":{"type":"LineString","coordinates":[[90.34538,24.86188],[90.34211,24.85625],[90.34532,24.85523],[90.343,24.84852],[90.34825,24.85671],[90.3468,24.84782],[90.35696,24.84028],[90.36537,24.84547],[90.36924,24.84344],[90.37955,24.83578],[90.37596,24.82821],[90.3807,24.82306],[90.38588,24.82204],[90.38985,24.82716],[90.40406,24.82062],[90.40959,24.82122],[90.43919,24.80484],[90.45259,24.7898],[90.46244,24.78829],[90.46812,24.78206],[90.47856,24.78015],[90.49325,24.77186],[90.49761,24.77413],[90.50333,24.76909],[90.50817,24.75393],[90.50467,24.74895],[90.50043,24.74853],[90.5017,24.74433]]}},{"type":"Feature","properties":{"level":0},"geometry":{"type":"LineString","coordinates":[[88.08612,24.57399],[88.04041,24.6432],[88.0272,24.64972],[88.00817,24.6678],[88.0416,24.7049],[88.05343,24.71103],[88.06274,24.72188],[88.07191,24.74337],[88.06647,24.75127],[88.07455,24.76068],[88.06863,24.76395],[88.07085,24.76763],[88.0686,24.76985],[88.07232,24.77324],[88.0781,24.76967],[88.0888,24.78296],[88.10607,24.78078],[88.10498,24.80022],[88.11203,24.81368],[88.1233,24.82304],[88.13031,24.80579],[88.13623,24.80537],[88.13178,24.83622],[88.1408,24.83433],[88.14134,24.84196],[88.1468,24.84417],[88.14501,24.85143],[88.15019,24.8503],[88.14987,24.85341],[88.1511,24.84964],[88.16086,24.84887],[88.16395,24.85054],[88.16252,24.85782],[88.17521,24.86024],[88.17421,24.86256]]}},{"type":"Feature","properties":{"level":3},"geometry":{"type":"LineString","coordinates":[[90.92929,24.86466],[90.93447,24.86245],[90.93546,24.85089],[90.94477,24.85245],[90.94727,24.84239],[90.94486,24.83932],[90.94897,24.83864],[90.94728,24.83306],[90.93518,24.83022],[90.92886,24.83195],[90.91557,24.82277],[90.91521,24.80655],[90.93298,24.797],[90.93679,24.78821],[90.93425,24.77432],[90.94533,24.76691],[90.95419,24.77538],[90.96713,24.77656],[90.98049,24.78238],[90.97758,24.77871],[90.98054,24.7616],[90.97626,24.75641],[90.98784,24.74879],[90.98937,24.74183]]}},{"type":"Feature","properties":{"level":3},"geometry":{"type":"LineString","coordinates":[[90.92445,24.86613],[90.92929,24.86466]]}},{"type":"Feature","properties":{"level":3},"geometry":{"type":"LineString","coordinates":[[90.81033,24.84845],[90.82627,24.84849],[90.8345,24.85538],[90.84065,24.8556],[90.84922,24.86114],[90.86074,24.84523],[90.86243,24.84877],[90.88592,24.85599],[90.88884,24.85107],[90.896,24.85031],[90.90636,24.86175],[90.92159,24.86075],[90.92445,24.86613]]}},{"type":"Feature","properties":{"level":3},"geometry":{"type":"LineString","coordinates":[[91.92689,24.86685],[91.92793,24.85747],[91.93355,24.85632],[91.93258,24.85206],[91.91978,24.84248],[91.92328,24.84227],[91.92375,24.83758],[91.93141,24.8374],[91.93377,24.83268],[91.93056,24.82659],[91.94102,24.81223],[91.94568,24.81069],[91.9517,24.81546],[91.96229,24.81286],[91.96219,24.80636],[91.9661,24.80327],[91.96137,24.79453],[91.96258,24.79706],[91.96299,24.79443],[91.96982,24.79335],[91.96872,24.78654],[91.95785,24.78249],[91.95633,24.77758],[91.96058,24.77629],[91.95656,24.75979],[91.96517,24.7573],[91.96411,24.75051],[91.95894,24.74703],[91.96185,24.7427],[91.9581,24.73919],[91.96215,24.73939],[91.96518,24.73237]]}},{"type":"Feature","properties":{"level":3},"geometry":{"type":"LineString","coordinates":[[88.23331,24.80941],[88.21128,24.82177],[88.21804,24.82472],[88.21688,24.83094],[88.21069,24.83032],[88.20771,24.83859],[88.2126,24.8488],[88.20368,24.8517],[88.205,24.86246],[88.1991,24.86106],[88.19871,24.86729]]}},{"type":"Feature","properties":{"level":3},"geometry":{"type":"LineString","coordinates":[[88.19871,24.86729],[88.18727,24.85926],[88.17421,24.86256]]}},{"type":"Feature","properties":{"level":3},"geometry":{"type":"LineString","coordinates":[[88.59198,24.70004],[88.5902,24.70506],[88.59425,24.70883],[88.59195,24.71424],[88.59552,24.72205],[88.5901,24.72908],[88.59946,24.73609],[88.61084,24.73351],[88.62954,24.74968],[88.62644,24.75822],[88.61783,24.76696],[88.62162,24.7795],[88.61704,24.77951],[88.61632,24.78474],[88.61986,24.7905],[88.62676,24.78897],[88.62715,24.798],[88.63154,24.79584],[88.63891,24.80094],[88.63698,24.80849],[88.62957,24.81127],[88.63055,24.8215],[88.6379,24.82844],[88.63609,24.84447],[88.65486,24.84559],[88.65513,24.84111],[88.66017,24.83946],[88.66168,24.83085],[88.6644,24.83242],[88.66278,24.8506],[88.65148,24.85722],[88.64898,24.8722]]}},{"type":"Feature","properties":{"level":3},"geometry":{"type":"LineString","coordinates":[[89.08624,24.87366],[89.08992,24.86806],[89.08766,24.86081],[89.08132,24.85984],[89.08047,24.85665],[89.08892,24.85407],[89.09033,24.85726],[89.09501,24.85635],[89.09604,24.84248],[89.09867,24.84179],[89.08598,24.83759],[89.08336,24.82775],[89.09068,24.82487],[89.09431,24.81751],[89.0996,24.81639],[89.10169,24.82094],[89.1074,24.81043],[89.12741,24.81109],[89.1288,24.80753],[89.13357,24.81011],[89.13768,24.80889],[89.13834,24.80523],[89.14703,24.80601],[89.14818,24.79947],[89.15662,24.79895]]}},{"type":"Feature","properties":{"level":2},"geometry":{"type":"LineString","coordinates":[[88.99066,24.85958],[89.00013,24.85705],[89.0109,24.85902],[89.01218,24.85033],[89.0157,24.84987],[89.02166,24.85754],[89.0365,24.85674],[89.04105,24.86001],[89.04079,24.86446],[89.051,24.86519],[89.05572,24.86094],[89.05832,24.86744],[89.06451,24.86886],[89.06656,24.8734],[89.07696,24.86956],[89.08624,24.87366]]}},{"type":"Feature","properties":{"level":3},"geometry":{"type":"LineString","coordinates":[[91.89995,24.87601],[91.90825,24.87287],[91.91675,24.87606],[91.92689,24.86685]]}},{"type":"Feature","properties":{"level":3},"geometry":{"type":"LineString","coordinates":[[88.78688,24.8395],[88.7789,24.84507],[88.76098,24.84541],[88.75094,24.82037],[88.73329,24.82162],[88.73135,24.83044],[88.72722,24.81866],[88.73057,24.8153],[88.72919,24.80729],[88.72374,24.80737],[88.71598,24.81215],[88.71392,24.81891],[88.70393,24.82027],[88.70378,24.83456],[88.70801,24.8375],[88.70848,24.84331],[88.72409,24.85166],[88.71754,24.85477],[88.71954,24.86702],[88.71298,24.87071],[88.695,24.87286],[88.68964,24.87681]]}},{"type":"Feature","properties":{"level":3},"geometry":{"type":"LineString","coordinates":[[88.68964,24.87681],[88.67541,24.87668],[88.6722,24.86624],[88.66663,24.86449],[88.65548,24.87432],[88.64898,24.8722]]}},{"type":"Feature","properties":{"level":3},"geometry":{"type":"LineString","coordinates":[[88.25829,24.87739],[88.25709,24.86934],[88.26328,24.86131],[88.25826,24.8532],[88.2572,24.84127],[88.24882,24.84163],[88.24141,24.85752],[88.23409,24.86082],[88.23984,24.83069],[88.24318,24.82974],[88.2458,24.8333],[88.24316,24.81619],[88.23331,24.80941]]}},{"type":"Feature","properties":{"level":3},"geometry":{"type":"LineString","coordinates":[[91.28365,24.8829],[91.30067,24.87972],[91.30823,24.87437],[91.30976,24.8802],[91.31706,24.87984],[91.32833,24.87348],[91.3396,24.86085],[91.33642,24.85869],[91.33866,24.85324],[91.3468,24.85713],[91.35896,24.85795],[91.36174,24.8554],[91.36881,24.85834],[91.36962,24.85269],[91.35973,24.84629],[91.38421,24.83353],[91.3865,24.84109],[91.38823,24.836],[91.40209,24.84093],[91.40712,24.83286],[91.40981,24.83816],[91.41798,24.83848],[91.41885,24.84458],[91.43196,24.83544],[91.45015,24.83901]]}},{"type":"Feature","properties":{"level":3},"geometry":{"type":"LineString","coordinates":[[91.25073,24.88196],[91.26099,24.88025],[91.26416,24.8834],[91.27966,24.87578],[91.28365,24.8829]]}},{"type":"Feature","properties":{"level":2},"geometry":{"type":"LineString","coordinates":[[90.19297,24.88662],[90.19156,24.8829],[90.20212,24.87989],[90.2008,24.87651],[90.1976,24.87811],[90.19157,24.86641],[90.18313,24.86674],[90.18289,24.86399],[90.19718,24.86555],[90.19584,24.86172],[90.20095,24.85918]]}},{"type":"Feature","properties":{"level":3},"geometry":{"type":"LineString","coordinates":[[91.80383,24.88811],[91.7979,24.88729],[91.80241,24.8814],[91.80035,24.86581],[91.80669,24.85724],[91.81583,24.85591],[91.80886,24.84777],[91.80395,24.85104],[91.80393,24.84331],[91.80878,24.84259],[91.80771,24.83701],[91.80122,24.82818],[91.80157,24.82376],[91.79523,24.82154],[91.79705,24.81625],[91.79034,24.81337],[91.78894,24.79735]]}},{"type":"Feature","properties":{"level":2},"geometry":{"type":"LineString","coordinates":[[90.53574,24.89062],[90.54261,24.88514],[90.56753,24.88643],[90.56638,24.8779],[90.57232,24.87307],[90.56878,24.87151],[90.56867,24.86029],[90.5731,24.85614],[90.56779,24.85515],[90.56971,24.85015],[90.56687,24.84176],[90.57504,24.83781],[90.58172,24.84519],[90.58981,24.84297],[90.58997,24.83639],[90.58586,24.83763],[90.57907,24.82559],[90.56609,24.8182],[90.56656,24.81225],[90.57516,24.81497],[90.58181,24.82235],[90.58402,24.81251],[90.59795,24.81267],[90.60118,24.80984],[90.60988,24.8138],[90.61245,24.8071],[90.62331,24.80268],[90.62575,24.79561],[90.64252,24.79942],[90.64781,24.79146],[90.65941,24.79333],[90.66949,24.79881],[90.67022,24.80277]]}},{"type":"Feature","properties":{"level":3},"geometry":{"type":"LineString","coordinates":[[91.17169,24.82084],[91.18953,24.82963],[91.1856,24.83466],[91.19113,24.83418],[91.19604,24.83967],[91.19463,24.84542],[91.21071,24.83683],[91.20881,24.84682],[91.21455,24.84236],[91.21631,24.84683],[91.22544,24.84818],[91.22405,24.8571],[91.23077,24.85625],[91.23841,24.86103],[91.23405,24.87276],[91.23617,24.8909],[91.25073,24.88196]]}},{"type":"Feature","properties":{"level":3},"geometry":{"type":"LineString","coordinates":[[90.99857,24.89141],[90.98414,24.88586],[90.97475,24.87315],[90.96512,24.87965],[90.95677,24.86953],[90.94897,24.87025],[90.94296,24.87476],[90.94118,24.86764],[90.93057,24.86899],[90.92929,24.86466]]}},{"type":"Feature","properties":{"level":3},"geometry":{"type":"LineString","coordinates":[[90.52431,24.89442],[90.53574,24.89062]]}},{"type":"Feature","properties":{"level":3},"geometry":{"type":"LineString","coordinates":[[90.5017,24.74433],[90.50247,24.7365],[90.51533,24.74604],[90.51867,24.75202],[90.51978,24.74872],[90.52774,24.74931],[90.53052,24.76148],[90.52854,24.77056],[90.52495,24.77266],[90.52802,24.78238],[90.54682,24.77985],[90.5505,24.78853],[90.55061,24.7986],[90.54787,24.80095],[90.55508,24.81119],[90.54902,24.82358],[90.5377,24.8282],[90.54343,24.83569],[90.52856,24.83438],[90.51977,24.83849],[90.52977,24.85213],[90.52847,24.85527],[90.52308,24.85391],[90.52098,24.86375],[90.53032,24.87066],[90.52264,24.87524],[90.52173,24.88467],[90.51434,24.8887],[90.51603,24.89347],[90.52431,24.89442]]}},{"type":"Feature","properties":{"level":3},"geometry":{"type":"LineString","coordinates":[[90.34538,24.86188],[90.34156,24.85957],[90.33364,24.86395],[90.32333,24.87734],[90.31697,24.8717],[90.29646,24.89086],[90.26168,24.88983],[90.25425,24.89635]]}},{"type":"Feature","properties":{"level":2},"geometry":{"type":"LineString","coordinates":[[90.19297,24.88662],[90.22486,24.88347],[90.23381,24.88736],[90.24137,24.89673]]}},{"type":"Feature","properties":{"level":3},"geometry":{"type":"LineString","coordinates":[[91.84146,24.89682],[91.83879,24.891],[91.85348,24.8878],[91.85476,24.87955],[91.86757,24.87664],[91.86923,24.87341],[91.87351,24.87547],[91.87331,24.87235],[91.88371,24.87325],[91.88184,24.86717],[91.88729,24.86152],[91.8893,24.86598],[91.89796,24.86874],[91.89995,24.87601]]}},{"type":"Feature","properties":{"level":3},"geometry":{"type":"LineString","coordinates":[[90.25425,24.89635],[90.24137,24.89673]]}},{"type":"Feature","properties":{"level":0},"geometry":{"type":"LineString","coordinates":[[92.23293,24.90039],[92.23612,24.89914],[92.23676,24.89215],[92.2474,24.88496],[92.24636,24.86702],[92.23884,24.86827],[92.23536,24.86126],[92.24016,24.85784],[92.243,24.8403],[92.25495,24.83811],[92.25089,24.83615]]}},{"type":"Feature","properties":{"level":3},"geometry":{"type":"LineString","coordinates":[[92.07735,24.76928],[92.08139,24.77016],[92.07554,24.77687],[92.06772,24.77754],[92.07167,24.78227],[92.06701,24.78717],[92.07202,24.79259],[92.07687,24.78301],[92.08339,24.78277],[92.08305,24.79106],[92.07784,24.79146],[92.07854,24.79524],[92.08048,24.80002],[92.08722,24.79904],[92.09036,24.80222],[92.08604,24.80611],[92.09205,24.8064],[92.08529,24.81132],[92.08546,24.81655],[92.09759,24.82342],[92.09844,24.82655],[92.09481,24.82402],[92.09368,24.82791],[92.10318,24.83571],[92.10351,24.84083],[92.10971,24.83952],[92.11191,24.84253],[92.10706,24.84997],[92.09227,24.85378],[92.0926,24.8627],[92.10085,24.86629],[92.09914,24.87196],[92.08715,24.87149],[92.08499,24.86408],[92.07158,24.86626],[92.06907,24.89013],[92.07295,24.891],[92.06544,24.89334],[92.06876,24.89458],[92.0663,24.90086]]}},{"type":"Feature","properties":{"level":3},"geometry":{"type":"LineString","coordinates":[[91.80383,24.88811],[91.81414,24.89168],[91.81605,24.89644],[91.83105,24.89544],[91.83682,24.90326]]}},{"type":"Feature","properties":{"level":3},"geometry":{"type":"LineString","coordinates":[[91.83682,24.90326],[91.84146,24.89682]]}},{"type":"Feature","properties":{"level":1},"geometry":{"type":"LineString","coordinates":[[91.05045,24.90268],[91.05372,24.90323],[91.05391,24.90071],[91.06651,24.9033],[91.068,24.8995],[91.07447,24.90292],[91.08791,24.88973],[91.10097,24.88694],[91.10077,24.88251],[91.10815,24.87393],[91.10347,24.8713],[91.103,24.86554],[91.10887,24.86211],[91.11399,24.84866],[91.12124,24.8476],[91.12361,24.85005],[91.12438,24.84579],[91.1297,24.8423],[91.1213,24.83992],[91.11446,24.82846],[91.11625,24.82563],[91.11321,24.81821],[91.11567,24.81316]]}},{"type":"Feature","properties":{"level":1},"geometry":{"type":"LineString","coordinates":[[90.99857,24.89141],[91.00607,24.89184],[91.01477,24.89763],[91.01468,24.89438],[91.02174,24.8902],[91.01609,24.88845],[91.01678,24.88623],[91.02491,24.88844],[91.0292,24.883],[91.03024,24.89008],[91.03911,24.89927],[91.03771,24.90515],[91.04535,24.9081],[91.05045,24.90268]]}},{"type":"Feature","properties":{"level":2},"geometry":{"type":"LineString","coordinates":[[90.1164,24.90441],[90.12439,24.90485],[90.12797,24.9009],[90.13588,24.89993],[90.1556,24.90919],[90.15915,24.90595],[90.15744,24.89979],[90.17097,24.89432],[90.18267,24.89395],[90.19297,24.88662]]}},{"type":"Feature","properties":{"level":2},"geometry":{"type":"LineString","coordinates":[[88.99066,24.85958],[88.99361,24.86907],[88.98958,24.87343],[88.98967,24.87909],[88.99955,24.88381],[89.00702,24.89655],[89.00699,24.90089],[89.00271,24.90208],[88.99865,24.91067]]}},{"type":"Feature","properties":{"level":2},"geometry":{"type":"LineString","coordinates":[[88.49439,24.91106],[88.48477,24.90864],[88.48238,24.90324],[88.49148,24.88454],[88.48623,24.88315],[88.47842,24.86714],[88.47106,24.86398],[88.47333,24.85012],[88.4692,24.8439],[88.45657,24.85892],[88.44472,24.86299],[88.44081,24.85652],[88.45456,24.84908],[88.45198,24.84532],[88.4369,24.84686],[88.43093,24.83917],[88.42281,24.84193],[88.42081,24.84903],[88.41218,24.84445],[88.41071,24.84842],[88.40395,24.84735],[88.40313,24.83888],[88.39517,24.83854],[88.40015,24.83286],[88.39856,24.82951],[88.38551,24.82932],[88.38345,24.83248],[88.3836,24.82081]]}},{"type":"Feature","properties":{"level":3},"geometry":{"type":"LineString","coordinates":[[89.20948,24.91121],[89.20818,24.90807],[89.20247,24.90941],[89.20377,24.90436],[89.20679,24.9041],[89.20228,24.90131],[89.20654,24.90044],[89.20489,24.89785],[89.19899,24.89911],[89.19757,24.8925],[89.19236,24.89764],[89.18935,24.89311],[89.19213,24.88988],[89.18866,24.88883],[89.18997,24.88597],[89.18455,24.88728],[89.18375,24.88343],[89.17993,24.8837],[89.18534,24.88003],[89.1812,24.87219],[89.18854,24.87239],[89.18182,24.86813],[89.18961,24.86737],[89.19063,24.86046],[89.19436,24.85979],[89.18922,24.85862],[89.19259,24.8553],[89.18858,24.85686],[89.18703,24.85433],[89.19273,24.85076],[89.18847,24.84947],[89.19108,24.8477],[89.18841,24.8432],[89.19422,24.84362],[89.18913,24.83744],[89.18473,24.83715],[89.19019,24.83163],[89.18749,24.82883],[89.18929,24.82513],[89.19514,24.82083],[89.19525,24.81095],[89.17023,24.80737],[89.16793,24.81558],[89.16513,24.81153],[89.16064,24.81373],[89.15626,24.80693],[89.15784,24.80243],[89.16045,24.80513],[89.16123,24.80326],[89.15662,24.79895]]}},{"type":"Feature","properties":{"level":3},"geometry":{"type":"LineString","coordinates":[[88.8678,24.91261],[88.8624,24.91052],[88.86122,24.90272],[88.86643,24.87929],[88.86261,24.87037],[88.86485,24.86431],[88.88191,24.86123],[88.87845,24.85375],[88.88114,24.84885],[88.87231,24.83459],[88.8734,24.82908],[88.86516,24.82414],[88.85662,24.813],[88.84622,24.8115],[88.84448,24.81742],[88.83525,24.81446],[88.83407,24.81647],[88.83958,24.81737],[88.8402,24.82292],[88.83585,24.82817],[88.82452,24.83354],[88.81145,24.83488],[88.81594,24.85094],[88.81546,24.86441],[88.81019,24.86548],[88.80289,24.8614],[88.79892,24.84986],[88.78688,24.8395]]}},{"type":"Feature","properties":{"level":3},"geometry":{"type":"LineString","coordinates":[[92.03072,24.91365],[92.02754,24.90936],[92.02858,24.90165],[92.01841,24.89056],[92.02368,24.88642],[92.05606,24.88831],[92.0663,24.90086]]}},{"type":"Feature","properties":{"level":3},"geometry":{"type":"LineString","coordinates":[[88.99865,24.91067],[88.99688,24.89764],[88.98828,24.89073],[88.97549,24.88529],[88.96124,24.88782],[88.95681,24.88304],[88.95598,24.88708],[88.94405,24.88409],[88.92242,24.89058],[88.92671,24.89549],[88.92713,24.90475],[88.91799,24.91191],[88.90712,24.91323],[88.90525,24.90554],[88.89941,24.90645],[88.9004,24.91029],[88.89065,24.91395],[88.88168,24.91159],[88.88086,24.91522],[88.87589,24.91552],[88.875,24.91271],[88.87235,24.91484],[88.87325,24.91132],[88.8678,24.91261]]}},{"type":"Feature","properties":{"level":3},"geometry":{"type":"LineString","coordinates":[[91.92689,24.86685],[91.93795,24.86392],[91.9407,24.87896],[91.97755,24.87754],[91.97721,24.88629],[91.97187,24.88818],[91.97629,24.8947],[92.00928,24.91837]]}},{"type":"Feature","properties":{"level":3},"geometry":{"type":"LineString","coordinates":[[89.52553,24.91988],[89.53512,24.91897],[89.52972,24.91034],[89.53183,24.90036],[89.52987,24.89513],[89.52276,24.89618],[89.52492,24.88874],[89.51248,24.88619],[89.5139,24.88263],[89.51762,24.8836],[89.51953,24.87797],[89.51493,24.87981],[89.51067,24.86892],[89.51636,24.86866],[89.51398,24.86213],[89.53844,24.8566],[89.54528,24.8665],[89.54093,24.86041],[89.54418,24.85741],[89.54738,24.86037],[89.55174,24.85302],[89.55219,24.84587],[89.54406,24.83746],[89.54549,24.83369],[89.52763,24.82183],[89.5303,24.80878],[89.53644,24.80326],[89.53085,24.79435],[89.53437,24.78892]]}},{"type":"Feature","properties":{"level":3},"geometry":{"type":"LineString","coordinates":[[91.89995,24.87601],[91.89851,24.87805],[91.90717,24.89125],[91.904,24.90032],[91.89157,24.90473],[91.89288,24.9078],[91.89019,24.90917],[91.88458,24.90795],[91.87833,24.91168],[91.87791,24.92114],[91.87022,24.91789],[91.86287,24.91993],[91.85398,24.91359],[91.84912,24.91587],[91.85025,24.92249]]}},{"type":"Feature","properties":{"level":3},"geometry":{"type":"LineString","coordinates":[[91.85025,24.92249],[91.8495,24.92463],[91.84819,24.92227],[91.8412,24.92347],[91.844,24.91021],[91.83253,24.91094],[91.83072,24.90721],[91.83682,24.90326]]}},{"type":"Feature","properties":{"level":3},"geometry":{"type":"LineString","coordinates":[[92.00928,24.91837],[92.02108,24.92778]]}},{"type":"Feature","properties":{"level":3},"geometry":{"type":"LineString","coordinates":[[92.02108,24.92778],[92.021,24.9243],[92.03072,24.91365]]}},{"type":"Feature","properties":{"level":3},"geometry":{"type":"LineString","coordinates":[[91.7033,24.93166],[91.70698,24.92405],[91.73406,24.91906],[91.73303,24.90393],[91.74475,24.90372],[91.75673,24.90789],[91.763,24.90027],[91.75787,24.88732],[91.76275,24.88245],[91.76784,24.88473],[91.77611,24.9052],[91.78367,24.9109],[91.78845,24.9078],[91.79055,24.89988],[91.77933,24.89418],[91.79244,24.89057],[91.80253,24.89612],[91.80383,24.88811]]}},{"type":"Feature","properties":{"level":2},"geometry":{"type":"LineString","coordinates":[[91.68816,24.93982],[91.68734,24.93425],[91.69211,24.93125],[91.68923,24.93068],[91.68928,24.92621],[91.68601,24.92676],[91.68899,24.92383],[91.68676,24.91798],[91.69392,24.91781],[91.69539,24.90963],[91.68253,24.90744],[91.69533,24.90553],[91.69062,24.89697],[91.67903,24.89457],[91.68465,24.89418],[91.68617,24.88227],[91.69763,24.88251],[91.69807,24.87374],[91.68941,24.86433],[91.68386,24.86654],[91.68297,24.87624],[91.67462,24.8748],[91.67789,24.87043],[91.67571,24.8608],[91.663,24.85819],[91.65611,24.85067],[91.66025,24.84754],[91.66027,24.84134],[91.66365,24.84177],[91.66375,24.83034],[91.66031,24.82852],[91.65662,24.83924],[91.65774,24.82628]]}},{"type":"Feature","properties":{"level":3},"geometry":{"type":"LineString","coordinates":[[91.68816,24.93982],[91.7033,24.93166]]}},{"type":"Feature","properties":{"level":3},"geometry":{"type":"LineString","coordinates":[[89.30765,24.82155],[89.30721,24.82941],[89.31178,24.83551],[89.30736,24.8459],[89.31413,24.84932],[89.31666,24.8572],[89.31324,24.85761],[89.31257,24.86321],[89.31878,24.86783],[89.31905,24.87345],[89.31583,24.87366],[89.31446,24.87946],[89.30475,24.87931],[89.30131,24.88259],[89.30296,24.89001],[89.29883,24.89241],[89.29801,24.89751],[89.30231,24.89986],[89.30239,24.90361],[89.29196,24.90638],[89.29527,24.91756],[89.29065,24.92328],[89.29481,24.92427],[89.29481,24.92886],[89.2904,24.93747],[89.28307,24.93598],[89.27913,24.94075],[89.27427,24.94069]]}},{"type":"Feature","properties":{"level":3},"geometry":{"type":"LineString","coordinates":[[89.20948,24.91121],[89.23344,24.91644],[89.26649,24.9422]]}},{"type":"Feature","properties":{"level":3},"geometry":{"type":"LineString","coordinates":[[89.27427,24.94069],[89.26649,24.9422]]}},{"type":"Feature","properties":{"level":3},"geometry":{"type":"LineString","coordinates":[[89.18514,24.94275],[89.1838,24.93243],[89.18692,24.93178],[89.18322,24.93016],[89.18974,24.9279],[89.18838,24.92289],[89.19513,24.92249],[89.19387,24.91895],[89.19873,24.92055],[89.19971,24.91696],[89.20262,24.9188],[89.20291,24.91355],[89.20753,24.91752],[89.20948,24.91121]]}},{"type":"Feature","properties":{"level":3},"geometry":{"type":"LineString","coordinates":[[92.17644,24.93178],[92.18778,24.93757],[92.19868,24.93639],[92.20785,24.94397]]}},{"type":"Feature","properties":{"level":3},"geometry":{"type":"LineString","coordinates":[[92.20785,24.94397],[92.21674,24.93756],[92.2145,24.9278],[92.21739,24.92746],[92.21836,24.91803],[92.23126,24.91313],[92.22666,24.90912],[92.22684,24.90505],[92.23293,24.90039]]}},{"type":"Feature","properties":{"level":3},"geometry":{"type":"LineString","coordinates":[[89.81374,24.84898],[89.82602,24.85038],[89.84635,24.8623],[89.86245,24.8563],[89.87783,24.85525],[89.89293,24.86107],[89.89512,24.88238],[89.91006,24.91158],[89.90641,24.92038],[89.90982,24.93148],[89.89863,24.94859],[89.91082,24.94565],[89.9086,24.95132]]}},{"type":"Feature","properties":{"level":2},"geometry":{"type":"LineString","coordinates":[[89.94276,24.9517],[89.9448,24.93301],[89.95003,24.92758],[89.98406,24.91688],[89.99911,24.92069],[90.00924,24.91123],[90.03096,24.90744],[90.03177,24.9127],[90.04067,24.91725],[90.03528,24.9107],[90.03828,24.90686],[90.05506,24.91032],[90.07032,24.90355],[90.07074,24.90607],[90.08316,24.90674],[90.1164,24.90441]]}},{"type":"Feature","properties":{"level":3},"geometry":{"type":"LineString","coordinates":[[92.0663,24.90086],[92.07298,24.90525],[92.08113,24.89766],[92.09258,24.9015],[92.10371,24.89198],[92.11354,24.90495],[92.12316,24.90541],[92.13262,24.91114],[92.14507,24.90764],[92.14657,24.91868],[92.1571,24.929],[92.15627,24.94552],[92.16441,24.95196],[92.16904,24.94985],[92.17644,24.93178]]}},{"type":"Feature","properties":{"level":3},"geometry":{"type":"LineString","coordinates":[[92.00928,24.91837],[91.99958,24.92233],[91.99366,24.92041],[91.99128,24.93792],[91.98389,24.95279]]}},{"type":"Feature","properties":{"level":3},"geometry":{"type":"LineString","coordinates":[[88.64898,24.8722],[88.64547,24.87177],[88.64379,24.87634],[88.64685,24.87622],[88.64625,24.88099],[88.64991,24.88103],[88.64745,24.88619],[88.65081,24.88871],[88.65505,24.88546],[88.65579,24.89319],[88.6612,24.89728],[88.65743,24.90184],[88.66276,24.91993],[88.65405,24.92552],[88.65407,24.93409],[88.64803,24.93356],[88.64622,24.93741],[88.64863,24.94192],[88.64472,24.93934],[88.6462,24.94364],[88.64245,24.94151],[88.63866,24.94347],[88.64061,24.94543],[88.63759,24.94615],[88.63589,24.95346]]}},{"type":"Feature","properties":{"level":2},"geometry":{"type":"LineString","coordinates":[[90.51391,24.95137],[90.51712,24.95067],[90.51817,24.94535],[90.52722,24.9501],[90.52817,24.95359],[90.53131,24.9527],[90.53084,24.94551],[90.5259,24.94468],[90.52673,24.94227],[90.53615,24.94327],[90.5452,24.93756],[90.54466,24.93363],[90.53996,24.93342],[90.53417,24.92705],[90.53613,24.92274],[90.53401,24.91708],[90.53833,24.91648],[90.54185,24.90726],[90.53859,24.90503],[90.53968,24.89971],[90.53352,24.89623],[90.53574,24.89062]]}},{"type":"Feature","properties":{"level":2},"geometry":{"type":"LineString","coordinates":[[89.9086,24.95132],[89.91728,24.95088],[89.91751,24.95876],[89.93155,24.96073],[89.94179,24.95656],[89.94276,24.9517]]}},{"type":"Feature","properties":{"level":0},"geometry":{"type":"LineString","coordinates":[[88.17421,24.86256],[88.16674,24.86331],[88.159,24.8726],[88.16405,24.8781],[88.15248,24.88463],[88.15764,24.89267],[88.16681,24.88821],[88.16883,24.89364],[88.162,24.8936],[88.16201,24.89804],[88.15438,24.89994],[88.14895,24.91163],[88.14021,24.91411],[88.13803,24.93625],[88.15742,24.9337],[88.15981,24.93822],[88.15806,24.94175],[88.16433,24.94127],[88.16486,24.94623],[88.17019,24.95054],[88.17537,24.94645],[88.18362,24.95401],[88.18954,24.95218],[88.21013,24.96063],[88.22665,24.96004],[88.23824,24.94234],[88.25908,24.9225],[88.26429,24.89717],[88.25829,24.87739]]}},{"type":"Feature","properties":{"level":3},"geometry":{"type":"LineString","coordinates":[[91.51307,24.83367],[91.51181,24.85782],[91.50333,24.86582],[91.49774,24.86623],[91.50083,24.88056],[91.49245,24.8911],[91.50089,24.89788],[91.52697,24.89704],[91.52312,24.90085],[91.52749,24.90626],[91.52264,24.90573],[91.52607,24.91326],[91.51626,24.92319],[91.50539,24.92698],[91.4951,24.94006],[91.49729,24.94487],[91.48781,24.94824],[91.48819,24.95412],[91.48372,24.95725],[91.48528,24.96318]]}},{"type":"Feature","properties":{"level":0},"geometry":{"type":"LineString","coordinates":[[88.25829,24.87739],[88.26708,24.87794],[88.26851,24.89118],[88.2765,24.89734],[88.27791,24.88764],[88.28164,24.89064],[88.28568,24.88906],[88.28529,24.88632],[88.29277,24.88928],[88.2979,24.88496],[88.30178,24.88557],[88.298,24.88112],[88.3022,24.87173],[88.31219,24.88128],[88.32006,24.88365],[88.32119,24.87647],[88.32575,24.87142],[88.33286,24.87093],[88.33405,24.87721],[88.33875,24.87818],[88.34666,24.89314],[88.34376,24.89976],[88.33272,24.89716],[88.33427,24.90394],[88.32809,24.90457],[88.32434,24.91676],[88.32983,24.9175],[88.33029,24.92025],[88.33645,24.91861],[88.33445,24.92638],[88.33794,24.92628],[88.33605,24.93035],[88.34127,24.93555],[88.33977,24.94062],[88.34922,24.94449],[88.35501,24.94284],[88.36014,24.94905],[88.35844,24.9523],[88.36526,24.95328],[88.36367,24.94874],[88.36716,24.94853],[88.36513,24.94615],[88.37064,24.94243],[88.37663,24.94326],[88.38289,24.93875],[88.38657,24.93931],[88.38786,24.94336],[88.3952,24.94165],[88.40141,24.95016],[88.39872,24.95944],[88.39278,24.96122],[88.39287,24.96474],[88.39531,24.96461]]}},{"type":"Feature","properties":{"level":3},"geometry":{"type":"LineString","coordinates":[[90.51391,24.95137],[90.50458,24.94757],[90.48195,24.95779],[90.48345,24.96502],[90.47681,24.96027],[90.46584,24.96294],[90.46354,24.96103],[90.45826,24.96542]]}},{"type":"Feature","properties":{"level":3},"geometry":{"type":"LineString","coordinates":[[90.45826,24.96542],[90.44055,24.96102],[90.43796,24.94698],[90.43487,24.94713],[90.43494,24.94453],[90.45156,24.93305],[90.45428,24.9353],[90.45443,24.92938],[90.46067,24.92358],[90.44369,24.92226],[90.43486,24.93011],[90.42624,24.92345],[90.41213,24.92547],[90.40899,24.92194],[90.39273,24.9253],[90.38978,24.91564],[90.37909,24.91789],[90.37311,24.91505],[90.36816,24.91752],[90.36072,24.90659],[90.36094,24.89983],[90.36465,24.89631],[90.37186,24.89648],[90.37105,24.89171],[90.38017,24.88117],[90.37985,24.87297],[90.37252,24.87501],[90.37059,24.87042],[90.36351,24.87343],[90.35859,24.87013],[90.3573,24.87335],[90.35363,24.87316],[90.35647,24.86806],[90.34538,24.86188]]}},{"type":"Feature","properties":{"level":2},"geometry":{"type":"LineString","coordinates":[[88.43066,24.96618],[88.43706,24.95732],[88.43247,24.94871],[88.43234,24.93321],[88.44004,24.92515],[88.45141,24.92092],[88.45714,24.92249],[88.45912,24.92764],[88.45276,24.92926],[88.45393,24.93585],[88.46042,24.93549],[88.47297,24.94177],[88.4794,24.93556],[88.49123,24.93104],[88.49439,24.91106]]}},{"type":"Feature","properties":{"level":2},"geometry":{"type":"LineString","coordinates":[[89.10738,24.96987],[89.10997,24.96616],[89.11772,24.96761],[89.11801,24.96467],[89.12675,24.962],[89.1222,24.94969],[89.17907,24.95184],[89.18514,24.94275]]}},{"type":"Feature","properties":{"level":2},"geometry":{"type":"LineString","coordinates":[[89.08624,24.87366],[89.08938,24.87385],[89.08916,24.87712],[89.08284,24.87699],[89.08007,24.88418],[89.0759,24.88412],[89.07559,24.88664],[89.08167,24.89282],[89.0934,24.8882],[89.09772,24.89188],[89.1004,24.90364],[89.0946,24.90446],[89.08844,24.92393],[89.08447,24.92391],[89.08365,24.9269],[89.08438,24.93512],[89.0887,24.9347],[89.09003,24.93927],[89.09557,24.94241],[89.08869,24.96183],[89.10103,24.96222],[89.10311,24.96991]]}},{"type":"Feature","properties":{"level":2},"geometry":{"type":"LineString","coordinates":[[88.39531,24.96461],[88.40033,24.96369],[88.40729,24.96774],[88.40997,24.96524],[88.4199,24.96993],[88.43066,24.96618]]}},{"type":"Feature","properties":{"level":2},"geometry":{"type":"LineString","coordinates":[[89.10311,24.96991],[89.10738,24.96987]]}},{"type":"Feature","properties":{"level":1},"geometry":{"type":"LineString","coordinates":[[89.67302,24.97475],[89.67961,24.94827],[89.67449,24.93027],[89.67692,24.92137],[89.68506,24.91792],[89.68765,24.90569],[89.68032,24.90607],[89.67545,24.89795],[89.66382,24.89354],[89.68621,24.83819],[89.70185,24.82187],[89.71956,24.80969],[89.75266,24.79998]]}},{"type":"Feature","properties":{"level":3},"geometry":{"type":"LineString","coordinates":[[88.59094,24.97721],[88.59242,24.96716],[88.59998,24.96115],[88.5982,24.95954],[88.61441,24.94683],[88.62577,24.94744],[88.62825,24.95568],[88.63332,24.95209],[88.63589,24.95346]]}},{"type":"Feature","properties":{"level":3},"geometry":{"type":"LineString","coordinates":[[88.49439,24.91106],[88.51618,24.90553],[88.51841,24.90993],[88.51448,24.91453],[88.51937,24.92281],[88.52779,24.92773],[88.52197,24.93413],[88.51923,24.94821],[88.51408,24.94905],[88.51746,24.96374],[88.5227,24.96888],[88.52743,24.97156],[88.53122,24.96991],[88.53047,24.95031],[88.53593,24.95032],[88.53758,24.94032],[88.55283,24.9313],[88.55871,24.93748],[88.57031,24.93655],[88.57206,24.9413],[88.57571,24.94203],[88.58142,24.93974],[88.58481,24.94969],[88.59583,24.94666],[88.59631,24.95219],[88.58926,24.95656],[88.5911,24.96356],[88.57628,24.96396],[88.57728,24.97235],[88.5863,24.97208],[88.58142,24.97313],[88.58209,24.97693],[88.59094,24.97721]]}},{"type":"Feature","properties":{"level":3},"geometry":{"type":"LineString","coordinates":[[89.70476,24.97892],[89.70082,24.97486],[89.6812,24.97811]]}},{"type":"Feature","properties":{"level":3},"geometry":{"type":"LineString","coordinates":[[89.70476,24.97892],[89.71852,24.97575],[89.72005,24.96877],[89.72389,24.9707],[89.72527,24.97658],[89.7345,24.97874],[89.74529,24.96977],[89.75141,24.9754],[89.75924,24.97522],[89.76505,24.97193],[89.76479,24.96584],[89.77445,24.95237],[89.78808,24.94514],[89.78801,24.93761],[89.80056,24.93537],[89.79851,24.92095],[89.79083,24.92362],[89.79415,24.91304],[89.78741,24.90433],[89.79176,24.90362],[89.78919,24.89123],[89.78065,24.88242],[89.77956,24.86974],[89.78679,24.87049],[89.79027,24.86668],[89.79771,24.86806],[89.80521,24.8647],[89.8055,24.85572],[89.81374,24.84898]]}},{"type":"Feature","properties":{"level":3},"geometry":{"type":"LineString","coordinates":[[89.6812,24.97811],[89.67623,24.97891],[89.67302,24.97475]]}},{"type":"Feature","properties":{"level":2},"geometry":{"type":"LineString","coordinates":[[91.70044,24.97877],[91.6969,24.97778],[91.71085,24.96879],[91.7025,24.95264],[91.71211,24.94924],[91.70185,24.94476],[91.69817,24.93954],[91.68816,24.93982]]}},{"type":"Feature","properties":{"level":3},"geometry":{"type":"LineString","coordinates":[[89.38117,24.97963],[89.38469,24.97758],[89.37984,24.97243],[89.38885,24.97322],[89.38798,24.95917],[89.3995,24.95861],[89.40272,24.94896],[89.40001,24.93578],[89.40859,24.93229],[89.41241,24.91902],[89.41808,24.92281],[89.41297,24.91144],[89.41514,24.90731],[89.4067,24.90188],[89.40574,24.89643],[89.41088,24.89492],[89.41159,24.88183],[89.41505,24.88468],[89.42014,24.87653],[89.41292,24.87437],[89.417,24.8713],[89.41473,24.86482],[89.42612,24.85696],[89.43515,24.85805],[89.43153,24.85207],[89.43806,24.85119],[89.43659,24.84408],[89.43035,24.84238],[89.43029,24.83842]]}},{"type":"Feature","properties":{"level":2},"geometry":{"type":"LineString","coordinates":[[89.18514,24.94275],[89.19078,24.94389],[89.1868,24.94608],[89.1895,24.9477],[89.18448,24.95647],[89.18628,24.96207],[89.17959,24.96492],[89.18156,24.96866],[89.17693,24.9711],[89.18085,24.97147],[89.18382,24.98032]]}},{"type":"Feature","properties":{"level":1},"geometry":{"type":"LineString","coordinates":[[90.942,24.98449],[90.94544,24.98204],[90.94415,24.97545],[90.94801,24.97458],[90.94869,24.97109],[90.96234,24.97128],[90.97319,24.95882],[90.97039,24.94827],[90.96319,24.94123],[90.95039,24.93973],[90.95087,24.93619],[90.9571,24.93816],[90.95685,24.92235],[90.95423,24.91908],[90.95653,24.91462],[90.96459,24.91016],[90.97191,24.91613],[90.97276,24.91272],[90.97383,24.91574],[90.98057,24.9168],[90.99407,24.91376],[90.99857,24.89141]]}},{"type":"Feature","properties":{"level":3},"geometry":{"type":"LineString","coordinates":[[89.26649,24.9422],[89.27017,24.95896],[89.27588,24.95845],[89.28096,24.96305],[89.31024,24.95904],[89.32241,24.96398],[89.32549,24.96118],[89.32918,24.96725],[89.33878,24.96364],[89.33539,24.95778],[89.33919,24.94798],[89.34951,24.94979],[89.35226,24.9459],[89.35686,24.9488],[89.35901,24.94342],[89.36248,24.95486],[89.35835,24.96141],[89.36426,24.9722],[89.36782,24.97139],[89.37206,24.97712],[89.37629,24.97763],[89.37625,24.98545]]}},{"type":"Feature","properties":{"level":3},"geometry":{"type":"LineString","coordinates":[[91.31249,24.98575],[91.30689,24.98439],[91.30898,24.9771],[91.30394,24.97214],[91.3039,24.96773],[91.29479,24.96998],[91.29471,24.96519],[91.28684,24.96753],[91.28095,24.95576],[91.28161,24.95063],[91.2889,24.95074],[91.27948,24.94301],[91.28367,24.93815],[91.28259,24.92914],[91.28994,24.92903],[91.28646,24.9192],[91.2917,24.91806],[91.29344,24.91207],[91.28846,24.90629],[91.2796,24.90463],[91.27143,24.89561],[91.28365,24.8829]]}},{"type":"Feature","properties":{"level":3},"geometry":{"type":"LineString","coordinates":[[89.37625,24.98545],[89.38231,24.98202],[89.38117,24.97963]]}},{"type":"Feature","properties":{"level":3},"geometry":{"type":"LineString","coordinates":[[92.41632,24.9904],[92.39819,24.98673]]}},{"type":"Feature","properties":{"level":0},"geometry":{"type":"LineString","coordinates":[[92.41632,24.9904],[92.4225,24.98842],[92.42095,24.9664],[92.44776,24.9661],[92.45911,24.97073],[92.46862,24.96326],[92.46634,24.95749],[92.45127,24.95196],[92.44799,24.94555],[92.44916,24.9389],[92.47597,24.94236],[92.48756,24.94751],[92.48402,24.93007],[92.48785,24.92032],[92.49454,24.91619],[92.49309,24.90569],[92.49706,24.90184],[92.49102,24.89175],[92.49281,24.87566],[92.48846,24.87211],[92.48028,24.87302],[92.47485,24.86837],[92.46462,24.87235],[92.44429,24.87239],[92.43749,24.85677],[92.42575,24.85292],[92.40575,24.85913],[92.39925,24.84967],[92.38546,24.85209],[92.38264,24.85926],[92.37705,24.8632],[92.37501,24.87196],[92.36186,24.87255],[92.36004,24.87819],[92.35406,24.87912],[92.34879,24.88916],[92.33855,24.87819],[92.32777,24.88883],[92.32559,24.89605],[92.31568,24.89456],[92.30669,24.90063],[92.30614,24.90869],[92.30015,24.91466],[92.29072,24.91403],[92.28421,24.91118],[92.28176,24.90616],[92.27303,24.90509],[92.24752,24.90894],[92.23293,24.90039]]}},{"type":"Feature","properties":{"level":1},"geometry":{"type":"LineString","coordinates":[[90.94711,24.99417],[90.94138,24.99017],[90.942,24.98449]]}},{"type":"Feature","properties":{"level":2},"geometry":{"type":"LineString","coordinates":[[89.89822,24.9948],[89.89594,24.98666],[89.9036,24.98953],[89.91336,24.97978],[89.91102,24.96104],[89.90307,24.96387],[89.90562,24.95849],[89.90288,24.95691],[89.9086,24.95132]]}},{"type":"Feature","properties":{"level":3},"geometry":{"type":"LineString","coordinates":[[90.67022,24.80277],[90.66301,24.81245],[90.6527,24.80941],[90.64923,24.81133],[90.65056,24.8197],[90.65353,24.81982],[90.65093,24.82281],[90.65277,24.82934],[90.6595,24.83079],[90.66073,24.83894],[90.65709,24.84251],[90.65554,24.86962],[90.64844,24.87506],[90.64609,24.88327],[90.64935,24.88726],[90.65008,24.90146],[90.65506,24.90968],[90.6538,24.91792],[90.6578,24.92182],[90.66643,24.92098],[90.66672,24.92764],[90.67237,24.92704],[90.6781,24.93194],[90.68606,24.93105],[90.68765,24.93365],[90.68475,24.94006],[90.68592,24.94986],[90.68013,24.95387],[90.68048,24.95712],[90.68541,24.95766],[90.68599,24.96279],[90.68873,24.96207],[90.69217,24.96672],[90.70838,24.96645],[90.72776,24.97114],[90.72382,24.98558],[90.71565,24.9809],[90.70521,24.99531]]}},{"type":"Feature","properties":{"level":3},"geometry":{"type":"LineString","coordinates":[[88.63589,24.95346],[88.63934,24.95618],[88.63875,24.95982],[88.63612,24.95765],[88.63457,24.96071],[88.63562,24.96614],[88.64493,24.96769],[88.641,24.96959],[88.64292,24.97273],[88.63866,24.97285],[88.64305,24.98078],[88.64333,24.98774],[88.64002,24.99018],[88.64263,24.99506],[88.64002,24.99721]]}},{"type":"Feature","properties":{"level":3},"geometry":{"type":"LineString","coordinates":[[90.81033,24.84845],[90.81311,24.8597],[90.82002,24.86312],[90.82262,24.87761],[90.81401,24.88407],[90.81403,24.88095],[90.8075,24.87744],[90.80362,24.8796],[90.81456,24.88843],[90.81828,24.90235],[90.82762,24.91033],[90.82765,24.92154],[90.8411,24.92121],[90.83838,24.92636],[90.83335,24.92737],[90.83529,24.93489],[90.82628,24.94967],[90.82179,24.94864],[90.82098,24.93892],[90.81388,24.93969],[90.80566,24.94447],[90.80738,24.95755],[90.80298,24.96389],[90.79771,24.96493],[90.80297,24.95942],[90.79935,24.95548],[90.79524,24.95635],[90.78777,24.96554],[90.77515,24.96185],[90.78372,24.97184],[90.77929,24.97666],[90.76974,24.97772],[90.76616,24.98259],[90.77142,24.99802]]}},{"type":"Feature","properties":{"level":3},"geometry":{"type":"LineString","coordinates":[[88.8678,24.91261],[88.86743,24.91593],[88.8607,24.91754],[88.86121,24.92315],[88.86609,24.92568],[88.85615,24.92945],[88.8544,24.93369],[88.85752,24.94046],[88.86432,24.94477],[88.86312,24.95162],[88.85345,24.96266],[88.85417,24.97097],[88.86134,24.97208],[88.85912,24.97745],[88.86232,24.98039],[88.8515,24.98218],[88.85429,24.98818],[88.86407,24.98664],[88.86723,25.00015],[88.87253,25.00053]]}},{"type":"Feature","properties":{"level":3},"geometry":{"type":"LineString","coordinates":[[90.83544,24.99879],[90.8406,24.99363],[90.84574,25.00075],[90.8451,24.99515],[90.85233,24.98725],[90.84782,24.97374],[90.85212,24.96872],[90.84228,24.95987],[90.84588,24.9569],[90.85691,24.96311],[90.86913,24.96111],[90.8801,24.96736],[90.88122,24.97227],[90.88909,24.97133],[90.89522,24.97879],[90.92109,24.97819],[90.93263,24.98434],[90.942,24.98449]]}},{"type":"Feature","properties":{"level":3},"geometry":{"type":"LineString","coordinates":[[90.77142,24.99802],[90.77206,25.00335],[90.78354,24.99385],[90.79024,24.9933],[90.79302,24.99718],[90.80243,24.99505],[90.805,25.00175],[90.81025,25.00246],[90.8081,24.99672],[90.81136,24.99187],[90.82187,24.99392],[90.82796,25.0007],[90.83355,24.99866],[90.83443,25.00406],[90.83544,24.99879]]}},{"type":"Feature","properties":{"level":3},"geometry":{"type":"LineString","coordinates":[[91.48528,24.96318],[91.48971,24.97821],[91.47516,25.00442]]}},{"type":"Feature","properties":{"level":3},"geometry":{"type":"LineString","coordinates":[[92.39819,24.98673],[92.39081,24.98804],[92.38771,24.99527],[92.37689,25.00581],[92.37259,24.98206],[92.36183,24.98231],[92.35496,24.96609],[92.34203,24.96766],[92.34018,24.97318],[92.33124,24.97907],[92.32754,24.96039],[92.32178,24.95774],[92.31646,24.95977],[92.31122,24.95329],[92.2856,24.96334],[92.28215,24.96707],[92.28488,24.97457],[92.28244,24.98192],[92.26567,24.98708],[92.25758,24.97508],[92.24034,24.97119],[92.23914,24.95622],[92.22243,24.96477],[92.21332,24.96415],[92.21286,24.96152],[92.22141,24.95422],[92.22122,24.94367],[92.20785,24.94397]]}},{"type":"Feature","properties":{"level":3},"geometry":{"type":"LineString","coordinates":[[91.98389,24.95279],[91.97694,24.951],[91.97658,24.94842],[91.97098,24.95492],[91.97233,24.95754],[91.96192,24.95786],[91.96385,24.9484],[91.95215,24.95094],[91.94608,24.94723],[91.93748,24.97605],[91.92918,24.98835],[91.92786,24.99595],[91.92082,25.00155],[91.91957,25.00883],[91.91204,25.0065],[91.90609,25.00998],[91.89305,24.99382],[91.88305,24.99101],[91.8805,24.98669],[91.86408,24.98969],[91.85624,24.98781],[91.85352,24.9925],[91.84372,24.98262],[91.82935,24.98457],[91.83206,24.98791],[91.82344,24.99632],[91.82067,25.00487],[91.8101,25.01189]]}},{"type":"Feature","properties":{"level":2},"geometry":{"type":"LineString","coordinates":[[90.24137,24.89673],[90.23928,24.90241],[90.24738,24.92646],[90.23697,24.93396],[90.23298,24.94585],[90.23826,24.94851],[90.25911,24.94592],[90.25396,24.95781],[90.2418,24.96237],[90.24441,24.96745],[90.23906,24.96977],[90.23624,24.96417],[90.2305,24.96674],[90.22852,24.97432],[90.23683,24.98503],[90.23317,24.98653],[90.24025,24.99473],[90.24315,25.01236]]}},{"type":"Feature","properties":{"level":3},"geometry":{"type":"LineString","coordinates":[[91.31249,24.98575],[91.32328,24.97927],[91.32097,24.97311],[91.3166,24.9775],[91.32059,24.96137],[91.31425,24.95865],[91.32246,24.95653],[91.32864,24.9598],[91.32608,24.94912],[91.32908,24.94113],[91.33611,24.94018],[91.34969,24.94434],[91.35192,24.94891],[91.34662,24.95305],[91.35295,24.95356],[91.35318,24.96277],[91.36353,24.96771],[91.3667,24.96567],[91.36555,24.96164],[91.3732,24.95567],[91.37687,24.96056],[91.38144,24.95932],[91.39196,24.94639],[91.3948,24.95344],[91.39299,24.96347],[91.40584,24.96669],[91.40654,24.9744],[91.40272,24.97892],[91.40942,24.99537],[91.4426,24.99684],[91.44262,25.00492],[91.44986,25.00115],[91.45099,25.00471],[91.46645,25.01477]]}},{"type":"Feature","properties":{"level":3},"geometry":{"type":"LineString","coordinates":[[91.47516,25.00442],[91.46645,25.01477]]}},{"type":"Feature","properties":{"level":3},"geometry":{"type":"LineString","coordinates":[[88.76506,25.01456],[88.77388,25.01587],[88.77629,25.01201],[88.79014,25.011],[88.79779,25.01365],[88.80393,25.0067],[88.81889,25.00829],[88.83172,25.00511],[88.8412,25.00492],[88.84485,25.00988],[88.85283,25.00743],[88.85554,25.01246],[88.87264,25.00836],[88.87253,25.00053]]}},{"type":"Feature","properties":{"level":3},"geometry":{"type":"LineString","coordinates":[[88.64002,24.99721],[88.6441,24.99945],[88.66147,24.98924],[88.67225,24.99132],[88.67836,24.9874],[88.68128,24.98898],[88.68192,25.00004],[88.69559,25.00369],[88.69924,24.99923],[88.70769,24.99828],[88.707,25.01133],[88.7099,25.0149],[88.71578,25.01259],[88.71515,25.00771],[88.71766,25.00782],[88.71769,25.01182],[88.72641,25.01358],[88.72696,25.00606],[88.73041,25.00281],[88.75245,24.99799],[88.76077,24.99952],[88.75941,25.01238],[88.76254,25.01267],[88.76335,25.01648],[88.76506,25.01456]]}},{"type":"Feature","properties":{"level":3},"geometry":{"type":"LineString","coordinates":[[91.8101,25.01189],[91.78474,25.00637],[91.77849,25.01117],[91.77756,25.01883]]}},{"type":"Feature","properties":{"level":2},"geometry":{"type":"LineString","coordinates":[[90.50163,25.02014],[90.50492,25.01836],[90.50363,25.01533],[90.49593,25.01163],[90.493,25.00463],[90.50394,25.00333],[90.50309,24.99863],[90.50653,24.99685],[90.50458,24.98587],[90.5122,24.98798],[90.51355,24.97956],[90.51791,24.97748],[90.52406,24.98042],[90.51786,24.97513],[90.5134,24.9621],[90.51391,24.95137]]}},{"type":"Feature","properties":{"level":3},"geometry":{"type":"LineString","coordinates":[[90.50163,25.02014],[90.49219,25.02134]]}},{"type":"Feature","properties":{"level":3},"geometry":{"type":"LineString","coordinates":[[89.03653,25.02136],[89.04483,25.01337],[89.04373,24.9964],[89.04974,24.99841],[89.05185,24.99354],[89.04637,24.98847],[89.05891,24.99435],[89.05755,24.98314],[89.06683,24.97993],[89.07286,24.9824],[89.07667,24.97673],[89.10055,24.97708],[89.10311,24.96991]]}},{"type":"Feature","properties":{"level":3},"geometry":{"type":"LineString","coordinates":[[91.27679,25.02176],[91.28504,25.02145],[91.29252,25.01307],[91.29944,25.01317],[91.30575,25.00765],[91.30355,25.00211],[91.3057,24.99795],[91.31138,24.99832],[91.31249,24.98575]]}},{"type":"Feature","properties":{"level":3},"geometry":{"type":"LineString","coordinates":[[91.77756,25.01883],[91.77697,25.02205],[91.76148,25.01166],[91.75419,25.01286],[91.7397,25.00583],[91.73688,24.99176],[91.72232,24.98609],[91.72192,24.98108],[91.71086,24.97936],[91.71398,24.97352],[91.70882,24.9726],[91.70044,24.97877]]}},{"type":"Feature","properties":{"level":3},"geometry":{"type":"LineString","coordinates":[[90.2851,25.02214],[90.28984,25.02169],[90.28455,25.02008],[90.28487,25.01323],[90.29251,25.01113],[90.29302,25.015],[90.29912,25.01622],[90.30115,25.01065],[90.29863,25.00745],[90.31057,25.00706],[90.31744,24.9979],[90.33291,25.0049],[90.33708,25.002],[90.33353,24.99852],[90.33681,24.9966],[90.34179,25.00088],[90.34348,24.99408],[90.33995,24.99386],[90.35001,24.99198],[90.35825,24.99397],[90.36043,25.00138],[90.3679,25.0024],[90.36917,25.00679],[90.37394,25.00405],[90.37691,25.00973],[90.38753,25.00569],[90.3892,25.00869],[90.39488,25.00433],[90.39348,24.99472],[90.39857,24.9964],[90.40391,24.98755],[90.40994,24.98688],[90.41088,24.99166],[90.4139,24.99145],[90.41633,24.98682],[90.42263,24.99684],[90.43327,24.99347],[90.43053,25.00451],[90.44153,25.00757],[90.44755,25.00126],[90.45035,25.00832],[90.44716,25.01451],[90.46112,25.00767],[90.47343,25.01314],[90.4751,25.00871],[90.48157,25.00571],[90.4843,25.0096],[90.48242,25.01749],[90.49219,25.02134]]}},{"type":"Feature","properties":{"level":3},"geometry":{"type":"LineString","coordinates":[[90.24315,25.01236],[90.25212,25.01515],[90.27193,25.01085],[90.28164,25.02188],[90.2851,25.02214]]}},{"type":"Feature","properties":{"level":2},"geometry":{"type":"LineString","coordinates":[[90.24315,25.01236],[90.24106,25.0209],[90.23512,25.02412]]}},{"type":"Feature","properties":{"level":3},"geometry":{"type":"LineString","coordinates":[[90.1164,24.90441],[90.119,24.90658],[90.11476,24.91233],[90.12272,24.9115],[90.12539,24.91891],[90.12119,24.92076],[90.1158,24.93191],[90.1278,24.93273],[90.13065,24.94365],[90.12541,24.94919],[90.12593,24.95348],[90.11908,24.95378],[90.12091,24.95666],[90.11548,24.95998],[90.11798,24.97011],[90.13545,24.96976],[90.12159,24.9918],[90.11769,24.99241],[90.1203,25.00271],[90.13453,25.01249],[90.13071,25.02413]]}},{"type":"Feature","properties":{"level":3},"geometry":{"type":"LineString","coordinates":[[89.43998,25.02474],[89.44322,25.01848],[89.44215,25.01006],[89.44941,25.00469],[89.43875,24.99227],[89.44733,24.98255],[89.45007,24.97176],[89.45954,24.9724],[89.45577,24.95845],[89.45746,24.95258],[89.46035,24.95175],[89.46142,24.95492],[89.46259,24.95109],[89.46467,24.95509],[89.46502,24.94667],[89.47595,24.9472],[89.48152,24.93843],[89.48945,24.93943],[89.49133,24.9332],[89.49652,24.94348],[89.50676,24.94122],[89.50749,24.93682],[89.51315,24.93363],[89.51338,24.92569],[89.52162,24.92144],[89.52223,24.91579],[89.52674,24.91688],[89.52553,24.91988]]}},{"type":"Feature","properties":{"level":3},"geometry":{"type":"LineString","coordinates":[[89.37625,24.98545],[89.37099,24.98659],[89.36991,24.98998],[89.37709,24.99415],[89.37909,25.00056],[89.38273,24.99986],[89.38126,25.00405],[89.39549,25.0063],[89.40063,25.01566],[89.40623,25.01231],[89.41154,25.01682],[89.4186,25.01398],[89.42152,25.01684],[89.42527,25.01524],[89.42799,25.02321],[89.43323,25.02071],[89.43998,25.02474]]}},{"type":"Feature","properties":{"level":3},"geometry":{"type":"LineString","coordinates":[[91.08324,25.02558],[91.09425,25.02251],[91.09448,25.01287],[91.10232,25.01071],[91.10542,25.00207],[91.11052,25.00312],[91.12073,24.99472],[91.12948,24.99588],[91.12973,24.98766],[91.13782,24.97438],[91.13272,24.96716],[91.14232,24.9701],[91.14004,24.95987],[91.15316,24.96162],[91.15516,24.95571],[91.15995,24.9612],[91.1603,24.95169],[91.16621,24.94643],[91.16555,24.93777],[91.16003,24.92905],[91.16393,24.91975],[91.15909,24.90634],[91.16182,24.90137],[91.15996,24.89121],[91.15553,24.89329],[91.15348,24.90131],[91.13819,24.88854],[91.13976,24.88492],[91.14742,24.88388],[91.1548,24.87467],[91.16252,24.87537],[91.16278,24.87277],[91.15517,24.85684],[91.14721,24.8484],[91.14826,24.84032],[91.13816,24.83521],[91.12662,24.81949],[91.11567,24.81316]]}},{"type":"Feature","properties":{"level":3},"geometry":{"type":"LineString","coordinates":[[90.77142,24.99802],[90.76325,24.99902],[90.76299,25.00345],[90.76881,25.01069],[90.75515,25.02706]]}},{"type":"Feature","properties":{"level":3},"geometry":{"type":"LineString","coordinates":[[90.75515,25.02706],[90.75286,25.02712]]}},{"type":"Feature","properties":{"level":3},"geometry":{"type":"LineString","coordinates":[[90.75286,25.02712],[90.73438,25.02295],[90.73065,25.01912],[90.72984,25.02423],[90.72131,25.02669],[90.71707,25.02122],[90.70518,25.01746],[90.7057,25.01208],[90.71321,25.01214],[90.72003,25.00605],[90.72291,25.00857],[90.72705,25.007],[90.72726,24.99998],[90.72408,24.99653],[90.71955,24.99621],[90.71673,24.99976],[90.70521,24.99531]]}},{"type":"Feature","properties":{"level":3},"geometry":{"type":"LineString","coordinates":[[88.64002,24.99721],[88.63696,25.00225],[88.6356,25.00005],[88.63094,25.00397],[88.63058,25.00838],[88.62304,25.01187],[88.62138,25.02897]]}},{"type":"Feature","properties":{"level":3},"geometry":{"type":"LineString","coordinates":[[90.70521,24.99531],[90.68513,24.98401],[90.67894,24.98603],[90.67537,24.99293],[90.6677,24.98827],[90.66196,24.9931],[90.67725,24.99721],[90.67801,24.99948],[90.66984,24.99834],[90.6774,25.00708],[90.67689,25.01023],[90.66626,25.00732],[90.66215,25.01081],[90.64678,25.01356],[90.62569,25.00956],[90.62674,25.01899],[90.62424,25.02295],[90.61045,25.02118],[90.60654,25.0297]]}},{"type":"Feature","properties":{"level":3},"geometry":{"type":"LineString","coordinates":[[90.21727,25.03197],[90.21768,25.02765],[90.21535,25.02979],[90.21174,25.02668],[90.21523,25.02371],[90.22052,25.02893],[90.22408,25.02704],[90.22615,25.03125],[90.23221,25.02794],[90.22774,25.02276],[90.23087,25.021],[90.23512,25.02412]]}},{"type":"Feature","properties":{"level":3},"geometry":{"type":"LineString","coordinates":[[88.87253,25.00053],[88.89385,24.99604],[88.89368,24.99085],[88.89841,24.98881],[88.90788,24.9965],[88.90739,25.00191],[88.90441,25.0024],[88.90529,25.00583],[88.8989,25.01331],[88.89829,25.01855],[88.9026,25.0245],[88.89983,25.03268]]}},{"type":"Feature","properties":{"level":3},"geometry":{"type":"LineString","coordinates":[[90.13071,25.02413],[90.14882,25.02243],[90.15489,25.01871],[90.15927,25.03181],[90.1628,25.03112],[90.16427,25.02146],[90.18839,25.01847],[90.19703,25.0289],[90.20008,25.02764],[90.20239,25.03343],[90.21172,25.03077],[90.21806,25.03499],[90.21727,25.03197]]}},{"type":"Feature","properties":{"level":3},"geometry":{"type":"LineString","coordinates":[[88.89983,25.03268],[88.90869,25.03667],[88.91669,25.03445],[88.91605,25.02987],[88.92321,25.01923],[88.92615,25.02185],[88.92971,25.01803],[88.93003,25.02125],[88.93479,25.02221],[88.92984,25.02976],[88.93953,25.03999]]}},{"type":"Feature","properties":{"level":1},"geometry":{"type":"LineString","coordinates":[[89.64838,25.04285],[89.66105,25.00739],[89.66126,24.98799],[89.67302,24.97475]]}},{"type":"Feature","properties":{"level":3},"geometry":{"type":"LineString","coordinates":[[89.52553,24.91988],[89.52883,24.93362],[89.53513,24.93272],[89.53155,24.93963],[89.53965,24.94209],[89.54149,24.93982],[89.54833,24.94996],[89.54591,24.95366],[89.54883,24.96059],[89.56289,24.96332],[89.56262,24.95688],[89.56817,24.95359],[89.58475,24.9619],[89.58623,24.96644],[89.58122,24.98414],[89.58401,24.99007],[89.58227,25.00537],[89.58969,25.02325],[89.59168,25.0193],[89.60072,25.0172],[89.60259,25.02722],[89.6014,25.03191],[89.59975,25.02886],[89.58942,25.03005],[89.59121,25.03867],[89.59668,25.04224],[89.59339,25.04461]]}},{"type":"Feature","properties":{"level":2},"geometry":{"type":"LineString","coordinates":[[90.60654,25.0297],[90.59787,25.02951],[90.59311,25.0364],[90.58721,25.02834],[90.57367,25.03651],[90.56377,25.03386],[90.55737,25.03798],[90.55887,25.04479]]}},{"type":"Feature","properties":{"level":2},"geometry":{"type":"LineString","coordinates":[[90.55887,25.04479],[90.5525,25.04484],[90.55361,25.04163],[90.54889,25.04117],[90.5461,25.0322],[90.53465,25.03578],[90.53528,25.02836],[90.54449,25.02681],[90.54328,25.0101],[90.53464,25.01411],[90.52449,25.03243],[90.51804,25.02425],[90.51394,25.03117],[90.51085,25.03104],[90.50908,25.01872],[90.50664,25.01804],[90.50777,25.0221],[90.50163,25.02014]]}},{"type":"Feature","properties":{"level":3},"geometry":{"type":"LineString","coordinates":[[89.01675,25.04631],[89.02521,25.03943],[89.0244,25.03594],[89.02834,25.03438],[89.03653,25.02136]]}},{"type":"Feature","properties":{"level":2},"geometry":{"type":"LineString","coordinates":[[88.99865,24.91067],[89.00453,24.94046],[88.99868,24.94634],[88.99918,24.95413],[89.00518,24.95946],[89.00071,24.97699],[89.00958,24.97798],[89.01159,24.98308],[89.00758,25.00102],[89.01079,25.00158],[89.01068,25.01163],[89.01446,25.00948],[89.01439,25.0182],[89.01826,25.01864],[89.0097,25.02097],[89.01911,25.02727],[89.00981,25.0351],[89.01576,25.04639]]}},{"type":"Feature","properties":{"level":3},"geometry":{"type":"LineString","coordinates":[[89.01576,25.04639],[89.01675,25.04631]]}},{"type":"Feature","properties":{"level":1},"geometry":{"type":"LineString","coordinates":[[89.5317,25.04718],[89.53543,25.04106],[89.53989,25.04296],[89.56676,25.03772],[89.56819,25.04054],[89.57515,25.03923],[89.5737,25.04233],[89.57668,25.04444],[89.59339,25.04461]]}},{"type":"Feature","properties":{"level":3},"geometry":{"type":"LineString","coordinates":[[91.07063,25.04904],[91.07761,25.04464],[91.07329,25.03012],[91.08324,25.02558]]}},{"type":"Feature","properties":{"level":3},"geometry":{"type":"LineString","coordinates":[[90.94711,24.99417],[90.95255,24.9897],[90.96755,24.99471],[90.96511,25.00693],[90.96833,25.02041],[90.96553,25.02388],[90.97166,25.02676],[91.00633,25.01774],[91.01704,25.01121],[91.02613,24.9991],[91.03018,25.00203],[91.03761,25.00145],[91.03987,25.00555],[91.06475,25.00426],[91.0667,25.01328],[91.06061,25.01601],[91.06371,25.02489],[91.06984,25.02472],[91.07051,25.02912],[91.06083,25.0439],[91.0656,25.04921],[91.07063,25.04904]]}},{"type":"Feature","properties":{"level":1},"geometry":{"type":"LineString","coordinates":[[89.59339,25.04461],[89.60229,25.04956],[89.61267,25.04955],[89.64286,25.03609],[89.64838,25.04285]]}},{"type":"Feature","properties":{"level":2},"geometry":{"type":"LineString","coordinates":[[89.01576,25.04639],[89.00069,25.04916],[88.99721,25.04322],[88.99558,25.04663],[88.98633,25.04844],[88.98332,25.05434],[88.97523,25.05438]]}},{"type":"Feature","properties":{"level":3},"geometry":{"type":"LineString","coordinates":[[89.45455,25.05596],[89.45233,25.05098],[89.45543,25.04746],[89.4518,25.03895],[89.4545,25.03401],[89.44787,25.02924],[89.4428,25.02945],[89.44292,25.02574],[89.43998,25.02474]]}},{"type":"Feature","properties":{"level":2},"geometry":{"type":"LineString","coordinates":[[88.97523,25.05438],[88.95379,25.05466],[88.95701,25.04709],[88.9521,25.0397],[88.95686,25.03031],[88.9548,25.02833],[88.9486,25.03468],[88.94982,25.03894],[88.93953,25.03999]]}},{"type":"Feature","properties":{"level":2},"geometry":{"type":"LineString","coordinates":[[89.92572,25.05932],[89.90801,25.04324],[89.90834,25.03291],[89.8865,25.03312],[89.88341,25.01743],[89.89321,25.01753],[89.89323,25.00681],[89.89822,24.9948]]}},{"type":"Feature","properties":{"level":1},"geometry":{"type":"LineString","coordinates":[[89.45687,25.06418],[89.46119,25.06065],[89.46683,25.06096],[89.46335,25.05483],[89.47387,25.05539],[89.47568,25.06164],[89.48938,25.06217],[89.49417,25.0522],[89.50243,25.05085],[89.51136,25.04411],[89.52442,25.04278],[89.5317,25.04718]]}},{"type":"Feature","properties":{"level":3},"geometry":{"type":"LineString","coordinates":[[91.27679,25.02176],[91.26973,25.02214],[91.27113,25.0258],[91.26799,25.03138],[91.26004,25.03308],[91.24585,25.01861],[91.24282,25.01975],[91.23996,25.02324],[91.24351,25.03511],[91.23784,25.03638],[91.24235,25.04381],[91.2331,25.05327],[91.22235,25.05579],[91.22105,25.06466]]}},{"type":"Feature","properties":{"level":1},"geometry":{"type":"LineString","coordinates":[[89.45455,25.05596],[89.4543,25.06382],[89.45687,25.06418]]}},{"type":"Feature","properties":{"level":3},"geometry":{"type":"LineString","coordinates":[[91.08324,25.02558],[91.08482,25.03032],[91.09795,25.03344],[91.09858,25.0395],[91.09036,25.04379],[91.0927,25.04795],[91.10738,25.04624],[91.10294,25.05363],[91.09467,25.05678],[91.09423,25.06931]]}},{"type":"Feature","properties":{"level":3},"geometry":{"type":"LineString","coordinates":[[91.10629,25.07306],[91.12059,25.07189],[91.13385,25.04789],[91.12428,25.03774],[91.13483,25.02826],[91.14581,25.03758],[91.16861,25.03339],[91.16699,25.04123],[91.17746,25.05078],[91.19427,25.05026],[91.19825,25.06317],[91.22105,25.06466]]}},{"type":"Feature","properties":{"level":3},"geometry":{"type":"LineString","coordinates":[[91.09423,25.06931],[91.09997,25.07328],[91.10629,25.07306]]}},{"type":"Feature","properties":{"level":3},"geometry":{"type":"LineString","coordinates":[[90.13071,25.02413],[90.13158,25.03143],[90.1234,25.02755],[90.1135,25.03651],[90.11814,25.04306],[90.11869,25.05392],[90.10291,25.0551],[90.10683,25.05694],[90.10385,25.06132],[90.09733,25.05802],[90.08068,25.0617],[90.07258,25.07316],[90.07544,25.07765]]}},{"type":"Feature","properties":{"level":3},"geometry":{"type":"LineString","coordinates":[[89.89822,24.9948],[89.88968,24.99532],[89.88275,25.0032],[89.87181,25.0018],[89.86594,25.00591],[89.86707,25.01529],[89.83704,25.02403],[89.83147,25.05317],[89.82576,25.06285],[89.81641,25.06695],[89.80486,25.08355]]}},{"type":"Feature","properties":{"level":3},"geometry":{"type":"LineString","coordinates":[[89.80486,25.08355],[89.80054,25.07003],[89.78416,25.06042],[89.77833,25.05008],[89.77879,25.03823],[89.77377,25.03555],[89.76987,25.01944],[89.7646,25.02186],[89.76159,25.01672],[89.74273,25.00986],[89.74263,25.00424],[89.72503,25.00368],[89.70566,24.99007],[89.70246,24.98442],[89.70476,24.97892]]}},{"type":"Feature","properties":{"level":3},"geometry":{"type":"LineString","coordinates":[[90.07544,25.07765],[90.0704,25.08607]]}},{"type":"Feature","properties":{"level":3},"geometry":{"type":"LineString","coordinates":[[89.92572,25.05932],[89.94265,25.05279],[89.95395,25.05678],[89.96035,25.06416],[89.97339,25.05587],[89.99048,25.05216],[89.99067,25.05853],[89.99555,25.06268],[90.01461,25.05273],[90.01601,25.05554],[90.01945,25.05323],[90.01769,25.06007],[90.02819,25.07492],[90.04474,25.07986],[90.04599,25.08462],[90.05225,25.08616]]}},{"type":"Feature","properties":{"level":3},"geometry":{"type":"LineString","coordinates":[[90.0704,25.08607],[90.06422,25.08458],[90.06131,25.07805],[90.05225,25.08616]]}},{"type":"Feature","properties":{"level":3},"geometry":{"type":"LineString","coordinates":[[88.45378,25.08695],[88.46895,25.08691],[88.4681,25.08235],[88.46268,25.07867],[88.46732,25.07868],[88.46643,25.07357],[88.46066,25.06965],[88.4711,25.06474],[88.46708,25.07198],[88.48624,25.05973],[88.48932,25.06037],[88.48712,25.06703],[88.501,25.06899],[88.50579,25.07365],[88.51391,25.07057],[88.52125,25.07163],[88.52213,25.06657],[88.52478,25.07513],[88.53058,25.07353],[88.53253,25.06955],[88.54385,25.07087],[88.5481,25.0642],[88.55438,25.06671],[88.54852,25.05473],[88.55107,25.04982],[88.54766,25.05246],[88.54499,25.04547],[88.54556,25.0352],[88.53866,25.03214],[88.54345,25.02563],[88.54182,25.02036],[88.55125,25.01123],[88.56161,25.02193],[88.57331,25.02358],[88.57822,25.02897],[88.58568,25.02928],[88.59123,25.03346],[88.62138,25.02897]]}},{"type":"Feature","properties":{"level":0},"geometry":{"type":"LineString","coordinates":[[88.39531,24.96461],[88.3951,24.96857],[88.40354,24.97387],[88.4053,24.97956],[88.41123,24.97331],[88.41717,24.97432],[88.41611,24.98047],[88.41213,24.98225],[88.41865,24.98303],[88.41178,24.98595],[88.41447,24.9952],[88.41214,24.99865],[88.41978,24.99945],[88.42173,25.00669],[88.42456,25.00703],[88.42532,25.01663],[88.42705,25.00799],[88.43623,25.00659],[88.43521,25.01395],[88.4417,25.0134],[88.43774,25.01573],[88.44063,25.01799],[88.43798,25.02033],[88.44125,25.02032],[88.43835,25.02334],[88.44414,25.02643],[88.44572,25.03396],[88.45249,25.03666],[88.45196,25.03988],[88.43763,25.04306],[88.43537,25.05076],[88.43518,25.05632],[88.45302,25.07887],[88.44683,25.08126],[88.44664,25.08775]]}},{"type":"Feature","properties":{"level":3},"geometry":{"type":"LineString","coordinates":[[88.44664,25.08775],[88.45378,25.08695]]}},{"type":"Feature","properties":{"level":0},"geometry":{"type":"LineString","coordinates":[[92.24587,25.08999],[92.30991,25.06934],[92.3134,25.07215],[92.31882,25.07006],[92.3224,25.07816],[92.3319,25.07914],[92.34639,25.07458],[92.34838,25.06174],[92.3381,25.05188],[92.34201,25.05367],[92.33953,25.04994],[92.35581,25.04711],[92.35823,25.04997],[92.36033,25.04662],[92.36295,25.04982],[92.36912,25.04075],[92.37324,25.04372],[92.38277,25.03886],[92.38347,25.04224],[92.39193,25.03983],[92.39856,25.03282],[92.41169,25.02883],[92.42506,25.02892],[92.42469,25.01274],[92.41632,24.9904]]}},{"type":"Feature","properties":{"level":2},"geometry":{"type":"LineString","coordinates":[[89.18382,24.98032],[89.19594,24.98202],[89.18984,24.98707],[89.18899,24.99373],[89.20366,24.99484],[89.2038,24.9982],[89.19667,24.99971],[89.21939,25.02195],[89.21309,25.02394],[89.21323,25.02809],[89.21648,25.02875],[89.22101,25.02216],[89.22638,25.02273],[89.2284,25.01909],[89.23728,25.01977],[89.24357,25.02894],[89.24456,25.04833],[89.25158,25.05127],[89.2464,25.06571],[89.25523,25.06805],[89.26093,25.07543],[89.2798,25.08613],[89.28298,25.09204],[89.28067,25.09202]]}},{"type":"Feature","properties":{"level":3},"geometry":{"type":"LineString","coordinates":[[92.22788,25.09464],[92.22888,25.09023],[92.21385,25.09201],[92.21876,25.08947],[92.21735,25.08404],[92.21277,25.07339],[92.20268,25.06521],[92.22971,25.056],[92.22481,25.04926],[92.21591,25.04383],[92.20556,25.04238],[92.20583,25.0499],[92.20031,25.06359],[92.19126,25.05816],[92.17375,25.05429],[92.17156,25.04463],[92.16001,25.03103],[92.15679,25.01764],[92.15147,25.01649],[92.15568,25.00797],[92.1516,25.0042],[92.13487,24.99081],[92.11603,24.98532],[92.11269,24.98916],[92.09776,24.98533],[92.09581,24.98958],[92.08047,24.98295],[92.07431,24.98632],[92.06745,24.98425],[92.06871,24.97759],[92.06002,24.977],[92.06375,24.97007],[92.06024,24.96548],[92.05367,24.96182],[92.04321,24.96306],[92.03575,24.95062],[92.02905,24.9493],[92.02255,24.93793],[92.02497,24.93357],[92.02108,24.92778]]}},{"type":"Feature","properties":{"level":0},"geometry":{"type":"LineString","coordinates":[[92.22788,25.09464],[92.23152,25.09711],[92.24587,25.08999]]}},{"type":"Feature","properties":{"level":1},"geometry":{"type":"LineString","coordinates":[[89.64838,25.04285],[89.65481,25.04593],[89.65659,25.05051],[89.65384,25.07671],[89.64635,25.08049],[89.63911,25.09009],[89.64422,25.09682],[89.64535,25.10576],[89.65007,25.10597],[89.65018,25.10951]]}},{"type":"Feature","properties":{"level":2},"geometry":{"type":"LineString","coordinates":[[89.89942,25.10941],[89.91632,25.0881],[89.91778,25.07951],[89.9129,25.07234],[89.9189,25.06183],[89.92572,25.05932]]}},{"type":"Feature","properties":{"level":3},"geometry":{"type":"LineString","coordinates":[[89.18382,24.98032],[89.16094,24.9839],[89.161,24.99051],[89.17003,24.99362],[89.17238,24.99857],[89.16577,24.99864],[89.15964,25.02323],[89.14274,25.02487],[89.13907,25.03842],[89.13221,25.03781],[89.13191,25.04416],[89.12845,25.04469],[89.12699,25.05135],[89.12997,25.05206],[89.13195,25.06244],[89.13923,25.061],[89.13762,25.06525],[89.14982,25.0654],[89.14986,25.07533],[89.15879,25.07641],[89.15623,25.07872],[89.1619,25.08127],[89.1658,25.09028],[89.16967,25.08768],[89.16904,25.09178],[89.17209,25.08947],[89.17348,25.09244],[89.17832,25.09143],[89.17661,25.10302],[89.16855,25.101],[89.16297,25.10729],[89.16122,25.1022],[89.15754,25.10183],[89.15805,25.11452],[89.16074,25.11626],[89.15822,25.12022]]}},{"type":"Feature","properties":{"level":1},"geometry":{"type":"LineString","coordinates":[[89.28067,25.09202],[89.28919,25.11151],[89.29537,25.11433],[89.29762,25.11954],[89.30154,25.11797],[89.30311,25.12141],[89.30888,25.11764],[89.31959,25.11695],[89.32452,25.12208],[89.33374,25.12247],[89.33785,25.11254],[89.34286,25.10999],[89.34056,25.10478],[89.33344,25.10123],[89.33948,25.10233],[89.34193,25.09791],[89.34712,25.10119],[89.35574,25.0896],[89.36224,25.08876],[89.3584,25.08215],[89.36337,25.06806],[89.37233,25.06868],[89.38326,25.06189],[89.38538,25.05335],[89.39139,25.04917],[89.39181,25.06639],[89.40404,25.06734],[89.39974,25.07808],[89.41003,25.0764],[89.41352,25.08158],[89.41958,25.07519],[89.42428,25.07531],[89.42689,25.06511],[89.43171,25.07215],[89.43943,25.07228],[89.44182,25.06787],[89.44573,25.06915],[89.44256,25.06923],[89.44309,25.07262],[89.45476,25.07477],[89.45617,25.06917],[89.45149,25.06091],[89.45455,25.05596]]}},{"type":"Feature","properties":{"level":3},"geometry":{"type":"LineString","coordinates":[[89.15717,25.12713],[89.15041,25.11968],[89.14598,25.12494],[89.1416,25.1223],[89.1415,25.11771],[89.13087,25.11797],[89.12696,25.11245],[89.12822,25.10969],[89.12273,25.10937],[89.12012,25.09817],[89.11586,25.09624],[89.11767,25.09356],[89.11409,25.08313],[89.11135,25.08426],[89.1081,25.07892],[89.10707,25.08304],[89.10476,25.07916],[89.10093,25.08123],[89.09363,25.07876],[89.09766,25.07569],[89.0931,25.0747],[89.09317,25.07051],[89.09026,25.07167],[89.08695,25.06372],[89.08257,25.06252],[89.08144,25.05238],[89.07625,25.05344],[89.07691,25.0506],[89.071,25.04783],[89.07478,25.04419],[89.06855,25.03609],[89.04643,25.03792],[89.04365,25.03045],[89.03728,25.02944],[89.04038,25.02352],[89.03653,25.02136]]}},{"type":"Feature","properties":{"level":3},"geometry":{"type":"LineString","coordinates":[[89.15822,25.12022],[89.15717,25.12713]]}},{"type":"Feature","properties":{"level":3},"geometry":{"type":"LineString","coordinates":[[91.48528,24.96318],[91.50856,24.97056],[91.51483,24.96627],[91.53093,24.97256],[91.5421,24.96975],[91.5484,24.97286],[91.5505,24.97858],[91.54607,24.98211],[91.55396,24.98313],[91.56786,24.99489],[91.56681,25.00263],[91.58089,24.99034],[91.58447,24.99166],[91.58512,24.99621],[91.59511,24.99169],[91.59993,25.00118],[91.58704,25.00985],[91.59418,25.01311],[91.59574,25.02324],[91.59011,25.02324],[91.58996,25.02918],[91.57916,25.03288],[91.58053,25.05266],[91.59962,25.05187],[91.59532,25.07155],[91.59799,25.07548],[91.61172,25.07027],[91.61574,25.07278],[91.63225,25.07213],[91.63901,25.07931],[91.63759,25.08596],[91.64461,25.08627],[91.64948,25.08189],[91.66202,25.08492],[91.66732,25.08246],[91.66476,25.07854],[91.67028,25.07213],[91.67027,25.06382],[91.67525,25.05774],[91.68681,25.06348],[91.68743,25.07727],[91.68178,25.08206],[91.68344,25.09065],[91.68749,25.09475],[91.68376,25.11168],[91.68969,25.12],[91.68853,25.13736]]}},{"type":"Feature","properties":{"level":3},"geometry":{"type":"LineString","coordinates":[[89.15942,25.13837],[89.15381,25.13155],[89.16364,25.13216],[89.16747,25.13569],[89.16953,25.12936],[89.15717,25.12713]]}},{"type":"Feature","properties":{"level":3},"geometry":{"type":"LineString","coordinates":[[91.46645,25.01477],[91.4774,25.03766],[91.45396,25.04125],[91.44643,25.04656],[91.44685,25.06354],[91.45687,25.0616],[91.45884,25.05504],[91.46395,25.05195],[91.46521,25.05598],[91.46948,25.0526],[91.47118,25.0579],[91.46621,25.06206],[91.46957,25.06951],[91.48677,25.06888],[91.49446,25.07347],[91.5007,25.08467],[91.48301,25.09449],[91.48441,25.10407],[91.49327,25.10555],[91.49339,25.09776],[91.49893,25.09838],[91.50879,25.11643],[91.50787,25.13032],[91.52523,25.13635],[91.52719,25.14472]]}},{"type":"Feature","properties":{"level":2},"geometry":{"type":"LineString","coordinates":[[91.70274,25.14935],[91.71092,25.14692],[91.71382,25.13766],[91.71917,25.13686],[91.71778,25.12897],[91.72718,25.12911],[91.72694,25.12128],[91.71745,25.1115],[91.72019,25.10777],[91.72413,25.10992],[91.71795,25.10373],[91.71818,25.09297],[91.73412,25.07912],[91.73002,25.07249],[91.73448,25.06987],[91.71978,25.06634],[91.70892,25.0694],[91.70373,25.06386],[91.68464,25.05935],[91.6822,25.05293],[91.68753,25.04791],[91.68545,25.04409],[91.66946,25.04126],[91.67769,25.0343],[91.67974,25.02518],[91.66616,25.02288],[91.69595,25.00003],[91.68501,24.99735],[91.66394,25.00187],[91.67384,24.99254],[91.69909,24.98789],[91.70206,24.98471],[91.70044,24.97877]]}},{"type":"Feature","properties":{"level":0},"geometry":{"type":"LineString","coordinates":[[91.70227,25.14936],[91.70274,25.14935]]}},{"type":"Feature","properties":{"level":3},"geometry":{"type":"LineString","coordinates":[[89.89942,25.10941],[89.87034,25.10787],[89.86886,25.12005],[89.8613,25.12546],[89.85967,25.13395],[89.84689,25.14102],[89.84553,25.14846],[89.83495,25.14958],[89.83942,25.14332],[89.83556,25.13993],[89.82967,25.14102],[89.82734,25.13259],[89.82209,25.13492],[89.82104,25.14263],[89.81058,25.14317]]}},{"type":"Feature","properties":{"level":0},"geometry":{"type":"LineString","coordinates":[[91.68853,25.13736],[91.69311,25.13867],[91.69497,25.14598],[91.70227,25.14936]]}},{"type":"Feature","properties":{"level":3},"geometry":{"type":"LineString","coordinates":[[90.49219,25.02134],[90.47768,25.02602],[90.4742,25.0327],[90.4785,25.03777],[90.45648,25.04008],[90.45762,25.05161],[90.44542,25.06739],[90.43774,25.0721],[90.43041,25.06921],[90.42977,25.07269],[90.42415,25.07506],[90.42716,25.08215],[90.43634,25.08526],[90.44544,25.10113],[90.42673,25.11343],[90.41024,25.11503],[90.4015,25.12372],[90.40842,25.12811],[90.41941,25.12757],[90.42327,25.13255],[90.4291,25.12979],[90.43122,25.13524],[90.43883,25.13348],[90.44518,25.13863],[90.45743,25.14048],[90.46199,25.15368]]}},{"type":"Feature","properties":{"level":1},"geometry":{"type":"LineString","coordinates":[[89.65018,25.10951],[89.64879,25.12221],[89.65232,25.14358],[89.66652,25.16226]]}},{"type":"Feature","properties":{"level":3},"geometry":{"type":"LineString","coordinates":[[89.81058,25.14317],[89.80629,25.13718],[89.81096,25.12614],[89.79697,25.12551],[89.79702,25.12246],[89.79393,25.12324],[89.79427,25.1124],[89.78755,25.11495],[89.77798,25.10843],[89.77283,25.11102],[89.77393,25.12045],[89.75884,25.12323],[89.75183,25.13739],[89.74593,25.13789],[89.74541,25.14275],[89.74081,25.14372],[89.74958,25.15392],[89.74404,25.15336],[89.7397,25.15714],[89.74038,25.16124],[89.73652,25.15837],[89.72993,25.16071],[89.71089,25.15738],[89.70557,25.14955],[89.69119,25.1571],[89.69052,25.15948],[89.69492,25.16166],[89.6877,25.16203],[89.68361,25.15669],[89.67936,25.15966],[89.68026,25.16276],[89.67604,25.16319]]}},{"type":"Feature","properties":{"level":3},"geometry":{"type":"LineString","coordinates":[[89.67604,25.16319],[89.66652,25.16226]]}},{"type":"Feature","properties":{"level":0},"geometry":{"type":"LineString","coordinates":[[91.41968,25.16461],[91.42524,25.15695],[91.43281,25.15685],[91.44072,25.14975],[91.44978,25.14955],[91.4523,25.15282],[91.45711,25.14832],[91.46915,25.15151],[91.46725,25.14447],[91.47063,25.14024],[91.46547,25.13739],[91.46612,25.13473],[91.4891,25.13558],[91.49394,25.13857],[91.50024,25.13576],[91.50136,25.14303],[91.50901,25.14741],[91.52719,25.14472]]}},{"type":"Feature","properties":{"level":2},"geometry":{"type":"LineString","coordinates":[[88.93953,25.03999],[88.9453,25.05334],[88.9438,25.05705],[88.93762,25.05827],[88.93086,25.07312],[88.94099,25.09679],[88.9409,25.11625],[88.92301,25.13207],[88.92903,25.14118],[88.92011,25.14589],[88.92552,25.15429],[88.92331,25.16489]]}},{"type":"Feature","properties":{"level":3},"geometry":{"type":"LineString","coordinates":[[91.38834,25.16763],[91.38994,25.15692],[91.38347,25.14382],[91.38819,25.13819],[91.38835,25.13055],[91.39264,25.12855],[91.39273,25.12294],[91.40054,25.11866],[91.39708,25.1172],[91.39542,25.11114],[91.39787,25.09197],[91.39555,25.08176],[91.39212,25.08277],[91.38298,25.07725],[91.37542,25.07961],[91.36501,25.05751],[91.35116,25.05633],[91.35542,25.052],[91.33204,25.06225],[91.30985,25.06376],[91.30549,25.05908],[91.29327,25.06769],[91.29547,25.05263],[91.2849,25.04544],[91.28124,25.03247],[91.27684,25.02888],[91.28008,25.02391],[91.27679,25.02176]]}},{"type":"Feature","properties":{"level":3},"geometry":{"type":"LineString","coordinates":[[90.75815,25.16807],[90.75747,25.16346],[90.76306,25.16188],[90.76349,25.15766],[90.75804,25.15439],[90.75258,25.15663],[90.74662,25.14185],[90.75556,25.13472],[90.76085,25.13794],[90.76837,25.13368],[90.76294,25.12922],[90.76661,25.12678],[90.75984,25.12624],[90.75822,25.12126],[90.7689,25.11957],[90.76906,25.10253],[90.77558,25.10028],[90.77569,25.09293],[90.79091,25.08795],[90.79149,25.09276],[90.79474,25.09307],[90.79898,25.08767],[90.79764,25.08441],[90.79461,25.08575],[90.78525,25.07894],[90.78156,25.06754],[90.77088,25.07847],[90.7585,25.07527],[90.75217,25.06453],[90.75916,25.06191],[90.75826,25.05302],[90.75475,25.05405],[90.74526,25.04535],[90.75515,25.02706]]}},{"type":"Feature","properties":{"level":0},"geometry":{"type":"LineString","coordinates":[[91.38834,25.16763],[91.41057,25.1639],[91.41424,25.17042],[91.41968,25.16461]]}},{"type":"Feature","properties":{"level":1},"geometry":{"type":"LineString","coordinates":[[90.96245,25.17202],[90.95969,25.16797],[90.96854,25.16222],[90.96563,25.1545],[90.9593,25.15376],[90.9593,25.14881],[90.95149,25.14944],[90.94978,25.13648],[90.95362,25.13565],[90.9576,25.12773],[90.95523,25.12617],[90.95645,25.11972],[90.94804,25.11165],[90.96363,25.09679],[90.97149,25.09445],[90.9693,25.08108],[90.97372,25.07234],[90.96738,25.06955],[90.96238,25.07261],[90.9574,25.06942],[90.94405,25.08107],[90.92908,25.07779],[90.93616,25.06537],[90.93074,25.06379],[90.92957,25.05084],[90.93382,25.04937],[90.9313,25.04253],[90.95143,25.0433],[90.95638,25.03676],[90.96471,25.03461],[90.94681,25.03124],[90.9354,25.0233],[90.9368,25.00943],[90.9413,25.00445],[90.94816,25.00497],[90.94711,24.99417]]}},{"type":"Feature","properties":{"level":1},"geometry":{"type":"LineString","coordinates":[[89.19726,25.17228],[89.20261,25.1719],[89.20318,25.16883],[89.20877,25.16975],[89.21073,25.16592],[89.21498,25.16757],[89.22034,25.15774],[89.21569,25.14764],[89.22997,25.14634],[89.23676,25.13014],[89.24712,25.12047],[89.25123,25.10159],[89.26416,25.10178],[89.26433,25.09789],[89.28067,25.09202]]}},{"type":"Feature","properties":{"level":2},"geometry":{"type":"LineString","coordinates":[[90.618,25.17281],[90.61754,25.1604],[90.61996,25.15894],[90.61528,25.15213],[90.61532,25.14516],[90.60805,25.1401],[90.61417,25.13821],[90.61477,25.13223],[90.60673,25.12711],[90.6089,25.12289],[90.60321,25.11751],[90.60448,25.11255],[90.6011,25.10952],[90.60666,25.10529],[90.60021,25.09916],[90.60188,25.09646],[90.59892,25.09186],[90.5885,25.08409],[90.59619,25.07738],[90.59003,25.06915],[90.59048,25.06019],[90.60389,25.07477],[90.60696,25.07484],[90.61057,25.06773],[90.60765,25.06435],[90.6057,25.06695],[90.60493,25.06391],[90.61171,25.0612],[90.61416,25.05563],[90.60556,25.05311],[90.61102,25.05058],[90.60615,25.04814],[90.60358,25.03944],[90.60888,25.0371],[90.60426,25.03486],[90.60453,25.03232],[90.60987,25.03132],[90.60654,25.0297]]}},{"type":"Feature","properties":{"level":3},"geometry":{"type":"LineString","coordinates":[[91.85,25.17358],[91.84642,25.15796],[91.8505,25.15125],[91.84384,25.14035],[91.8459,25.13081],[91.85818,25.12135],[91.85339,25.11919],[91.84978,25.11078],[91.85806,25.10561],[91.84814,25.10214],[91.84259,25.09481],[91.84562,25.09667],[91.85184,25.09342],[91.8581,25.08563],[91.85306,25.08231],[91.8514,25.07176],[91.84625,25.06866],[91.84238,25.05813],[91.84356,25.05232],[91.84968,25.05022],[91.85511,25.02559],[91.84819,25.02351],[91.84249,25.02656],[91.83899,25.01429],[91.8371,25.0175],[91.81235,25.01832],[91.8101,25.01189]]}},{"type":"Feature","properties":{"level":3},"geometry":{"type":"LineString","coordinates":[[88.62138,25.02897],[88.62554,25.02766],[88.62674,25.03261],[88.62279,25.03965],[88.61714,25.04127],[88.61823,25.04773],[88.61375,25.04946],[88.61145,25.05545],[88.61714,25.05833],[88.61029,25.06401],[88.61135,25.07321],[88.61824,25.07283],[88.61875,25.07964],[88.61549,25.08438],[88.60637,25.08483],[88.60507,25.09578],[88.59863,25.09978],[88.61936,25.11101],[88.62096,25.11536],[88.61428,25.11415],[88.59642,25.1296],[88.59984,25.13787],[88.59649,25.14279],[88.59812,25.15261],[88.58692,25.1563],[88.58854,25.16719],[88.57437,25.1766]]}},{"type":"Feature","properties":{"level":0},"geometry":{"type":"LineString","coordinates":[[91.52719,25.14472],[91.55647,25.14973],[91.55751,25.15541],[91.56333,25.16072],[91.57596,25.15966],[91.57165,25.16536],[91.5776,25.17223],[91.6058,25.17418],[91.61036,25.17711],[91.61504,25.17494],[91.61545,25.17058],[91.60405,25.16746],[91.60009,25.15972],[91.60375,25.15918],[91.59961,25.15152],[91.6014,25.14412],[91.60363,25.14017],[91.61128,25.14616],[91.6122,25.14112],[91.61543,25.14512],[91.62098,25.14362],[91.62276,25.12857],[91.62724,25.12559],[91.6416,25.12317],[91.64548,25.12706],[91.65179,25.12745],[91.6526,25.13104],[91.65847,25.13192],[91.66036,25.12717],[91.66494,25.1285],[91.66407,25.13545],[91.66962,25.13798],[91.68059,25.13529],[91.68853,25.13736]]}},{"type":"Feature","properties":{"level":3},"geometry":{"type":"LineString","coordinates":[[89.15942,25.13837],[89.16417,25.14069],[89.16091,25.14905],[89.16633,25.14751],[89.16627,25.1668],[89.18288,25.16456],[89.18967,25.1705],[89.18872,25.17528],[89.19625,25.17756]]}},{"type":"Feature","properties":{"level":1},"geometry":{"type":"LineString","coordinates":[[89.19625,25.17756],[89.19726,25.17228]]}},{"type":"Feature","properties":{"level":0},"geometry":{"type":"LineString","coordinates":[[90.61043,25.17801],[90.61456,25.17369],[90.61697,25.17718],[90.618,25.17281]]}},{"type":"Feature","properties":{"level":0},"geometry":{"type":"LineString","coordinates":[[91.70274,25.14935],[91.70156,25.1568],[91.70409,25.15969],[91.70579,25.15714],[91.70941,25.15924],[91.71551,25.15696],[91.71675,25.15287],[91.73518,25.14943],[91.73637,25.14388],[91.74724,25.14009],[91.74232,25.1447],[91.7496,25.15861],[91.7445,25.16999],[91.75566,25.17743],[91.75472,25.17213],[91.75874,25.16837],[91.77481,25.16343],[91.78334,25.16694],[91.80619,25.16851],[91.80445,25.1719],[91.81722,25.17162],[91.82755,25.17788],[91.85,25.17358]]}},{"type":"Feature","properties":{"level":0},"geometry":{"type":"LineString","coordinates":[[90.46199,25.15368],[90.48524,25.16078],[90.49911,25.16856],[90.4994,25.1716],[90.51011,25.16983],[90.50953,25.17511],[90.51863,25.17208],[90.53822,25.17502],[90.57604,25.17133],[90.58918,25.17645],[90.60438,25.17473],[90.61043,25.17801]]}},{"type":"Feature","properties":{"level":0},"geometry":{"type":"LineString","coordinates":[[90.78148,25.18144],[90.78501,25.17889],[90.7946,25.18138],[90.7975,25.17525],[90.8042,25.1727],[90.80391,25.16765],[90.80702,25.16594],[90.81406,25.16474],[90.81368,25.16783],[90.81756,25.16829],[90.81867,25.16362],[90.83151,25.16211],[90.83925,25.16224],[90.84161,25.16512],[90.84434,25.15965],[90.84831,25.15909],[90.87185,25.16091],[90.88351,25.16762],[90.8971,25.16716],[90.90416,25.16318],[90.92714,25.16376],[90.96245,25.17202]]}},{"type":"Feature","properties":{"level":0},"geometry":{"type":"LineString","coordinates":[[90.66349,25.18527],[90.66625,25.16575],[90.67021,25.16632],[90.67508,25.17639],[90.67504,25.17243],[90.67816,25.17185],[90.68594,25.17451],[90.681,25.16873],[90.68287,25.16386],[90.6904,25.16388],[90.69882,25.15664],[90.70096,25.16447],[90.70673,25.16104],[90.7103,25.16788],[90.71758,25.16357],[90.72425,25.16373],[90.73216,25.15479],[90.74172,25.16037],[90.7379,25.16355],[90.73342,25.16212],[90.73423,25.16653],[90.73958,25.1664],[90.74213,25.16967],[90.74227,25.1655],[90.74691,25.16432],[90.75815,25.16807]]}},{"type":"Feature","properties":{"level":0},"geometry":{"type":"LineString","coordinates":[[92.06678,25.18544],[92.10502,25.17594],[92.10573,25.17241],[92.13281,25.16015],[92.13297,25.15681],[92.13976,25.15443],[92.13571,25.15252],[92.13458,25.14317],[92.14569,25.13975],[92.13624,25.13915],[92.14323,25.13563],[92.15196,25.13805],[92.15611,25.13321],[92.16569,25.13583],[92.15888,25.13297],[92.16005,25.12984],[92.16492,25.13064],[92.15961,25.12751],[92.16396,25.12425],[92.17207,25.12857],[92.17678,25.12372],[92.17882,25.12611],[92.17728,25.12255],[92.18323,25.118],[92.18938,25.13625],[92.19238,25.13465],[92.19456,25.12569],[92.22138,25.11636],[92.20041,25.11991],[92.19629,25.10815],[92.20852,25.10858],[92.22259,25.10389],[92.22331,25.09851],[92.22788,25.09464]]}},{"type":"Feature","properties":{"level":3},"geometry":{"type":"LineString","coordinates":[[91.22105,25.06466],[91.22601,25.06673],[91.23207,25.08065],[91.26688,25.08276],[91.26365,25.08795],[91.26284,25.11166],[91.25952,25.11953],[91.25615,25.12245],[91.25227,25.11629],[91.24574,25.1171],[91.24644,25.11995],[91.24198,25.11933],[91.24247,25.12301],[91.2497,25.13725],[91.26855,25.13468],[91.26595,25.14215],[91.27584,25.15319],[91.27158,25.15426],[91.26769,25.14619],[91.26216,25.14708],[91.26379,25.154],[91.25165,25.15513],[91.25549,25.1551],[91.25771,25.16092],[91.27187,25.16077],[91.27941,25.15611],[91.2847,25.16204],[91.28037,25.16957],[91.28349,25.17175],[91.28688,25.1859]]}},{"type":"Feature","properties":{"level":0},"geometry":{"type":"LineString","coordinates":[[91.28688,25.1859],[91.30483,25.18226],[91.31905,25.18321],[91.32749,25.17622],[91.33438,25.17664],[91.33782,25.17336],[91.35145,25.17563],[91.35365,25.17159],[91.36365,25.17768],[91.36847,25.16998],[91.38834,25.16763]]}},{"type":"Feature","properties":{"level":3},"geometry":{"type":"LineString","coordinates":[[92.05261,25.18655],[92.0536,25.18194],[92.0573,25.183],[92.05309,25.17562],[92.05875,25.17219],[92.06093,25.16193],[92.05479,25.1555],[92.04844,25.15438],[92.04878,25.14405],[92.05261,25.13922],[92.05865,25.14012],[92.07019,25.13347],[92.0691,25.12995],[92.07555,25.11709],[92.0817,25.117],[92.08184,25.11283],[92.08787,25.11117],[92.09129,25.08958],[92.10796,25.09461],[92.1173,25.09181],[92.11867,25.08818],[92.11197,25.08476],[92.10874,25.07804],[92.10319,25.07838],[92.09643,25.0741],[92.09752,25.06556],[92.07796,25.05726],[92.07459,25.04227],[92.08444,25.03633],[92.06827,25.01566],[92.06022,25.01417],[92.05671,25.02077],[92.04755,25.01216],[92.03306,25.02555],[92.02546,25.01946],[92.0195,25.02034],[92.02273,25.01815],[92.02215,25.01331],[92.01691,25.0135],[92.01634,25.00864],[92.00429,25.00785],[92.00551,25.00359],[92.00115,25.00094],[91.99843,24.98225],[91.9925,24.98043],[91.98958,24.97339],[91.98592,24.98074],[91.98191,24.98066],[91.97707,24.97663],[91.97664,24.96733],[91.97039,24.96297],[91.97156,24.96034],[91.97739,24.96206],[91.98389,24.95279]]}},{"type":"Feature","properties":{"level":0},"geometry":{"type":"LineString","coordinates":[[90.75815,25.16807],[90.76146,25.16998],[90.75903,25.17316],[90.76899,25.18289],[90.77395,25.18215],[90.78027,25.18658],[90.78148,25.18144]]}},{"type":"Feature","properties":{"level":0},"geometry":{"type":"LineString","coordinates":[[92.01709,25.18623],[92.02628,25.17909],[92.0299,25.18314],[92.03891,25.18248],[92.04085,25.18631],[92.05261,25.18655]]}},{"type":"Feature","properties":{"level":0},"geometry":{"type":"LineString","coordinates":[[92.05261,25.18655],[92.06678,25.18544]]}},{"type":"Feature","properties":{"level":0},"geometry":{"type":"LineString","coordinates":[[91.85,25.17358],[91.86158,25.17288],[91.87601,25.17765],[91.8806,25.17338],[91.88479,25.17748],[91.8929,25.17639],[91.89871,25.1805],[91.91564,25.18181],[91.96711,25.17681],[91.98071,25.17221],[92.00202,25.18581],[92.01709,25.18623]]}},{"type":"Feature","properties":{"level":3},"geometry":{"type":"LineString","coordinates":[[91.07002,25.19155],[91.07316,25.1859],[91.06981,25.1767],[91.07863,25.16882],[91.0876,25.13968],[91.07865,25.14156],[91.06814,25.12825],[91.05644,25.1325],[91.04657,25.14062],[91.02906,25.13787],[91.02216,25.13063],[91.02497,25.12715],[91.02337,25.1204],[91.04664,25.11131],[91.04917,25.10067],[91.04426,25.09676],[91.04459,25.09066],[91.06329,25.08124],[91.06894,25.08643],[91.07447,25.08433],[91.07726,25.0866],[91.07899,25.07772],[91.09423,25.06931]]}},{"type":"Feature","properties":{"level":0},"geometry":{"type":"LineString","coordinates":[[91.06019,25.19159],[91.07002,25.19155]]}},{"type":"Feature","properties":{"level":0},"geometry":{"type":"LineString","coordinates":[[90.96245,25.17202],[91.00709,25.18042],[91.01027,25.18358],[91.01975,25.18393],[91.02018,25.18766],[91.03111,25.18503],[91.06019,25.19159]]}},{"type":"Feature","properties":{"level":0},"geometry":{"type":"LineString","coordinates":[[90.28133,25.19524],[90.30992,25.18827],[90.31677,25.19219],[90.3298,25.19301],[90.34535,25.17851],[90.37045,25.1625],[90.4059,25.15916],[90.41582,25.15212],[90.43975,25.14436],[90.44912,25.14471],[90.45068,25.1519],[90.46199,25.15368]]}},{"type":"Feature","properties":{"level":2},"geometry":{"type":"LineString","coordinates":[[90.23512,25.02412],[90.23747,25.0377],[90.23477,25.03827],[90.23395,25.04453],[90.24118,25.05374],[90.24864,25.05311],[90.25206,25.06315],[90.26104,25.06533],[90.26052,25.05446],[90.26651,25.05146],[90.27775,25.05827],[90.28153,25.05699],[90.28638,25.06823],[90.29247,25.06791],[90.29216,25.07177],[90.28707,25.07332],[90.28889,25.07787],[90.29357,25.07736],[90.29707,25.08095],[90.30946,25.07845],[90.30693,25.0818],[90.3124,25.0851],[90.30641,25.08637],[90.30382,25.09186],[90.29871,25.08761],[90.29704,25.09084],[90.28679,25.08243],[90.28108,25.08814],[90.28157,25.09452],[90.26247,25.09794],[90.2669,25.10167],[90.26436,25.10694],[90.26903,25.13525],[90.26555,25.1369],[90.27001,25.13752],[90.26826,25.14596],[90.2705,25.14931],[90.26427,25.15261],[90.2659,25.16205],[90.26171,25.16161],[90.25888,25.16603],[90.26201,25.16675],[90.2665,25.1974]]}},{"type":"Feature","properties":{"level":0},"geometry":{"type":"LineString","coordinates":[[90.618,25.17281],[90.64204,25.17455],[90.63912,25.18002],[90.64071,25.18356],[90.64895,25.1806],[90.65288,25.18691],[90.64836,25.19448],[90.6588,25.18522],[90.664,25.19785],[90.66349,25.18527]]}},{"type":"Feature","properties":{"level":0},"geometry":{"type":"LineString","coordinates":[[90.2665,25.1974],[90.28133,25.19524]]}},{"type":"Feature","properties":{"level":3},"geometry":{"type":"LineString","coordinates":[[88.89983,25.03268],[88.88538,25.03743],[88.88367,25.0456],[88.87928,25.04668],[88.88153,25.05578],[88.87638,25.05628],[88.87325,25.0604],[88.86631,25.05853],[88.85921,25.06503],[88.84144,25.05788],[88.82205,25.05783],[88.82073,25.05402],[88.81576,25.05466],[88.81899,25.0621],[88.80673,25.06591],[88.80809,25.07536],[88.81364,25.08426],[88.82283,25.08725],[88.8281,25.09383],[88.82507,25.09593],[88.82604,25.10654],[88.81157,25.1083],[88.80771,25.11648],[88.79994,25.1166],[88.79604,25.10853],[88.77943,25.10971],[88.76957,25.09603],[88.76377,25.0935],[88.75975,25.0995],[88.75706,25.09703],[88.75853,25.11182],[88.74745,25.11422],[88.74558,25.11756],[88.73132,25.11969],[88.71968,25.1155],[88.70991,25.12213],[88.7018,25.11772],[88.68439,25.11982],[88.68317,25.13432],[88.68899,25.14283],[88.686,25.15096],[88.68995,25.15137],[88.68634,25.15581],[88.68856,25.16572],[88.6823,25.16082],[88.68151,25.17107],[88.67021,25.17521],[88.67397,25.18378],[88.66657,25.18799],[88.6706,25.19872]]}},{"type":"Feature","properties":{"level":3},"geometry":{"type":"LineString","coordinates":[[89.50307,25.19891],[89.50877,25.19503],[89.50083,25.1935],[89.50524,25.1886],[89.48995,25.17704],[89.49295,25.16366],[89.49002,25.16326],[89.48764,25.15706],[89.49108,25.15076],[89.48558,25.14102],[89.49274,25.13881],[89.49277,25.14653],[89.49408,25.13851],[89.49939,25.13963],[89.49781,25.1351],[89.49016,25.13357],[89.50662,25.12514],[89.50782,25.11992],[89.50435,25.11515],[89.50916,25.11519],[89.50604,25.11281],[89.51161,25.10697],[89.50824,25.1007],[89.50278,25.09846],[89.50314,25.09172],[89.49851,25.09551],[89.49638,25.09387],[89.49668,25.0903],[89.50165,25.08772],[89.49899,25.07711],[89.51334,25.07608],[89.50982,25.07361],[89.51077,25.06718],[89.50779,25.07053],[89.50978,25.06462],[89.51619,25.06193],[89.51842,25.06618],[89.51798,25.05905],[89.52538,25.05706],[89.52614,25.0476],[89.5317,25.04718]]}},{"type":"Feature","properties":{"level":0},"geometry":{"type":"LineString","coordinates":[[88.65423,25.20371],[88.66471,25.20294],[88.66701,25.19857],[88.6706,25.19872]]}},{"type":"Feature","properties":{"level":0},"geometry":{"type":"LineString","coordinates":[[91.27038,25.20393],[91.27729,25.19729],[91.29235,25.19202],[91.28688,25.1859]]}},{"type":"Feature","properties":{"level":0},"geometry":{"type":"LineString","coordinates":[[91.07002,25.19155],[91.07325,25.19334],[91.07111,25.19768],[91.07415,25.19837],[91.13226,25.19378],[91.19808,25.20178],[91.25054,25.19507],[91.25135,25.19838],[91.25956,25.19979],[91.26052,25.20409],[91.27038,25.20393]]}},{"type":"Feature","properties":{"level":0},"geometry":{"type":"LineString","coordinates":[[88.57437,25.1766],[88.57964,25.17711],[88.58156,25.18203],[88.59089,25.18565],[88.59091,25.19307],[88.59758,25.19167],[88.60771,25.19621],[88.61297,25.20427],[88.63101,25.20221],[88.64294,25.2065],[88.65423,25.20371]]}},{"type":"Feature","properties":{"level":3},"geometry":{"type":"LineString","coordinates":[[88.94498,25.20793],[88.94005,25.20425],[88.94217,25.20024],[88.96127,25.19743],[88.96047,25.19039],[88.96624,25.18535],[88.97705,25.18759],[88.97226,25.17842],[88.97185,25.16984],[88.97453,25.16779],[88.98162,25.16969],[88.9795,25.16289],[88.98716,25.16288],[88.98901,25.15988],[88.99188,25.14298],[88.98743,25.13456],[88.99052,25.13254],[88.99346,25.13529],[89.00012,25.1311],[89.01694,25.13237],[89.01849,25.13628],[89.01403,25.14275],[89.0174,25.14751],[89.01463,25.14894],[89.02113,25.15244],[89.01989,25.15957],[89.02574,25.15809],[89.02678,25.16167],[89.04482,25.15372],[89.06414,25.15297],[89.06836,25.15622],[89.0774,25.15647],[89.07943,25.15177],[89.08337,25.15648],[89.08351,25.15051],[89.09505,25.1492],[89.09007,25.14088],[89.09103,25.13665],[89.09648,25.13702],[89.10048,25.133],[89.09968,25.13811],[89.10995,25.13968],[89.11631,25.14776],[89.1162,25.14321],[89.12587,25.14241],[89.12988,25.15098],[89.14151,25.14081],[89.1516,25.14288],[89.15942,25.13837]]}},{"type":"Feature","properties":{"level":0},"geometry":{"type":"LineString","coordinates":[[88.84579,25.21122],[88.84977,25.21023],[88.85161,25.20068],[88.8647,25.20046],[88.86432,25.19049],[88.8714,25.19172],[88.87463,25.19636],[88.87279,25.1896],[88.87525,25.1795],[88.88953,25.17852],[88.89021,25.18506],[88.90378,25.17913],[88.91071,25.18052],[88.91192,25.16899],[88.92331,25.16489]]}},{"type":"Feature","properties":{"level":0},"geometry":{"type":"LineString","coordinates":[[88.93807,25.21227],[88.94498,25.20793]]}},{"type":"Feature","properties":{"level":0},"geometry":{"type":"LineString","coordinates":[[88.92331,25.16489],[88.9242,25.1719],[88.93434,25.18158],[88.9413,25.17358],[88.94847,25.17691],[88.94945,25.18126],[88.94351,25.18321],[88.9479,25.18769],[88.94746,25.19446],[88.93998,25.19305],[88.9342,25.19797],[88.93807,25.21227]]}},{"type":"Feature","properties":{"level":0},"geometry":{"type":"LineString","coordinates":[[88.47608,25.21391],[88.49902,25.21048],[88.50022,25.20361],[88.53755,25.19816],[88.53227,25.19404],[88.53366,25.18841],[88.5373,25.18704],[88.54234,25.19422],[88.55705,25.19322],[88.5599,25.19054],[88.55612,25.1794],[88.56389,25.17544],[88.57437,25.1766]]}},{"type":"Feature","properties":{"level":0},"geometry":{"type":"LineString","coordinates":[[88.44664,25.08775],[88.44414,25.10065],[88.44733,25.10912],[88.4421,25.11515],[88.44125,25.12747],[88.45747,25.13526],[88.45713,25.14002],[88.46005,25.13998],[88.45789,25.14808],[88.46114,25.15069],[88.45672,25.15383],[88.45939,25.16091],[88.45628,25.16206],[88.45713,25.16527],[88.45318,25.16484],[88.44913,25.17178],[88.44219,25.17454],[88.44573,25.17965],[88.44283,25.18492],[88.44334,25.19569],[88.43611,25.20079],[88.44177,25.21074],[88.43733,25.1988],[88.44035,25.20113],[88.44395,25.19767],[88.46327,25.19531],[88.47168,25.19788],[88.46953,25.20078],[88.47608,25.21391]]}},{"type":"Feature","properties":{"level":0},"geometry":{"type":"LineString","coordinates":[[88.6706,25.19872],[88.67793,25.20327],[88.68015,25.20927],[88.71454,25.20732],[88.71777,25.20218],[88.73318,25.19925],[88.73456,25.18494],[88.74262,25.18725],[88.7454,25.1834],[88.75103,25.1834],[88.74939,25.17755],[88.75355,25.17782],[88.75934,25.18694],[88.76674,25.18399],[88.76974,25.19068],[88.7728,25.19039],[88.77428,25.17999],[88.80617,25.17119],[88.80657,25.17389],[88.81385,25.17513],[88.81761,25.18911],[88.82721,25.19228],[88.831,25.20686],[88.83702,25.20702],[88.83802,25.21107],[88.84243,25.21145],[88.84148,25.21398],[88.84579,25.21122]]}},{"type":"Feature","properties":{"level":3},"geometry":{"type":"LineString","coordinates":[[89.51313,25.2202],[89.50307,25.19891]]}},{"type":"Feature","properties":{"level":0},"geometry":{"type":"LineString","coordinates":[[90.12649,25.22447],[90.173,25.22203],[90.19722,25.2108],[90.22228,25.20612],[90.2276,25.20033],[90.23862,25.20478],[90.2665,25.1974]]}},{"type":"Feature","properties":{"level":3},"geometry":{"type":"LineString","coordinates":[[90.12649,25.22447],[90.1226,25.22396],[90.12947,25.21719],[90.12664,25.21132],[90.13365,25.20272],[90.13386,25.19538],[90.12333,25.17894],[90.12616,25.17247],[90.10865,25.16375],[90.10878,25.1593],[90.1171,25.15309],[90.11661,25.14863],[90.12508,25.14621],[90.12214,25.14091],[90.11682,25.14288],[90.10258,25.1335],[90.08025,25.13387],[90.08519,25.13069],[90.07957,25.13051],[90.0816,25.12703],[90.08764,25.12553],[90.07676,25.12435],[90.0841,25.1192],[90.0847,25.10411],[90.09562,25.09895],[90.094,25.09333],[90.10058,25.0854],[90.08277,25.0695],[90.07868,25.07965],[90.07544,25.07765]]}},{"type":"Feature","properties":{"level":1},"geometry":{"type":"LineString","coordinates":[[89.20853,25.23254],[89.20789,25.22824],[89.20234,25.22659],[89.20232,25.22284],[89.19294,25.21466],[89.19335,25.19536],[89.18418,25.18682],[89.18499,25.18416],[89.19595,25.18344],[89.19625,25.17756]]}},{"type":"Feature","properties":{"level":2},"geometry":{"type":"LineString","coordinates":[[89.30306,25.22818],[89.30087,25.22315],[89.29199,25.22294],[89.28553,25.22576],[89.28551,25.22969],[89.27041,25.23271],[89.27249,25.22485],[89.25597,25.22683],[89.24795,25.22332],[89.23569,25.22607],[89.23288,25.23103],[89.22261,25.2302],[89.22224,25.23505],[89.21475,25.23574],[89.20853,25.23254]]}},{"type":"Feature","properties":{"level":3},"geometry":{"type":"LineString","coordinates":[[89.56532,25.23827],[89.55244,25.22699],[89.53748,25.2284],[89.53195,25.22161],[89.52354,25.22569],[89.52197,25.22036],[89.51754,25.22346],[89.51313,25.2202]]}},{"type":"Feature","properties":{"level":3},"geometry":{"type":"LineString","coordinates":[[89.65018,25.10951],[89.62082,25.10868],[89.61963,25.0914],[89.60938,25.09576],[89.60734,25.11704],[89.61186,25.11749],[89.6173,25.12952],[89.61574,25.13337],[89.62003,25.14969],[89.61382,25.15401],[89.60773,25.14142],[89.6009,25.15224],[89.6039,25.16287],[89.61248,25.1637],[89.61387,25.17351],[89.60988,25.17291],[89.59566,25.18684],[89.58595,25.18481],[89.58968,25.193],[89.59402,25.19377],[89.58913,25.19587],[89.58646,25.19294],[89.58877,25.19738],[89.58495,25.19927],[89.58892,25.2027],[89.57852,25.21247],[89.57857,25.21605],[89.57601,25.21436],[89.57742,25.22],[89.57403,25.21771],[89.57384,25.22264],[89.56681,25.2211],[89.56892,25.23037],[89.57417,25.22768],[89.57428,25.23066],[89.57172,25.23011],[89.57427,25.23423],[89.5707,25.23287],[89.57003,25.23612],[89.56724,25.23346],[89.56532,25.23827]]}},{"type":"Feature","properties":{"level":3},"geometry":{"type":"LineString","coordinates":[[89.35007,25.2528],[89.35429,25.24853],[89.36672,25.24999],[89.36199,25.24101],[89.37189,25.23869],[89.37343,25.22426],[89.38032,25.22531],[89.38094,25.23036],[89.38705,25.22798],[89.39111,25.23443],[89.40003,25.23761],[89.40493,25.23716],[89.40558,25.22955],[89.41525,25.23231],[89.42498,25.23054],[89.42216,25.2394],[89.43026,25.24546],[89.42604,25.24986],[89.43455,25.24663],[89.43348,25.2506],[89.43696,25.25326],[89.44192,25.24244],[89.46722,25.24076],[89.48034,25.24321],[89.48276,25.24083],[89.4809,25.23262],[89.47778,25.22865],[89.47241,25.23166],[89.47119,25.22738],[89.4841,25.22387],[89.48789,25.22474],[89.49061,25.23015],[89.49171,25.22027],[89.48648,25.20769],[89.49692,25.20842],[89.49739,25.204],[89.50244,25.20302],[89.50307,25.19891]]}},{"type":"Feature","properties":{"level":3},"geometry":{"type":"LineString","coordinates":[[89.30306,25.22818],[89.31966,25.22637],[89.31935,25.22104],[89.32365,25.22065],[89.32538,25.21641],[89.32947,25.21759],[89.33515,25.2112],[89.3444,25.21027],[89.34597,25.21515],[89.3428,25.21803],[89.34653,25.22056],[89.3598,25.21553],[89.36142,25.2122],[89.35478,25.22689],[89.36078,25.23371],[89.35325,25.23924],[89.35568,25.24271],[89.35082,25.24392],[89.35013,25.25055],[89.34598,25.2518],[89.35007,25.2528]]}},{"type":"Feature","properties":{"level":1},"geometry":{"type":"LineString","coordinates":[[89.14176,25.25867],[89.15616,25.25861],[89.15781,25.25435],[89.1649,25.25235],[89.16082,25.24819],[89.16819,25.24673],[89.1715,25.24116],[89.17634,25.24123],[89.17784,25.23605],[89.17994,25.23854],[89.18346,25.23636],[89.19088,25.23875],[89.19363,25.24538],[89.19742,25.24387],[89.19805,25.2353],[89.2079,25.23486],[89.20853,25.23254]]}},{"type":"Feature","properties":{"level":0},"geometry":{"type":"LineString","coordinates":[[88.94498,25.20793],[88.96252,25.21182],[88.95874,25.22776],[88.94984,25.23608],[88.95357,25.24045],[88.94983,25.24668],[88.95631,25.25462],[88.98211,25.26445],[88.98728,25.27402],[89.00436,25.26815],[89.00597,25.26354],[89.00675,25.26857]]}},{"type":"Feature","properties":{"level":0},"geometry":{"type":"LineString","coordinates":[[90.01651,25.27424],[90.02306,25.27324],[90.02654,25.267],[90.03762,25.26114],[90.0562,25.26122],[90.0749,25.24416],[90.09407,25.23804],[90.11363,25.22443],[90.12649,25.22447]]}},{"type":"Feature","properties":{"level":3},"geometry":{"type":"LineString","coordinates":[[90.05225,25.08616],[90.0419,25.09116],[90.03207,25.10791],[90.02833,25.12212],[90.03075,25.12419],[90.02152,25.12525],[90.02134,25.1282],[90.017,25.12954],[90.01805,25.13735],[90.01489,25.13502],[90.00688,25.13811],[90.00731,25.14609],[89.99683,25.14776],[89.98244,25.16735],[89.98242,25.17192],[90.00767,25.16446],[90.01064,25.17298],[89.9973,25.18212],[89.99735,25.2005],[89.98741,25.20319],[89.9862,25.21175],[89.98902,25.21637],[89.98675,25.22136],[89.97211,25.23225],[89.97016,25.23818],[89.98101,25.24367],[89.98715,25.24106],[89.99658,25.24411],[89.99078,25.25318],[89.99547,25.25525],[90.00245,25.26899],[90.00899,25.26982],[90.01374,25.27573]]}},{"type":"Feature","properties":{"level":0},"geometry":{"type":"LineString","coordinates":[[90.01374,25.27573],[90.01651,25.27424]]}},{"type":"Feature","properties":{"level":1},"geometry":{"type":"LineString","coordinates":[[89.00675,25.26857],[89.01826,25.265],[89.02183,25.27119],[89.0271,25.27077],[89.02714,25.27667],[89.03105,25.2768],[89.04622,25.26539],[89.0484,25.26582],[89.04483,25.26942],[89.05177,25.2644],[89.05767,25.26455],[89.06035,25.25956],[89.06605,25.26172],[89.066,25.26787],[89.07056,25.27003],[89.08335,25.25908],[89.0868,25.25157],[89.09696,25.24896],[89.09597,25.24271],[89.10101,25.2431],[89.10124,25.24063],[89.1042,25.24115],[89.10268,25.24277],[89.10882,25.24085],[89.11309,25.24502],[89.12122,25.24409],[89.1262,25.25526],[89.13343,25.24652],[89.14447,25.24829],[89.14176,25.25867]]}},{"type":"Feature","properties":{"level":2},"geometry":{"type":"LineString","coordinates":[[89.94739,25.29502],[89.93172,25.28982],[89.93197,25.28229],[89.92706,25.27326],[89.92794,25.26376],[89.91751,25.26389],[89.91274,25.27035],[89.90561,25.2697],[89.90569,25.26189],[89.90368,25.26866],[89.90121,25.26378],[89.90318,25.24187],[89.89957,25.22565],[89.89035,25.21478],[89.88545,25.18549],[89.89098,25.18095],[89.90264,25.18098],[89.91079,25.17322],[89.90078,25.15856],[89.89915,25.14948],[89.90277,25.14945],[89.89854,25.14068],[89.90021,25.13586],[89.8955,25.13436],[89.90014,25.1328],[89.89568,25.13091],[89.89836,25.12024],[89.89552,25.11706],[89.89942,25.10941]]}},{"type":"Feature","properties":{"level":2},"geometry":{"type":"LineString","coordinates":[[89.28358,25.30116],[89.26728,25.29912],[89.26612,25.29371],[89.27324,25.29107],[89.25629,25.28458],[89.2698,25.27537],[89.27085,25.2696],[89.27476,25.2669],[89.27258,25.26404],[89.28668,25.25596],[89.29022,25.24997],[89.28968,25.24194],[89.29645,25.2311],[89.30306,25.22818]]}},{"type":"Feature","properties":{"level":3},"geometry":{"type":"LineString","coordinates":[[89.14176,25.25867],[89.14268,25.26739],[89.14049,25.26713],[89.13926,25.27371],[89.1426,25.27446],[89.13591,25.27532],[89.13532,25.27848],[89.15,25.28166],[89.1458,25.28505],[89.14868,25.29815],[89.1463,25.30285],[89.14152,25.30153]]}},{"type":"Feature","properties":{"level":0},"geometry":{"type":"LineString","coordinates":[[89.96923,25.3038],[89.97942,25.29649],[89.98284,25.28121],[89.99826,25.27712],[90.0068,25.2804],[90.01374,25.27573]]}},{"type":"Feature","properties":{"level":0},"geometry":{"type":"LineString","coordinates":[[89.94739,25.29502],[89.94929,25.29333],[89.95553,25.30113],[89.96923,25.3038]]}},{"type":"Feature","properties":{"level":3},"geometry":{"type":"LineString","coordinates":[[89.81058,25.14317],[89.7873,25.14205],[89.77754,25.15265],[89.77878,25.16515],[89.78433,25.16567],[89.78625,25.18204],[89.79887,25.18297],[89.80284,25.17828],[89.80459,25.18366],[89.79054,25.19643],[89.79134,25.20546],[89.78718,25.21147],[89.78891,25.21747],[89.78276,25.22525],[89.78895,25.24445],[89.79995,25.24119],[89.8058,25.24404],[89.81501,25.23588],[89.82241,25.23579],[89.81995,25.24523],[89.80772,25.25703],[89.80519,25.26365],[89.79385,25.26672],[89.79647,25.27001],[89.79407,25.27544],[89.79632,25.28271],[89.80221,25.28337],[89.80167,25.29562],[89.81029,25.30472],[89.82164,25.29323],[89.83115,25.29001],[89.83397,25.29453]]}},{"type":"Feature","properties":{"level":0},"geometry":{"type":"LineString","coordinates":[[89.00675,25.26857],[89.00813,25.30242],[89.00216,25.29638],[88.99269,25.29581],[88.98519,25.29859],[88.98467,25.3049]]}},{"type":"Feature","properties":{"level":2},"geometry":{"type":"LineString","coordinates":[[89.28358,25.30116],[89.2893,25.30322],[89.2931,25.3003],[89.31328,25.29998],[89.31903,25.30376],[89.33449,25.30154],[89.34404,25.30796]]}},{"type":"Feature","properties":{"level":0},"geometry":{"type":"LineString","coordinates":[[89.83397,25.29453],[89.85856,25.28624],[89.87794,25.28578],[89.89004,25.29229],[89.89948,25.3048],[89.90877,25.30821],[89.93891,25.29915],[89.94434,25.30424],[89.94739,25.29502]]}},{"type":"Feature","properties":{"level":3},"geometry":{"type":"LineString","coordinates":[[89.34404,25.30796],[89.34909,25.30298],[89.34858,25.29599],[89.35441,25.29231],[89.35892,25.29795],[89.36352,25.29814],[89.36119,25.30215],[89.36611,25.30604],[89.38679,25.3008],[89.39493,25.31028],[89.4054,25.30817],[89.41053,25.30201],[89.41749,25.30075],[89.42733,25.30181],[89.42834,25.30583]]}},{"type":"Feature","properties":{"level":3},"geometry":{"type":"LineString","coordinates":[[89.51313,25.2202],[89.51608,25.24093],[89.51169,25.24413],[89.51112,25.24927],[89.52121,25.24926],[89.51895,25.2539],[89.52823,25.25673],[89.52137,25.25933],[89.52902,25.25921],[89.52926,25.26435],[89.52474,25.26087],[89.52824,25.26625],[89.52604,25.27013],[89.50829,25.27347],[89.50668,25.26551],[89.50171,25.26694],[89.50103,25.27376],[89.49456,25.27722],[89.48384,25.27361],[89.48273,25.27822],[89.48007,25.27288],[89.47081,25.27687],[89.48061,25.28575],[89.47146,25.28717],[89.47579,25.2959],[89.47917,25.29631],[89.46693,25.29859],[89.47675,25.30511],[89.46692,25.31289],[89.45564,25.31344],[89.45069,25.30891],[89.4473,25.31084],[89.42834,25.30583]]}},{"type":"Feature","properties":{"level":3},"geometry":{"type":"LineString","coordinates":[[89.03734,25.32958],[89.04075,25.32229],[89.05324,25.32546],[89.06203,25.31796],[89.06232,25.31414],[89.07458,25.31071],[89.07797,25.3061],[89.10827,25.3071],[89.1132,25.3012],[89.14152,25.30153]]}},{"type":"Feature","properties":{"level":1},"geometry":{"type":"LineString","coordinates":[[89.66652,25.16226],[89.67351,25.17131],[89.67595,25.18338],[89.70019,25.23137],[89.71297,25.23555],[89.73541,25.23371],[89.74019,25.25021],[89.75163,25.25173],[89.75114,25.26734],[89.75671,25.28115],[89.74494,25.29948],[89.74292,25.31937],[89.7373,25.31856],[89.72953,25.33752]]}},{"type":"Feature","properties":{"level":3},"geometry":{"type":"LineString","coordinates":[[89.03734,25.32958],[89.02676,25.3287],[89.02455,25.33202],[89.01506,25.33229],[89.0176,25.33588],[89.0118,25.34909],[88.98594,25.34922]]}},{"type":"Feature","properties":{"level":3},"geometry":{"type":"LineString","coordinates":[[88.98594,25.34922],[88.98362,25.34102],[88.98689,25.33766],[88.98052,25.33913],[88.97322,25.33287],[88.9803,25.32064],[88.97441,25.31453],[88.98429,25.30956],[88.98467,25.3049]]}},{"type":"Feature","properties":{"level":3},"geometry":{"type":"LineString","coordinates":[[89.14152,25.30153],[89.14116,25.3052],[89.14747,25.30586],[89.15077,25.31036],[89.15127,25.31753],[89.16117,25.31844],[89.15569,25.32231],[89.16288,25.32297],[89.16418,25.33213],[89.17668,25.33321],[89.17693,25.34013],[89.18485,25.34071],[89.18662,25.35145],[89.19249,25.3507],[89.19652,25.35389],[89.19961,25.34991],[89.19861,25.35968],[89.20662,25.36313],[89.20887,25.36617],[89.20648,25.36857],[89.20887,25.36927]]}},{"type":"Feature","properties":{"level":2},"geometry":{"type":"LineString","coordinates":[[89.23477,25.37293],[89.2393,25.36178],[89.2335,25.35902],[89.23459,25.3561],[89.24022,25.35297],[89.24478,25.35648],[89.24634,25.35479],[89.23643,25.34747],[89.23976,25.34158],[89.23166,25.34638],[89.23176,25.34947],[89.22496,25.33272],[89.2316,25.3306],[89.23417,25.3393],[89.23957,25.33473],[89.24757,25.33452],[89.24732,25.32974],[89.23802,25.32558],[89.24076,25.3184],[89.25544,25.31549],[89.26514,25.3242],[89.26867,25.32028],[89.26028,25.31146],[89.26818,25.31418],[89.2726,25.30777],[89.28379,25.3058],[89.28358,25.30116]]}},{"type":"Feature","properties":{"level":2},"geometry":{"type":"LineString","coordinates":[[89.20887,25.36927],[89.22391,25.37122],[89.22712,25.36731],[89.22452,25.36358],[89.23199,25.3659],[89.23124,25.372],[89.23477,25.37293]]}},{"type":"Feature","properties":{"level":1},"geometry":{"type":"LineString","coordinates":[[89.72953,25.33752],[89.72278,25.35225],[89.71878,25.35489],[89.741,25.3709],[89.7407,25.37528]]}},{"type":"Feature","properties":{"level":3},"geometry":{"type":"LineString","coordinates":[[89.56532,25.23827],[89.56967,25.24291],[89.56405,25.24131],[89.56417,25.24637],[89.56744,25.24497],[89.56897,25.24755],[89.56625,25.2489],[89.56802,25.25127],[89.56109,25.24802],[89.55935,25.25076],[89.56853,25.25544],[89.56908,25.26718],[89.56356,25.26875],[89.56831,25.27553],[89.57766,25.27636],[89.57235,25.28336],[89.57764,25.29303],[89.56901,25.29251],[89.57928,25.30069],[89.57788,25.30653],[89.57124,25.30619],[89.57684,25.31005],[89.57502,25.32126],[89.58161,25.32832],[89.57829,25.33086],[89.60173,25.32583],[89.60535,25.33637],[89.60976,25.33176],[89.61785,25.33756],[89.62278,25.33392],[89.6358,25.3339],[89.64186,25.32168],[89.65181,25.31958],[89.65282,25.33037],[89.66037,25.33093],[89.67195,25.347],[89.6721,25.35149],[89.67749,25.35168],[89.67764,25.35512],[89.68256,25.35269],[89.68092,25.36372],[89.69086,25.36159],[89.68977,25.37719],[89.6925,25.38567],[89.69841,25.38467],[89.70406,25.36987],[89.71264,25.36621],[89.71352,25.35305],[89.72462,25.33468],[89.72953,25.33752]]}},{"type":"Feature","properties":{"level":0},"geometry":{"type":"LineString","coordinates":[[88.98467,25.3049],[88.97601,25.3056],[88.97254,25.30104],[88.96068,25.30587],[88.9598,25.30105],[88.9499,25.30354],[88.94032,25.30048],[88.92959,25.30427],[88.92871,25.317],[88.92042,25.31206],[88.91262,25.31705],[88.90759,25.3263],[88.90674,25.33789],[88.88813,25.33685],[88.88629,25.33418],[88.88897,25.32645],[88.88568,25.3257],[88.8672,25.34312],[88.86949,25.35272],[88.85663,25.35453],[88.85443,25.36329],[88.84084,25.36446],[88.83896,25.38094],[88.84248,25.38183],[88.83751,25.38421],[88.8376,25.39038],[88.84179,25.39327]]}},{"type":"Feature","properties":{"level":2},"geometry":{"type":"LineString","coordinates":[[89.69799,25.40843],[89.70161,25.40186],[89.69518,25.3979],[89.70086,25.39004],[89.70552,25.3934],[89.73741,25.39862],[89.73621,25.39083],[89.74437,25.38894],[89.7385,25.37465],[89.7407,25.37528]]}},{"type":"Feature","properties":{"level":0},"geometry":{"type":"LineString","coordinates":[[89.82567,25.4153],[89.82722,25.4038],[89.81973,25.38117],[89.82028,25.36301],[89.82286,25.34824],[89.82669,25.34628],[89.84118,25.31543],[89.84107,25.30833],[89.83086,25.29622],[89.83397,25.29453]]}},{"type":"Feature","properties":{"level":2},"geometry":{"type":"LineString","coordinates":[[89.14562,25.43463],[89.1509,25.42706],[89.14797,25.42311],[89.15063,25.41809],[89.14696,25.41312],[89.1359,25.41672],[89.13593,25.41241],[89.14162,25.41281],[89.14532,25.40948],[89.15429,25.41104],[89.15643,25.40579],[89.14939,25.40767],[89.14838,25.40512],[89.15748,25.40392],[89.16058,25.40764],[89.16339,25.40174],[89.17012,25.4074],[89.17461,25.40076],[89.18251,25.39816],[89.18733,25.38838],[89.19252,25.39264],[89.20083,25.39142],[89.20162,25.39625],[89.21652,25.37944],[89.20887,25.36927]]}},{"type":"Feature","properties":{"level":1},"geometry":{"type":"LineString","coordinates":[[89.76887,25.43484],[89.82567,25.4153]]}},{"type":"Feature","properties":{"level":1},"geometry":{"type":"LineString","coordinates":[[89.7407,25.37528],[89.74832,25.38256],[89.77692,25.38758],[89.78024,25.40883],[89.77864,25.41444],[89.77657,25.41486],[89.77777,25.41038],[89.77504,25.41567],[89.76939,25.41736],[89.77232,25.4246],[89.76402,25.43202],[89.76887,25.43484]]}},{"type":"Feature","properties":{"level":3},"geometry":{"type":"LineString","coordinates":[[89.42834,25.30583],[89.43011,25.32857],[89.43527,25.33125],[89.43091,25.34957],[89.43652,25.3504],[89.43917,25.34725],[89.44214,25.35056],[89.44755,25.34308],[89.45554,25.34518],[89.47002,25.34216],[89.47367,25.34629],[89.47753,25.34381],[89.47295,25.34878],[89.47505,25.35207],[89.47058,25.35034],[89.46859,25.35424],[89.4771,25.3543],[89.47553,25.35721],[89.47157,25.35628],[89.47112,25.3601],[89.47813,25.36255],[89.47869,25.36592],[89.47368,25.36369],[89.47638,25.36693],[89.47459,25.37192],[89.47475,25.36738],[89.47168,25.36553],[89.47411,25.37301],[89.46877,25.37522],[89.47867,25.37488],[89.48288,25.3697],[89.49084,25.36846],[89.50576,25.38403],[89.49505,25.38847],[89.49777,25.39168],[89.49465,25.39903],[89.50148,25.40682],[89.50557,25.40467],[89.50031,25.41292],[89.50833,25.42121],[89.50933,25.43679]]}},{"type":"Feature","properties":{"level":0},"geometry":{"type":"LineString","coordinates":[[89.83416,25.4414],[89.82567,25.4153]]}},{"type":"Feature","properties":{"level":3},"geometry":{"type":"LineString","coordinates":[[89.56899,25.44568],[89.57714,25.43654],[89.5777,25.43184],[89.58838,25.43671],[89.59629,25.42282],[89.60794,25.41993],[89.61127,25.42237],[89.61458,25.41295],[89.62029,25.41522],[89.62418,25.41271],[89.61523,25.40974],[89.62799,25.40481],[89.62857,25.40919],[89.63315,25.40844],[89.63919,25.40042],[89.64849,25.4018],[89.66678,25.39734],[89.67823,25.40565],[89.69799,25.40843]]}},{"type":"Feature","properties":{"level":3},"geometry":{"type":"LineString","coordinates":[[89.50933,25.43679],[89.52259,25.43575],[89.53412,25.44067],[89.54384,25.43692],[89.55363,25.44106],[89.55965,25.44013],[89.56053,25.44632],[89.56899,25.44568]]}},{"type":"Feature","properties":{"level":2},"geometry":{"type":"LineString","coordinates":[[89.70354,25.45717],[89.69956,25.43974],[89.68794,25.42237],[89.68871,25.41995],[89.69875,25.42289],[89.70059,25.41671],[89.69799,25.40843]]}},{"type":"Feature","properties":{"level":2},"geometry":{"type":"LineString","coordinates":[[89.34404,25.30796],[89.34714,25.31052],[89.34391,25.32043],[89.3421,25.31682],[89.33621,25.31636],[89.33232,25.32226],[89.34036,25.3299],[89.34714,25.32853],[89.34849,25.33728],[89.34084,25.3378],[89.34069,25.34478],[89.34618,25.35421],[89.34242,25.36563],[89.3449,25.3713],[89.35556,25.37334],[89.35193,25.37955],[89.36483,25.38898],[89.37035,25.40691],[89.37937,25.41079],[89.378,25.41811],[89.38249,25.42016],[89.37849,25.42154],[89.37833,25.42508],[89.3818,25.42482],[89.38417,25.42872],[89.3784,25.4338],[89.37982,25.44656],[89.39174,25.44365],[89.39863,25.46422],[89.40457,25.46454],[89.40703,25.46965]]}},{"type":"Feature","properties":{"level":3},"geometry":{"type":"LineString","coordinates":[[88.84179,25.39327],[88.86625,25.38935],[88.86943,25.39345],[88.87965,25.39231],[88.87767,25.40099],[88.89824,25.39945],[88.90755,25.40387],[88.9231,25.40348],[88.93152,25.40727],[88.93499,25.4031],[88.93795,25.40544],[88.93697,25.39798],[88.94131,25.39464],[88.94971,25.40068],[88.95463,25.4],[88.95605,25.40546],[88.95988,25.40427],[88.96136,25.40795],[88.96658,25.40605],[88.96556,25.41262],[88.9558,25.42423],[88.97229,25.41961],[88.97527,25.42128],[88.97737,25.42404],[88.97382,25.427],[88.97417,25.43517],[88.98079,25.43503],[88.98386,25.44655],[88.98739,25.44744],[88.98867,25.4527],[88.98528,25.45562],[88.9846,25.46416],[88.9664,25.46983],[88.97185,25.47663],[88.97047,25.48219],[88.98005,25.48353],[88.98166,25.49019]]}},{"type":"Feature","properties":{"level":3},"geometry":{"type":"LineString","coordinates":[[88.98899,25.49021],[88.98864,25.48612],[88.99783,25.48709],[89.01724,25.48107],[89.01797,25.47616],[89.01347,25.4741],[89.01647,25.46941],[89.01459,25.46625],[89.02299,25.44997],[89.02832,25.44592],[89.02845,25.43594],[89.03306,25.42977],[89.02709,25.41679],[89.02914,25.40874],[89.0228,25.40126],[89.03723,25.39644],[89.05292,25.40071],[89.05445,25.40468],[89.07758,25.39887],[89.07129,25.39176],[89.07105,25.38446],[89.065,25.38377],[89.06192,25.37767],[89.06158,25.36627],[89.05268,25.36162],[89.05282,25.35813],[89.04504,25.35727],[89.04175,25.34831],[89.04326,25.34213],[89.03893,25.34227],[89.04012,25.33841],[89.03626,25.33525],[89.03734,25.32958]]}},{"type":"Feature","properties":{"level":3},"geometry":{"type":"LineString","coordinates":[[88.98166,25.49019],[88.98899,25.49021]]}},{"type":"Feature","properties":{"level":2},"geometry":{"type":"LineString","coordinates":[[89.40703,25.46965],[89.41614,25.46363],[89.42101,25.46444],[89.42734,25.47673],[89.43225,25.47534],[89.43516,25.48837],[89.44115,25.48864],[89.44475,25.49262]]}},{"type":"Feature","properties":{"level":3},"geometry":{"type":"LineString","coordinates":[[89.49272,25.50221],[89.49646,25.50281],[89.49702,25.49983],[89.49395,25.49345],[89.48958,25.49217],[89.49914,25.49081],[89.50519,25.48392],[89.49461,25.47733],[89.487,25.47653],[89.48798,25.46863],[89.4854,25.46632],[89.48151,25.46811],[89.47969,25.46052],[89.48494,25.45543],[89.4954,25.45295],[89.4989,25.44921],[89.49833,25.44113],[89.50933,25.43679]]}},{"type":"Feature","properties":{"level":3},"geometry":{"type":"LineString","coordinates":[[88.98742,25.50739],[88.98915,25.50196],[88.98362,25.50133],[88.98109,25.49771],[88.98443,25.4941],[88.98166,25.49019]]}},{"type":"Feature","properties":{"level":3},"geometry":{"type":"LineString","coordinates":[[89.44475,25.49262],[89.45244,25.4903],[89.48071,25.49349],[89.48084,25.499],[89.48681,25.50034],[89.48852,25.50743],[89.49272,25.50221]]}},{"type":"Feature","properties":{"level":3},"geometry":{"type":"LineString","coordinates":[[89.78798,25.51538],[89.79936,25.46832],[89.80716,25.46588],[89.81338,25.46894],[89.81434,25.48458],[89.82124,25.48496],[89.82322,25.47759],[89.8306,25.47283],[89.82849,25.46166],[89.83441,25.44871],[89.83416,25.4414]]}},{"type":"Feature","properties":{"level":3},"geometry":{"type":"LineString","coordinates":[[89.78798,25.51538],[89.7851,25.51314],[89.78301,25.5163],[89.77298,25.5149]]}},{"type":"Feature","properties":{"level":3},"geometry":{"type":"LineString","coordinates":[[89.77298,25.5149],[89.76418,25.52136],[89.75584,25.51515],[89.74819,25.51495],[89.74218,25.50848],[89.74291,25.50594],[89.74881,25.50563],[89.75052,25.49867],[89.74552,25.49579],[89.74963,25.49352],[89.7493,25.48825],[89.75784,25.49033],[89.76185,25.48392],[89.75564,25.47744],[89.75094,25.47813],[89.75051,25.47135],[89.73738,25.47524],[89.73871,25.47062],[89.74974,25.46949],[89.74709,25.46496],[89.74971,25.46031],[89.74316,25.46259],[89.738,25.45342],[89.72929,25.45667],[89.72155,25.45271],[89.72505,25.45038],[89.7219,25.44759],[89.71344,25.44759],[89.71307,25.45289],[89.70354,25.45717]]}},{"type":"Feature","properties":{"level":3},"geometry":{"type":"LineString","coordinates":[[89.40703,25.46965],[89.40205,25.47387],[89.40591,25.48472],[89.39686,25.48498],[89.38959,25.48958],[89.38462,25.49463],[89.385,25.49908],[89.37913,25.50262],[89.36539,25.4976],[89.36012,25.50064],[89.346,25.50061],[89.34463,25.50373],[89.34186,25.49979],[89.34132,25.5042],[89.33746,25.49927],[89.33545,25.50601],[89.31709,25.50222],[89.32107,25.51275],[89.3148,25.51531],[89.3033,25.51785],[89.302,25.51439],[89.29765,25.51511],[89.29537,25.50793],[89.28683,25.5169],[89.27934,25.51598],[89.27368,25.5226],[89.27087,25.51171],[89.26297,25.51333],[89.26248,25.52189],[89.2534,25.52005]]}},{"type":"Feature","properties":{"level":3},"geometry":{"type":"LineString","coordinates":[[89.2534,25.52005],[89.24796,25.52392],[89.24439,25.51196],[89.23742,25.51097],[89.23621,25.50648],[89.22684,25.50717],[89.22076,25.50394],[89.20022,25.51218],[89.18112,25.50561],[89.17412,25.50954],[89.17054,25.50787],[89.16789,25.49801],[89.1596,25.498],[89.15031,25.49174],[89.14993,25.49405],[89.14536,25.49285],[89.14226,25.48413],[89.14676,25.47908],[89.14785,25.47026],[89.15471,25.46317],[89.15108,25.45834],[89.15347,25.44498],[89.14562,25.43463]]}},{"type":"Feature","properties":{"level":0},"geometry":{"type":"LineString","coordinates":[[88.84179,25.39327],[88.83774,25.40195],[88.82467,25.40084],[88.82368,25.40913],[88.81336,25.41049],[88.81895,25.41826],[88.82065,25.41589],[88.83021,25.41731],[88.82888,25.42635],[88.83462,25.42754],[88.83451,25.43163],[88.82589,25.44353],[88.8312,25.4485],[88.82886,25.44905],[88.83796,25.45367],[88.83907,25.4589],[88.83519,25.46379],[88.83737,25.47234],[88.82952,25.49014],[88.813,25.48991],[88.80749,25.51459],[88.8104,25.52305],[88.80254,25.52445]]}},{"type":"Feature","properties":{"level":0},"geometry":{"type":"LineString","coordinates":[[88.75887,25.52551],[88.76013,25.51075],[88.76627,25.50414],[88.77112,25.50475],[88.77096,25.50035],[88.76499,25.49471],[88.74842,25.49368],[88.74382,25.48832],[88.73969,25.48958],[88.74374,25.49583],[88.74181,25.50511],[88.7145,25.49964],[88.71352,25.49539],[88.71293,25.50006],[88.70751,25.49992],[88.71002,25.48079],[88.70664,25.47968],[88.70711,25.47697],[88.70002,25.47577],[88.69843,25.47109],[88.68617,25.47584],[88.66331,25.47361],[88.66045,25.48188],[88.64644,25.47797],[88.6427,25.49266],[88.64791,25.49329],[88.64834,25.49627],[88.64054,25.50001],[88.62303,25.49702],[88.61304,25.50998],[88.607,25.5087],[88.60908,25.5166],[88.60261,25.51528],[88.59714,25.50611],[88.59165,25.50896],[88.57283,25.50898],[88.56758,25.51145],[88.56786,25.51416]]}},{"type":"Feature","properties":{"level":0},"geometry":{"type":"LineString","coordinates":[[88.80254,25.52445],[88.79237,25.52296],[88.78283,25.51535],[88.77631,25.5164],[88.76701,25.52529],[88.75887,25.52551]]}},{"type":"Feature","properties":{"level":3},"geometry":{"type":"LineString","coordinates":[[88.83321,25.53063],[88.82035,25.53213],[88.81643,25.53621],[88.80192,25.53158],[88.80254,25.52445]]}},{"type":"Feature","properties":{"level":2},"geometry":{"type":"LineString","coordinates":[[89.10181,25.5368],[89.10392,25.5357],[89.10064,25.52879],[89.10361,25.52011],[89.10158,25.51763],[89.10879,25.51475],[89.10447,25.51452],[89.10488,25.51097],[89.10957,25.51263],[89.11358,25.50735],[89.10764,25.50993],[89.10872,25.5022],[89.10477,25.4992],[89.10171,25.50066],[89.09978,25.49199],[89.10607,25.48866],[89.10149,25.48522],[89.10853,25.48518],[89.10389,25.47427],[89.11416,25.46981],[89.11398,25.46163],[89.12207,25.47057],[89.12033,25.46203],[89.12341,25.46343],[89.12805,25.46034],[89.11451,25.45579],[89.12416,25.4529],[89.12841,25.44513],[89.13025,25.4496],[89.13412,25.4473],[89.13059,25.44095],[89.14562,25.43463]]}},{"type":"Feature","properties":{"level":2},"geometry":{"type":"LineString","coordinates":[[89.09533,25.55177],[89.09304,25.54622],[89.09878,25.5445],[89.09872,25.53857],[89.10181,25.5368]]}},{"type":"Feature","properties":{"level":2},"geometry":{"type":"LineString","coordinates":[[89.44475,25.49262],[89.44054,25.50009],[89.44522,25.50635],[89.44107,25.51274],[89.44971,25.51884],[89.44296,25.52084],[89.44419,25.5156],[89.43995,25.52072],[89.43603,25.52087],[89.43757,25.52536],[89.4448,25.52593],[89.44671,25.53108],[89.43937,25.52859],[89.43745,25.53848],[89.42822,25.5298],[89.43137,25.5378],[89.42699,25.53412],[89.42144,25.53508],[89.42093,25.52874],[89.41707,25.52877],[89.41753,25.53364],[89.41246,25.53652],[89.40754,25.53196],[89.40313,25.53413],[89.40136,25.53915],[89.4062,25.53431],[89.41075,25.54138],[89.40264,25.54629],[89.41402,25.54926],[89.40583,25.55037],[89.41074,25.55581],[89.40938,25.55914]]}},{"type":"Feature","properties":{"level":3},"geometry":{"type":"LineString","coordinates":[[89.08463,25.55933],[89.09639,25.55586],[89.09533,25.55177]]}},{"type":"Feature","properties":{"level":3},"geometry":{"type":"LineString","coordinates":[[88.98742,25.50739],[88.99001,25.51005],[88.9893,25.52447],[88.9937,25.52847],[88.99231,25.53175],[88.98542,25.53365],[88.99621,25.53736],[88.99638,25.54297],[89.01318,25.53883],[89.01291,25.54294],[89.03148,25.54371],[89.03971,25.54092],[89.04861,25.54577],[89.05046,25.54052],[89.04776,25.53945],[89.06432,25.53101],[89.068,25.55093],[89.07623,25.55177],[89.08138,25.56043],[89.08463,25.55933]]}},{"type":"Feature","properties":{"level":2},"geometry":{"type":"LineString","coordinates":[[89.6253,25.56094],[89.6405,25.54477],[89.6642,25.53115],[89.6883,25.53104],[89.69384,25.52717],[89.68908,25.51975],[89.68018,25.51617],[89.67884,25.51064],[89.68174,25.50519],[89.69291,25.49781],[89.69407,25.49072],[89.68785,25.48804],[89.67202,25.48935],[89.6676,25.48482],[89.68231,25.47186],[89.68044,25.46431],[89.70179,25.46658],[89.70354,25.45717]]}},{"type":"Feature","properties":{"level":3},"geometry":{"type":"LineString","coordinates":[[88.90584,25.56218],[88.909,25.55847],[88.92551,25.5553],[88.92517,25.54587],[88.92807,25.54251],[88.93367,25.54357],[88.9301,25.54641],[88.93402,25.55348],[88.93094,25.55632],[88.93313,25.5605],[88.94431,25.55886],[88.94555,25.55467],[88.9526,25.55483],[88.95084,25.55024],[88.95406,25.54497],[88.94923,25.54227],[88.95785,25.52724],[88.95773,25.51942],[88.97382,25.51219],[88.98478,25.51183],[88.98742,25.50739]]}},{"type":"Feature","properties":{"level":3},"geometry":{"type":"LineString","coordinates":[[88.83321,25.53063],[88.83158,25.52739],[88.84016,25.52715],[88.84479,25.51934],[88.85328,25.51564],[88.85795,25.51903],[88.85963,25.51104],[88.86603,25.51127],[88.86653,25.52182],[88.88975,25.52258],[88.89164,25.52761],[88.88575,25.53574],[88.88589,25.54187],[88.90058,25.54617],[88.89796,25.54945],[88.88966,25.54584],[88.88684,25.55112],[88.8953,25.55493],[88.89825,25.56234],[88.90584,25.56218]]}},{"type":"Feature","properties":{"level":2},"geometry":{"type":"LineString","coordinates":[[89.53174,25.64361],[89.54899,25.63326],[89.55351,25.62325],[89.55027,25.61023],[89.55258,25.6055],[89.54634,25.60665],[89.54278,25.59973],[89.53685,25.59953],[89.54048,25.58852],[89.5694,25.58261],[89.58961,25.55563],[89.59872,25.55728],[89.60767,25.56535],[89.61593,25.56569],[89.6253,25.56094]]}},{"type":"Feature","properties":{"level":2},"geometry":{"type":"LineString","coordinates":[[89.40938,25.55914],[89.4074,25.5704],[89.41246,25.57542],[89.41212,25.58639],[89.41476,25.58988],[89.43289,25.58773],[89.43495,25.59253],[89.43814,25.59056],[89.43572,25.58862],[89.43781,25.58504],[89.44352,25.58445],[89.44873,25.59072],[89.45879,25.59204],[89.46015,25.59499],[89.46417,25.59443],[89.46461,25.5981],[89.47064,25.597],[89.46997,25.5995],[89.47372,25.598],[89.47331,25.59208],[89.48525,25.58383],[89.48588,25.57836],[89.49462,25.57575],[89.49403,25.58116],[89.4985,25.58622],[89.4907,25.59065],[89.48966,25.60386],[89.49533,25.61208],[89.50233,25.61178],[89.49935,25.61759],[89.50119,25.61988],[89.50836,25.61588],[89.52102,25.62351],[89.51889,25.62797],[89.52163,25.6339],[89.53174,25.64361]]}},{"type":"Feature","properties":{"level":3},"geometry":{"type":"LineString","coordinates":[[89.77682,25.64454],[89.78252,25.63684],[89.7823,25.62764],[89.78942,25.6229],[89.79854,25.60484],[89.77986,25.55841],[89.80126,25.55261],[89.80442,25.54691],[89.80198,25.54159],[89.78987,25.53769],[89.78798,25.51538]]}},{"type":"Feature","properties":{"level":3},"geometry":{"type":"LineString","coordinates":[[89.70652,25.6572],[89.71916,25.65372],[89.71644,25.64813],[89.73612,25.62821],[89.73816,25.62272],[89.74526,25.62035],[89.74786,25.63091],[89.76803,25.64419],[89.77682,25.64454]]}},{"type":"Feature","properties":{"level":3},"geometry":{"type":"LineString","coordinates":[[89.6253,25.56094],[89.632,25.56446],[89.62982,25.56869],[89.6331,25.57677],[89.64164,25.58124],[89.64152,25.58496],[89.65247,25.58509],[89.65053,25.58581],[89.65541,25.59534],[89.65448,25.60134],[89.6482,25.60174],[89.64673,25.59708],[89.63895,25.60327],[89.6516,25.61137],[89.6527,25.62482],[89.66158,25.63074],[89.65644,25.63362],[89.6563,25.64252],[89.66326,25.64378],[89.66007,25.63974],[89.66726,25.63727],[89.6676,25.64255],[89.67524,25.64318],[89.67409,25.64929],[89.68207,25.65085],[89.68057,25.65706],[89.68342,25.65872],[89.70202,25.66238],[89.70652,25.6572]]}},{"type":"Feature","properties":{"level":0},"geometry":{"type":"LineString","coordinates":[[88.56786,25.51416],[88.55318,25.5152],[88.55413,25.52117],[88.54765,25.51802],[88.54639,25.5084],[88.53936,25.50847],[88.53996,25.51992],[88.53731,25.52102],[88.54056,25.52596],[88.5394,25.53455],[88.53234,25.53229],[88.53246,25.54208],[88.52728,25.54331],[88.52254,25.5353],[88.51807,25.53856],[88.51738,25.54639],[88.51319,25.5477],[88.50875,25.54434],[88.49919,25.55159],[88.49832,25.5585],[88.49368,25.55917],[88.49985,25.58401],[88.49224,25.58278],[88.48395,25.58627],[88.48267,25.58227],[88.48094,25.58542],[88.4695,25.58349],[88.46547,25.58683],[88.46587,25.59198],[88.45755,25.59607],[88.45741,25.59883],[88.44451,25.597],[88.44986,25.60476],[88.44509,25.61422],[88.44722,25.62151],[88.45528,25.62862],[88.45378,25.66444]]}},{"type":"Feature","properties":{"level":3},"geometry":{"type":"LineString","coordinates":[[89.15771,25.66668],[89.13954,25.66564],[89.13786,25.65485],[89.14019,25.65114],[89.13453,25.65076],[89.13072,25.64054],[89.13117,25.62927],[89.14561,25.62794],[89.13376,25.61362],[89.13996,25.58949],[89.14546,25.58308],[89.13979,25.58573],[89.14237,25.57474],[89.12463,25.56417],[89.11907,25.55281],[89.11134,25.5521],[89.10835,25.54147],[89.10181,25.5368]]}},{"type":"Feature","properties":{"level":3},"geometry":{"type":"LineString","coordinates":[[89.31568,25.66771],[89.3227,25.66104],[89.32273,25.65606],[89.32561,25.65996],[89.33575,25.65738],[89.33952,25.66226],[89.33573,25.66323],[89.33601,25.66585],[89.3421,25.66556],[89.34625,25.65666],[89.3517,25.66374],[89.35643,25.65835],[89.34947,25.65268],[89.35312,25.64691],[89.35792,25.65087],[89.35382,25.65096],[89.35597,25.65523],[89.36584,25.65806],[89.3604,25.64902],[89.36367,25.64729],[89.36027,25.63945],[89.36325,25.63564],[89.36715,25.64003],[89.37448,25.63922],[89.37491,25.63142],[89.37926,25.63985],[89.38439,25.63994],[89.38388,25.63463],[89.37888,25.63308],[89.37866,25.63002],[89.39128,25.62635],[89.38613,25.61928],[89.39168,25.61717],[89.39311,25.61046],[89.38286,25.61162],[89.38643,25.60644],[89.39161,25.60761],[89.38934,25.60322],[89.39799,25.59889],[89.38594,25.59589],[89.38506,25.59282],[89.39382,25.58821],[89.38676,25.58911],[89.38341,25.58624],[89.38794,25.58365],[89.3836,25.57729],[89.38086,25.57668],[89.37764,25.58286],[89.37602,25.58076],[89.38015,25.57476],[89.39235,25.5729],[89.38767,25.56544],[89.39336,25.55946],[89.39117,25.55605],[89.40044,25.55385],[89.40938,25.55914]]}},{"type":"Feature","properties":{"level":0},"geometry":{"type":"LineString","coordinates":[[88.45378,25.66444],[88.42861,25.6693]]}},{"type":"Feature","properties":{"level":3},"geometry":{"type":"LineString","coordinates":[[89.15771,25.66668],[89.16172,25.66694],[89.16695,25.65975],[89.17624,25.65849],[89.18177,25.65226],[89.18958,25.65603],[89.2165,25.65732],[89.22188,25.66525],[89.22714,25.6669],[89.23206,25.66209],[89.23276,25.67337],[89.23765,25.67704]]}},{"type":"Feature","properties":{"level":3},"geometry":{"type":"LineString","coordinates":[[89.23765,25.67704],[89.24298,25.67803],[89.24387,25.6681],[89.25111,25.67116],[89.25818,25.66974],[89.25846,25.67608],[89.26236,25.67941],[89.27611,25.68042],[89.27965,25.67816],[89.27842,25.67382],[89.28139,25.67443],[89.28182,25.68331],[89.29421,25.67683],[89.29429,25.67077],[89.30115,25.67314],[89.30547,25.67086],[89.30597,25.66631],[89.31568,25.66771]]}},{"type":"Feature","properties":{"level":0},"geometry":{"type":"LineString","coordinates":[[89.83577,25.71526],[89.8511,25.71278],[89.85231,25.70678],[89.84703,25.69553],[89.85885,25.67997],[89.86396,25.6649],[89.87129,25.66218],[89.88104,25.63325],[89.88239,25.61613],[89.87331,25.588],[89.87559,25.57984],[89.87284,25.56873],[89.86752,25.56211],[89.86616,25.54608],[89.85129,25.53854],[89.86013,25.51728],[89.85797,25.50616],[89.85371,25.50333],[89.85453,25.49727],[89.84893,25.49237],[89.85182,25.46665],[89.83416,25.4414]]}},{"type":"Feature","properties":{"level":3},"geometry":{"type":"LineString","coordinates":[[89.77682,25.64454],[89.7738,25.65075],[89.7766,25.66623],[89.7711,25.67209],[89.77348,25.68576],[89.78028,25.68712],[89.77913,25.69423],[89.79169,25.69681],[89.78764,25.68425],[89.79474,25.68201],[89.80004,25.68445],[89.80305,25.66844],[89.81046,25.66739],[89.80847,25.67008],[89.81201,25.6916],[89.8228,25.71537],[89.83254,25.71967]]}},{"type":"Feature","properties":{"level":0},"geometry":{"type":"LineString","coordinates":[[89.83254,25.71967],[89.83577,25.71526]]}},{"type":"Feature","properties":{"level":2},"geometry":{"type":"LineString","coordinates":[[89.53174,25.64361],[89.53305,25.65518],[89.53062,25.65673],[89.52986,25.6499],[89.52633,25.65326],[89.51887,25.64604],[89.51869,25.66102],[89.51396,25.66031],[89.51966,25.68639],[89.51911,25.68915],[89.51526,25.68884],[89.51293,25.70189],[89.51485,25.7089],[89.5078,25.72055]]}},{"type":"Feature","properties":{"level":2},"geometry":{"type":"LineString","coordinates":[[89.5078,25.72055],[89.4915,25.71739]]}},{"type":"Feature","properties":{"level":3},"geometry":{"type":"LineString","coordinates":[[89.09492,25.73354],[89.08228,25.72664],[89.0871,25.71498],[89.09342,25.71905],[89.09841,25.71695],[89.10047,25.72281],[89.10974,25.72463],[89.10702,25.72652],[89.10926,25.72803],[89.12842,25.72549],[89.13716,25.71876],[89.13944,25.72148],[89.1369,25.72244],[89.14292,25.72531],[89.13866,25.7147],[89.1493,25.71049],[89.15241,25.70645],[89.15122,25.6957],[89.15921,25.6907],[89.15771,25.66668]]}},{"type":"Feature","properties":{"level":2},"geometry":{"type":"LineString","coordinates":[[88.94117,25.73607],[88.93953,25.73475],[88.94327,25.73094],[88.93938,25.72697],[88.92785,25.72377],[88.9294,25.70871],[88.93975,25.69354],[88.93719,25.68631],[88.95156,25.68032],[88.95639,25.68533],[88.96087,25.68442],[88.96282,25.67455],[88.97477,25.67086],[88.97026,25.66218],[88.97354,25.65844],[88.98756,25.66238],[88.99488,25.65789],[88.99865,25.64968],[88.99105,25.64747],[88.98933,25.64222],[88.99547,25.63945],[88.99905,25.63282],[88.99435,25.63092],[88.99341,25.62536],[88.99867,25.61771],[88.99948,25.61985],[89.00182,25.61691],[89.00783,25.61816],[89.0123,25.60276],[89.02416,25.60615],[89.03442,25.60403],[89.04053,25.60041],[89.04145,25.58779],[89.04624,25.58254],[89.05053,25.58703],[89.05487,25.58587],[89.05631,25.58957],[89.07613,25.58632],[89.07762,25.57964],[89.08007,25.58041],[89.08754,25.57221],[89.09676,25.56712],[89.1035,25.568],[89.10457,25.56406],[89.09533,25.55177]]}},{"type":"Feature","properties":{"level":3},"geometry":{"type":"LineString","coordinates":[[88.64494,25.7397],[88.64277,25.72971],[88.63791,25.72785],[88.63376,25.71726],[88.62773,25.71295],[88.63082,25.67805],[88.62384,25.67991],[88.62079,25.67517],[88.63054,25.66848],[88.63205,25.6614],[88.61932,25.65352],[88.628,25.65157],[88.62187,25.64665],[88.62289,25.63701],[88.61859,25.62948],[88.62647,25.61134],[88.61749,25.60525],[88.61351,25.59065],[88.60384,25.59172],[88.60152,25.58269],[88.60606,25.57431],[88.60515,25.57031],[88.58766,25.56894],[88.58565,25.55974],[88.59238,25.54559],[88.58375,25.52969],[88.58082,25.51479],[88.56786,25.51416]]}},{"type":"Feature","properties":{"level":2},"geometry":{"type":"LineString","coordinates":[[88.95428,25.74344],[88.95154,25.74282],[88.95383,25.74037],[88.95179,25.73912],[88.943,25.74252],[88.94117,25.73607]]}},{"type":"Feature","properties":{"level":3},"geometry":{"type":"LineString","coordinates":[[89.31568,25.66771],[89.31777,25.67464],[89.32103,25.67218],[89.32407,25.67522],[89.32056,25.67768],[89.32461,25.68422],[89.31214,25.68723],[89.30513,25.69573],[89.32472,25.71026],[89.3201,25.7163],[89.31681,25.71465],[89.3147,25.71907],[89.30772,25.72136],[89.30594,25.72811],[89.31215,25.73648],[89.31144,25.74445]]}},{"type":"Feature","properties":{"level":3},"geometry":{"type":"LineString","coordinates":[[89.4915,25.71739],[89.47619,25.71827],[89.47587,25.71462],[89.47288,25.71621],[89.46808,25.71316],[89.46175,25.713],[89.46012,25.71562],[89.45302,25.70259],[89.44864,25.70315],[89.44294,25.70654],[89.44548,25.71065],[89.44223,25.71333],[89.44634,25.7199],[89.43785,25.72304],[89.44397,25.72723],[89.43794,25.72844],[89.43712,25.7343],[89.43108,25.73626],[89.42597,25.73402],[89.42399,25.73715],[89.41458,25.73531],[89.40958,25.7403],[89.40038,25.74163],[89.39603,25.73735],[89.3973,25.73281],[89.39364,25.72665],[89.3871,25.73055],[89.38783,25.73424],[89.38107,25.73066],[89.37255,25.73209],[89.3668,25.72889],[89.36431,25.72179],[89.35472,25.72618],[89.35584,25.72083],[89.34576,25.71761],[89.34291,25.7423],[89.33715,25.7417],[89.34253,25.74699],[89.33872,25.75136]]}},{"type":"Feature","properties":{"level":3},"geometry":{"type":"LineString","coordinates":[[89.33872,25.75136],[89.33535,25.75374],[89.31848,25.75134],[89.31144,25.74445]]}},{"type":"Feature","properties":{"level":3},"geometry":{"type":"LineString","coordinates":[[89.62276,25.76109],[89.62044,25.75937],[89.62888,25.75489],[89.62797,25.74876],[89.61657,25.74711],[89.61646,25.74051],[89.6032,25.73993],[89.59344,25.74351],[89.59461,25.73054],[89.59003,25.73353],[89.58765,25.73076],[89.58513,25.73249],[89.58468,25.72847],[89.57983,25.7335],[89.58163,25.72792],[89.57587,25.72532],[89.5739,25.71943],[89.56586,25.72427],[89.5623,25.71958],[89.55249,25.72075],[89.55326,25.72556],[89.54414,25.72641],[89.54317,25.73031],[89.54263,25.72496],[89.5321,25.72428],[89.53,25.72558],[89.53473,25.7266],[89.53549,25.73534],[89.5243,25.74022],[89.52284,25.7451],[89.52087,25.741],[89.52298,25.73132],[89.5078,25.72055]]}},{"type":"Feature","properties":{"level":3},"geometry":{"type":"LineString","coordinates":[[88.95428,25.74344],[88.96483,25.73965],[88.96491,25.75333],[88.9733,25.75767],[88.97747,25.75416],[88.9819,25.76116],[88.98774,25.76313],[88.99298,25.75148],[89.01077,25.74861],[89.01233,25.73684],[89.02059,25.7361],[89.0177,25.74167],[89.03575,25.74668],[89.04457,25.74275],[89.04893,25.73164],[89.05859,25.72838],[89.0536,25.74068],[89.07008,25.74107],[89.06853,25.74517],[89.07514,25.74833],[89.09492,25.73354]]}},{"type":"Feature","properties":{"level":3},"geometry":{"type":"LineString","coordinates":[[88.5281,25.76561],[88.53038,25.75957],[88.53619,25.75992],[88.54056,25.76414],[88.55493,25.762],[88.58001,25.7483],[88.58677,25.75123],[88.58933,25.74823],[88.59827,25.75033],[88.60017,25.74508],[88.60844,25.74409],[88.61422,25.73954],[88.62101,25.74666],[88.63052,25.74469],[88.63209,25.74137],[88.64428,25.74299],[88.64494,25.7397]]}},{"type":"Feature","properties":{"level":3},"geometry":{"type":"LineString","coordinates":[[88.45378,25.66444],[88.45715,25.67324],[88.46128,25.67266],[88.46351,25.67868],[88.47123,25.67824],[88.47455,25.67982],[88.4714,25.68183],[88.47379,25.68317],[88.4817,25.67948],[88.47969,25.68627],[88.48326,25.6835],[88.48489,25.69081],[88.49092,25.69118],[88.48659,25.69276],[88.48407,25.70287],[88.48589,25.70893],[88.48145,25.72198],[88.50073,25.7244],[88.49867,25.73722],[88.49501,25.73999],[88.49714,25.74538],[88.50362,25.74164],[88.51127,25.74351],[88.5133,25.74853],[88.52252,25.75233],[88.52162,25.76521],[88.52802,25.76568]]}},{"type":"Feature","properties":{"level":3},"geometry":{"type":"LineString","coordinates":[[88.52802,25.76568],[88.5281,25.76561]]}},{"type":"Feature","properties":{"level":2},"geometry":{"type":"LineString","coordinates":[[88.85654,25.77716],[88.86393,25.77219],[88.88285,25.77294],[88.88508,25.76111],[88.88771,25.76055],[88.88638,25.7546],[88.89005,25.75134],[88.88766,25.74236],[88.89255,25.73819],[88.91428,25.73838],[88.90975,25.74266],[88.90174,25.74038],[88.9037,25.74791],[88.90669,25.74901],[88.91297,25.74195],[88.92217,25.74443],[88.92454,25.73845],[88.92615,25.74016],[88.93037,25.73705],[88.93086,25.73913],[88.93156,25.73549],[88.93626,25.73564],[88.93676,25.73974],[88.93772,25.73591],[88.94117,25.73607]]}},{"type":"Feature","properties":{"level":3},"geometry":{"type":"LineString","coordinates":[[88.8539,25.77734],[88.85588,25.76483],[88.86364,25.75575],[88.87415,25.75137],[88.87658,25.74284],[88.86315,25.73027],[88.85073,25.73027],[88.84014,25.71603],[88.83749,25.7047],[88.84181,25.69527],[88.83133,25.69217],[88.8352,25.67929],[88.82386,25.67017],[88.82493,25.65593],[88.81747,25.65445],[88.82106,25.6492],[88.81985,25.64668],[88.81507,25.64723],[88.81402,25.64186],[88.82224,25.63455],[88.82268,25.6312],[88.81586,25.6278],[88.81549,25.61422],[88.82743,25.60508],[88.82783,25.59603],[88.823,25.58837],[88.8307,25.57217],[88.82856,25.56955],[88.83014,25.5575],[88.83585,25.54756],[88.83321,25.54546],[88.83678,25.54314],[88.83591,25.5371],[88.84926,25.53425],[88.84438,25.53178],[88.8351,25.53491],[88.83321,25.53063]]}},{"type":"Feature","properties":{"level":2},"geometry":{"type":"LineString","coordinates":[[88.8539,25.77734],[88.85654,25.77716]]}},{"type":"Feature","properties":{"level":3},"geometry":{"type":"LineString","coordinates":[[88.75887,25.52551],[88.75894,25.54015],[88.74749,25.55266],[88.7494,25.55438],[88.74358,25.56194],[88.74453,25.56648],[88.73894,25.56815],[88.74582,25.57644],[88.74317,25.58555],[88.7307,25.58289],[88.7251,25.59194],[88.70907,25.59254],[88.70208,25.61226],[88.69592,25.61603],[88.7076,25.62761],[88.71255,25.64792],[88.70941,25.65506],[88.71485,25.65834],[88.71449,25.6652],[88.72979,25.67321],[88.72344,25.69363],[88.72747,25.70037],[88.73104,25.7003],[88.73183,25.71392],[88.74063,25.72023],[88.74262,25.7287],[88.73829,25.74545],[88.73269,25.74657],[88.73095,25.75365],[88.73501,25.77077],[88.72119,25.78001]]}},{"type":"Feature","properties":{"level":3},"geometry":{"type":"LineString","coordinates":[[88.70991,25.78959],[88.72119,25.78001]]}},{"type":"Feature","properties":{"level":3},"geometry":{"type":"LineString","coordinates":[[88.64494,25.7397],[88.65209,25.7413],[88.65561,25.74781],[88.67487,25.74633],[88.68708,25.75934],[88.6917,25.75849],[88.69832,25.76596],[88.69953,25.78065],[88.70638,25.78316],[88.70991,25.78959]]}},{"type":"Feature","properties":{"level":2},"geometry":{"type":"LineString","coordinates":[[89.4915,25.71739],[89.48478,25.73091],[89.49767,25.73411],[89.49792,25.75245],[89.48685,25.75474],[89.48638,25.75768],[89.48035,25.75641],[89.47968,25.76487],[89.46292,25.7887],[89.4573,25.78739],[89.45811,25.79105]]}},{"type":"Feature","properties":{"level":2},"geometry":{"type":"LineString","coordinates":[[88.84289,25.80307],[88.8444,25.79205],[88.84915,25.78987],[88.84761,25.78755],[88.8539,25.77734]]}},{"type":"Feature","properties":{"level":3},"geometry":{"type":"LineString","coordinates":[[88.72119,25.78001],[88.73835,25.78463],[88.74898,25.78281],[88.75049,25.77977],[88.76949,25.78317],[88.77468,25.78008],[88.78028,25.78691],[88.78892,25.78846],[88.80389,25.79891],[88.80847,25.791],[88.82228,25.79076],[88.82321,25.79526],[88.84293,25.80558]]}},{"type":"Feature","properties":{"level":2},"geometry":{"type":"LineString","coordinates":[[88.84293,25.80558],[88.84289,25.80307]]}},{"type":"Feature","properties":{"level":2},"geometry":{"type":"LineString","coordinates":[[88.84454,25.8105],[88.84293,25.80558]]}},{"type":"Feature","properties":{"level":3},"geometry":{"type":"LineString","coordinates":[[89.31144,25.74445],[89.3077,25.74535],[89.3049,25.74076],[89.29647,25.74454],[89.31052,25.7828],[89.31005,25.79801],[89.31653,25.80154],[89.31433,25.80395],[89.31802,25.81049],[89.31417,25.81266]]}},{"type":"Feature","properties":{"level":0},"geometry":{"type":"LineString","coordinates":[[88.42861,25.6693],[88.42153,25.67054],[88.41882,25.66788],[88.40174,25.67245],[88.4038,25.68532],[88.39049,25.68385],[88.39151,25.69366],[88.38196,25.69753],[88.37132,25.69684],[88.37213,25.70772],[88.36985,25.7093],[88.37494,25.71262],[88.37441,25.71719],[88.36567,25.71701],[88.36465,25.71982],[88.35694,25.7214],[88.35884,25.7283],[88.34408,25.72965],[88.33776,25.7378],[88.32835,25.74036],[88.32093,25.73767],[88.31838,25.74277],[88.3204,25.74505],[88.31506,25.74672],[88.31673,25.75265],[88.29926,25.7605],[88.29934,25.7643],[88.28871,25.76772],[88.29037,25.77377],[88.27829,25.774],[88.26844,25.78072],[88.26623,25.78328],[88.26984,25.78454],[88.27155,25.78979],[88.271,25.80322],[88.26961,25.80747],[88.26087,25.81286]]}},{"type":"Feature","properties":{"level":0},"geometry":{"type":"LineString","coordinates":[[88.26087,25.81286],[88.25791,25.81092],[88.2486,25.81339],[88.24681,25.80605],[88.24002,25.80902]]}},{"type":"Feature","properties":{"level":2},"geometry":{"type":"LineString","coordinates":[[89.00847,25.81789],[89.00114,25.81301],[88.98924,25.81399],[88.98465,25.80885],[88.97186,25.80923],[88.96565,25.81359],[88.9563,25.81422],[88.95346,25.81006],[88.94996,25.81148],[88.94252,25.80813],[88.94345,25.80511],[88.9405,25.80318],[88.9482,25.8009],[88.95287,25.80325],[88.95846,25.7926],[88.95476,25.78885],[88.96062,25.78721],[88.95677,25.77948],[88.94737,25.77868],[88.94634,25.77485],[88.94464,25.77663],[88.94449,25.76635],[88.93895,25.76475],[88.94485,25.76325],[88.94297,25.75508],[88.95123,25.75471],[88.95347,25.75188],[88.95428,25.74344]]}},{"type":"Feature","properties":{"level":3},"geometry":{"type":"LineString","coordinates":[[89.17584,25.81849],[89.17723,25.8138],[89.16693,25.80823],[89.16974,25.80727],[89.1675,25.80121],[89.17057,25.78037],[89.16566,25.77354],[89.16792,25.76816],[89.16355,25.76676],[89.16425,25.76437],[89.1599,25.76742],[89.15891,25.7632],[89.16513,25.76008],[89.15551,25.75571],[89.16001,25.75549],[89.15743,25.7479],[89.16228,25.74717],[89.16621,25.73681],[89.18192,25.72828],[89.18271,25.72302],[89.17858,25.72122],[89.18223,25.7173],[89.18472,25.71613],[89.18659,25.72113],[89.19699,25.71272],[89.20381,25.71225],[89.20012,25.70249],[89.2217,25.7014],[89.22359,25.68875],[89.22803,25.68203],[89.23413,25.68157],[89.23107,25.67816],[89.23765,25.67704]]}},{"type":"Feature","properties":{"level":0},"geometry":{"type":"LineString","coordinates":[[89.8184,25.81905],[89.81721,25.81422],[89.82652,25.80997],[89.83959,25.77197],[89.84038,25.75649],[89.82707,25.74012],[89.82717,25.73193],[89.83254,25.71967]]}},{"type":"Feature","properties":{"level":3},"geometry":{"type":"LineString","coordinates":[[89.8184,25.81905],[89.8136,25.81882]]}},{"type":"Feature","properties":{"level":3},"geometry":{"type":"LineString","coordinates":[[88.72405,25.81929],[88.71492,25.79899],[88.71128,25.79765],[88.70991,25.78959]]}},{"type":"Feature","properties":{"level":3},"geometry":{"type":"LineString","coordinates":[[89.8136,25.81882],[89.81081,25.81962],[89.80744,25.80364],[89.78902,25.78013],[89.78983,25.77436],[89.77737,25.76901],[89.76799,25.77098],[89.76032,25.76727],[89.74386,25.77103],[89.74026,25.77771],[89.73398,25.77463],[89.72779,25.77588],[89.72658,25.78157],[89.71551,25.78362],[89.6879,25.77481],[89.68551,25.7698],[89.68746,25.75812],[89.68355,25.75223],[89.67697,25.75316],[89.67546,25.74938],[89.66817,25.74806],[89.66238,25.75087],[89.66205,25.75443],[89.65131,25.75484],[89.64896,25.76406],[89.64472,25.76158],[89.64142,25.76491],[89.6391,25.76084],[89.633,25.7622],[89.62996,25.75958],[89.62986,25.76626],[89.63652,25.76548],[89.63683,25.76824],[89.62489,25.76756],[89.62276,25.76109]]}},{"type":"Feature","properties":{"level":2},"geometry":{"type":"LineString","coordinates":[[89.45811,25.79105],[89.45357,25.78915],[89.45013,25.7926],[89.44618,25.78932],[89.44633,25.79206],[89.42864,25.79376],[89.4287,25.80033],[89.41769,25.79746],[89.41,25.80081],[89.38891,25.80172],[89.37046,25.81566],[89.37019,25.82324],[89.36152,25.82199],[89.35823,25.82483]]}},{"type":"Feature","properties":{"level":3},"geometry":{"type":"LineString","coordinates":[[89.34987,25.82717],[89.34404,25.82289],[89.3351,25.82547],[89.33627,25.82001],[89.32289,25.82287],[89.32146,25.81691],[89.31405,25.81617],[89.31417,25.81266]]}},{"type":"Feature","properties":{"level":2},"geometry":{"type":"LineString","coordinates":[[89.35823,25.82483],[89.34987,25.82717]]}},{"type":"Feature","properties":{"level":3},"geometry":{"type":"LineString","coordinates":[[89.09492,25.73354],[89.10149,25.74029],[89.09736,25.74356],[89.09463,25.75259],[89.09925,25.75139],[89.0994,25.75399],[89.10833,25.75545],[89.10649,25.76276],[89.09671,25.76343],[89.09642,25.77045],[89.09832,25.77411],[89.10328,25.77478],[89.10447,25.77907],[89.09695,25.78307],[89.10185,25.78629],[89.10296,25.78346],[89.10714,25.78527],[89.10974,25.79157],[89.10574,25.79386],[89.10701,25.81686],[89.10138,25.82003],[89.10587,25.82271],[89.09172,25.82954]]}},{"type":"Feature","properties":{"level":3},"geometry":{"type":"LineString","coordinates":[[89.31417,25.81266],[89.3077,25.8081],[89.30945,25.81131],[89.30415,25.81207],[89.30565,25.81568],[89.30098,25.81679],[89.30042,25.82008],[89.2897,25.8185],[89.28172,25.82412],[89.27476,25.81577],[89.27328,25.82007],[89.26648,25.81829],[89.26418,25.81397],[89.25507,25.8195],[89.25552,25.82477],[89.25058,25.82604],[89.23635,25.81748],[89.2191,25.82256],[89.21127,25.82124],[89.20737,25.82603],[89.21138,25.82651],[89.21167,25.82924],[89.20802,25.82948],[89.20883,25.83411],[89.20681,25.83525],[89.20624,25.83249],[89.20267,25.8365],[89.19677,25.83533],[89.1979,25.83159],[89.19132,25.82843],[89.19171,25.82206],[89.1993,25.81924],[89.19403,25.81739],[89.19316,25.81184],[89.19246,25.8157],[89.18449,25.81373],[89.18172,25.81749],[89.17865,25.81597],[89.18065,25.8215],[89.17584,25.81849]]}},{"type":"Feature","properties":{"level":2},"geometry":{"type":"LineString","coordinates":[[89.09172,25.82954],[89.0828,25.82791],[89.08025,25.83446],[89.0614,25.83622],[89.05544,25.83312],[89.05555,25.82939],[89.04267,25.81533],[89.04217,25.81909],[89.03433,25.82082],[89.01242,25.82039],[89.00847,25.81789]]}},{"type":"Feature","properties":{"level":2},"geometry":{"type":"LineString","coordinates":[[89.08949,25.83811],[89.09172,25.82954]]}},{"type":"Feature","properties":{"level":2},"geometry":{"type":"LineString","coordinates":[[89.34987,25.82717],[89.33604,25.83751],[89.33557,25.85119]]}},{"type":"Feature","properties":{"level":0},"geometry":{"type":"LineString","coordinates":[[89.83372,25.85613],[89.83487,25.84058],[89.8184,25.81905]]}},{"type":"Feature","properties":{"level":3},"geometry":{"type":"LineString","coordinates":[[89.17584,25.81849],[89.16623,25.81737],[89.16197,25.82078],[89.1623,25.82625],[89.17118,25.82989],[89.16892,25.83494],[89.16501,25.83531],[89.16445,25.82984],[89.15922,25.82859],[89.15259,25.83619],[89.14804,25.83365],[89.151,25.84173],[89.14311,25.84974],[89.14277,25.84495],[89.13602,25.84595],[89.14032,25.84276],[89.13377,25.8362],[89.13478,25.84085],[89.12942,25.8415],[89.12849,25.8466],[89.12452,25.84675],[89.1293,25.85232],[89.13615,25.85129],[89.1325,25.85528],[89.13447,25.85864],[89.11905,25.86259]]}},{"type":"Feature","properties":{"level":3},"geometry":{"type":"LineString","coordinates":[[89.11905,25.86259],[89.11378,25.86074],[89.1158,25.85635],[89.11152,25.85409],[89.11672,25.85266],[89.11688,25.84914],[89.11267,25.84751],[89.11368,25.8398],[89.10878,25.83827],[89.10553,25.84143],[89.1045,25.83772],[89.09715,25.84486],[89.08949,25.83811]]}},{"type":"Feature","properties":{"level":3},"geometry":{"type":"LineString","coordinates":[[88.95459,25.86447],[88.95451,25.86173],[88.95888,25.86148],[88.95885,25.85767],[88.95265,25.86004],[88.94874,25.8548],[88.93877,25.85853],[88.93591,25.86267],[88.92867,25.86319],[88.92789,25.8514],[88.91453,25.85131],[88.91804,25.84365],[88.91171,25.83983],[88.90886,25.84065],[88.91099,25.84547],[88.90245,25.84875],[88.89672,25.84873],[88.89371,25.84364],[88.88569,25.84481],[88.87906,25.83173],[88.88118,25.82205],[88.87272,25.81589],[88.85784,25.81805],[88.85394,25.81169],[88.84855,25.81376],[88.84454,25.8105]]}},{"type":"Feature","properties":{"level":3},"geometry":{"type":"LineString","coordinates":[[89.00847,25.81789],[89.00296,25.8214],[89.00304,25.82464],[88.9946,25.82101],[88.99198,25.82222],[88.99428,25.82588],[88.9884,25.82398],[88.98721,25.83102],[88.99064,25.8368],[88.98307,25.8382],[88.99029,25.84146],[88.99098,25.84715],[88.98615,25.84988],[88.98525,25.8558],[88.97778,25.85749],[88.97919,25.86193],[88.97554,25.8596],[88.96917,25.86454],[88.96402,25.86435]]}},{"type":"Feature","properties":{"level":3},"geometry":{"type":"LineString","coordinates":[[88.96402,25.86435],[88.95459,25.86447]]}},{"type":"Feature","properties":{"level":3},"geometry":{"type":"LineString","coordinates":[[88.51256,25.87761],[88.51121,25.87447],[88.50009,25.87214],[88.50288,25.86854],[88.50014,25.86022],[88.50524,25.85518],[88.50424,25.84969],[88.51682,25.83262],[88.5125,25.8242],[88.50279,25.82591],[88.5025,25.81977],[88.5128,25.8213],[88.50716,25.81372],[88.51113,25.81204],[88.51,25.80504],[88.50509,25.80664],[88.50476,25.80421],[88.50956,25.80092],[88.51,25.7951],[88.50215,25.79197],[88.50663,25.78567],[88.50679,25.7762],[88.51235,25.7765],[88.51678,25.77152],[88.52587,25.7721],[88.52802,25.76568]]}},{"type":"Feature","properties":{"level":3},"geometry":{"type":"LineString","coordinates":[[89.59294,25.88149],[89.58184,25.87761]]}},{"type":"Feature","properties":{"level":3},"geometry":{"type":"LineString","coordinates":[[89.62276,25.76109],[89.61689,25.76209],[89.6192,25.76565],[89.61567,25.76717],[89.61485,25.77319],[89.611,25.77282],[89.61043,25.77558],[89.61355,25.77631],[89.61114,25.77972],[89.60329,25.77636],[89.59654,25.77874],[89.59452,25.78468],[89.59988,25.78905],[89.59967,25.8043],[89.58441,25.80818],[89.58587,25.82249],[89.5752,25.82558],[89.57942,25.83598],[89.57266,25.84155],[89.57151,25.84939],[89.5822,25.84383],[89.57986,25.84738],[89.58331,25.84819],[89.58248,25.85566],[89.58816,25.86011],[89.58395,25.87041],[89.5942,25.87886],[89.59294,25.88149]]}},{"type":"Feature","properties":{"level":3},"geometry":{"type":"LineString","coordinates":[[88.72405,25.81929],[88.71372,25.82687],[88.70924,25.82303],[88.7004,25.82199],[88.69384,25.83197],[88.69707,25.83341],[88.69111,25.83615],[88.691,25.82811],[88.68416,25.82656],[88.68392,25.82356],[88.69179,25.82303],[88.69537,25.81684],[88.68777,25.81032],[88.68888,25.80758],[88.6842,25.80642],[88.68365,25.81045],[88.67398,25.81466],[88.6754,25.82003],[88.66826,25.83185],[88.66928,25.83992],[88.65889,25.83794],[88.65802,25.83182],[88.64336,25.83105],[88.64102,25.82659],[88.63523,25.83101],[88.62841,25.82907],[88.62322,25.83198],[88.61322,25.82839],[88.60811,25.82274],[88.6003,25.83099],[88.59733,25.84027],[88.59435,25.84061],[88.59532,25.84424],[88.59101,25.84262],[88.57542,25.85567],[88.56298,25.85793],[88.56191,25.87444],[88.55145,25.88196]]}},{"type":"Feature","properties":{"level":3},"geometry":{"type":"LineString","coordinates":[[88.55145,25.88196],[88.54936,25.88378],[88.54649,25.88054],[88.54189,25.88102],[88.54337,25.87635],[88.53806,25.87835],[88.53049,25.87632],[88.52106,25.88147],[88.51256,25.87761]]}},{"type":"Feature","properties":{"level":2},"geometry":{"type":"LineString","coordinates":[[89.45811,25.79105],[89.46084,25.80185],[89.45795,25.80495],[89.45867,25.81264],[89.46357,25.81457],[89.46502,25.81183],[89.46652,25.81451],[89.47013,25.81178],[89.46736,25.8147],[89.46938,25.81857],[89.46579,25.8174],[89.46234,25.82259],[89.45835,25.8225],[89.45311,25.81656],[89.45059,25.81738],[89.4514,25.82313],[89.45681,25.82748],[89.46623,25.8278],[89.46821,25.83121],[89.47443,25.83202],[89.47751,25.83976],[89.48182,25.83935],[89.48455,25.83676],[89.48248,25.83545],[89.48459,25.82715],[89.4902,25.82226],[89.48829,25.81893],[89.49692,25.81787],[89.4923,25.81446],[89.51929,25.8108],[89.52062,25.81976],[89.51726,25.82061],[89.51756,25.82531],[89.52227,25.82403],[89.52277,25.81948],[89.52956,25.81957],[89.53599,25.82833],[89.5364,25.84466],[89.5297,25.864],[89.55239,25.86024],[89.55596,25.86668],[89.55473,25.8747],[89.57428,25.88067],[89.57478,25.88849]]}},{"type":"Feature","properties":{"level":3},"geometry":{"type":"LineString","coordinates":[[89.58184,25.87761],[89.57478,25.88849]]}},{"type":"Feature","properties":{"level":2},"geometry":{"type":"LineString","coordinates":[[89.33557,25.85119],[89.32936,25.85699],[89.31777,25.85819],[89.31451,25.86478],[89.30695,25.86702],[89.29427,25.88075],[89.29168,25.89044]]}},{"type":"Feature","properties":{"level":3},"geometry":{"type":"LineString","coordinates":[[89.59294,25.88149],[89.60356,25.88869],[89.61,25.90504],[89.61788,25.90376],[89.61694,25.89475],[89.61198,25.88951],[89.61444,25.87427],[89.64451,25.88429],[89.64859,25.89047],[89.64561,25.8917],[89.64747,25.88822],[89.63711,25.88856],[89.63517,25.8916],[89.64055,25.89321],[89.6463,25.90153]]}},{"type":"Feature","properties":{"level":3},"geometry":{"type":"LineString","coordinates":[[88.51256,25.87761],[88.5074,25.8843],[88.50276,25.88459],[88.49931,25.90034],[88.49264,25.90076],[88.49686,25.90635]]}},{"type":"Feature","properties":{"level":2},"geometry":{"type":"LineString","coordinates":[[88.49532,25.90768],[88.49686,25.90635]]}},{"type":"Feature","properties":{"level":2},"geometry":{"type":"LineString","coordinates":[[88.42861,25.6693],[88.43157,25.67242],[88.42618,25.67703],[88.43058,25.68191],[88.42919,25.68848],[88.43764,25.6863],[88.44004,25.68857],[88.43562,25.69563],[88.43655,25.70912],[88.42711,25.70804],[88.42362,25.71456],[88.43471,25.71838],[88.42535,25.72299],[88.42877,25.72935],[88.42321,25.7329],[88.42029,25.7308],[88.41329,25.73721],[88.41442,25.73294],[88.40931,25.7325],[88.40894,25.72769],[88.40205,25.72925],[88.39885,25.73506],[88.40093,25.73885],[88.3953,25.73919],[88.39184,25.74475],[88.39309,25.75051],[88.38881,25.75416],[88.39093,25.75993],[88.38666,25.76306],[88.38728,25.78159],[88.38257,25.79348],[88.38658,25.79383],[88.3891,25.80334],[88.38525,25.80826],[88.39056,25.81234],[88.386,25.82325],[88.38625,25.8402],[88.39798,25.84279],[88.40316,25.86618],[88.40899,25.86981],[88.41127,25.86356],[88.41528,25.86327],[88.42175,25.85643],[88.42553,25.86209],[88.41679,25.87036],[88.42298,25.87197],[88.43534,25.86645],[88.43526,25.87284],[88.44262,25.87235],[88.44385,25.86287],[88.45288,25.85936],[88.45974,25.86304],[88.46064,25.87435],[88.46625,25.87245],[88.46844,25.86427],[88.48037,25.86425],[88.47996,25.86697],[88.48325,25.86626],[88.48545,25.86997],[88.48288,25.87876],[88.48457,25.88605],[88.47963,25.88602],[88.47525,25.89072],[88.48215,25.88888],[88.47814,25.895],[88.48053,25.90472],[88.49532,25.90768]]}},{"type":"Feature","properties":{"level":3},"geometry":{"type":"LineString","coordinates":[[89.6698,25.91496],[89.66844,25.90567],[89.67164,25.90584],[89.67518,25.91443],[89.67586,25.90929],[89.68221,25.90603],[89.68008,25.90013],[89.68827,25.89649],[89.68647,25.89288],[89.67368,25.88892],[89.68053,25.87784],[89.69467,25.88167],[89.69248,25.88637],[89.6961,25.88851],[89.69181,25.8909],[89.69772,25.8914],[89.69741,25.89632],[89.70658,25.89734],[89.70785,25.89423],[89.70025,25.89209],[89.69749,25.88345],[89.72778,25.88185],[89.72777,25.87575],[89.73266,25.8756],[89.73727,25.86698],[89.74597,25.86618],[89.75359,25.85963],[89.75566,25.85171],[89.7818,25.85514],[89.78537,25.8516],[89.80304,25.8597],[89.83372,25.85613]]}},{"type":"Feature","properties":{"level":3},"geometry":{"type":"LineString","coordinates":[[89.6463,25.90153],[89.65867,25.90008],[89.65912,25.91139],[89.66503,25.91249],[89.66522,25.91633],[89.6698,25.91496]]}},{"type":"Feature","properties":{"level":2},"geometry":{"type":"LineString","coordinates":[[88.49686,25.90635],[88.50733,25.91316],[88.5081,25.9173],[88.50314,25.91491],[88.50147,25.92027]]}},{"type":"Feature","properties":{"level":3},"geometry":{"type":"LineString","coordinates":[[88.95459,25.86447],[88.94948,25.86859],[88.95451,25.87311],[88.95133,25.87365],[88.95467,25.87638],[88.9503,25.88545],[88.95762,25.89835],[88.96302,25.93012],[88.96577,25.93398],[88.97049,25.93367],[88.97245,25.94086],[88.97847,25.94191],[88.97229,25.94317],[88.97661,25.94561],[88.97142,25.9466],[88.97177,25.95735],[88.96629,25.96321]]}},{"type":"Feature","properties":{"level":2},"geometry":{"type":"LineString","coordinates":[[89.10847,25.96634],[89.1111,25.96062],[89.10259,25.94048],[89.09453,25.93703],[89.10099,25.93367],[89.10492,25.93593],[89.10072,25.93008],[89.10426,25.92547],[89.10044,25.91786],[89.10378,25.91273],[89.09865,25.90765],[89.10081,25.89957],[89.10709,25.89847],[89.11137,25.8895],[89.11786,25.88639],[89.1164,25.88168],[89.10406,25.87548],[89.10512,25.86773],[89.09747,25.86073],[89.10227,25.85207],[89.08947,25.84729],[89.08949,25.83811]]}},{"type":"Feature","properties":{"level":2},"geometry":{"type":"LineString","coordinates":[[89.29168,25.89044],[89.28079,25.8969],[89.26556,25.89066],[89.26039,25.8978],[89.25366,25.89742],[89.23632,25.90493],[89.22485,25.9176],[89.2238,25.92328],[89.21914,25.9206],[89.20206,25.94586],[89.19332,25.9487],[89.18425,25.95667],[89.15897,25.95756],[89.14319,25.96713]]}},{"type":"Feature","properties":{"level":2},"geometry":{"type":"LineString","coordinates":[[89.14319,25.96713],[89.1334,25.96662],[89.12713,25.96237],[89.11937,25.96855]]}},{"type":"Feature","properties":{"level":2},"geometry":{"type":"LineString","coordinates":[[89.11937,25.96855],[89.10847,25.96634]]}},{"type":"Feature","properties":{"level":3},"geometry":{"type":"LineString","coordinates":[[88.37518,25.97645],[88.38386,25.97257],[88.38561,25.96812],[88.382,25.96684],[88.3813,25.96278],[88.38556,25.95767],[88.38846,25.96602],[88.38785,25.95566],[88.39174,25.95381],[88.39675,25.95602],[88.40102,25.96388],[88.41793,25.96602],[88.42704,25.9629],[88.4262,25.95867],[88.43116,25.95131],[88.43445,25.95154],[88.43522,25.95619],[88.44754,25.95721],[88.45041,25.95372],[88.44812,25.94984],[88.43419,25.93695],[88.44204,25.94201],[88.44095,25.9353],[88.43597,25.93573],[88.44376,25.93227],[88.44623,25.93443],[88.45139,25.92795],[88.44242,25.91562],[88.44611,25.90482],[88.45169,25.90598],[88.45202,25.91375],[88.46705,25.91392],[88.47199,25.91102],[88.47253,25.91505],[88.47734,25.91504],[88.48408,25.92134],[88.50147,25.92027]]}},{"type":"Feature","properties":{"level":3},"geometry":{"type":"LineString","coordinates":[[88.26087,25.81286],[88.26573,25.82052],[88.26089,25.8244],[88.26073,25.83157],[88.25301,25.83012],[88.25094,25.83715],[88.25295,25.8425],[88.25946,25.84864],[88.26898,25.84719],[88.27909,25.85254],[88.28517,25.85035],[88.29201,25.86474],[88.30404,25.86186],[88.3156,25.88791],[88.32134,25.88739],[88.32003,25.89652],[88.32901,25.90118],[88.32332,25.93182],[88.32957,25.93869],[88.33028,25.96134],[88.3422,25.96335],[88.34704,25.96875],[88.34661,25.97901]]}},{"type":"Feature","properties":{"level":3},"geometry":{"type":"LineString","coordinates":[[88.34661,25.97901],[88.35775,25.97746],[88.35988,25.97058],[88.37008,25.97975],[88.37518,25.97645]]}},{"type":"Feature","properties":{"level":2},"geometry":{"type":"LineString","coordinates":[[89.57478,25.88849],[89.5697,25.88464],[89.55807,25.88614],[89.55678,25.8836],[89.54488,25.88849],[89.5419,25.89728],[89.53281,25.89874],[89.52916,25.91462],[89.51752,25.91621],[89.51712,25.92619],[89.51176,25.93303],[89.50896,25.93221],[89.51312,25.94089],[89.50393,25.96542],[89.49963,25.96658],[89.50306,25.97066],[89.49181,25.96287],[89.48402,25.96176],[89.47538,25.97221],[89.47539,25.98106]]}},{"type":"Feature","properties":{"level":3},"geometry":{"type":"LineString","coordinates":[[89.10847,25.96634],[89.10332,25.96315],[89.09704,25.96535],[89.09773,25.96287],[89.08645,25.95704],[89.07741,25.95887],[89.07248,25.95435],[89.06494,25.96059],[89.04717,25.96154],[89.03473,25.9668],[89.03433,25.97385],[89.02507,25.97233],[89.0227,25.97688],[89.02014,25.97554],[89.02148,25.97187],[89.00976,25.96984],[89.01024,25.97974],[89.00395,25.97677],[88.99792,25.98213],[89.00163,25.98273],[88.99758,25.98691]]}},{"type":"Feature","properties":{"level":3},"geometry":{"type":"LineString","coordinates":[[88.99758,25.98691],[88.99446,25.98749],[88.99669,25.98656],[88.99367,25.98428],[89.00018,25.97806],[88.99791,25.96801],[88.98706,25.97093],[88.98663,25.96048],[88.96629,25.96321]]}},{"type":"Feature","properties":{"level":2},"geometry":{"type":"LineString","coordinates":[[89.14319,25.96713],[89.12639,25.98028],[89.12172,25.98963]]}},{"type":"Feature","properties":{"level":3},"geometry":{"type":"LineString","coordinates":[[88.13457,25.99824],[88.14641,25.99156],[88.15993,25.99415],[88.16863,25.99018],[88.16613,25.9838],[88.16908,25.97826],[88.16639,25.95957],[88.17606,25.95681],[88.18213,25.96538],[88.18674,25.96163],[88.19013,25.94553],[88.19965,25.93775],[88.19651,25.9301],[88.1822,25.92675],[88.18048,25.91886],[88.18477,25.91255],[88.19599,25.91113],[88.1897,25.89348],[88.19122,25.89045],[88.20458,25.88602],[88.20252,25.87979],[88.19714,25.88112],[88.19783,25.87795],[88.19261,25.87494],[88.19606,25.87282],[88.19193,25.8734],[88.19471,25.86864],[88.19071,25.86423],[88.19428,25.86201],[88.19058,25.85302],[88.19747,25.85284],[88.20036,25.84149],[88.20933,25.8338],[88.2082,25.83192],[88.22432,25.83437],[88.23197,25.83954],[88.23143,25.83446],[88.23413,25.83486],[88.24071,25.82195],[88.23624,25.81916],[88.23867,25.81623],[88.23603,25.81325],[88.23961,25.81258],[88.24002,25.80902]]}},{"type":"Feature","properties":{"level":0},"geometry":{"type":"LineString","coordinates":[[88.24002,25.80902],[88.23555,25.80849],[88.23074,25.80258],[88.23281,25.80038],[88.23088,25.79718],[88.21504,25.80099],[88.20832,25.78771],[88.20006,25.78991],[88.19338,25.8017],[88.1838,25.80185],[88.17953,25.79703],[88.18064,25.79393],[88.17577,25.79356],[88.17308,25.78726],[88.1653,25.78991],[88.1596,25.78788],[88.15926,25.78266],[88.15151,25.77607],[88.14644,25.77643],[88.14859,25.78152],[88.14167,25.78037],[88.1444,25.79375],[88.13158,25.79822],[88.11462,25.79817],[88.11998,25.81228],[88.10734,25.81475],[88.11122,25.82173],[88.10073,25.8291],[88.10826,25.83718],[88.10113,25.84365],[88.10846,25.84639],[88.11384,25.8531],[88.11011,25.85928],[88.11122,25.86664],[88.1064,25.86742],[88.103,25.86122],[88.1017,25.87169],[88.09642,25.87082],[88.09369,25.87409],[88.10281,25.88919],[88.09036,25.89605],[88.09358,25.91115],[88.09054,25.91466],[88.08664,25.91342],[88.08572,25.91671],[88.09734,25.93428],[88.11088,25.93349],[88.11229,25.94357],[88.12222,25.94824],[88.11432,25.95788],[88.115,25.96262],[88.1238,25.96597],[88.11944,25.97188],[88.12772,25.97663],[88.12736,25.98355],[88.13084,25.98911],[88.12906,25.99526],[88.13457,25.99824]]}},{"type":"Feature","properties":{"level":0},"geometry":{"type":"LineString","coordinates":[[89.45772,26.00095],[89.47983,25.99706],[89.48209,25.99095],[89.47453,25.98443],[89.47539,25.98106]]}},{"type":"Feature","properties":{"level":3},"geometry":{"type":"LineString","coordinates":[[88.30662,26.00145],[88.31407,25.99393],[88.32188,25.99398],[88.32527,25.99997],[88.33235,25.9982],[88.33278,25.99255],[88.33744,25.99161],[88.33657,25.98468],[88.34636,25.98306],[88.34661,25.97901]]}},{"type":"Feature","properties":{"level":3},"geometry":{"type":"LineString","coordinates":[[89.45772,26.00095],[89.44033,25.99778],[89.44249,25.99416],[89.43714,25.98142],[89.44068,25.97985],[89.43826,25.97878],[89.44046,25.97251],[89.4323,25.96712],[89.43764,25.9569],[89.43919,25.93476],[89.43587,25.93215],[89.43715,25.92975],[89.42478,25.92615],[89.42358,25.92313],[89.41365,25.92406],[89.4206,25.91909],[89.41415,25.91593],[89.41328,25.90693],[89.418,25.90931],[89.41765,25.90447],[89.40952,25.90063],[89.40709,25.90377],[89.40066,25.89854],[89.39934,25.90035],[89.40042,25.89621],[89.39451,25.89497],[89.38801,25.88364],[89.37753,25.88181],[89.37963,25.87534],[89.35089,25.87425],[89.35131,25.88263],[89.34745,25.88395],[89.34669,25.86896],[89.34954,25.87034],[89.34515,25.86352],[89.34696,25.86183],[89.34954,25.86645],[89.35085,25.86204],[89.3358,25.8584],[89.33557,25.85119]]}},{"type":"Feature","properties":{"level":3},"geometry":{"type":"LineString","coordinates":[[88.71231,26.00841],[88.71187,26.00044],[88.70286,25.99175],[88.70884,25.98763],[88.71694,25.99322],[88.72259,25.98811],[88.71815,25.97623],[88.7186,25.96633],[88.70798,25.96358],[88.7176,25.95744],[88.71567,25.94951],[88.72042,25.93896],[88.71629,25.93699],[88.71659,25.93261],[88.71184,25.93178],[88.71659,25.92996],[88.71327,25.92948],[88.7132,25.92578],[88.72838,25.92309],[88.72631,25.91717],[88.72913,25.91018],[88.72104,25.87629],[88.72213,25.87075],[88.72849,25.86435],[88.72502,25.85622],[88.73378,25.84036],[88.73147,25.83338],[88.73512,25.82512],[88.72405,25.81929]]}},{"type":"Feature","properties":{"level":3},"geometry":{"type":"LineString","coordinates":[[89.29168,25.89044],[89.29376,25.89358],[89.29005,25.89899],[89.27827,25.90452],[89.27721,25.91786],[89.28018,25.91987],[89.28194,25.91609],[89.27978,25.92518],[89.28225,25.92665],[89.27746,25.93432],[89.28435,25.93591],[89.29114,25.93164],[89.30186,25.93165],[89.30299,25.93474],[89.29894,25.93608],[89.30374,25.93945],[89.30111,25.94266],[89.31482,25.94373],[89.31498,25.94962],[89.32067,25.9547],[89.31992,25.96017],[89.32385,25.9647],[89.32085,25.96822],[89.32616,25.9738],[89.3237,25.97878],[89.32736,25.9804],[89.32711,25.9856],[89.33338,25.98771],[89.33207,25.99025],[89.33601,25.98598],[89.34175,25.99172],[89.34989,25.9891],[89.36265,25.99357],[89.36583,25.99956],[89.36469,26.00904]]}},{"type":"Feature","properties":{"level":2},"geometry":{"type":"LineString","coordinates":[[88.73579,26.01616],[88.73627,26.00588],[88.74614,25.9853],[88.74324,25.96929],[88.74873,25.95832],[88.749,25.94869],[88.74224,25.9422],[88.75418,25.93417],[88.75717,25.94158],[88.77648,25.93992],[88.79943,25.92743],[88.80278,25.92007],[88.7995,25.9139],[88.80187,25.90009],[88.81486,25.88027],[88.81774,25.86077],[88.82437,25.85872],[88.82428,25.84867],[88.81989,25.84317],[88.82302,25.84275],[88.82629,25.83416],[88.82539,25.81771],[88.82977,25.81177],[88.83953,25.81316],[88.84454,25.8105]]}},{"type":"Feature","properties":{"level":2},"geometry":{"type":"LineString","coordinates":[[88.73397,26.01832],[88.73579,26.01616]]}},{"type":"Feature","properties":{"level":2},"geometry":{"type":"LineString","coordinates":[[88.71231,26.00841],[88.71945,26.008],[88.72633,26.01718],[88.73397,26.01832]]}},{"type":"Feature","properties":{"level":0},"geometry":{"type":"LineString","coordinates":[[88.13457,25.99824],[88.13581,26.00051],[88.14029,25.99722],[88.14381,26.00093],[88.13933,26.0131],[88.14822,26.01353],[88.14747,26.01639],[88.16404,26.02134],[88.17676,26.02147],[88.18241,26.02663],[88.1819,26.02984],[88.17875,26.02999]]}},{"type":"Feature","properties":{"level":0},"geometry":{"type":"LineString","coordinates":[[89.5921,26.03456],[89.59546,26.03612]]}},{"type":"Feature","properties":{"level":3},"geometry":{"type":"LineString","coordinates":[[89.6463,25.90153],[89.64402,25.90922],[89.63609,25.91352],[89.65033,25.91962],[89.64893,25.92529],[89.65539,25.92728],[89.646,25.93495],[89.64262,25.93292],[89.64098,25.93702],[89.64471,25.94058],[89.63788,25.94061],[89.62946,25.94748],[89.62241,25.96546],[89.61742,25.9658],[89.61885,25.97076],[89.62955,25.97009],[89.63026,25.9736],[89.61938,25.97783],[89.61937,25.98209],[89.61549,25.98102],[89.61326,25.98503],[89.61702,25.98624],[89.6195,25.99211],[89.6116,26.01769],[89.6134,26.02686],[89.60752,26.0281],[89.60669,26.03359],[89.59546,26.03612]]}},{"type":"Feature","properties":{"level":0},"geometry":{"type":"LineString","coordinates":[[89.47539,25.98106],[89.48484,25.99179],[89.48358,25.99919],[89.49161,26.00625],[89.50695,26.00145],[89.51982,26.00843],[89.52106,26.00504],[89.52897,26.00582],[89.536,26.00192],[89.5385,26.00488],[89.53286,26.00502],[89.53971,26.00572],[89.54412,25.99956],[89.54852,25.99999],[89.53576,25.98911],[89.53631,25.98513],[89.54233,25.98304],[89.538,25.97477],[89.54,25.97014],[89.55789,25.96506],[89.55779,25.96896],[89.56317,25.97065],[89.5665,25.97985],[89.56882,25.9782],[89.56838,25.96782],[89.57694,25.9683],[89.57709,25.97722],[89.57366,25.9776],[89.57569,25.981],[89.57741,25.97798],[89.5835,25.97921],[89.5845,25.97526],[89.587,25.97962],[89.58393,25.98894],[89.58587,25.99731],[89.57777,26.00649],[89.58015,26.01008],[89.57756,26.02497],[89.58407,26.02477],[89.58256,26.03165],[89.58687,26.03851],[89.5921,26.03456]]}},{"type":"Feature","properties":{"level":0},"geometry":{"type":"LineString","coordinates":[[89.77508,26.03673],[89.78061,26.04134],[89.78592,26.04129],[89.78969,26.04056],[89.78723,26.03708],[89.79115,26.03497],[89.79297,26.04284],[89.80147,26.04079],[89.79223,26.02734],[89.79277,26.02307],[89.78728,26.02198],[89.7905,26.01856],[89.80191,26.03303],[89.80475,26.04467],[89.80871,26.04415],[89.81881,26.02633],[89.81473,26.01986],[89.82156,26.01033],[89.81818,26.00385],[89.82056,25.99781],[89.8149,25.99723],[89.82078,25.98688],[89.83619,25.98274],[89.83004,26.00368],[89.83029,26.01075],[89.83485,26.01353],[89.84393,26.00646],[89.85085,25.98983],[89.86596,25.98312],[89.86771,25.97909],[89.87074,25.98139],[89.87293,25.97522],[89.86627,25.97141],[89.85571,25.96842],[89.84428,25.97133],[89.83819,25.968],[89.84948,25.94902],[89.82949,25.95491],[89.82589,25.95195],[89.82512,25.94524],[89.84217,25.94414],[89.83923,25.94104],[89.8423,25.94001],[89.87614,25.94662],[89.88668,25.94543],[89.87834,25.92395],[89.86061,25.907],[89.8487,25.89265],[89.84802,25.88747],[89.83217,25.87044],[89.83372,25.85613]]}},{"type":"Feature","properties":{"level":0},"geometry":{"type":"LineString","coordinates":[[89.36469,26.00904],[89.37377,26.01192],[89.39324,26.00813],[89.39477,26.01291],[89.3911,26.02296],[89.40688,26.03198],[89.40699,26.04172],[89.41964,26.0427],[89.42453,26.04464],[89.42418,26.04745],[89.43072,26.04215],[89.43422,26.03171],[89.42774,26.01395],[89.44847,26.00791],[89.45772,26.00095]]}},{"type":"Feature","properties":{"level":0},"geometry":{"type":"LineString","coordinates":[[89.27723,26.04952],[89.29638,26.04575],[89.30037,26.05095],[89.30049,26.04818],[89.30787,26.04581],[89.31601,26.03723],[89.31969,26.0395],[89.3253,26.03669],[89.32955,26.02825],[89.33291,26.02968],[89.33657,26.02626],[89.33512,26.02086],[89.33891,26.02141],[89.33832,26.01829],[89.34598,26.01489],[89.34955,26.01646],[89.34563,26.01372],[89.34713,26.0118],[89.36469,26.00904]]}},{"type":"Feature","properties":{"level":2},"geometry":{"type":"LineString","coordinates":[[88.73579,26.01616],[88.74426,26.02659],[88.75017,26.02813],[88.75389,26.02457],[88.75939,26.02516],[88.7574,26.03849],[88.76179,26.03665],[88.76191,26.04428],[88.76747,26.04644],[88.76939,26.05356],[88.77484,26.0546]]}},{"type":"Feature","properties":{"level":3},"geometry":{"type":"LineString","coordinates":[[88.96629,25.96321],[88.95486,25.97067],[88.94725,25.96569],[88.9477,25.95961],[88.92582,25.98236],[88.91356,25.98618],[88.91676,25.99323],[88.91349,25.99652],[88.90275,26.00171],[88.89593,25.99791],[88.89543,26.00155],[88.88972,26.00119],[88.88892,26.01781],[88.88519,26.01706],[88.87788,26.02422],[88.88272,26.03596],[88.87742,26.03406],[88.87169,26.03949],[88.87342,26.04274],[88.87979,26.04194],[88.8803,26.05149],[88.87295,26.05412],[88.86767,26.05101],[88.86288,26.05288],[88.86354,26.05543]]}},{"type":"Feature","properties":{"level":2},"geometry":{"type":"LineString","coordinates":[[88.6248,26.05716],[88.63043,26.04963],[88.6445,26.04446],[88.66741,26.01451],[88.69957,26.01642],[88.70064,26.00785],[88.71231,26.00841]]}},{"type":"Feature","properties":{"level":3},"geometry":{"type":"LineString","coordinates":[[88.30662,26.00145],[88.29922,26.00405],[88.29275,26.00161],[88.29285,25.99561],[88.29035,25.99605],[88.28779,25.98991],[88.27082,25.99208],[88.26581,25.99994],[88.27251,26.02151],[88.26585,26.02259],[88.26167,26.01645],[88.25449,26.02009],[88.24546,26.01783],[88.23766,26.02338],[88.23674,26.02751],[88.24326,26.03782],[88.2319,26.04317],[88.2314,26.05093],[88.23407,26.05323],[88.23232,26.05727],[88.22829,26.05767]]}},{"type":"Feature","properties":{"level":3},"geometry":{"type":"LineString","coordinates":[[88.86354,26.05543],[88.85957,26.05818],[88.85609,26.05065],[88.84031,26.0471],[88.83855,26.04477],[88.84141,26.04135],[88.84899,26.03957],[88.84465,26.03757],[88.83024,26.03635],[88.83078,26.04184],[88.82466,26.04185],[88.82576,26.03264],[88.82034,26.03085],[88.81413,26.0325],[88.81167,26.03883],[88.80389,26.04466],[88.79065,26.0481],[88.78418,26.056],[88.77484,26.0546]]}},{"type":"Feature","properties":{"level":2},"geometry":{"type":"LineString","coordinates":[[88.62277,26.05819],[88.6248,26.05716]]}},{"type":"Feature","properties":{"level":3},"geometry":{"type":"LineString","coordinates":[[89.27723,26.04952],[89.27451,26.03724],[89.27751,26.03362],[89.27419,26.02645],[89.27201,26.02862],[89.25989,26.02731],[89.25674,26.03276],[89.2533,26.03281],[89.24678,26.01871],[89.235,26.02237],[89.23113,26.03839],[89.22445,26.04419],[89.21572,26.0457],[89.21097,26.05845],[89.19796,26.05176],[89.19077,26.0578]]}},{"type":"Feature","properties":{"level":3},"geometry":{"type":"LineString","coordinates":[[89.19077,26.0578],[89.17782,26.05831],[89.17181,26.04473],[89.16754,26.04573],[89.16253,26.04135],[89.16333,26.02334],[89.13319,26.02513],[89.14155,25.9993],[89.1286,25.98727],[89.12172,25.98963]]}},{"type":"Feature","properties":{"level":3},"geometry":{"type":"LineString","coordinates":[[88.22829,26.05767],[88.22495,26.05934],[88.22332,26.05561],[88.21494,26.05777],[88.21005,26.04991],[88.20629,26.05379],[88.19933,26.04721],[88.19809,26.04017],[88.18459,26.03542],[88.17875,26.02999]]}},{"type":"Feature","properties":{"level":2},"geometry":{"type":"LineString","coordinates":[[88.50147,25.92027],[88.50297,25.92557],[88.49907,25.9271],[88.49782,25.92463],[88.49474,25.92908],[88.50596,25.92743],[88.50677,25.91946],[88.50958,25.92728],[88.50545,25.93329],[88.51137,25.94275],[88.51655,25.94303],[88.52392,25.95323],[88.53659,25.95317],[88.53772,25.96527],[88.53184,25.96997],[88.5283,25.97913],[88.52859,25.9904],[88.53163,25.99442],[88.53925,25.99594],[88.54121,26.00169],[88.54435,25.99882],[88.54127,26.00875],[88.54467,26.02021],[88.55256,26.01874],[88.55233,26.02433],[88.5548,26.02105],[88.55682,26.02494],[88.56533,26.02476],[88.5527,26.02957],[88.56838,26.02786],[88.57267,26.02116],[88.58789,26.02121],[88.59261,26.02373],[88.59432,26.03121],[88.60891,26.03627],[88.60769,26.04971],[88.60487,26.05224],[88.61326,26.05971],[88.61819,26.05792],[88.6145,26.06388],[88.62277,26.05819]]}},{"type":"Feature","properties":{"level":0},"geometry":{"type":"LineString","coordinates":[[89.59546,26.03612],[89.59686,26.04004],[89.59154,26.04455],[89.59837,26.04431],[89.6121,26.05316],[89.61193,26.0577],[89.60711,26.05716],[89.60488,26.06012],[89.60561,26.06422],[89.61001,26.05953],[89.61703,26.06005],[89.61537,26.05567],[89.61858,26.05319],[89.62647,26.05736],[89.62876,26.06213],[89.64806,26.06199]]}},{"type":"Feature","properties":{"level":3},"geometry":{"type":"LineString","coordinates":[[89.77508,26.03673],[89.77129,26.03115],[89.76539,26.03385],[89.76548,26.03837],[89.76997,26.04163],[89.77065,26.05039],[89.76635,26.05444],[89.76075,26.05154],[89.76118,26.03944],[89.75568,26.04097],[89.75219,26.03491],[89.7353,26.03507],[89.72462,26.02719],[89.72023,26.02655],[89.72511,26.0308],[89.7179,26.03973],[89.71361,26.03737],[89.71882,26.0316],[89.71451,26.03494],[89.71462,26.0306],[89.70592,26.0332],[89.707,26.04115],[89.70108,26.04918],[89.69149,26.04798],[89.68442,26.03731],[89.68141,26.04137],[89.67752,26.03721],[89.67132,26.03809],[89.67749,26.04714],[89.6729,26.04613],[89.67078,26.05263],[89.68218,26.05103],[89.68677,26.05637],[89.68048,26.05347],[89.67647,26.05626],[89.67238,26.05435],[89.67406,26.05833],[89.67946,26.05888],[89.66726,26.06228],[89.67705,26.06357],[89.67285,26.06483],[89.67453,26.07133]]}},{"type":"Feature","properties":{"level":3},"geometry":{"type":"LineString","coordinates":[[89.67453,26.07133],[89.66833,26.07132],[89.67125,26.06536],[89.66107,26.05893],[89.65906,26.0601],[89.66115,26.06363],[89.65144,26.0701],[89.65197,26.05999],[89.64806,26.06199]]}},{"type":"Feature","properties":{"level":2},"geometry":{"type":"LineString","coordinates":[[88.6248,26.05716],[88.63639,26.0716],[88.63205,26.07506],[88.6354,26.0764],[88.6352,26.08098],[88.64118,26.08522]]}},{"type":"Feature","properties":{"level":2},"geometry":{"type":"LineString","coordinates":[[89.12172,25.98963],[89.1135,25.99727],[89.10176,26.02776],[89.10406,26.0277],[89.09594,26.03537],[89.09918,26.03761],[89.098,26.04789],[89.09252,26.06181],[89.0958,26.06439],[89.09387,26.07178],[89.10083,26.07744],[89.09067,26.09008]]}},{"type":"Feature","properties":{"level":3},"geometry":{"type":"LineString","coordinates":[[89.09067,26.09008],[89.07366,26.09019],[89.07221,26.08501],[89.0668,26.08182],[89.05734,26.08688],[89.05291,26.08025],[89.04455,26.08206],[89.03802,26.0898],[89.03021,26.09078],[89.01542,26.08345],[89.02107,26.07648],[89.0212,26.06937],[88.99006,26.07956],[88.97197,26.09331],[88.91777,26.1063],[88.89175,26.11925]]}},{"type":"Feature","properties":{"level":3},"geometry":{"type":"LineString","coordinates":[[88.89175,26.11925],[88.8862,26.12062]]}},{"type":"Feature","properties":{"level":3},"geometry":{"type":"LineString","coordinates":[[88.8862,26.12062],[88.88373,26.11987],[88.88425,26.10518],[88.88033,26.10423],[88.87633,26.09498],[88.87804,26.08681],[88.86595,26.08219],[88.86765,26.07545],[88.87171,26.07364],[88.86886,26.06907],[88.87213,26.05504],[88.86354,26.05543]]}},{"type":"Feature","properties":{"level":3},"geometry":{"type":"LineString","coordinates":[[88.36811,26.17815],[88.35685,26.16397],[88.35301,26.16348],[88.35268,26.15379],[88.33052,26.1349],[88.34204,26.13306],[88.34334,26.12979],[88.34578,26.1318],[88.34369,26.11966],[88.36276,26.12115],[88.3456,26.10337],[88.34991,26.10126],[88.34238,26.09954],[88.34169,26.09415],[88.3303,26.0965],[88.32461,26.08377],[88.31572,26.08493],[88.31324,26.08222],[88.31973,26.07274],[88.31688,26.07073],[88.32021,26.06765],[88.31776,26.06402],[88.31896,26.05179],[88.30329,26.03168],[88.3065,26.02394],[88.30419,26.01145],[88.31097,26.00491],[88.3045,26.0023],[88.30662,26.00145]]}},{"type":"Feature","properties":{"level":2},"geometry":{"type":"LineString","coordinates":[[88.64118,26.08522],[88.6352,26.10214],[88.63076,26.10536],[88.63152,26.10932],[88.62648,26.113],[88.61795,26.12975],[88.60088,26.14315],[88.58357,26.14426],[88.58328,26.15031],[88.57253,26.15245],[88.56875,26.15879],[88.56375,26.16046],[88.56571,26.16332],[88.5588,26.16729],[88.56071,26.17398],[88.54398,26.18083],[88.54695,26.18846]]}},{"type":"Feature","properties":{"level":2},"geometry":{"type":"LineString","coordinates":[[88.36811,26.17815],[88.35099,26.18205],[88.3481,26.18778],[88.34356,26.18944],[88.32935,26.18497],[88.33348,26.19117],[88.31999,26.20313]]}},{"type":"Feature","properties":{"level":0},"geometry":{"type":"LineString","coordinates":[[88.31877,26.20356],[88.31999,26.20313]]}},{"type":"Feature","properties":{"level":2},"geometry":{"type":"LineString","coordinates":[[88.54695,26.18846],[88.53656,26.18342],[88.53437,26.17797],[88.53007,26.18153],[88.52141,26.17964],[88.52017,26.19366],[88.51628,26.20061],[88.51465,26.19834],[88.50261,26.20292],[88.47898,26.20394],[88.4686,26.20182],[88.47224,26.19702],[88.4673,26.19747],[88.46629,26.19282],[88.4623,26.19178],[88.45758,26.19313],[88.45922,26.19658],[88.43674,26.19848],[88.43208,26.19596],[88.43345,26.19879],[88.42979,26.20116],[88.4199,26.1997],[88.40839,26.20366],[88.41076,26.2011],[88.40866,26.19758],[88.41347,26.19678],[88.40451,26.19437],[88.40048,26.19864],[88.3845,26.20047],[88.38585,26.18996],[88.38201,26.1812],[88.37505,26.18276],[88.36811,26.17815]]}},{"type":"Feature","properties":{"level":0},"geometry":{"type":"LineString","coordinates":[[88.17875,26.02999],[88.17082,26.03171],[88.17496,26.03966],[88.16918,26.04546],[88.17354,26.04946],[88.17901,26.04628],[88.17547,26.05817],[88.18017,26.05818],[88.18592,26.06351],[88.18136,26.06727],[88.18339,26.07199],[88.17285,26.07573],[88.16831,26.08312],[88.16043,26.0775],[88.15925,26.08304],[88.16495,26.08665],[88.15825,26.09493],[88.16301,26.1004],[88.16407,26.10798],[88.17253,26.11063],[88.17354,26.11902],[88.17831,26.12314],[88.17382,26.1291],[88.17973,26.13822],[88.17682,26.14216],[88.17769,26.14833],[88.18975,26.15474],[88.1961,26.15226],[88.19179,26.15658],[88.19631,26.15909],[88.19629,26.16317],[88.20452,26.15873],[88.21493,26.16198],[88.216,26.16483],[88.21224,26.1668],[88.21457,26.17003],[88.22085,26.1659],[88.22766,26.16818],[88.226,26.17252],[88.23312,26.17282],[88.23751,26.17681],[88.23308,26.18308],[88.23641,26.18227],[88.2426,26.18866],[88.24536,26.18624],[88.24874,26.19046],[88.25409,26.18547],[88.25383,26.18846],[88.25996,26.18669],[88.26388,26.1905],[88.26939,26.18657],[88.27609,26.18866],[88.27996,26.19503],[88.28395,26.19467],[88.28421,26.1991],[88.28673,26.20027],[88.28786,26.19767],[88.29171,26.20246],[88.29245,26.19933],[88.29661,26.20056],[88.29987,26.19788],[88.30142,26.2019],[88.30479,26.19942],[88.3085,26.20409],[88.31877,26.20356]]}},{"type":"Feature","properties":{"level":0},"geometry":{"type":"LineString","coordinates":[[89.68146,26.22739],[89.68567,26.23023],[89.68701,26.22576],[89.68348,26.22322],[89.68921,26.2218],[89.68527,26.21949],[89.67887,26.22348],[89.67827,26.21733],[89.68313,26.20837],[89.69129,26.21181],[89.68504,26.20672],[89.67604,26.20911],[89.67379,26.19986],[89.68464,26.19765],[89.68167,26.19194],[89.6861,26.18366],[89.69247,26.17624],[89.70154,26.17316],[89.69552,26.16905],[89.68408,26.1697],[89.68137,26.16365],[89.6967,26.15817],[89.7007,26.15134],[89.70853,26.15455],[89.71131,26.16683],[89.71417,26.16849],[89.71595,26.16505],[89.71852,26.16593],[89.71951,26.15573],[89.7424,26.15875],[89.74849,26.15637],[89.75489,26.13849],[89.76305,26.13704],[89.76702,26.13035],[89.7659,26.12472],[89.75587,26.11335],[89.75685,26.10814],[89.76562,26.10943],[89.77082,26.10407],[89.77937,26.10803],[89.78511,26.10457],[89.78594,26.10136],[89.78175,26.09856],[89.78636,26.09634],[89.78193,26.08376],[89.78594,26.084],[89.79011,26.08933],[89.79451,26.08896],[89.7954,26.08366],[89.79041,26.07657],[89.79676,26.07671],[89.79487,26.07358],[89.79837,26.06649],[89.79547,26.06535],[89.79849,26.06533],[89.79854,26.05995],[89.78531,26.05749],[89.7847,26.05234],[89.78855,26.04979],[89.77719,26.04318],[89.7737,26.03912],[89.77508,26.03673]]}},{"type":"Feature","properties":{"level":3},"geometry":{"type":"LineString","coordinates":[[88.89175,26.11925],[88.89649,26.13284],[88.89864,26.1584],[88.89532,26.17111],[88.88666,26.17364],[88.8847,26.17734],[88.87943,26.19612],[88.87985,26.21264],[88.87032,26.2214],[88.87745,26.22841],[88.87685,26.23292]]}},{"type":"Feature","properties":{"level":0},"geometry":{"type":"LineString","coordinates":[[89.64806,26.06199],[89.64898,26.06611],[89.6363,26.07417],[89.63303,26.08011],[89.63838,26.08988],[89.63156,26.09512],[89.63548,26.09896],[89.62973,26.10666],[89.62361,26.1077],[89.62045,26.09988],[89.6165,26.1037],[89.61309,26.10293],[89.61691,26.09487],[89.60912,26.09584],[89.60826,26.08795],[89.59347,26.10112],[89.59959,26.10306],[89.60002,26.10707],[89.59502,26.10739],[89.6003,26.10838],[89.59741,26.11256],[89.60278,26.11133],[89.60502,26.10669],[89.6147,26.10683],[89.62772,26.11423],[89.62947,26.11821],[89.62499,26.12845],[89.61885,26.11931],[89.61151,26.12751],[89.60404,26.11708],[89.60095,26.12273],[89.60712,26.12431],[89.59624,26.13481],[89.59826,26.15274],[89.5915,26.15747],[89.59885,26.1609],[89.60232,26.15671],[89.60715,26.15746],[89.60689,26.15341],[89.61048,26.15529],[89.60787,26.1586],[89.61875,26.16772],[89.61139,26.16784],[89.61079,26.17389],[89.61488,26.1725],[89.61507,26.17555],[89.60854,26.17592],[89.60862,26.18039],[89.61438,26.17612],[89.61454,26.17844],[89.62332,26.17895],[89.62145,26.17355],[89.62353,26.1708],[89.62533,26.17646],[89.63226,26.18011],[89.63687,26.17854],[89.63172,26.17187],[89.63706,26.17181],[89.63869,26.1669],[89.6464,26.16414],[89.65856,26.17624],[89.65536,26.18124],[89.64933,26.17961],[89.64302,26.18235],[89.63848,26.1785],[89.62773,26.18327],[89.62744,26.18863],[89.63111,26.18997],[89.62821,26.19189],[89.62989,26.19537],[89.63372,26.1954],[89.63764,26.18697],[89.64444,26.18453],[89.64717,26.18494],[89.64543,26.18863],[89.64753,26.18722],[89.64983,26.19029],[89.63911,26.19957],[89.63816,26.20973],[89.63246,26.21029],[89.63581,26.21733],[89.63335,26.21881],[89.63449,26.22902],[89.65574,26.219],[89.6718,26.21993],[89.67208,26.22861],[89.67873,26.23775],[89.68146,26.22739]]}},{"type":"Feature","properties":{"level":2},"geometry":{"type":"LineString","coordinates":[[89.09067,26.09008],[89.09112,26.11608],[89.09797,26.11565],[89.10197,26.1207],[89.09756,26.13564],[89.09804,26.14665],[89.07727,26.1711],[89.062,26.16993],[89.05227,26.17624],[89.04195,26.17613],[89.03897,26.17946],[89.04118,26.18326],[89.03729,26.18031],[89.03352,26.18384],[89.03257,26.19407],[89.02392,26.19591],[89.02606,26.20173],[89.03468,26.20464],[89.03923,26.22346],[89.03672,26.22856],[89.02479,26.23286],[89.02144,26.24434]]}},{"type":"Feature","properties":{"level":0},"geometry":{"type":"LineString","coordinates":[[89.02144,26.24434],[89.0234,26.24846],[89.02608,26.24708],[89.02515,26.24325],[89.03017,26.24678],[89.03567,26.24187]]}},{"type":"Feature","properties":{"level":0},"geometry":{"type":"LineString","coordinates":[[89.1206,26.25163],[89.13071,26.24798],[89.1324,26.25202],[89.13817,26.24723],[89.13092,26.24725],[89.1305,26.24254],[89.13193,26.239],[89.13599,26.24004],[89.13421,26.23675],[89.13984,26.23706],[89.13932,26.22802],[89.14348,26.22087],[89.14162,26.21487],[89.14947,26.20859],[89.1391,26.198],[89.14064,26.1952],[89.13424,26.18196],[89.1371,26.17607],[89.14095,26.17529],[89.14064,26.16921],[89.14883,26.16971],[89.15231,26.16374],[89.15682,26.16234],[89.15533,26.15906],[89.14822,26.15809],[89.15484,26.13863],[89.16003,26.1392],[89.1587,26.13627],[89.16176,26.1365],[89.16678,26.12943],[89.17538,26.13133],[89.19184,26.12319],[89.20097,26.12814],[89.21215,26.1243],[89.21915,26.12573],[89.22698,26.12089],[89.22907,26.12477],[89.22916,26.11576],[89.24001,26.11285],[89.24125,26.10439],[89.24484,26.10574],[89.25188,26.10139],[89.2522,26.09213],[89.26697,26.09333],[89.26598,26.08778],[89.25722,26.08035],[89.25494,26.06484],[89.27112,26.06047],[89.27108,26.06258],[89.27594,26.0619],[89.27848,26.06693],[89.28083,26.06583],[89.28193,26.057],[89.27723,26.04952]]}},{"type":"Feature","properties":{"level":2},"geometry":{"type":"LineString","coordinates":[[88.77484,26.0546],[88.77984,26.06449],[88.77664,26.07363],[88.75876,26.0847],[88.76925,26.08983],[88.77532,26.1066],[88.79017,26.12498],[88.78955,26.13026],[88.78376,26.13254],[88.78365,26.14565],[88.78664,26.14711],[88.78476,26.15677],[88.7783,26.16485],[88.78092,26.17766],[88.7762,26.17998],[88.79334,26.18834],[88.79721,26.20306],[88.79041,26.20541],[88.7913,26.21039],[88.79589,26.21036],[88.79584,26.21546],[88.7871,26.23123],[88.77582,26.23834],[88.76303,26.23556],[88.75831,26.25965]]}},{"type":"Feature","properties":{"level":3},"geometry":{"type":"LineString","coordinates":[[89.09652,26.25741],[89.10191,26.25989],[89.11042,26.25059],[89.1206,26.25163]]}},{"type":"Feature","properties":{"level":3},"geometry":{"type":"LineString","coordinates":[[89.03567,26.24187],[89.03597,26.23508],[89.03781,26.23752],[89.03935,26.23468],[89.04708,26.23706],[89.06015,26.2317],[89.05794,26.22565],[89.0672,26.21955],[89.07202,26.22775],[89.07521,26.2265],[89.0784,26.23603],[89.10136,26.2395],[89.10292,26.24326],[89.09216,26.24454],[89.08904,26.25005],[89.09262,26.2487],[89.09349,26.25795],[89.09499,26.25994],[89.09652,26.25741]]}},{"type":"Feature","properties":{"level":3},"geometry":{"type":"LineString","coordinates":[[88.75831,26.25965],[88.74012,26.26011],[88.73898,26.25304],[88.73474,26.25226],[88.73055,26.25427],[88.72858,26.25823],[88.73065,26.26033],[88.72286,26.26313]]}},{"type":"Feature","properties":{"level":3},"geometry":{"type":"LineString","coordinates":[[88.72286,26.26313],[88.71979,26.26268],[88.71879,26.25672],[88.69632,26.25612],[88.69919,26.25136],[88.71541,26.24614],[88.71688,26.22952],[88.71346,26.22304],[88.71711,26.21632],[88.71486,26.21106],[88.71737,26.20425],[88.71466,26.20248],[88.7213,26.19515],[88.72248,26.19791],[88.72628,26.19727],[88.72748,26.18369],[88.71446,26.1876],[88.71166,26.18552],[88.71389,26.18563],[88.71372,26.17892],[88.7124,26.18222],[88.70512,26.18357],[88.70035,26.18816],[88.70742,26.19734],[88.70477,26.20307],[88.71154,26.20299],[88.70155,26.21162],[88.69558,26.21267],[88.68485,26.20623],[88.68228,26.20958],[88.66865,26.21119],[88.66546,26.20633],[88.6679,26.20431],[88.66116,26.1997],[88.66352,26.19593],[88.65155,26.19387],[88.65845,26.19166],[88.66222,26.19378],[88.65484,26.18731],[88.65621,26.1825],[88.65157,26.17921],[88.65215,26.17639],[88.64786,26.17594],[88.65498,26.17102],[88.65188,26.16136],[88.6535,26.1502],[88.66147,26.14921],[88.65602,26.14185],[88.64565,26.14442],[88.64408,26.13923],[88.64949,26.13965],[88.64948,26.13273],[88.65722,26.12828],[88.64987,26.11914],[88.66054,26.11707],[88.66188,26.11068],[88.65779,26.11062],[88.65702,26.10197],[88.64627,26.09558],[88.65156,26.09227],[88.64913,26.08783],[88.64118,26.08522]]}},{"type":"Feature","properties":{"level":3},"geometry":{"type":"LineString","coordinates":[[88.47364,26.27741],[88.46684,26.26661],[88.47398,26.23963],[88.4781,26.23912],[88.47794,26.2304],[88.48779,26.22898],[88.50845,26.23229],[88.51531,26.22181],[88.53164,26.22223],[88.54241,26.22731],[88.55014,26.21884],[88.5461,26.21278],[88.54354,26.19209],[88.54695,26.18846]]}},{"type":"Feature","properties":{"level":0},"geometry":{"type":"LineString","coordinates":[[88.89777,26.28854],[88.91782,26.28804],[88.92588,26.28343],[88.9529,26.24222],[88.95674,26.24067],[88.96637,26.239],[88.97944,26.24468],[88.99188,26.24582],[89.01903,26.24216],[89.02144,26.24434]]}},{"type":"Feature","properties":{"level":0},"geometry":{"type":"LineString","coordinates":[[88.87685,26.23292],[88.87754,26.24234],[88.87206,26.23975],[88.86744,26.24977],[88.86136,26.25216],[88.861,26.26495],[88.86464,26.26872],[88.86103,26.27303],[88.86676,26.27575],[88.86634,26.28086],[88.87563,26.28672],[88.89777,26.28854]]}},{"type":"Feature","properties":{"level":2},"geometry":{"type":"LineString","coordinates":[[88.75831,26.25965],[88.76431,26.27038],[88.76575,26.28284],[88.76566,26.28829],[88.76018,26.29459],[88.76084,26.30067]]}},{"type":"Feature","properties":{"level":0},"geometry":{"type":"LineString","coordinates":[[88.76084,26.30067],[88.78348,26.30409],[88.79399,26.31056],[88.80171,26.30765],[88.81952,26.29532],[88.81335,26.2886],[88.8103,26.2768],[88.81533,26.26756],[88.812,26.26431],[88.81287,26.25708],[88.81373,26.25448],[88.82299,26.25361],[88.82322,26.24854],[88.82865,26.2497],[88.82741,26.24001],[88.8382,26.23828],[88.8384,26.23185],[88.84304,26.23009],[88.85085,26.23519],[88.85929,26.23147],[88.87685,26.23292]]}},{"type":"Feature","properties":{"level":0},"geometry":{"type":"LineString","coordinates":[[88.75685,26.31063],[88.76084,26.30067]]}},{"type":"Feature","properties":{"level":3},"geometry":{"type":"LineString","coordinates":[[88.63842,26.33192],[88.64761,26.33029],[88.64811,26.32578],[88.65202,26.32567],[88.65123,26.3226],[88.65574,26.31822],[88.66404,26.32073],[88.66802,26.31445],[88.67514,26.31356],[88.68052,26.31878],[88.67927,26.31545],[88.68365,26.31101],[88.67826,26.30923],[88.67814,26.30623],[88.68393,26.30333],[88.68419,26.29797],[88.69309,26.29394],[88.69511,26.29118],[88.69276,26.28937],[88.69956,26.28806],[88.70235,26.29156],[88.7085,26.28823],[88.70053,26.28369],[88.68798,26.28377],[88.68982,26.27751],[88.7209,26.28253],[88.72259,26.2856],[88.71978,26.29195],[88.72682,26.29251],[88.72874,26.28867],[88.73141,26.29447],[88.74558,26.29026],[88.74677,26.29273],[88.74204,26.29589],[88.74448,26.30968],[88.75685,26.31063]]}},{"type":"Feature","properties":{"level":3},"geometry":{"type":"LineString","coordinates":[[88.47364,26.27741],[88.47794,26.27088],[88.48312,26.26956],[88.48737,26.27366],[88.48909,26.26993],[88.49639,26.26921],[88.50016,26.26445],[88.50881,26.269],[88.53042,26.26938],[88.52886,26.27347],[88.52066,26.27789],[88.52575,26.28356],[88.52312,26.29065],[88.53519,26.2867],[88.54448,26.29528],[88.55418,26.29265],[88.5562,26.29688],[88.55245,26.30063],[88.5603,26.29871],[88.56327,26.30163],[88.56041,26.30293],[88.57606,26.31383],[88.58364,26.31091],[88.58938,26.32],[88.59598,26.31765],[88.59485,26.30513],[88.60208,26.30937],[88.61018,26.30762],[88.6126,26.31142],[88.61498,26.30696],[88.6168,26.31123],[88.62294,26.31117],[88.6212,26.31351],[88.63008,26.32522],[88.63691,26.32577],[88.63842,26.33192]]}},{"type":"Feature","properties":{"level":0},"geometry":{"type":"LineString","coordinates":[[88.92731,26.33172],[88.94004,26.33271],[88.9415,26.32627],[88.9402,26.3218],[88.93563,26.32081],[88.93624,26.31321],[88.95204,26.31718],[88.95613,26.30863],[88.95324,26.30467],[88.96293,26.30358],[88.95944,26.29518],[88.96765,26.29765],[88.97111,26.29535],[88.98259,26.30098],[88.98059,26.28318],[88.97444,26.28464],[88.97018,26.27825],[88.95265,26.2754],[88.93588,26.2919],[88.92594,26.29244],[88.92376,26.30105],[88.92838,26.30711],[88.92236,26.3141],[88.91903,26.33417],[88.92731,26.33172]]}},{"type":"Feature","properties":{"level":3},"geometry":{"type":"LineString","coordinates":[[88.47708,26.35413],[88.46983,26.34896],[88.45879,26.35174],[88.45411,26.34653],[88.4528,26.34822],[88.4512,26.3411],[88.44544,26.34025],[88.4346,26.32555],[88.44213,26.3139],[88.44653,26.31905],[88.45965,26.31598],[88.46798,26.30618],[88.48524,26.30121],[88.48718,26.29693],[88.48217,26.28541],[88.47364,26.27741]]}},{"type":"Feature","properties":{"level":0},"geometry":{"type":"LineString","coordinates":[[88.45839,26.37276],[88.45706,26.36453],[88.46237,26.35807],[88.47642,26.35807],[88.47708,26.35413]]}},{"type":"Feature","properties":{"level":0},"geometry":{"type":"LineString","coordinates":[[88.31999,26.20313],[88.32591,26.20542],[88.32314,26.21005],[88.33143,26.2129],[88.33144,26.21702],[88.3507,26.22051],[88.35012,26.22539],[88.35342,26.22584],[88.35134,26.23028],[88.35593,26.23298],[88.35421,26.2374],[88.35944,26.24087],[88.35115,26.24592],[88.35067,26.2479],[88.35448,26.24695],[88.35218,26.24976],[88.34773,26.24997],[88.35163,26.2671],[88.34771,26.2691],[88.35078,26.27582],[88.34908,26.28222],[88.35249,26.28264],[88.35279,26.28725],[88.35809,26.28848],[88.36315,26.29473],[88.36237,26.29897],[88.36789,26.2997],[88.37056,26.30604],[88.37287,26.30343],[88.37361,26.30674],[88.37787,26.30579],[88.37835,26.30947],[88.38393,26.30919],[88.38193,26.31087],[88.38397,26.31377],[88.40192,26.31787],[88.41433,26.31556],[88.41522,26.32427],[88.40691,26.3239],[88.40724,26.32785],[88.40385,26.32984],[88.41262,26.33769],[88.43509,26.33619],[88.44563,26.36499],[88.44981,26.36567],[88.45881,26.37696],[88.45839,26.37276]]}},{"type":"Feature","properties":{"level":0},"geometry":{"type":"LineString","coordinates":[[88.47708,26.35413],[88.48772,26.34908],[88.49126,26.35134],[88.4881,26.36024],[88.50145,26.35972],[88.50563,26.36372],[88.50793,26.36149],[88.50394,26.34874],[88.50944,26.35063],[88.50876,26.35269],[88.51837,26.35185],[88.52289,26.36223],[88.51663,26.36275],[88.51503,26.36579],[88.52088,26.3665],[88.52466,26.37462],[88.51729,26.37091],[88.51291,26.37673],[88.51914,26.38881],[88.51199,26.3881],[88.50452,26.39852],[88.51006,26.40147],[88.5092,26.40665]]}},{"type":"Feature","properties":{"level":0},"geometry":{"type":"LineString","coordinates":[[88.96611,26.45201],[88.97519,26.44854],[88.97666,26.44492],[88.97971,26.4483],[88.97888,26.44476],[88.98357,26.44516],[88.9806,26.44231],[88.9846,26.44043],[88.98321,26.43701],[88.97887,26.435],[88.98311,26.42947],[88.98084,26.4243],[88.98387,26.42362],[88.98314,26.41992],[88.99241,26.41749],[88.99416,26.4118],[88.99886,26.41246],[88.99352,26.42227],[88.99618,26.41949],[89.00322,26.42236],[89.00609,26.42161],[89.00735,26.41302],[89.02225,26.41377],[89.02297,26.40851],[89.01968,26.40425],[89.02432,26.40781],[89.02987,26.4071],[89.03376,26.3954],[89.03772,26.39524],[89.03757,26.39981],[89.04051,26.4005],[89.0537,26.39894],[89.05796,26.39551],[89.06292,26.40111],[89.06332,26.39687],[89.06656,26.40005],[89.07419,26.3963],[89.07412,26.3914],[89.07527,26.3958],[89.08471,26.3982],[89.0878,26.39658],[89.08054,26.3927],[89.08132,26.39026],[89.09208,26.39377],[89.09556,26.39161],[89.08999,26.38562],[89.09186,26.38265],[89.08899,26.38085],[89.08905,26.36765],[89.08003,26.36657],[89.07967,26.36304],[89.08554,26.36418],[89.09832,26.35913],[89.09329,26.35303],[89.09589,26.35359],[89.09784,26.34006],[89.10103,26.33701],[89.08295,26.32191],[89.0916,26.32036],[89.09733,26.32914],[89.10061,26.323],[89.10751,26.3267],[89.11273,26.31838],[89.124,26.32244],[89.12814,26.32235],[89.12955,26.32038],[89.1245,26.32017],[89.12997,26.31869],[89.13469,26.32152],[89.13327,26.32402],[89.13611,26.32196],[89.13583,26.31505],[89.12965,26.31268],[89.13459,26.3128],[89.1326,26.31143],[89.13615,26.30792],[89.1247,26.30555],[89.13071,26.30488],[89.13131,26.30073],[89.12724,26.3018],[89.13231,26.29882],[89.12456,26.29444],[89.12548,26.29056],[89.12185,26.28694],[89.11662,26.29191],[89.11442,26.30357],[89.10914,26.3046],[89.1067,26.31615],[89.09961,26.3048],[89.10752,26.29988],[89.10362,26.29696],[89.10716,26.29108],[89.10272,26.28838],[89.10024,26.27932],[89.10259,26.2777],[89.10583,26.28118],[89.10556,26.27415],[89.10877,26.27584],[89.1092,26.27222],[89.12477,26.26356],[89.1206,26.25163]]}},{"type":"Feature","properties":{"level":0},"geometry":{"type":"LineString","coordinates":[[89.03567,26.24187],[89.03708,26.24689],[89.04529,26.24068],[89.05063,26.24108],[89.04797,26.24553],[89.05089,26.25489],[89.05512,26.25696],[89.06268,26.25378],[89.05996,26.25674],[89.06236,26.26987],[89.05909,26.27556],[89.05391,26.27654],[89.0622,26.27857],[89.06229,26.28221],[89.05728,26.28543],[89.06079,26.28964],[89.05865,26.2932],[89.05349,26.2917],[89.05216,26.29576],[89.04607,26.29543],[89.04225,26.28981],[89.04593,26.28939],[89.04468,26.28434],[89.04712,26.28269],[89.04993,26.28851],[89.04813,26.27991],[89.04327,26.27992],[89.04495,26.27511],[89.04008,26.2764],[89.03722,26.28197],[89.04021,26.28541],[89.02765,26.28282],[89.02024,26.28916],[89.02318,26.29316],[89.0212,26.29777],[89.02688,26.30622],[89.02127,26.3089],[89.01434,26.29998],[89.0199,26.2943],[89.0181,26.28949],[89.01307,26.29206],[89.01281,26.29791],[89.00716,26.30485],[89.00408,26.30424],[89.00473,26.2981],[88.99994,26.29084],[88.99502,26.29013],[88.99676,26.29973],[88.99402,26.2966],[88.99119,26.30024],[88.98425,26.30026],[88.98233,26.31011],[88.98429,26.31779],[88.99586,26.31303],[88.99086,26.32148],[88.99491,26.32031],[89.00035,26.32917],[88.99174,26.33185],[88.99235,26.33404],[88.98488,26.33276],[88.98091,26.34041],[88.98918,26.33791],[88.98507,26.34951],[88.97844,26.34587],[88.97402,26.35026],[88.96681,26.35115],[88.96447,26.34813],[88.96114,26.35168],[88.9591,26.34758],[88.96204,26.34512],[88.96228,26.33561],[88.95934,26.33528],[88.96037,26.32954],[88.95609,26.32959],[88.95193,26.33178],[88.95171,26.33896],[88.9529,26.34224],[88.95832,26.343],[88.94589,26.34466],[88.95062,26.35415],[88.95826,26.35667],[88.95814,26.36114],[88.9501,26.36552],[88.94788,26.35509],[88.93685,26.35596],[88.92749,26.36463],[88.91912,26.35893],[88.92168,26.362],[88.92012,26.36585],[88.91458,26.36476],[88.91085,26.3678],[88.91132,26.372],[88.92149,26.37686],[88.90885,26.37968],[88.9163,26.38444],[88.91822,26.39977],[88.91524,26.40262],[88.91032,26.40015],[88.90485,26.40772],[88.92623,26.40619],[88.93158,26.41377],[88.92535,26.41629],[88.92292,26.42218],[88.93326,26.42523],[88.92608,26.427],[88.92642,26.43135],[88.93394,26.43099],[88.9384,26.42483],[88.94484,26.42469],[88.94317,26.42693],[88.94608,26.42918],[88.94332,26.4309],[88.95207,26.43358],[88.94735,26.43849],[88.94963,26.44181],[88.94676,26.44689],[88.95224,26.44755],[88.95168,26.45098],[88.96056,26.44725],[88.96562,26.45078],[88.96007,26.4511],[88.95803,26.45817],[88.96604,26.45588],[88.96611,26.45201]]}},{"type":"Feature","properties":{"level":3},"geometry":{"type":"LineString","coordinates":[[88.5092,26.40665],[88.51095,26.41473],[88.50604,26.41833],[88.51262,26.42283],[88.51625,26.41989],[88.51635,26.42323],[88.51964,26.42362],[88.51925,26.42],[88.52952,26.42411],[88.52277,26.42866],[88.52338,26.43641],[88.52597,26.437],[88.521,26.43969],[88.52366,26.44213],[88.52222,26.44726],[88.51327,26.44559],[88.51918,26.44386],[88.51402,26.44261],[88.50505,26.4468],[88.51638,26.44849],[88.52258,26.4531],[88.51908,26.4603],[88.52307,26.464],[88.52829,26.46117],[88.52624,26.45794],[88.5332,26.45884],[88.53425,26.46758],[88.52873,26.47297],[88.51212,26.47296],[88.51437,26.48481],[88.52238,26.48708]]}},{"type":"Feature","properties":{"level":0},"geometry":{"type":"LineString","coordinates":[[88.52712,26.48713],[88.52362,26.48529],[88.5269,26.48498],[88.52706,26.48095],[88.55599,26.48527],[88.55235,26.47609],[88.5562,26.4759],[88.55456,26.47175],[88.55981,26.47324],[88.55776,26.46704],[88.56182,26.46746],[88.55909,26.46233],[88.56272,26.46047],[88.5583,26.45837],[88.58248,26.45589],[88.58454,26.45027],[88.59505,26.45268],[88.59516,26.47091],[88.62235,26.47097],[88.6275,26.44153],[88.62289,26.43835],[88.62341,26.43499],[88.63014,26.43465],[88.63048,26.43159],[88.63811,26.42959],[88.64935,26.43005],[88.65079,26.42173],[88.64468,26.41896],[88.65927,26.41699],[88.66802,26.40761],[88.67772,26.4081],[88.67992,26.41142],[88.68113,26.40865],[88.68025,26.41363],[88.68402,26.41125],[88.68553,26.41377],[88.6834,26.40689],[88.68696,26.40171],[88.67831,26.40212],[88.67006,26.39762],[88.67835,26.39341],[88.68908,26.39602],[88.6853,26.39136],[88.6877,26.39165],[88.68726,26.38692],[88.69892,26.39053],[88.70188,26.38863],[88.70157,26.38599],[88.68076,26.3804],[88.6863,26.37871],[88.68917,26.36526],[88.69611,26.36206],[88.69154,26.3608],[88.69371,26.35658],[88.69829,26.35701],[88.69446,26.34594],[88.69911,26.34115],[88.70393,26.34137],[88.70191,26.33881],[88.70413,26.33302],[88.70977,26.33468],[88.71307,26.34473],[88.7254,26.34374],[88.72946,26.34923],[88.73411,26.3494],[88.73232,26.35481],[88.74914,26.35476],[88.75375,26.33933],[88.76136,26.33456],[88.75659,26.32205],[88.75685,26.31063]]}},{"type":"Feature","properties":{"level":0},"geometry":{"type":"LineString","coordinates":[[88.52238,26.48708],[88.52712,26.48713]]}},{"type":"Feature","properties":{"level":0},"geometry":{"type":"LineString","coordinates":[[88.41501,26.63199],[88.42239,26.58201],[88.42138,26.56961],[88.4315,26.54946],[88.44309,26.54371],[88.44363,26.53921],[88.44859,26.5355],[88.45676,26.53711],[88.4553,26.53944],[88.45836,26.54071],[88.45954,26.54752],[88.46295,26.54399],[88.48421,26.54172],[88.48272,26.53237],[88.49002,26.53274],[88.48895,26.52773],[88.48561,26.52692],[88.48987,26.52527],[88.48972,26.51054],[88.50711,26.51611],[88.51016,26.51074],[88.52102,26.51003],[88.52212,26.50558],[88.51803,26.50118],[88.52431,26.49207],[88.52238,26.48708]]}},{"type":"Feature","properties":{"level":0},"geometry":{"type":"LineString","coordinates":[[88.5092,26.40665],[88.50283,26.40224],[88.49953,26.40775],[88.49468,26.40919],[88.50187,26.4175],[88.49317,26.41748],[88.49268,26.42196],[88.49692,26.42611],[88.48832,26.43021],[88.49577,26.4353],[88.48576,26.44527],[88.48564,26.45007],[88.47804,26.45182],[88.48457,26.46031],[88.46166,26.46592],[88.43811,26.46531],[88.43207,26.4687],[88.43355,26.47203],[88.43077,26.47029],[88.42829,26.47295],[88.42301,26.47251],[88.42277,26.4654],[88.41997,26.46558],[88.405,26.48052],[88.40396,26.48608],[88.3886,26.47856],[88.38606,26.48256],[88.37601,26.48424],[88.37293,26.48897],[88.36062,26.48373],[88.36472,26.46996],[88.36031,26.46534],[88.3615,26.45439],[88.35405,26.44594],[88.34724,26.46828],[88.34072,26.46893],[88.3408,26.47827],[88.33457,26.47813],[88.33204,26.48202],[88.33221,26.49318],[88.35043,26.51104],[88.35201,26.52422],[88.35918,26.53043],[88.35793,26.54351],[88.37135,26.56126],[88.37075,26.57588],[88.37511,26.5811],[88.3769,26.59574],[88.38766,26.60179],[88.39847,26.60299],[88.39807,26.60659],[88.38932,26.60803],[88.38826,26.61266],[88.39725,26.61783],[88.39958,26.6273],[88.41034,26.6345],[88.41501,26.63199]]}},{"type":"Feature","properties":{"level":0},"geometry":{"type":"LineString","coordinates":[[89.07007,22.1978],[89.04025,22.22897],[89.03382,22.25898],[89.03038,22.26033],[89.01918,22.25429],[89.01334,22.25447],[89.0124,22.25783],[89.01988,22.26921],[88.99567,22.28511],[88.99519,22.29237],[88.99894,22.29683],[89.02449,22.29603],[89.00601,22.31865]]}},{"type":"Feature","properties":{"level":0},"geometry":{"type":"LineString","coordinates":[[92.20303,21.14965],[92.19813,21.13824],[92.20135,21.12406],[92.20749,21.11898],[92.21797,21.1229],[92.22391,21.12044],[92.23406,21.09706],[92.25883,21.07917],[92.26459,21.06226]]}},{"type":"Feature","properties":{"level":0},"geometry":{"type":"LineString","coordinates":[[92.26459,21.06226],[92.25671,21.04818],[92.25402,21.02366],[92.26364,21.01175],[92.27155,20.98079],[92.27087,20.94044],[92.2841,20.91918],[92.31586,20.88471],[92.33344,20.83167],[92.34672,20.77809],[92.36181,20.75007],[92.36097,20.73937],[92.36869,20.71779]]}},{"type":"Feature","properties":{"level":991},"geometry":{"type":"LineString","coordinates":[[92.32719,20.63543],[92.32619,20.61776],[92.33205,20.60105],[92.33029,20.59061],[92.32457,20.59456],[92.32495,20.61825],[92.31505,20.62813],[92.31843,20.63373],[92.32719,20.63543]]}},{"type":"Feature","properties":{"level":991},"geometry":{"type":"LineString","coordinates":[[92.32146,20.83133],[92.32278,20.81887],[92.33507,20.7916],[92.34041,20.76686],[92.33802,20.76044],[92.34203,20.75812],[92.34033,20.74677],[92.3468,20.74207],[92.35186,20.7432],[92.34987,20.74049],[92.34402,20.74001],[92.33349,20.74507],[92.31696,20.75966],[92.30231,20.78226],[92.27721,20.83512]]}},{"type":"Feature","properties":{"level":991},"geometry":{"type":"LineString","coordinates":[[92.3142,20.85592],[92.32146,20.83133]]}},{"type":"Feature","properties":{"level":991},"geometry":{"type":"LineString","coordinates":[[92.3012,20.88613],[92.3142,20.85592]]}},{"type":"Feature","properties":{"level":991},"geometry":{"type":"LineString","coordinates":[[92.27721,20.83512],[92.23133,20.9042]]}},{"type":"Feature","properties":{"level":991},"geometry":{"type":"LineString","coordinates":[[92.26992,20.92038],[92.28037,20.90443],[92.3012,20.88613]]}},{"type":"Feature","properties":{"level":991},"geometry":{"type":"LineString","coordinates":[[92.27829,20.92224],[92.2867,20.90449],[92.27238,20.9212]]}},{"type":"Feature","properties":{"level":991},"geometry":{"type":"LineString","coordinates":[[92.27238,20.9212],[92.27288,20.92589],[92.27829,20.92224]]}},{"type":"Feature","properties":{"level":991},"geometry":{"type":"LineString","coordinates":[[92.26635,20.98197],[92.26379,20.99348],[92.26635,20.98197]]}},{"type":"Feature","properties":{"level":991},"geometry":{"type":"LineString","coordinates":[[92.26338,21.05624],[92.25744,21.05027],[92.25123,21.0256],[92.25752,21.01016],[92.25843,20.99253],[92.2634,20.97837],[92.26167,20.95286],[92.26992,20.92038]]}},{"type":"Feature","properties":{"level":991},"geometry":{"type":"LineString","coordinates":[[92.23133,20.9042],[92.22389,20.91343],[92.20208,20.95898],[92.18524,21.0108],[92.12824,21.07922]]}},{"type":"Feature","properties":{"level":991},"geometry":{"type":"LineString","coordinates":[[92.12824,21.07922],[92.05922,21.16039],[92.04618,21.18457],[92.04778,21.20328],[92.04377,21.2345],[92.04799,21.28624],[92.04276,21.30303]]}},{"type":"Feature","properties":{"level":991},"geometry":{"type":"LineString","coordinates":[[92.04276,21.30303],[92.04098,21.31055],[92.03502,21.31478],[92.03491,21.3286],[92.02043,21.36275],[91.9996,21.39415]]}},{"type":"Feature","properties":{"level":991},"geometry":{"type":"LineString","coordinates":[[91.9996,21.39415],[91.98296,21.41806],[91.96753,21.43161]]}},{"type":"Feature","properties":{"level":991},"geometry":{"type":"LineString","coordinates":[[91.96753,21.43161],[91.9582,21.44128]]}},{"type":"Feature","properties":{"level":991},"geometry":{"type":"LineString","coordinates":[[91.94726,21.50302],[91.93834,21.50312],[91.9414,21.49671],[91.93942,21.49171],[91.9263,21.49344],[91.92366,21.4907],[91.90339,21.5025],[91.91931,21.48994],[91.93767,21.48801],[91.93142,21.48235],[91.92598,21.48442],[91.92196,21.48174],[91.91624,21.46966],[91.91115,21.47073],[91.91461,21.4779],[91.91037,21.47403],[91.90142,21.47616]]}},{"type":"Feature","properties":{"level":991},"geometry":{"type":"LineString","coordinates":[[91.97142,21.50223],[91.9657,21.50409],[91.97169,21.50524],[91.97142,21.50223]]}},{"type":"Feature","properties":{"level":991},"geometry":{"type":"LineString","coordinates":[[92.02023,21.49801],[92.00846,21.50147],[92.00925,21.51187]]}},{"type":"Feature","properties":{"level":991},"geometry":{"type":"LineString","coordinates":[[91.9582,21.44128],[91.949,21.45856],[91.95108,21.46532],[91.96248,21.47417],[91.97039,21.47635],[91.97281,21.47077],[91.96982,21.4579],[91.97416,21.47392],[91.97955,21.47404],[91.98636,21.48453],[92.00118,21.5156],[92.00874,21.50822],[92.0071,21.50071],[92.02023,21.49801]]}},{"type":"Feature","properties":{"level":991},"geometry":{"type":"LineString","coordinates":[[91.90142,21.47616],[91.89192,21.48046],[91.86626,21.50588],[91.86263,21.50573],[91.85317,21.52252],[91.86362,21.51879]]}},{"type":"Feature","properties":{"level":991},"geometry":{"type":"LineString","coordinates":[[91.85107,21.52348],[91.8465,21.52525],[91.84701,21.52926],[91.85107,21.52348]]}},{"type":"Feature","properties":{"level":991},"geometry":{"type":"LineString","coordinates":[[91.97915,21.53155],[91.97599,21.50878],[91.94726,21.50302]]}},{"type":"Feature","properties":{"level":991},"geometry":{"type":"LineString","coordinates":[[91.84132,21.52774],[91.83796,21.53488],[91.84055,21.53979],[91.84132,21.52774]]}},{"type":"Feature","properties":{"level":991},"geometry":{"type":"LineString","coordinates":[[92.00925,21.51187],[92.00088,21.51918],[91.99847,21.54195]]}},{"type":"Feature","properties":{"level":991},"geometry":{"type":"LineString","coordinates":[[91.98154,21.55802],[91.97915,21.53155]]}},{"type":"Feature","properties":{"level":991},"geometry":{"type":"LineString","coordinates":[[91.99847,21.54195],[91.99269,21.57422],[92.0016,21.59375],[92.00787,21.59755]]}},{"type":"Feature","properties":{"level":991},"geometry":{"type":"LineString","coordinates":[[91.99209,21.59401],[91.99184,21.60123],[91.99642,21.60758],[91.99827,21.60072],[91.99209,21.59401]]}},{"type":"Feature","properties":{"level":991},"geometry":{"type":"LineString","coordinates":[[92.00787,21.59755],[92.01501,21.59914],[92.01973,21.60429],[92.01522,21.61661]]}},{"type":"Feature","properties":{"level":991},"geometry":{"type":"LineString","coordinates":[[91.86333,21.60062],[91.85992,21.58574],[91.85072,21.58174],[91.85292,21.59801],[91.84915,21.59877],[91.84664,21.61007],[91.86596,21.62248],[91.86333,21.60062]]}},{"type":"Feature","properties":{"level":991},"geometry":{"type":"LineString","coordinates":[[92.0064,21.60163],[92.00042,21.62368],[92.00838,21.61164],[92.0064,21.60163]]}},{"type":"Feature","properties":{"level":991},"geometry":{"type":"LineString","coordinates":[[92.01522,21.61661],[92.0096,21.62195],[92.01793,21.60374],[92.00741,21.60042],[92.00886,21.61302],[92.00056,21.62587]]}},{"type":"Feature","properties":{"level":991},"geometry":{"type":"LineString","coordinates":[[91.86362,21.51879],[91.86533,21.52066],[91.85435,21.52516],[91.85048,21.53079],[91.85826,21.54031],[91.86282,21.54327],[91.88518,21.53965],[91.88434,21.54547],[91.8907,21.54533],[91.87123,21.55408],[91.86986,21.56033],[91.86485,21.55845],[91.85921,21.56654],[91.86149,21.57454],[91.87436,21.57411],[91.8711,21.57644],[91.87193,21.58439],[91.87515,21.59038],[91.88233,21.59417],[91.8794,21.599],[91.88345,21.61609],[91.87884,21.60303],[91.876,21.60306],[91.86858,21.59239],[91.8654,21.59522],[91.8694,21.60543],[91.86899,21.61496],[91.87248,21.62152],[91.88025,21.62366],[91.88202,21.63009],[91.88634,21.62588],[91.88583,21.63363],[91.88991,21.63914]]}},{"type":"Feature","properties":{"level":991},"geometry":{"type":"LineString","coordinates":[[91.88316,21.64353],[91.88595,21.64601],[91.88316,21.64353]]}},{"type":"Feature","properties":{"level":991},"geometry":{"type":"LineString","coordinates":[[91.88991,21.63914],[91.89172,21.65537]]}},{"type":"Feature","properties":{"level":991},"geometry":{"type":"LineString","coordinates":[[91.89172,21.65537],[91.88067,21.67263],[91.87923,21.68044],[91.88257,21.68929],[91.89566,21.69371]]}},{"type":"Feature","properties":{"level":991},"geometry":{"type":"LineString","coordinates":[[91.89566,21.69371],[91.90332,21.69712]]}},{"type":"Feature","properties":{"level":991},"geometry":{"type":"LineString","coordinates":[[91.90332,21.69712],[91.90532,21.69858]]}},{"type":"Feature","properties":{"level":991},"geometry":{"type":"LineString","coordinates":[[91.90532,21.69858],[91.89468,21.69642]]}},{"type":"Feature","properties":{"level":991},"geometry":{"type":"LineString","coordinates":[[89.24623,21.68914],[89.257,21.69672],[89.27455,21.69578],[89.29044,21.69101],[89.29191,21.68307],[89.27738,21.66771],[89.26022,21.66726],[89.26286,21.66214],[89.25866,21.6583],[89.23859,21.65331],[89.21911,21.65603],[89.21101,21.6527],[89.20817,21.65747],[89.20906,21.66441],[89.22415,21.6986],[89.23022,21.7006],[89.23441,21.69315],[89.24623,21.68914]]}},{"type":"Feature","properties":{"level":991},"geometry":{"type":"LineString","coordinates":[[91.89468,21.69642],[91.88405,21.69276],[91.87811,21.6849],[91.87826,21.67233],[91.88843,21.65372],[91.88791,21.64942],[91.8788,21.64752],[91.85601,21.67191],[91.85573,21.6862],[91.86311,21.70645]]}},{"type":"Feature","properties":{"level":991},"geometry":{"type":"LineString","coordinates":[[91.94734,21.70778],[91.96148,21.66728],[91.98118,21.6463],[91.98966,21.62699],[91.99336,21.60611],[91.98897,21.60287],[91.99011,21.61552],[91.98489,21.59608],[91.98154,21.55802]]}},{"type":"Feature","properties":{"level":991},"geometry":{"type":"LineString","coordinates":[[91.94597,21.71408],[91.94734,21.70778]]}},{"type":"Feature","properties":{"level":991},"geometry":{"type":"LineString","coordinates":[[92.00056,21.62587],[91.97873,21.65553],[91.96307,21.66948],[91.94741,21.71586],[91.94597,21.71408]]}},{"type":"Feature","properties":{"level":991},"geometry":{"type":"LineString","coordinates":[[89.34011,21.69628],[89.33429,21.69661],[89.33035,21.70139],[89.33675,21.71832],[89.3489,21.70402],[89.34011,21.69628]]}},{"type":"Feature","properties":{"level":991},"geometry":{"type":"LineString","coordinates":[[89.27572,21.75552],[89.2848,21.74904],[89.2885,21.73167],[89.27942,21.71131],[89.28019,21.70564],[89.25467,21.69919],[89.24781,21.69199],[89.23656,21.69594],[89.23361,21.70441],[89.22568,21.70491],[89.22826,21.7127],[89.22317,21.72438],[89.22373,21.73365],[89.21974,21.73799],[89.22282,21.74303],[89.22139,21.74708],[89.24517,21.75592],[89.26326,21.75815],[89.27572,21.75552]]}},{"type":"Feature","properties":{"level":991},"geometry":{"type":"LineString","coordinates":[[91.86311,21.70645],[91.87175,21.71895],[91.88502,21.76524]]}},{"type":"Feature","properties":{"level":991},"geometry":{"type":"LineString","coordinates":[[91.88502,21.76524],[91.89056,21.77846]]}},{"type":"Feature","properties":{"level":991},"geometry":{"type":"LineString","coordinates":[[90.47753,21.76919],[90.47036,21.77423],[90.47512,21.78192],[90.4797,21.77622],[90.47753,21.76919]]}},{"type":"Feature","properties":{"level":991},"geometry":{"type":"LineString","coordinates":[[91.86643,21.78825],[91.85073,21.74508],[91.84523,21.74056],[91.84572,21.72429],[91.83769,21.72122],[91.8301,21.72235],[91.82919,21.74034],[91.83237,21.75804],[91.84472,21.7754],[91.84218,21.80422]]}},{"type":"Feature","properties":{"level":991},"geometry":{"type":"LineString","coordinates":[[90.38345,21.78775],[90.37834,21.7892],[90.39134,21.8058],[90.39244,21.79633],[90.38345,21.78775]]}},{"type":"Feature","properties":{"level":991},"geometry":{"type":"LineString","coordinates":[[90.48002,21.80127],[90.46143,21.80677],[90.46861,21.81899],[90.47158,21.81984],[90.47717,21.81461],[90.47561,21.80845],[90.48002,21.80127]]}},{"type":"Feature","properties":{"level":991},"geometry":{"type":"LineString","coordinates":[[91.87691,21.81994],[91.86643,21.78825]]}},{"type":"Feature","properties":{"level":991},"geometry":{"type":"LineString","coordinates":[[89.21205,21.82177],[89.23236,21.82072],[89.2348,21.81101],[89.23925,21.81372],[89.25784,21.79452],[89.28179,21.7928],[89.28696,21.78189],[89.28427,21.76687],[89.28661,21.75478],[89.26199,21.76146],[89.21864,21.75223],[89.20899,21.77073],[89.19225,21.78622],[89.18883,21.79705],[89.19016,21.81088],[89.18455,21.81663],[89.19292,21.82604],[89.21205,21.82177]]}},{"type":"Feature","properties":{"level":991},"geometry":{"type":"LineString","coordinates":[[91.84218,21.80422],[91.85055,21.82131],[91.85081,21.82971]]}},{"type":"Feature","properties":{"level":991},"geometry":{"type":"LineString","coordinates":[[89.84021,21.82784],[89.8529,21.81844],[89.85203,21.80911],[89.85633,21.81007],[89.84812,21.80748],[89.84128,21.81001],[89.8373,21.82483],[89.84021,21.82985],[89.84021,21.82784]]}},{"type":"Feature","properties":{"level":991},"geometry":{"type":"LineString","coordinates":[[89.27093,21.8175],[89.28118,21.79414],[89.25734,21.79712],[89.23938,21.81516],[89.23583,21.81113],[89.23365,21.8165],[89.23449,21.81917],[89.25206,21.81761],[89.25867,21.83251],[89.2665,21.83197],[89.27093,21.8175]]}},{"type":"Feature","properties":{"level":991},"geometry":{"type":"LineString","coordinates":[[91.89056,21.77846],[91.90894,21.8164],[91.91582,21.84658]]}},{"type":"Feature","properties":{"level":991},"geometry":{"type":"LineString","coordinates":[[90.44556,21.83595],[90.43411,21.83163],[90.43028,21.83522],[90.43287,21.84612],[90.43793,21.84995]]}},{"type":"Feature","properties":{"level":991},"geometry":{"type":"LineString","coordinates":[[89.54495,21.84952],[89.55747,21.83569],[89.60372,21.80115],[89.60501,21.78973],[89.6022,21.77719],[89.59091,21.77167],[89.58658,21.76434],[89.58916,21.74752],[89.6051,21.72781],[89.60559,21.71854],[89.58972,21.71358],[89.56863,21.71537],[89.5554,21.72532],[89.54456,21.74578],[89.5365,21.77239],[89.54784,21.77156],[89.54476,21.77446],[89.54741,21.77681],[89.54121,21.77766],[89.53967,21.78172],[89.54131,21.78669],[89.54984,21.7926],[89.54887,21.80063],[89.54211,21.8029],[89.53086,21.82295],[89.54029,21.84942],[89.54495,21.84952]]}},{"type":"Feature","properties":{"level":991},"geometry":{"type":"LineString","coordinates":[[90.38092,21.85421],[90.38051,21.8445],[90.38389,21.83747],[90.36876,21.83607],[90.36616,21.84258],[90.37293,21.85308],[90.36837,21.85414],[90.37596,21.85652],[90.38092,21.85421]]}},{"type":"Feature","properties":{"level":991},"geometry":{"type":"LineString","coordinates":[[89.8608,21.83503],[89.85235,21.84691],[89.85075,21.85534],[89.85305,21.85778],[89.85981,21.85664],[89.8633,21.85253],[89.86402,21.84316],[89.8608,21.83503]]}},{"type":"Feature","properties":{"level":991},"geometry":{"type":"LineString","coordinates":[[91.91582,21.84658],[91.91657,21.85842]]}},{"type":"Feature","properties":{"level":991},"geometry":{"type":"LineString","coordinates":[[90.42342,21.8563],[90.41521,21.85546],[90.41454,21.8594]]}},{"type":"Feature","properties":{"level":991},"geometry":{"type":"LineString","coordinates":[[90.43793,21.84995],[90.45463,21.86021],[90.45795,21.85848],[90.45984,21.84088],[90.44556,21.83595]]}},{"type":"Feature","properties":{"level":991},"geometry":{"type":"LineString","coordinates":[[90.54129,21.85359],[90.55051,21.85461],[90.53413,21.84377],[90.52255,21.82702],[90.49966,21.81151],[90.48722,21.81174],[90.47752,21.81965],[90.47574,21.82549],[90.48102,21.84245],[90.49782,21.85813],[90.52191,21.86145],[90.54129,21.85359]]}},{"type":"Feature","properties":{"level":991},"geometry":{"type":"LineString","coordinates":[[91.85081,21.82971],[91.84122,21.86416]]}},{"type":"Feature","properties":{"level":991},"geometry":{"type":"LineString","coordinates":[[90.16464,21.80014],[90.12827,21.80984],[90.09958,21.82347],[90.08331,21.84483],[90.08396,21.85506],[90.09187,21.86715]]}},{"type":"Feature","properties":{"level":991},"geometry":{"type":"LineString","coordinates":[[90.41454,21.8594],[90.43439,21.86541],[90.43653,21.86904],[90.43148,21.8604],[90.42342,21.8563]]}},{"type":"Feature","properties":{"level":991},"geometry":{"type":"LineString","coordinates":[[90.39418,21.87007],[90.39009,21.86375],[90.38594,21.86304],[90.39318,21.87069]]}},{"type":"Feature","properties":{"level":991},"geometry":{"type":"LineString","coordinates":[[90.39318,21.87069],[90.39091,21.87249]]}},{"type":"Feature","properties":{"level":991},"geometry":{"type":"LineString","coordinates":[[90.26494,21.87313],[90.26663,21.86922],[90.25865,21.84404],[90.21948,21.80621],[90.18214,21.79737],[90.16464,21.80014]]}},{"type":"Feature","properties":{"level":991},"geometry":{"type":"LineString","coordinates":[[89.3842,21.87287],[89.39592,21.87423],[89.39753,21.8684],[89.39088,21.86457],[89.39151,21.86014],[89.4062,21.84796],[89.45014,21.84696],[89.45602,21.84191],[89.45931,21.83169],[89.45737,21.83001],[89.46355,21.81885],[89.45541,21.81829],[89.43615,21.8088],[89.43134,21.8192],[89.42121,21.81584],[89.41598,21.81925],[89.41534,21.81648],[89.43103,21.8177],[89.43214,21.81059],[89.43669,21.80776],[89.45552,21.81728],[89.46373,21.81819],[89.47333,21.80779],[89.47275,21.78952],[89.45482,21.7659],[89.44716,21.76807],[89.44475,21.75773],[89.43815,21.75002],[89.42651,21.74418],[89.40648,21.7555],[89.42495,21.74353],[89.42641,21.73597],[89.41435,21.72579],[89.40892,21.72668],[89.40513,21.72241],[89.39787,21.72148],[89.37718,21.73134],[89.37173,21.74347],[89.36554,21.74287],[89.36007,21.75179],[89.3799,21.76256],[89.38802,21.78061],[89.38631,21.78864],[89.39468,21.79831],[89.38605,21.78929],[89.38696,21.78001],[89.37947,21.76454],[89.36083,21.7551],[89.35489,21.7969],[89.34845,21.80563],[89.36257,21.83153],[89.36473,21.84698],[89.38157,21.87774],[89.38425,21.8775],[89.3842,21.87287]]}},{"type":"Feature","properties":{"level":991},"geometry":{"type":"LineString","coordinates":[[91.89574,21.88298],[91.89463,21.86081],[91.87691,21.81994]]}},{"type":"Feature","properties":{"level":991},"geometry":{"type":"LineString","coordinates":[[89.3358,21.78955],[89.33277,21.79078],[89.31422,21.82806],[89.30933,21.84143],[89.31096,21.85271],[89.3145,21.85758],[89.33347,21.86437],[89.36404,21.88362],[89.3656,21.87693],[89.35711,21.86456],[89.35025,21.83432],[89.33733,21.81706],[89.33426,21.80546],[89.3358,21.78955]]}},{"type":"Feature","properties":{"level":991},"geometry":{"type":"LineString","coordinates":[[89.32177,21.86153],[89.31864,21.8629],[89.33353,21.87587],[89.35739,21.88366],[89.33866,21.8691],[89.32177,21.86153]]}},{"type":"Feature","properties":{"level":991},"geometry":{"type":"LineString","coordinates":[[90.55308,21.8639],[90.55729,21.85949],[90.54814,21.85737],[90.50356,21.86617],[90.51668,21.8819],[90.52717,21.88708],[90.55093,21.87065],[90.55308,21.8639]]}},{"type":"Feature","properties":{"level":991},"geometry":{"type":"LineString","coordinates":[[90.46845,21.84916],[90.46413,21.85266],[90.46522,21.86389],[90.48389,21.8886],[90.48645,21.87224],[90.47981,21.86887],[90.48205,21.85724],[90.46845,21.84916]]}},{"type":"Feature","properties":{"level":991},"geometry":{"type":"LineString","coordinates":[[90.27297,21.88965],[90.26729,21.87572],[90.26416,21.87673],[90.26494,21.87313]]}},{"type":"Feature","properties":{"level":991},"geometry":{"type":"LineString","coordinates":[[90.40743,21.87619],[90.40787,21.88761],[90.41808,21.89265],[90.41647,21.88434],[90.40743,21.87619]]}},{"type":"Feature","properties":{"level":991},"geometry":{"type":"LineString","coordinates":[[90.14727,21.89218],[90.15043,21.89381]]}},{"type":"Feature","properties":{"level":991},"geometry":{"type":"LineString","coordinates":[[90.09031,21.87386],[90.07275,21.86065],[90.04699,21.86463],[90.02678,21.87991],[90.02384,21.88435],[90.02394,21.89515]]}},{"type":"Feature","properties":{"level":991},"geometry":{"type":"LineString","coordinates":[[90.1085,21.89581],[90.09031,21.87386]]}},{"type":"Feature","properties":{"level":991},"geometry":{"type":"LineString","coordinates":[[90.14764,21.89678],[90.14342,21.89675]]}},{"type":"Feature","properties":{"level":991},"geometry":{"type":"LineString","coordinates":[[90.1096,21.89738],[90.1085,21.89581]]}},{"type":"Feature","properties":{"level":991},"geometry":{"type":"LineString","coordinates":[[89.65411,21.85744],[89.63798,21.86491],[89.63111,21.87575],[89.63268,21.88646],[89.6443,21.89781],[89.66061,21.86974],[89.65411,21.85744]]}},{"type":"Feature","properties":{"level":991},"geometry":{"type":"LineString","coordinates":[[90.11033,21.89838],[90.1096,21.89738]]}},{"type":"Feature","properties":{"level":991},"geometry":{"type":"LineString","coordinates":[[90.14342,21.89675],[90.12952,21.89838]]}},{"type":"Feature","properties":{"level":991},"geometry":{"type":"LineString","coordinates":[[90.09187,21.86715],[90.09991,21.86814],[90.11047,21.87853],[90.11797,21.8994],[90.14727,21.89218]]}},{"type":"Feature","properties":{"level":991},"geometry":{"type":"LineString","coordinates":[[91.84122,21.86416],[91.8426,21.87535],[91.84747,21.88046],[91.84808,21.9008]]}},{"type":"Feature","properties":{"level":991},"geometry":{"type":"LineString","coordinates":[[90.14824,21.9015],[90.14764,21.89678]]}},{"type":"Feature","properties":{"level":991},"geometry":{"type":"LineString","coordinates":[[90.15499,21.90817],[90.14824,21.9015]]}},{"type":"Feature","properties":{"level":991},"geometry":{"type":"LineString","coordinates":[[90.49287,21.87557],[90.48913,21.87687],[90.48828,21.89112],[90.49193,21.90254],[90.50011,21.91054],[90.51162,21.89196],[90.49287,21.87557]]}},{"type":"Feature","properties":{"level":991},"geometry":{"type":"LineString","coordinates":[[90.42415,21.88205],[90.41733,21.88154],[90.4226,21.89663],[90.45969,21.9115],[90.45117,21.89072],[90.43537,21.88355],[90.42415,21.88205]]}},{"type":"Feature","properties":{"level":991},"geometry":{"type":"LineString","coordinates":[[90.15943,21.9119],[90.15499,21.90817]]}},{"type":"Feature","properties":{"level":991},"geometry":{"type":"LineString","coordinates":[[90.47521,21.90215],[90.47635,21.90889],[90.48644,21.92129],[90.47521,21.90215]]}},{"type":"Feature","properties":{"level":991},"geometry":{"type":"LineString","coordinates":[[89.10432,21.78113],[89.13036,21.76989],[89.13397,21.75748],[89.14409,21.75395],[89.14701,21.73742],[89.13576,21.72197],[89.12133,21.71884],[89.10711,21.72263],[89.10139,21.72949],[89.10204,21.73499],[89.09203,21.74009],[89.06762,21.77338],[89.04493,21.78673],[89.05926,21.83428],[89.0606,21.85331],[89.05265,21.87798],[89.03381,21.89511],[89.03353,21.91491],[89.03726,21.92019],[89.04991,21.92263],[89.05902,21.91991],[89.05727,21.89894],[89.06145,21.88391],[89.08362,21.85698],[89.07627,21.82845],[89.07702,21.81158],[89.08429,21.79579],[89.10432,21.78113]]}},{"type":"Feature","properties":{"level":991},"geometry":{"type":"LineString","coordinates":[[91.84808,21.9008],[91.85673,21.90726],[91.86735,21.92239],[91.87876,21.92183],[91.89266,21.89581],[91.89574,21.88298]]}},{"type":"Feature","properties":{"level":991},"geometry":{"type":"LineString","coordinates":[[90.11469,21.92582],[90.11113,21.91905],[90.11432,21.90423],[90.11033,21.89838]]}},{"type":"Feature","properties":{"level":991},"geometry":{"type":"LineString","coordinates":[[90.47353,21.92696],[90.45997,21.91618],[90.40861,21.894],[90.40082,21.88555],[90.39418,21.87007]]}},{"type":"Feature","properties":{"level":991},"geometry":{"type":"LineString","coordinates":[[90.15043,21.89381],[90.15051,21.90135],[90.16054,21.91028],[90.16724,21.90617],[90.17437,21.90787],[90.18105,21.92548],[90.18721,21.92736]]}},{"type":"Feature","properties":{"level":991},"geometry":{"type":"LineString","coordinates":[[90.13332,21.9288],[90.12064,21.92942],[90.11469,21.92582]]}},{"type":"Feature","properties":{"level":991},"geometry":{"type":"LineString","coordinates":[[90.77172,21.85595],[90.76816,21.85685],[90.77116,21.86811],[90.78965,21.90664],[90.80666,21.92509],[90.82171,21.92845],[90.82253,21.9258],[90.81169,21.92291],[90.80419,21.9153],[90.81604,21.91191],[90.83199,21.89889],[90.83338,21.89467],[90.82944,21.8842],[90.81052,21.86331],[90.77172,21.85595]]}},{"type":"Feature","properties":{"level":991},"geometry":{"type":"LineString","coordinates":[[89.40363,21.92172],[89.40253,21.91411],[89.42023,21.8907],[89.45014,21.87421],[89.4456,21.86903],[89.42022,21.86268],[89.41835,21.85613],[89.42346,21.84785],[89.40357,21.85019],[89.39177,21.86209],[89.3985,21.8688],[89.39714,21.8738],[89.38657,21.87337],[89.38597,21.87868],[89.38199,21.879],[89.38532,21.90409],[89.3814,21.92244],[89.38954,21.92222],[89.39603,21.92751],[89.40779,21.92985],[89.40363,21.92172]]}},{"type":"Feature","properties":{"level":991},"geometry":{"type":"LineString","coordinates":[[90.72865,21.85834],[90.71594,21.86045],[90.71188,21.86845],[90.71654,21.88855],[90.71575,21.89908],[90.73716,21.92843],[90.74617,21.93212],[90.75623,21.93164],[90.76031,21.92675],[90.76127,21.91082],[90.74793,21.8865],[90.74199,21.86698],[90.72865,21.85834]]}},{"type":"Feature","properties":{"level":991},"geometry":{"type":"LineString","coordinates":[[90.19342,21.9336],[90.17933,21.92683],[90.17175,21.90891],[90.15943,21.9119]]}},{"type":"Feature","properties":{"level":991},"geometry":{"type":"LineString","coordinates":[[89.57065,21.92955],[89.5711,21.93533],[89.57065,21.92955]]}},{"type":"Feature","properties":{"level":991},"geometry":{"type":"LineString","coordinates":[[90.14147,21.93572],[90.14462,21.92973],[90.13332,21.9288]]}},{"type":"Feature","properties":{"level":991},"geometry":{"type":"LineString","coordinates":[[90.19472,21.9417],[90.19342,21.9336]]}},{"type":"Feature","properties":{"level":991},"geometry":{"type":"LineString","coordinates":[[91.91657,21.85842],[91.91322,21.88928],[91.90659,21.91005],[91.90886,21.92944],[91.90552,21.92896],[91.90733,21.93443],[91.90332,21.93343],[91.89736,21.94147],[91.90594,21.94216]]}},{"type":"Feature","properties":{"level":991},"geometry":{"type":"LineString","coordinates":[[90.18721,21.92736],[90.19634,21.93372],[90.19797,21.9467]]}},{"type":"Feature","properties":{"level":991},"geometry":{"type":"LineString","coordinates":[[89.61476,21.94673],[89.62158,21.94498],[89.62761,21.93175],[89.64626,21.90994],[89.62576,21.88298],[89.62364,21.87198],[89.62574,21.86371],[89.6607,21.8215],[89.69676,21.79389],[89.69887,21.77281],[89.68781,21.7638],[89.68371,21.768],[89.68152,21.76111],[89.66994,21.75511],[89.65185,21.75455],[89.64702,21.76357],[89.63601,21.75655],[89.60955,21.76478],[89.61828,21.78397],[89.61483,21.80161],[89.60807,21.81087],[89.56615,21.8415],[89.55429,21.85627],[89.58003,21.86322],[89.59434,21.87194],[89.59315,21.87895],[89.58124,21.89176],[89.59141,21.89787],[89.59725,21.88992],[89.60094,21.89105],[89.59772,21.89065],[89.59226,21.89877],[89.58136,21.89332],[89.57954,21.88932],[89.59114,21.87888],[89.59316,21.87191],[89.57515,21.86292],[89.55489,21.86143],[89.54875,21.87571],[89.54979,21.88599],[89.57141,21.92912],[89.57532,21.93191],[89.57341,21.93525],[89.58842,21.94647],[89.61476,21.94673]]}},{"type":"Feature","properties":{"level":991},"geometry":{"type":"LineString","coordinates":[[90.19797,21.9467],[90.19472,21.9417]]}},{"type":"Feature","properties":{"level":991},"geometry":{"type":"LineString","coordinates":[[90.39091,21.87249],[90.38427,21.87299],[90.3717,21.88506],[90.35508,21.91556],[90.36572,21.88721],[90.37654,21.87437],[90.37499,21.86835],[90.35846,21.8518],[90.34257,21.84777],[90.32347,21.84766],[90.31171,21.8572],[90.3068,21.88317],[90.32186,21.9058],[90.33905,21.94648],[90.34732,21.95811]]}},{"type":"Feature","properties":{"level":991},"geometry":{"type":"LineString","coordinates":[[90.2556,21.95084],[90.26501,21.96037]]}},{"type":"Feature","properties":{"level":991},"geometry":{"type":"LineString","coordinates":[[89.5455,21.88108],[89.54783,21.91551],[89.54162,21.95737],[89.54341,21.96058],[89.56942,21.93388],[89.5455,21.88108]]}},{"type":"Feature","properties":{"level":991},"geometry":{"type":"LineString","coordinates":[[90.34732,21.95811],[90.3504,21.96201]]}},{"type":"Feature","properties":{"level":991},"geometry":{"type":"LineString","coordinates":[[90.23752,21.96285],[90.2477,21.95297],[90.2556,21.95084]]}},{"type":"Feature","properties":{"level":991},"geometry":{"type":"LineString","coordinates":[[90.25794,21.95593],[90.2555,21.95363],[90.24256,21.963]]}},{"type":"Feature","properties":{"level":991},"geometry":{"type":"LineString","coordinates":[[90.60695,21.92382],[90.61003,21.96356]]}},{"type":"Feature","properties":{"level":991},"geometry":{"type":"LineString","coordinates":[[90.60179,21.96757],[90.589,21.92107],[90.57771,21.89314],[90.57776,21.88477],[90.57177,21.88092],[90.55398,21.88136],[90.51713,21.89152],[90.50669,21.91608],[90.50762,21.92578],[90.51667,21.94081]]}},{"type":"Feature","properties":{"level":991},"geometry":{"type":"LineString","coordinates":[[90.61003,21.96356],[90.61722,21.96891],[90.61104,21.90855],[90.60456,21.90236],[90.60695,21.92382]]}},{"type":"Feature","properties":{"level":991},"geometry":{"type":"LineString","coordinates":[[90.51667,21.94081],[90.54364,21.96929]]}},{"type":"Feature","properties":{"level":991},"geometry":{"type":"LineString","coordinates":[[90.54364,21.96929],[90.54422,21.96984]]}},{"type":"Feature","properties":{"level":991},"geometry":{"type":"LineString","coordinates":[[90.14569,21.97207],[90.13263,21.95331],[90.13446,21.94451],[90.14147,21.93572]]}},{"type":"Feature","properties":{"level":991},"geometry":{"type":"LineString","coordinates":[[90.14742,21.97477],[90.14569,21.97207]]}},{"type":"Feature","properties":{"level":991},"geometry":{"type":"LineString","coordinates":[[90.68238,21.97613],[90.70021,21.97395],[90.68001,21.93034],[90.6474,21.89672],[90.61413,21.89126],[90.61282,21.89571],[90.621,21.91691],[90.62603,21.95963],[90.6333,21.97523],[90.68238,21.97613]]}},{"type":"Feature","properties":{"level":991},"geometry":{"type":"LineString","coordinates":[[90.52431,21.98302],[90.50585,21.95921],[90.50029,21.9765]]}},{"type":"Feature","properties":{"level":991},"geometry":{"type":"LineString","coordinates":[[90.24256,21.963],[90.22233,21.98316]]}},{"type":"Feature","properties":{"level":991},"geometry":{"type":"LineString","coordinates":[[91.90594,21.94216],[91.89038,21.94801],[91.88458,21.97641],[91.87991,21.98357]]}},{"type":"Feature","properties":{"level":991},"geometry":{"type":"LineString","coordinates":[[90.12952,21.89838],[90.11906,21.90322],[90.11682,21.92421],[90.13959,21.92352],[90.1467,21.92868],[90.14727,21.93571],[90.13739,21.95015],[90.13668,21.95642],[90.15905,21.98116],[90.17424,21.97517],[90.21224,21.98359],[90.2288,21.97738],[90.23752,21.96285]]}},{"type":"Feature","properties":{"level":991},"geometry":{"type":"LineString","coordinates":[[90.58729,21.98394],[90.60284,21.97312],[90.60179,21.96757]]}},{"type":"Feature","properties":{"level":991},"geometry":{"type":"LineString","coordinates":[[90.1922,21.9817],[90.17263,21.97737],[90.16605,21.9834],[90.15882,21.98422],[90.14742,21.97477]]}},{"type":"Feature","properties":{"level":991},"geometry":{"type":"LineString","coordinates":[[90.20519,21.98438],[90.1922,21.9817]]}},{"type":"Feature","properties":{"level":991},"geometry":{"type":"LineString","coordinates":[[90.50029,21.9765],[90.4963,21.98502]]}},{"type":"Feature","properties":{"level":991},"geometry":{"type":"LineString","coordinates":[[90.22233,21.98316],[90.21385,21.98578],[90.20519,21.98438]]}},{"type":"Feature","properties":{"level":991},"geometry":{"type":"LineString","coordinates":[[90.5437,21.97934],[90.54534,21.98514],[90.55064,21.98577],[90.5437,21.97934]]}},{"type":"Feature","properties":{"level":991},"geometry":{"type":"LineString","coordinates":[[89.41545,21.98614],[89.42447,21.9846],[89.41692,21.96994],[89.43101,21.94642],[89.45691,21.93422],[89.44669,21.91937],[89.44614,21.90794],[89.45452,21.90195],[89.47131,21.90244],[89.4683,21.89985],[89.47174,21.89928],[89.47153,21.88494],[89.46747,21.88909],[89.4643,21.88043],[89.46772,21.85754],[89.46352,21.85681],[89.46007,21.86029],[89.45642,21.85239],[89.42224,21.85084],[89.42183,21.86226],[89.44573,21.86736],[89.45144,21.8746],[89.41979,21.89361],[89.40337,21.91593],[89.40843,21.93115],[89.40152,21.93205],[89.39385,21.9286],[89.38921,21.93206],[89.4,21.93923],[89.39693,21.94475],[89.37459,21.95298],[89.3808,21.96405],[89.38848,21.95907],[89.40212,21.96431],[89.40102,21.98076],[89.41056,21.98689],[89.41545,21.98614]]}},{"type":"Feature","properties":{"level":991},"geometry":{"type":"LineString","coordinates":[[90.54422,21.96984],[90.56736,21.98807],[90.58729,21.98394]]}},{"type":"Feature","properties":{"level":991},"geometry":{"type":"LineString","coordinates":[[90.28109,21.98981],[90.26471,21.97642],[90.25794,21.95593]]}},{"type":"Feature","properties":{"level":991},"geometry":{"type":"LineString","coordinates":[[90.26501,21.96037],[90.27255,21.97812],[90.28823,21.98919],[90.29605,21.98994],[90.3043,21.97524],[90.3024,21.95995],[90.29558,21.93539],[90.27297,21.88965]]}},{"type":"Feature","properties":{"level":991},"geometry":{"type":"LineString","coordinates":[[90.86808,21.977],[90.86643,21.97251],[90.86153,21.97569],[90.86112,21.96608],[90.86509,21.95779],[90.86256,21.94571],[90.85957,21.93923],[90.85329,21.94284],[90.84963,21.93894],[90.85496,21.93146],[90.85579,21.92352],[90.84896,21.92054],[90.83818,21.93164],[90.83144,21.96528],[90.83968,21.98207],[90.85432,21.99074],[90.86048,21.98793],[90.86808,21.977]]}},{"type":"Feature","properties":{"level":991},"geometry":{"type":"LineString","coordinates":[[90.02394,21.89515],[90.02235,21.90716],[90.0303,21.9215],[90.02958,21.92365],[90.02353,21.91724],[90.02856,21.94521],[90.05397,21.95554],[90.07116,21.96968],[90.07691,21.98344],[90.075,21.99618]]}},{"type":"Feature","properties":{"level":991},"geometry":{"type":"LineString","coordinates":[[90.7617,21.98622],[90.75398,21.98998],[90.76272,21.99549],[90.7737,21.99687],[90.7617,21.98622]]}},{"type":"Feature","properties":{"level":991},"geometry":{"type":"LineString","coordinates":[[90.81805,21.94484],[90.81521,21.94237],[90.8077,21.9447],[90.79256,21.93698],[90.78196,21.9137],[90.77878,21.91343],[90.77686,21.91913],[90.77994,21.93456],[90.80735,21.96564],[90.82065,21.98838],[90.82986,21.99746],[90.83196,21.98832],[90.81701,21.95704],[90.81805,21.94484]]}},{"type":"Feature","properties":{"level":991},"geometry":{"type":"LineString","coordinates":[[90.69208,21.97994],[90.68307,21.98246],[90.67815,21.98822],[90.70009,21.992],[90.70867,21.99693],[90.70564,21.98973],[90.69208,21.97994]]}},{"type":"Feature","properties":{"level":991},"geometry":{"type":"LineString","coordinates":[[90.28292,21.99794],[90.28381,21.99274],[90.28109,21.98981]]}},{"type":"Feature","properties":{"level":991},"geometry":{"type":"LineString","coordinates":[[89.30098,21.83806],[89.30173,21.82606],[89.29749,21.81854],[89.28114,21.83497],[89.29407,21.83942],[89.29892,21.85737],[89.30811,21.86855],[89.30563,21.87293],[89.29118,21.8798],[89.32115,21.91698],[89.31852,21.92079],[89.29692,21.93074],[89.29001,21.94051],[89.29037,21.95135],[89.29822,21.95589],[89.29341,21.96339],[89.30349,21.97283],[89.30155,21.98296],[89.28879,21.98828],[89.30636,21.99804],[89.3371,21.96093],[89.3482,21.94228],[89.35837,21.9144],[89.35982,21.90007],[89.33863,21.89028],[89.32303,21.87898],[89.30634,21.85687],[89.30098,21.83806]]}},{"type":"Feature","properties":{"level":991},"geometry":{"type":"LineString","coordinates":[[90.27965,22.00521],[90.28292,21.99794]]}},{"type":"Feature","properties":{"level":991},"geometry":{"type":"LineString","coordinates":[[90.3504,21.96201],[90.35611,21.97913],[90.39298,22.0065]]}},{"type":"Feature","properties":{"level":991},"geometry":{"type":"LineString","coordinates":[[89.71448,21.97668],[89.72165,21.97693],[89.72202,21.97038],[89.71368,21.96573],[89.7109,21.95712],[89.71474,21.94517],[89.7272,21.92856],[89.71304,21.91218],[89.71129,21.90156],[89.71556,21.89497],[89.72892,21.8894],[89.73353,21.87469],[89.74087,21.86595],[89.74176,21.83999],[89.72766,21.83356],[89.70818,21.8342],[89.70141,21.83753],[89.70064,21.84212],[89.70831,21.84414],[89.7093,21.84734],[89.69051,21.85463],[89.6988,21.8577],[89.69608,21.86411],[89.70246,21.86315],[89.70539,21.88157],[89.71241,21.88204],[89.71238,21.88802],[89.71024,21.88718],[89.71173,21.88273],[89.70355,21.88146],[89.7013,21.8641],[89.69452,21.86497],[89.69742,21.85729],[89.68828,21.85478],[89.6916,21.85143],[89.70427,21.84906],[89.7063,21.84548],[89.69113,21.84339],[89.68193,21.84672],[89.67934,21.83983],[89.67297,21.83685],[89.66613,21.84875],[89.66926,21.87012],[89.65849,21.88669],[89.67845,21.90495],[89.69312,21.94279],[89.69444,21.9611],[89.68726,21.9773],[89.68648,21.99264],[89.69617,22.00528],[89.70473,22.00625],[89.70706,21.99225],[89.70377,21.98612],[89.71448,21.97668]]}},{"type":"Feature","properties":{"level":991},"geometry":{"type":"LineString","coordinates":[[90.27798,22.0079],[90.27965,22.00521]]}},{"type":"Feature","properties":{"level":991},"geometry":{"type":"LineString","coordinates":[[90.55773,21.99376],[90.55445,21.99465],[90.55461,21.99787],[90.56565,22.00917],[90.56539,22.0002],[90.55773,21.99376]]}},{"type":"Feature","properties":{"level":991},"geometry":{"type":"LineString","coordinates":[[90.84082,21.99167],[90.83586,22.0025],[90.83891,22.01157],[90.84711,21.99785],[90.84082,21.99167]]}},{"type":"Feature","properties":{"level":991},"geometry":{"type":"LineString","coordinates":[[90.48006,22.0126],[90.48448,21.98762],[90.49838,21.96025],[90.48755,21.94165],[90.47353,21.92696]]}},{"type":"Feature","properties":{"level":991},"geometry":{"type":"LineString","coordinates":[[90.71399,21.99987],[90.71144,22.00203],[90.72584,22.01398],[90.71399,21.99987]]}},{"type":"Feature","properties":{"level":991},"geometry":{"type":"LineString","coordinates":[[90.27973,22.00979],[90.27373,22.01825]]}},{"type":"Feature","properties":{"level":991},"geometry":{"type":"LineString","coordinates":[[90.27373,22.01825],[90.27013,22.02059],[90.27798,22.0079]]}},{"type":"Feature","properties":{"level":991},"geometry":{"type":"LineString","coordinates":[[89.1853,22.02191],[89.18914,22.00955],[89.19491,22.00258],[89.2352,21.99071],[89.24273,21.98559],[89.23538,21.97814],[89.21154,21.96817],[89.20463,21.96233],[89.20185,21.94897],[89.21071,21.93516],[89.22221,21.92941],[89.24073,21.92869],[89.24565,21.91542],[89.25385,21.90924],[89.28504,21.90537],[89.26942,21.8843],[89.24509,21.88807],[89.23078,21.87756],[89.22965,21.88469],[89.23342,21.88992],[89.22937,21.88667],[89.22858,21.87855],[89.23169,21.87666],[89.24733,21.88731],[89.26895,21.88315],[89.26764,21.86814],[89.27378,21.85393],[89.26306,21.83557],[89.25564,21.8342],[89.26023,21.84011],[89.25491,21.85542],[89.25843,21.86041],[89.25072,21.85962],[89.24501,21.86652],[89.23964,21.86605],[89.24487,21.86549],[89.25079,21.85826],[89.25726,21.85935],[89.254,21.85456],[89.25896,21.8401],[89.25463,21.83456],[89.25338,21.82238],[89.2492,21.8182],[89.23148,21.82371],[89.21282,21.8241],[89.19398,21.82898],[89.19937,21.84937],[89.20154,21.88605],[89.21361,21.90887],[89.21071,21.91836],[89.20162,21.92391],[89.18093,21.92563],[89.18259,21.93612],[89.16552,21.94456],[89.16918,21.95499],[89.1645,21.94465],[89.18119,21.93574],[89.18179,21.93154],[89.17696,21.92628],[89.15492,21.92513],[89.14279,21.93831],[89.14046,21.95024],[89.14308,21.96175],[89.1713,21.9957],[89.16499,22.0207],[89.1853,22.02191]]}},{"type":"Feature","properties":{"level":991},"geometry":{"type":"LineString","coordinates":[[90.58983,21.98687],[90.56714,21.99273],[90.57404,22.01386],[90.58245,22.02254]]}},{"type":"Feature","properties":{"level":991},"geometry":{"type":"LineString","coordinates":[[90.78055,22.00267],[90.7688,22.00459],[90.77299,22.00806],[90.77527,22.0212],[90.78789,22.02515],[90.7866,22.00635],[90.78055,22.00267]]}},{"type":"Feature","properties":{"level":991},"geometry":{"type":"LineString","coordinates":[[90.58245,22.02254],[90.59113,22.02986],[90.5943,22.02928],[90.62249,21.99092],[90.62071,21.98653],[90.60622,21.97759],[90.58983,21.98687]]}},{"type":"Feature","properties":{"level":991},"geometry":{"type":"LineString","coordinates":[[90.56369,22.03055],[90.56054,22.02375],[90.5312,21.99613],[90.52431,21.98302]]}},{"type":"Feature","properties":{"level":991},"geometry":{"type":"LineString","coordinates":[[90.32736,22.0342],[90.30673,21.98182],[90.29783,21.99202],[90.28702,21.99367],[90.27973,22.00979]]}},{"type":"Feature","properties":{"level":991},"geometry":{"type":"LineString","coordinates":[[91.87991,21.98357],[91.87035,22.00286],[91.87384,22.00292],[91.87837,22.02193],[91.87612,22.0347]]}},{"type":"Feature","properties":{"level":991},"geometry":{"type":"LineString","coordinates":[[90.72278,22.0348],[90.70836,22.01413],[90.68459,21.9998],[90.63105,21.99349],[90.61044,22.01444]]}},{"type":"Feature","properties":{"level":991},"geometry":{"type":"LineString","coordinates":[[89.57364,21.9417],[89.56498,21.9433],[89.5483,21.9619],[89.55079,21.98495],[89.56848,22.03753],[89.60082,22.02511],[89.60753,22.01591],[89.60317,22.00285],[89.59293,21.99218],[89.56157,21.97523],[89.5658,21.96754],[89.58191,21.9541],[89.58226,21.9488],[89.57364,21.9417]]}},{"type":"Feature","properties":{"level":991},"geometry":{"type":"LineString","coordinates":[[91.87612,22.0347],[91.87848,22.04575]]}},{"type":"Feature","properties":{"level":991},"geometry":{"type":"LineString","coordinates":[[89.98016,22.04596],[89.97274,22.03364],[89.97133,22.01968]]}},{"type":"Feature","properties":{"level":991},"geometry":{"type":"LineString","coordinates":[[89.97133,22.01968],[89.98807,21.96749],[89.98644,21.96147],[89.98203,21.96357],[89.98659,21.9563],[89.9745,21.9487],[89.95672,21.94672],[89.93834,21.95886],[89.93636,21.97387],[89.93195,21.97731],[89.937,21.98415],[89.93578,21.99935],[89.92868,22.01192],[89.91701,22.02258],[89.91176,22.04705]]}},{"type":"Feature","properties":{"level":991},"geometry":{"type":"LineString","coordinates":[[89.8502,21.87323],[89.84269,21.87948],[89.84822,21.88857],[89.84675,21.89522],[89.81235,21.91607],[89.80896,21.92367],[89.81563,21.93735],[89.84553,21.95622],[89.83647,21.96945],[89.8052,21.98931],[89.83733,21.99972],[89.84204,22.00498],[89.84133,22.02444],[89.8268,22.04111],[89.82684,22.04818],[89.83151,22.0501],[89.84284,22.04743],[89.85635,22.02808],[89.86144,21.98946],[89.86074,21.96551],[89.86961,21.94209],[89.87632,21.91016],[89.87544,21.8973],[89.86543,21.88242],[89.8502,21.87323]]}},{"type":"Feature","properties":{"level":991},"geometry":{"type":"LineString","coordinates":[[90.45434,22.05051],[90.41914,22.03282],[90.39298,22.0065]]}},{"type":"Feature","properties":{"level":991},"geometry":{"type":"LineString","coordinates":[[90.57856,22.05148],[90.56369,22.03055]]}},{"type":"Feature","properties":{"level":991},"geometry":{"type":"LineString","coordinates":[[90.34998,22.04499],[90.3467,22.04052],[90.343,22.04435],[90.34917,22.05151],[90.34998,22.04499]]}},{"type":"Feature","properties":{"level":991},"geometry":{"type":"LineString","coordinates":[[90.36683,22.04125],[90.36878,22.04931],[90.37705,22.0518],[90.36683,22.04125]]}},{"type":"Feature","properties":{"level":991},"geometry":{"type":"LineString","coordinates":[[90.38823,22.0372],[90.35173,21.99999],[90.33954,21.99129],[90.35297,22.00859],[90.36458,22.03618],[90.3809,22.05353],[90.39126,22.04466],[90.38823,22.0372]]}},{"type":"Feature","properties":{"level":991},"geometry":{"type":"LineString","coordinates":[[90.72894,22.01778],[90.72066,22.016],[90.74064,22.04818],[90.7486,22.05383],[90.75711,22.05327],[90.75314,22.04],[90.73562,22.02088],[90.72894,22.01778]]}},{"type":"Feature","properties":{"level":991},"geometry":{"type":"LineString","coordinates":[[90.45434,22.05051],[90.46384,22.05471],[90.46724,22.05333],[90.47877,22.0327],[90.48006,22.0126]]}},{"type":"Feature","properties":{"level":991},"geometry":{"type":"LineString","coordinates":[[90.46948,22.05446],[90.46911,22.05727],[90.46948,22.05446]]}},{"type":"Feature","properties":{"level":991},"geometry":{"type":"LineString","coordinates":[[90.39106,22.03922],[90.39808,22.05313],[90.40727,22.05884],[90.39106,22.03922]]}},{"type":"Feature","properties":{"level":991},"geometry":{"type":"LineString","coordinates":[[90.7543,22.05951],[90.74075,22.05312],[90.72278,22.0348]]}},{"type":"Feature","properties":{"level":991},"geometry":{"type":"LineString","coordinates":[[90.44716,22.05672],[90.44326,22.05447],[90.44344,22.05977]]}},{"type":"Feature","properties":{"level":991},"geometry":{"type":"LineString","coordinates":[[89.48897,21.99797],[89.50204,21.96861],[89.46536,21.99639],[89.50601,21.96217],[89.50988,21.94669],[89.50749,21.9344],[89.50133,21.92921],[89.47718,21.93535],[89.4849,21.94132],[89.48612,21.95254],[89.48199,21.9582],[89.48363,21.94115],[89.47644,21.93731],[89.47061,21.94115],[89.47394,21.94897],[89.45689,21.94982],[89.46875,21.96123],[89.46417,21.966],[89.46769,21.96158],[89.45564,21.94965],[89.47269,21.94844],[89.46886,21.94149],[89.47698,21.93425],[89.49955,21.92773],[89.50843,21.92904],[89.50435,21.91498],[89.49858,21.91032],[89.49348,21.91203],[89.48627,21.90866],[89.45378,21.90894],[89.45284,21.91539],[89.46204,21.92785],[89.46079,21.9387],[89.4556,21.94399],[89.43756,21.95004],[89.42193,21.97016],[89.43876,21.99006],[89.43048,22.04303],[89.43311,22.0526],[89.44226,22.0624],[89.45429,22.05062],[89.47116,22.04631],[89.47347,22.02922],[89.4877,22.00801],[89.48897,21.99797]]}},{"type":"Feature","properties":{"level":991},"geometry":{"type":"LineString","coordinates":[[90.075,21.99618],[90.0765,22.0087],[90.0903,22.04147],[90.11564,22.06248]]}},{"type":"Feature","properties":{"level":991},"geometry":{"type":"LineString","coordinates":[[90.44344,22.05977],[90.44727,22.06342],[90.44716,22.05672]]}},{"type":"Feature","properties":{"level":991},"geometry":{"type":"LineString","coordinates":[[89.39016,22.05571],[89.40184,22.0545],[89.4117,22.04625],[89.416,22.03598],[89.42734,22.02651],[89.43276,21.98883],[89.42721,21.98571],[89.41192,21.98863],[89.41589,21.99415],[89.41087,22.00341],[89.42053,22.01559],[89.41758,22.01908],[89.40834,22.01591],[89.41942,22.01676],[89.40963,22.00323],[89.41512,21.99348],[89.39908,21.98248],[89.39301,21.98805],[89.39485,21.99496],[89.3852,22.00003],[89.3847,22.00585],[89.38418,21.99944],[89.39288,21.99533],[89.39194,21.98546],[89.40003,21.97945],[89.40233,21.97079],[89.4001,21.96452],[89.39222,21.96095],[89.37979,21.96532],[89.37275,21.95592],[89.37552,21.94985],[89.39797,21.94011],[89.38897,21.93474],[89.38781,21.93047],[89.39142,21.92684],[89.38553,21.92327],[89.36259,21.95965],[89.36369,21.97758],[89.35594,22.00473],[89.35366,22.03224],[89.36771,22.04653],[89.37663,22.06347],[89.39016,22.05571]]}},{"type":"Feature","properties":{"level":991},"geometry":{"type":"LineString","coordinates":[[91.08274,22.05355],[91.05862,22.03028],[91.05504,22.03786],[91.05645,22.05176],[91.05441,22.0533],[91.04837,22.04861],[91.04929,22.05468],[91.07102,22.06371],[91.08272,22.06411],[91.08274,22.05355]]}},{"type":"Feature","properties":{"level":991},"geometry":{"type":"LineString","coordinates":[[90.48454,22.032],[90.47511,22.0508],[90.47913,22.06477],[90.47862,22.04547],[90.48454,22.032]]}},{"type":"Feature","properties":{"level":991},"geometry":{"type":"LineString","coordinates":[[90.45199,22.05648],[90.45125,22.0658],[90.45844,22.06787],[90.46015,22.06267],[90.45199,22.05648]]}},{"type":"Feature","properties":{"level":991},"geometry":{"type":"LineString","coordinates":[[90.03165,21.98301],[90.0178,21.98286],[89.99911,21.99621],[89.98678,22.03368],[89.99175,22.03803],[90.0205,22.04425],[90.03022,22.05486],[90.03556,22.07136]]}},{"type":"Feature","properties":{"level":991},"geometry":{"type":"LineString","coordinates":[[89.12373,22.04617],[89.11561,22.02968],[89.12736,22.02617],[89.1272,22.01654],[89.13153,22.00805],[89.12838,22.00416],[89.13021,21.99812],[89.11539,21.99072],[89.11883,21.97949],[89.10616,21.97588],[89.1093,21.96758],[89.10646,21.95916],[89.11552,21.95207],[89.09715,21.94025],[89.09346,21.96129],[89.09701,21.97969],[89.09081,22.01423],[89.09573,22.02163],[89.09353,22.04065],[89.09575,22.04932],[89.10481,22.04525],[89.10566,22.0505],[89.11203,22.05335],[89.12093,22.06957],[89.12855,22.07276],[89.13483,22.0703],[89.13612,22.06632],[89.12838,22.05928],[89.12373,22.04617]]}},{"type":"Feature","properties":{"level":991},"geometry":{"type":"LineString","coordinates":[[91.87848,22.04575],[91.86923,22.07291]]}},{"type":"Feature","properties":{"level":991},"geometry":{"type":"LineString","coordinates":[[90.61044,22.01444],[90.59638,22.03765],[90.60852,22.07349]]}},{"type":"Feature","properties":{"level":991},"geometry":{"type":"LineString","coordinates":[[89.14955,22.02811],[89.15661,22.01739],[89.16308,21.99516],[89.13907,21.9737],[89.13287,21.96287],[89.13107,21.95017],[89.13939,21.92239],[89.14433,21.91682],[89.15407,21.91369],[89.18506,21.91571],[89.20114,21.91268],[89.18504,21.87398],[89.18295,21.8591],[89.18486,21.83731],[89.18235,21.83424],[89.17194,21.84837],[89.1635,21.85019],[89.16621,21.8561],[89.16408,21.86224],[89.15181,21.86152],[89.15104,21.86578],[89.15558,21.87346],[89.14547,21.87662],[89.14325,21.87368],[89.14545,21.88014],[89.14222,21.87513],[89.14324,21.87274],[89.14568,21.87546],[89.15445,21.8725],[89.14971,21.86597],[89.15149,21.85981],[89.16253,21.86234],[89.16524,21.85627],[89.16252,21.84926],[89.17067,21.84708],[89.17923,21.83879],[89.17848,21.8302],[89.16967,21.81687],[89.16756,21.80308],[89.15709,21.80103],[89.15515,21.79576],[89.15173,21.79493],[89.13764,21.79734],[89.1335,21.79957],[89.1347,21.80219],[89.09909,21.81372],[89.10265,21.82206],[89.11539,21.81597],[89.11849,21.81732],[89.1208,21.82401],[89.11667,21.84219],[89.13245,21.84944],[89.12064,21.87524],[89.12778,21.88847],[89.12236,21.89178],[89.12652,21.88729],[89.11873,21.87587],[89.12997,21.84852],[89.11774,21.84557],[89.11449,21.84126],[89.11481,21.83249],[89.11903,21.8247],[89.11615,21.81712],[89.10299,21.82605],[89.10491,21.84672],[89.09846,21.87749],[89.0798,21.90367],[89.08372,21.92432],[89.08902,21.92575],[89.09577,21.92055],[89.10768,21.92284],[89.11269,21.93115],[89.11803,21.93186],[89.12949,21.94497],[89.1176,21.93306],[89.11162,21.93148],[89.11039,21.9258],[89.10551,21.92321],[89.0962,21.92134],[89.08996,21.92692],[89.08439,21.92684],[89.09223,21.94845],[89.09462,21.93915],[89.09744,21.93804],[89.11693,21.95107],[89.11598,21.95702],[89.10832,21.95982],[89.11207,21.96679],[89.10778,21.97571],[89.12085,21.979],[89.11602,21.98793],[89.1306,21.99639],[89.12915,22.00317],[89.13338,22.00777],[89.12873,22.01638],[89.12792,22.02695],[89.11717,22.02832],[89.1175,22.03197],[89.13033,22.05982],[89.14949,22.07667],[89.1735,22.06225],[89.15702,22.05628],[89.15119,22.05031],[89.14694,22.03969],[89.14955,22.02811]]}},{"type":"Feature","properties":{"level":991},"geometry":{"type":"LineString","coordinates":[[89.7605,22.03058],[89.75619,22.03672],[89.74573,22.03599],[89.74204,22.052],[89.75029,22.05421],[89.75286,22.06535],[89.77024,22.07685]]}},{"type":"Feature","properties":{"level":991},"geometry":{"type":"LineString","coordinates":[[89.49581,22.03014],[89.48083,22.04069],[89.47873,22.0503],[89.51056,22.07028],[89.51538,22.07987],[89.52007,22.07273],[89.51696,22.05988],[89.49581,22.03014]]}},{"type":"Feature","properties":{"level":991},"geometry":{"type":"LineString","coordinates":[[90.41313,22.08038],[90.42406,22.07846],[90.42608,22.07588],[90.42345,22.07365]]}},{"type":"Feature","properties":{"level":991},"geometry":{"type":"LineString","coordinates":[[90.42345,22.07365],[90.39233,22.04744],[90.38197,22.05499],[90.36798,22.04964],[90.35166,22.01042],[90.34722,22.00349],[90.34242,22.00279],[90.34016,22.02227],[90.36457,22.06054],[90.38153,22.07235],[90.39254,22.08581],[90.41313,22.08038]]}},{"type":"Feature","properties":{"level":991},"geometry":{"type":"LineString","coordinates":[[89.77024,22.07685],[89.77753,22.08831],[89.81988,22.05371],[89.79875,22.05357],[89.79619,22.05166],[89.79777,22.04211],[89.79973,22.05274],[89.82363,22.05067],[89.82598,22.03695],[89.83992,22.02109],[89.84058,22.00752],[89.8361,22.00144],[89.80778,21.99438],[89.80356,21.98826],[89.83027,21.97074],[89.84304,21.95608],[89.81362,21.93984],[89.80843,21.93338],[89.80645,21.92334],[89.81068,21.91431],[89.84499,21.89192],[89.83647,21.87695],[89.83806,21.85357],[89.83208,21.84845],[89.78794,21.84204],[89.78636,21.83659],[89.77851,21.83337],[89.77231,21.83485],[89.77046,21.83891],[89.78793,21.87538],[89.79486,21.87176],[89.80121,21.87773],[89.80811,21.87725],[89.81318,21.88878],[89.80765,21.88993],[89.81175,21.88927],[89.8078,21.87815],[89.80238,21.87958],[89.79488,21.87309],[89.78774,21.87752],[89.78305,21.86941],[89.78676,21.89836],[89.77901,21.90514],[89.78812,21.90912],[89.78121,21.92085],[89.77189,21.90993],[89.77118,21.92196],[89.77555,21.92761],[89.77343,21.93562],[89.77399,21.92723],[89.77001,21.92175],[89.77069,21.90857],[89.7745,21.90896],[89.78118,21.91902],[89.78569,21.90873],[89.7756,21.90461],[89.7846,21.89893],[89.78362,21.88695],[89.75649,21.88547],[89.74992,21.88988],[89.74878,21.89647],[89.74809,21.89371],[89.7501,21.88726],[89.75461,21.88474],[89.78378,21.88542],[89.78002,21.86249],[89.77281,21.85289],[89.75497,21.85247],[89.7489,21.85566],[89.74801,21.8646],[89.73823,21.87854],[89.73418,21.89188],[89.72882,21.89837],[89.7163,21.9048],[89.73182,21.92008],[89.73314,21.92783],[89.72652,21.93954],[89.73206,21.94827],[89.75278,21.94673],[89.77037,21.95318],[89.76542,21.96134],[89.76934,21.95491],[89.76734,21.95197],[89.752,21.9481],[89.73366,21.95016],[89.72496,21.94111],[89.72094,21.94459],[89.71514,21.96035],[89.74219,21.96771],[89.74848,21.97336],[89.74731,21.98292],[89.73736,21.9906],[89.75213,21.99718],[89.7528,22.006],[89.743,22.01594],[89.75834,22.02529],[89.7605,22.03058]]}},{"type":"Feature","properties":{"level":991},"geometry":{"type":"LineString","coordinates":[[90.42421,22.08277],[90.40785,22.08348],[90.39184,22.08918]]}},{"type":"Feature","properties":{"level":991},"geometry":{"type":"LineString","coordinates":[[90.39184,22.08918],[90.39075,22.08981]]}},{"type":"Feature","properties":{"level":991},"geometry":{"type":"LineString","coordinates":[[89.47301,22.04884],[89.45387,22.05272],[89.44422,22.06414],[89.4512,22.07122],[89.47266,22.07741],[89.48921,22.09064],[89.50457,22.0867],[89.51288,22.08064],[89.51193,22.07675],[89.47301,22.04884]]}},{"type":"Feature","properties":{"level":991},"geometry":{"type":"LineString","coordinates":[[90.59975,22.09069],[90.59106,22.0608],[90.57856,22.05148]]}},{"type":"Feature","properties":{"level":991},"geometry":{"type":"LineString","coordinates":[[89.87968,22.07869],[89.87521,22.08308],[89.8829,22.09103],[89.88495,22.0839],[89.87968,22.07869]]}},{"type":"Feature","properties":{"level":991},"geometry":{"type":"LineString","coordinates":[[90.89093,22.04979],[90.88345,22.05098],[90.87864,22.06047],[90.88004,22.0835],[90.88591,22.09184],[90.89528,22.08447],[90.89332,22.08248],[90.89795,22.06462],[90.89643,22.05531],[90.89093,22.04979]]}},{"type":"Feature","properties":{"level":991},"geometry":{"type":"LineString","coordinates":[[90.11564,22.06248],[90.14029,22.08428],[90.1504,22.09812]]}},{"type":"Feature","properties":{"level":991},"geometry":{"type":"LineString","coordinates":[[90.89563,22.08883],[90.88637,22.09332],[90.88912,22.09804],[90.89563,22.08883]]}},{"type":"Feature","properties":{"level":991},"geometry":{"type":"LineString","coordinates":[[90.13496,22.09868],[90.12294,22.08625],[90.09382,22.06703],[90.08086,22.05298],[90.06087,22.01273],[90.05634,21.9785],[90.03165,21.98301]]}},{"type":"Feature","properties":{"level":991},"geometry":{"type":"LineString","coordinates":[[90.39075,22.08981],[90.38804,22.09997]]}},{"type":"Feature","properties":{"level":991},"geometry":{"type":"LineString","coordinates":[[89.26135,22.08076],[89.28599,22.08772],[89.29562,22.08532],[89.28145,22.07203],[89.27727,22.05931],[89.28096,22.04748],[89.29435,22.02743],[89.28626,22.03299],[89.2966,22.02267],[89.30561,22.00061],[89.29857,21.99322],[89.28722,21.98817],[89.29987,21.98235],[89.30217,21.97246],[89.29224,21.9629],[89.29608,21.95469],[89.28866,21.94943],[89.28875,21.9395],[89.29911,21.92745],[89.31949,21.91845],[89.28981,21.88051],[89.29294,21.87488],[89.30643,21.86978],[89.29607,21.85721],[89.29307,21.84137],[89.28421,21.84267],[89.28374,21.85921],[89.2778,21.8753],[89.29265,21.89214],[89.29623,21.90196],[89.29442,21.91046],[89.28178,21.919],[89.27787,21.92594],[89.27066,21.92873],[89.27069,21.93921],[89.26121,21.94393],[89.26918,21.93937],[89.2687,21.92909],[89.27665,21.92546],[89.27901,21.91998],[89.26007,21.91657],[89.25388,21.92873],[89.23196,21.94917],[89.24535,21.95178],[89.26247,21.96582],[89.25667,21.97336],[89.26581,21.97766],[89.26224,21.9834],[89.26305,21.99764],[89.26096,21.98386],[89.26508,21.97731],[89.25571,21.97298],[89.26118,21.96583],[89.24719,21.95363],[89.2304,21.95019],[89.23604,21.94168],[89.21973,21.94486],[89.2099,21.95205],[89.21748,21.95943],[89.24224,21.97015],[89.25077,21.98101],[89.24867,21.99132],[89.21934,22.0082],[89.2448,22.04035],[89.25361,22.06037],[89.24837,22.07397],[89.22663,22.09154],[89.22551,22.09598],[89.23075,22.1001],[89.24801,22.09504],[89.26135,22.08076]]}},{"type":"Feature","properties":{"level":991},"geometry":{"type":"LineString","coordinates":[[91.03095,22.08382],[91.04219,22.08338],[91.04789,22.07378],[91.03233,22.03858],[91.02901,22.04022],[91.02429,22.03366],[91.0183,22.03451],[91.01714,22.0371],[91.02288,22.04399],[90.99084,22.02311],[90.98157,22.02794],[90.97285,22.05153],[90.97309,22.07172],[90.97835,22.08155],[91.00146,22.10053],[91.03095,22.08382]]}},{"type":"Feature","properties":{"level":991},"geometry":{"type":"LineString","coordinates":[[89.6366,22.09746],[89.64903,22.09886],[89.65006,22.08279],[89.64597,22.07107],[89.6497,22.069],[89.65923,22.0723],[89.6664,22.05514],[89.65641,22.05189],[89.65205,22.03724],[89.66001,22.01855],[89.65475,22.00406],[89.64015,21.99203],[89.62822,22.00386],[89.62384,22.00433],[89.62031,21.99911],[89.62516,21.97904],[89.64471,21.98262],[89.64462,21.96498],[89.62588,21.94835],[89.60709,21.95247],[89.58667,21.95031],[89.56292,21.97449],[89.58808,21.98562],[89.60435,22.00142],[89.60878,22.01665],[89.59965,22.02875],[89.60827,22.03185],[89.61751,22.02524],[89.636,22.02923],[89.63892,22.03235],[89.62094,22.04015],[89.62464,22.05906],[89.63272,22.06392],[89.6277,22.06434],[89.6238,22.06021],[89.61939,22.04156],[89.62371,22.03649],[89.63779,22.03192],[89.6346,22.03013],[89.61571,22.02652],[89.60626,22.03337],[89.59561,22.02826],[89.56909,22.03869],[89.57066,22.04458],[89.57427,22.04566],[89.59296,22.03836],[89.59079,22.05262],[89.60443,22.05435],[89.6009,22.06536],[89.60349,22.05394],[89.58964,22.05278],[89.59139,22.03902],[89.57182,22.04893],[89.59696,22.09104],[89.59968,22.08546],[89.62915,22.09587],[89.62943,22.10105],[89.6366,22.09746]]}},{"type":"Feature","properties":{"level":991},"geometry":{"type":"LineString","coordinates":[[90.37459,22.10166],[90.37768,22.08288],[90.36165,22.06835],[90.34177,22.05968],[90.33164,22.04689],[90.32736,22.0342]]}},{"type":"Feature","properties":{"level":991},"geometry":{"type":"LineString","coordinates":[[90.79873,22.11132],[90.78099,22.07751],[90.7543,22.05951]]}},{"type":"Feature","properties":{"level":991},"geometry":{"type":"LineString","coordinates":[[89.30728,22.10713],[89.31823,22.10525],[89.32319,22.08543],[89.34209,22.0629],[89.34194,22.05801],[89.32818,22.06035],[89.30699,22.07699],[89.30735,22.09118],[89.2991,22.09853],[89.28844,22.09922],[89.26255,22.08999],[89.27037,22.09763],[89.27734,22.11309],[89.30728,22.10713]]}},{"type":"Feature","properties":{"level":991},"geometry":{"type":"LineString","coordinates":[[90.46806,22.11345],[90.43646,22.08035],[90.43204,22.07787],[90.42421,22.08277]]}},{"type":"Feature","properties":{"level":991},"geometry":{"type":"LineString","coordinates":[[90.1504,22.09812],[90.16053,22.11535],[90.18143,22.10635],[90.20036,22.109]]}},{"type":"Feature","properties":{"level":991},"geometry":{"type":"LineString","coordinates":[[90.60852,22.07349],[90.62276,22.11587]]}},{"type":"Feature","properties":{"level":991},"geometry":{"type":"LineString","coordinates":[[90.38804,22.09997],[90.38813,22.12154]]}},{"type":"Feature","properties":{"level":991},"geometry":{"type":"LineString","coordinates":[[90.15392,22.12251],[90.14401,22.11455],[90.13496,22.09868]]}},{"type":"Feature","properties":{"level":991},"geometry":{"type":"LineString","coordinates":[[90.4963,21.98502],[90.48477,22.01559],[90.49007,22.02245],[90.50549,22.02889],[90.48761,22.02574],[90.48739,22.03453],[90.48113,22.04928],[90.4842,22.06982],[90.49048,22.08472],[90.52788,22.12385]]}},{"type":"Feature","properties":{"level":991},"geometry":{"type":"LineString","coordinates":[[90.6057,22.12464],[90.60778,22.10778],[90.59975,22.09069]]}},{"type":"Feature","properties":{"level":991},"geometry":{"type":"LineString","coordinates":[[90.87938,22.10005],[90.87606,22.10227],[90.88705,22.11942],[90.89442,22.1254],[90.89565,22.1167],[90.89159,22.10797],[90.87938,22.10005]]}},{"type":"Feature","properties":{"level":991},"geometry":{"type":"LineString","coordinates":[[90.52788,22.12385],[90.5293,22.12545]]}},{"type":"Feature","properties":{"level":991},"geometry":{"type":"LineString","coordinates":[[91.84967,22.12549],[91.85294,22.1175],[91.84988,22.1152]]}},{"type":"Feature","properties":{"level":991},"geometry":{"type":"LineString","coordinates":[[90.01521,22.12625],[90.01349,22.10311],[90.02264,22.08107],[90.01397,22.07007],[89.98376,22.051],[89.98016,22.04596]]}},{"type":"Feature","properties":{"level":991},"geometry":{"type":"LineString","coordinates":[[90.17595,22.12738],[90.15392,22.12251]]}},{"type":"Feature","properties":{"level":991},"geometry":{"type":"LineString","coordinates":[[89.91176,22.04705],[89.90103,22.07239],[89.90932,22.10175],[89.91159,22.1287]]}},{"type":"Feature","properties":{"level":991},"geometry":{"type":"LineString","coordinates":[[90.5293,22.12545],[90.53465,22.13191]]}},{"type":"Feature","properties":{"level":991},"geometry":{"type":"LineString","coordinates":[[91.88605,22.12799],[91.86954,22.13372]]}},{"type":"Feature","properties":{"level":991},"geometry":{"type":"LineString","coordinates":[[89.74554,22.13438],[89.75505,22.13278],[89.76508,22.1156],[89.77376,22.08881],[89.76936,22.07901]]}},{"type":"Feature","properties":{"level":991},"geometry":{"type":"LineString","coordinates":[[89.76936,22.07901],[89.75056,22.06587],[89.74981,22.05636],[89.73908,22.05209],[89.74303,22.03541],[89.75798,22.03228],[89.75569,22.02405],[89.74188,22.01772],[89.74937,21.99913],[89.73654,21.995],[89.73352,21.99084],[89.74603,21.97551],[89.72736,21.96912],[89.72393,21.97983],[89.71394,21.97914],[89.70818,21.98644],[89.70678,22.00719],[89.7026,22.01048],[89.69793,22.00909],[89.70526,22.0254],[89.70447,22.03425],[89.69956,22.04055],[89.67774,22.05175],[89.68603,22.05965],[89.70269,22.06357],[89.71071,22.07392],[89.70862,22.09203],[89.71383,22.10748],[89.71102,22.11915],[89.71294,22.12837],[89.72489,22.1329],[89.74554,22.13438]]}},{"type":"Feature","properties":{"level":991},"geometry":{"type":"LineString","coordinates":[[91.86923,22.07291],[91.86141,22.09735],[91.86341,22.11418],[91.8504,22.13492]]}},{"type":"Feature","properties":{"level":991},"geometry":{"type":"LineString","coordinates":[[91.89311,22.13746],[91.90362,22.1301],[91.90458,22.12549],[91.89949,22.12358],[91.88605,22.12799]]}},{"type":"Feature","properties":{"level":991},"geometry":{"type":"LineString","coordinates":[[91.88977,22.13904],[91.89311,22.13746]]}},{"type":"Feature","properties":{"level":991},"geometry":{"type":"LineString","coordinates":[[91.89388,22.12197],[91.9031,22.12037],[91.90737,22.12528],[91.90397,22.13493],[91.89674,22.13979]]}},{"type":"Feature","properties":{"level":991},"geometry":{"type":"LineString","coordinates":[[90.50045,22.13424],[90.49831,22.13834],[90.50555,22.13989],[90.50538,22.13631],[90.50045,22.13424]]}},{"type":"Feature","properties":{"level":991},"geometry":{"type":"LineString","coordinates":[[90.38966,22.13112],[90.38771,22.13256],[90.39004,22.1392],[90.39703,22.14186],[90.39649,22.1345],[90.38966,22.13112]]}},{"type":"Feature","properties":{"level":991},"geometry":{"type":"LineString","coordinates":[[91.89674,22.13979],[91.88875,22.14263]]}},{"type":"Feature","properties":{"level":991},"geometry":{"type":"LineString","coordinates":[[91.86954,22.13372],[91.85918,22.1354],[91.86134,22.14281]]}},{"type":"Feature","properties":{"level":991},"geometry":{"type":"LineString","coordinates":[[91.99764,22.14282],[91.99744,22.14359]]}},{"type":"Feature","properties":{"level":991},"geometry":{"type":"LineString","coordinates":[[89.50664,22.09226],[89.50925,22.08765],[89.48665,22.09528],[89.47183,22.1219],[89.47215,22.14045],[89.48278,22.14415],[89.49573,22.13063],[89.50115,22.10401],[89.50664,22.09226]]}},{"type":"Feature","properties":{"level":991},"geometry":{"type":"LineString","coordinates":[[91.85486,22.14421],[91.85432,22.13679],[91.86007,22.12951],[91.89388,22.12197]]}},{"type":"Feature","properties":{"level":991},"geometry":{"type":"LineString","coordinates":[[90.20036,22.109],[90.21669,22.12047],[90.22257,22.13188],[90.22385,22.14517]]}},{"type":"Feature","properties":{"level":991},"geometry":{"type":"LineString","coordinates":[[90.22385,22.14517],[90.21969,22.14689]]}},{"type":"Feature","properties":{"level":991},"geometry":{"type":"LineString","coordinates":[[91.88875,22.14263],[91.879,22.14508],[91.87711,22.15059]]}},{"type":"Feature","properties":{"level":991},"geometry":{"type":"LineString","coordinates":[[91.86134,22.14281],[91.86033,22.15177]]}},{"type":"Feature","properties":{"level":991},"geometry":{"type":"LineString","coordinates":[[91.8504,22.13492],[91.84743,22.15083],[91.85641,22.1513],[91.85486,22.14421]]}},{"type":"Feature","properties":{"level":991},"geometry":{"type":"LineString","coordinates":[[90.21024,22.15278],[90.20354,22.12449],[90.17595,22.12738]]}},{"type":"Feature","properties":{"level":991},"geometry":{"type":"LineString","coordinates":[[90.21969,22.14689],[90.21024,22.15278]]}},{"type":"Feature","properties":{"level":991},"geometry":{"type":"LineString","coordinates":[[91.86033,22.15177],[91.84953,22.15467],[91.84227,22.1485],[91.84271,22.13912],[91.84967,22.12549]]}},{"type":"Feature","properties":{"level":991},"geometry":{"type":"LineString","coordinates":[[91.87722,22.15753],[91.87401,22.15298]]}},{"type":"Feature","properties":{"level":991},"geometry":{"type":"LineString","coordinates":[[89.89093,22.15827],[89.89122,22.15006]]}},{"type":"Feature","properties":{"level":991},"geometry":{"type":"LineString","coordinates":[[91.90419,22.15787],[91.90116,22.15486],[91.892,22.15842]]}},{"type":"Feature","properties":{"level":991},"geometry":{"type":"LineString","coordinates":[[89.91159,22.1287],[89.90719,22.15876]]}},{"type":"Feature","properties":{"level":991},"geometry":{"type":"LineString","coordinates":[[91.87711,22.15059],[91.88514,22.15528],[91.90441,22.15373],[91.90783,22.16004]]}},{"type":"Feature","properties":{"level":991},"geometry":{"type":"LineString","coordinates":[[91.87401,22.15298],[91.87308,22.1507],[91.8696,22.15917],[91.87852,22.15918],[91.87722,22.15753]]}},{"type":"Feature","properties":{"level":991},"geometry":{"type":"LineString","coordinates":[[90.03556,22.07136],[90.03033,22.10185],[90.03475,22.12848],[90.06549,22.14898],[90.07073,22.16043]]}},{"type":"Feature","properties":{"level":991},"geometry":{"type":"LineString","coordinates":[[91.892,22.15842],[91.87408,22.16095]]}},{"type":"Feature","properties":{"level":991},"geometry":{"type":"LineString","coordinates":[[91.87408,22.16095],[91.86835,22.15918],[91.87514,22.14584],[91.88977,22.13904]]}},{"type":"Feature","properties":{"level":991},"geometry":{"type":"LineString","coordinates":[[91.90495,22.16137],[91.90419,22.15787]]}},{"type":"Feature","properties":{"level":991},"geometry":{"type":"LineString","coordinates":[[89.44311,22.15988],[89.46281,22.1431],[89.45889,22.12064],[89.48539,22.08994],[89.46697,22.07959],[89.4504,22.07581],[89.43982,22.08758],[89.43796,22.09395],[89.41889,22.10149],[89.41465,22.11462],[89.42422,22.1174],[89.42476,22.1282],[89.4321,22.14049],[89.42997,22.13909],[89.42395,22.12874],[89.42375,22.11835],[89.41342,22.1148],[89.41319,22.11066],[89.41773,22.10101],[89.43553,22.09381],[89.43808,22.08586],[89.44856,22.07499],[89.42784,22.05329],[89.42749,22.02891],[89.41765,22.03636],[89.40877,22.05109],[89.40335,22.05498],[89.39104,22.05669],[89.37719,22.06613],[89.38927,22.07692],[89.39179,22.08436],[89.39093,22.09249],[89.38386,22.10115],[89.38304,22.11518],[89.38734,22.11973],[89.40831,22.12746],[89.41162,22.13723],[89.40815,22.14943],[89.41717,22.15893],[89.43503,22.1632],[89.44311,22.15988]]}},{"type":"Feature","properties":{"level":991},"geometry":{"type":"LineString","coordinates":[[89.88774,22.16524],[89.89093,22.15827]]}},{"type":"Feature","properties":{"level":991},"geometry":{"type":"LineString","coordinates":[[91.99744,22.14359],[91.9808,22.14991],[91.96985,22.16223],[91.97228,22.16644],[91.98345,22.16371]]}},{"type":"Feature","properties":{"level":991},"geometry":{"type":"LineString","coordinates":[[91.98345,22.16371],[91.98691,22.16649]]}},{"type":"Feature","properties":{"level":991},"geometry":{"type":"LineString","coordinates":[[89.61857,22.16673],[89.63407,22.16491],[89.64588,22.15542],[89.64852,22.14797],[89.65919,22.14827],[89.65542,22.14114],[89.65816,22.13737],[89.66501,22.13719],[89.67174,22.14315],[89.67537,22.14127],[89.68024,22.13214],[89.67761,22.12131],[89.67062,22.11569],[89.6638,22.09968],[89.6666,22.09652],[89.68302,22.09579],[89.66685,22.08804],[89.67234,22.07473],[89.68121,22.06604],[89.67283,22.05772],[89.67243,22.04857],[89.6786,22.04093],[89.69897,22.03245],[89.67633,21.98824],[89.67653,21.9804],[89.68394,21.96836],[89.68565,21.95651],[89.67694,21.92269],[89.66978,21.90862],[89.65721,21.90276],[89.62846,21.94492],[89.64521,21.95939],[89.64839,21.98105],[89.64607,21.9855],[89.64197,21.98592],[89.62627,21.98101],[89.62368,21.99984],[89.6264,22.00113],[89.63937,21.99055],[89.65538,22.0023],[89.66178,22.0188],[89.65401,22.03761],[89.65756,22.05148],[89.66567,22.05185],[89.66797,22.0558],[89.65939,22.07383],[89.64735,22.07172],[89.65209,22.08393],[89.64908,22.10043],[89.6345,22.09919],[89.62862,22.1021],[89.62774,22.0966],[89.59845,22.08772],[89.60374,22.1253],[89.61005,22.13207],[89.60886,22.14275],[89.61418,22.14868],[89.6119,22.16158],[89.61446,22.16681],[89.61857,22.16673]]}},{"type":"Feature","properties":{"level":991},"geometry":{"type":"LineString","coordinates":[[91.98457,22.16684],[91.98206,22.16564]]}},{"type":"Feature","properties":{"level":991},"geometry":{"type":"LineString","coordinates":[[89.89122,22.15006],[89.89054,22.14726],[89.88608,22.16675],[89.88774,22.16524]]}},{"type":"Feature","properties":{"level":991},"geometry":{"type":"LineString","coordinates":[[90.40376,22.13898],[90.4063,22.15172],[90.40473,22.16749]]}},{"type":"Feature","properties":{"level":991},"geometry":{"type":"LineString","coordinates":[[91.98206,22.16564],[91.96987,22.16611],[91.9712,22.1554],[91.9796,22.14867],[91.99764,22.14282]]}},{"type":"Feature","properties":{"level":991},"geometry":{"type":"LineString","coordinates":[[90.97478,22.17127],[90.95107,22.13471]]}},{"type":"Feature","properties":{"level":991},"geometry":{"type":"LineString","coordinates":[[90.95107,22.13471],[90.93339,22.10879],[90.91975,22.07492],[90.91137,22.07205],[90.90445,22.07572],[90.90099,22.08095],[90.89862,22.09954],[90.89489,22.09382],[90.89481,22.0975],[90.90185,22.12682],[90.91926,22.1715]]}},{"type":"Feature","properties":{"level":991},"geometry":{"type":"LineString","coordinates":[[90.07073,22.16043],[90.06296,22.17567]]}},{"type":"Feature","properties":{"level":991},"geometry":{"type":"LineString","coordinates":[[91.97548,22.17599],[91.98457,22.16684]]}},{"type":"Feature","properties":{"level":991},"geometry":{"type":"LineString","coordinates":[[90.49281,22.1764],[90.49714,22.1547],[90.46806,22.11345]]}},{"type":"Feature","properties":{"level":991},"geometry":{"type":"LineString","coordinates":[[91.98691,22.16649],[91.98153,22.17451],[91.97504,22.17716]]}},{"type":"Feature","properties":{"level":991},"geometry":{"type":"LineString","coordinates":[[90.01972,22.17725],[90.03247,22.16831],[90.06021,22.16094],[90.03131,22.14627],[90.01521,22.12625]]}},{"type":"Feature","properties":{"level":991},"geometry":{"type":"LineString","coordinates":[[90.42154,22.1774],[90.40935,22.17466],[90.40473,22.16749]]}},{"type":"Feature","properties":{"level":991},"geometry":{"type":"LineString","coordinates":[[91.93568,22.17521],[91.93582,22.17094],[91.93217,22.16895],[91.92389,22.17299],[91.9214,22.17793]]}},{"type":"Feature","properties":{"level":991},"geometry":{"type":"LineString","coordinates":[[89.90719,22.15876],[89.90143,22.16337],[89.89761,22.17827],[89.88587,22.17727]]}},{"type":"Feature","properties":{"level":991},"geometry":{"type":"LineString","coordinates":[[91.91916,22.17914],[91.92164,22.17272],[91.92805,22.16828],[91.93623,22.16825],[91.93821,22.17525]]}},{"type":"Feature","properties":{"level":991},"geometry":{"type":"LineString","coordinates":[[91.94178,22.17915],[91.95542,22.16951],[91.97548,22.17599]]}},{"type":"Feature","properties":{"level":991},"geometry":{"type":"LineString","coordinates":[[91.93821,22.17525],[91.93774,22.18011],[91.94178,22.17915]]}},{"type":"Feature","properties":{"level":991},"geometry":{"type":"LineString","coordinates":[[91.97504,22.17716],[91.95705,22.17092],[91.94423,22.18036]]}},{"type":"Feature","properties":{"level":991},"geometry":{"type":"LineString","coordinates":[[89.08749,22.1803],[89.08517,22.18073]]}},{"type":"Feature","properties":{"level":991},"geometry":{"type":"LineString","coordinates":[[91.02613,22.18094],[91.02153,22.1745],[91.01682,22.17317],[91.01505,22.17566]]}},{"type":"Feature","properties":{"level":991},"geometry":{"type":"LineString","coordinates":[[90.62276,22.11587],[90.62006,22.14082],[90.62295,22.16892],[90.61236,22.16528],[90.62466,22.18184]]}},{"type":"Feature","properties":{"level":991},"geometry":{"type":"LineString","coordinates":[[91.94258,22.18189],[91.93659,22.18025],[91.93568,22.17521]]}},{"type":"Feature","properties":{"level":991},"geometry":{"type":"LineString","coordinates":[[91.94423,22.18036],[91.94258,22.18189]]}},{"type":"Feature","properties":{"level":991},"geometry":{"type":"LineString","coordinates":[[90.82366,22.18314],[90.81055,22.12497],[90.79873,22.11132]]}},{"type":"Feature","properties":{"level":991},"geometry":{"type":"LineString","coordinates":[[91.91884,22.18317],[91.91916,22.17914]]}},{"type":"Feature","properties":{"level":991},"geometry":{"type":"LineString","coordinates":[[91.9214,22.17793],[91.92208,22.18375]]}},{"type":"Feature","properties":{"level":991},"geometry":{"type":"LineString","coordinates":[[89.33342,22.12442],[89.34929,22.13217],[89.346,22.12018],[89.34856,22.11308],[89.36014,22.10797],[89.36977,22.09546],[89.38459,22.09033],[89.36545,22.06306],[89.36281,22.05207],[89.34729,22.03991],[89.34274,22.03148],[89.34197,22.01902],[89.34956,21.9831],[89.34705,21.97223],[89.32502,21.99284],[89.31302,22.02049],[89.28953,22.06152],[89.30439,22.07211],[89.33306,22.05463],[89.34433,22.05676],[89.34455,22.06435],[89.32733,22.08496],[89.3225,22.10329],[89.31834,22.10846],[89.28063,22.11472],[89.27819,22.11733],[89.28944,22.15054],[89.31167,22.16671],[89.32322,22.18445],[89.33182,22.18177],[89.33361,22.17455],[89.33728,22.15155],[89.32721,22.14083],[89.32545,22.13302],[89.32697,22.12796],[89.33342,22.12442]]}},{"type":"Feature","properties":{"level":991},"geometry":{"type":"LineString","coordinates":[[90.53465,22.13191],[90.54846,22.15718],[90.57004,22.17843],[90.56687,22.17925],[90.58555,22.18478]]}},{"type":"Feature","properties":{"level":991},"geometry":{"type":"LineString","coordinates":[[91.90783,22.16004],[91.91561,22.18229],[91.91757,22.18495],[91.91884,22.18317]]}},{"type":"Feature","properties":{"level":991},"geometry":{"type":"LineString","coordinates":[[90.60225,22.18598],[90.60392,22.17826],[90.59894,22.16479],[90.6057,22.12464]]}},{"type":"Feature","properties":{"level":991},"geometry":{"type":"LineString","coordinates":[[91.01505,22.17566],[91.01747,22.18697]]}},{"type":"Feature","properties":{"level":991},"geometry":{"type":"LineString","coordinates":[[90.58555,22.18478],[90.5967,22.18736]]}},{"type":"Feature","properties":{"level":991},"geometry":{"type":"LineString","coordinates":[[90.06296,22.17567],[90.03962,22.18744],[90.03273,22.18593]]}},{"type":"Feature","properties":{"level":991},"geometry":{"type":"LineString","coordinates":[[91.92208,22.18375],[91.91908,22.18732],[91.91451,22.186],[91.90495,22.16137]]}},{"type":"Feature","properties":{"level":991},"geometry":{"type":"LineString","coordinates":[[90.01977,22.18755],[90.01972,22.17725]]}},{"type":"Feature","properties":{"level":991},"geometry":{"type":"LineString","coordinates":[[90.03273,22.18593],[90.04252,22.17985],[90.03307,22.17751],[90.02271,22.18205],[90.02363,22.1875],[90.031,22.18635]]}},{"type":"Feature","properties":{"level":991},"geometry":{"type":"LineString","coordinates":[[90.5967,22.18736],[90.60225,22.18598]]}},{"type":"Feature","properties":{"level":991},"geometry":{"type":"LineString","coordinates":[[90.42774,22.18855],[90.39821,22.17158],[90.39585,22.1646],[90.39854,22.14756],[90.38552,22.13734],[90.37903,22.12586],[90.37469,22.11416],[90.37459,22.10166]]}},{"type":"Feature","properties":{"level":991},"geometry":{"type":"LineString","coordinates":[[91.16906,22.18891],[91.16494,22.16856],[91.15548,22.16327],[91.15379,22.15664],[91.14466,22.15436],[91.13718,22.14629],[91.13802,22.13668],[91.13525,22.13116],[91.12264,22.13167],[91.11437,22.12719],[91.08209,22.09474],[91.05817,22.07923],[91.05032,22.08607],[91.01535,22.10092],[91.00591,22.1079],[91.004,22.11361],[91.00599,22.12038],[91.0321,22.14747],[91.05106,22.18471]]}},{"type":"Feature","properties":{"level":991},"geometry":{"type":"LineString","coordinates":[[90.02468,22.18961],[90.01977,22.18755]]}},{"type":"Feature","properties":{"level":991},"geometry":{"type":"LineString","coordinates":[[91.84988,22.1152],[91.84141,22.11842],[91.83234,22.13443],[91.81569,22.18966]]}},{"type":"Feature","properties":{"level":991},"geometry":{"type":"LineString","coordinates":[[90.031,22.18635],[90.02468,22.18961]]}},{"type":"Feature","properties":{"level":991},"geometry":{"type":"LineString","coordinates":[[90.42154,22.1774],[90.43208,22.18154],[90.43672,22.19113],[90.4331,22.19094],[90.43416,22.18674],[90.42774,22.18855]]}},{"type":"Feature","properties":{"level":991},"geometry":{"type":"LineString","coordinates":[[90.82625,22.1943],[90.82366,22.18314]]}},{"type":"Feature","properties":{"level":991},"geometry":{"type":"LineString","coordinates":[[89.08517,22.18073],[89.10179,22.16526],[89.10703,22.15632],[89.1258,22.15112],[89.12977,22.13581],[89.14054,22.12954],[89.139,22.12708],[89.11991,22.12984],[89.11593,22.12666],[89.1158,22.12052],[89.12573,22.10199],[89.14809,22.07793],[89.13893,22.06801],[89.12909,22.07375],[89.1192,22.07017],[89.1109,22.05416],[89.10524,22.05225],[89.10379,22.04734],[89.09792,22.05127],[89.09389,22.05033],[89.09168,22.03703],[89.09417,22.02481],[89.09024,22.01854],[89.06768,22.05442],[89.07629,22.0564],[89.08734,22.05428],[89.09081,22.0589],[89.09834,22.09415],[89.0772,22.10219],[89.08303,22.113],[89.09539,22.1106],[89.09461,22.12002],[89.08733,22.11894],[89.08501,22.12246],[89.09239,22.12618],[89.08419,22.12229],[89.08659,22.11843],[89.09424,22.11915],[89.09438,22.11132],[89.08227,22.11433],[89.07664,22.10233],[89.07965,22.09784],[89.09698,22.0942],[89.08746,22.05588],[89.06538,22.05816],[89.05573,22.06467],[89.0478,22.09608],[89.05627,22.10921],[89.08178,22.13313],[89.09762,22.14208],[89.10244,22.14968],[89.10101,22.15833],[89.09463,22.16245],[89.085,22.16001],[89.07603,22.14902],[89.07143,22.15424],[89.0673,22.17112],[89.07648,22.18937],[89.07275,22.19881]]}},{"type":"Feature","properties":{"level":991},"geometry":{"type":"LineString","coordinates":[[91.01747,22.18697],[91.02257,22.19503],[91.03104,22.19981],[91.02613,22.18094]]}},{"type":"Feature","properties":{"level":991},"geometry":{"type":"LineString","coordinates":[[90.53905,22.17608],[90.53663,22.17973],[90.53821,22.18991],[90.5439,22.20098],[90.54272,22.17995],[90.53905,22.17608]]}},{"type":"Feature","properties":{"level":991},"geometry":{"type":"LineString","coordinates":[[89.15802,22.20704],[89.15722,22.19181],[89.14618,22.18289],[89.13888,22.1642],[89.14376,22.15187],[89.16072,22.15068],[89.1659,22.14714],[89.16947,22.14133],[89.16669,22.13061],[89.17154,22.12355],[89.19181,22.12005],[89.19144,22.11529],[89.17856,22.1013],[89.1749,22.08164],[89.15985,22.0894],[89.14813,22.08696],[89.13124,22.10162],[89.11938,22.126],[89.13803,22.1239],[89.14354,22.12639],[89.14381,22.13022],[89.13213,22.13686],[89.12634,22.15409],[89.10902,22.1584],[89.10271,22.16825],[89.08749,22.1803]]}},{"type":"Feature","properties":{"level":991},"geometry":{"type":"LineString","coordinates":[[89.16037,22.20796],[89.15802,22.20704]]}},{"type":"Feature","properties":{"level":991},"geometry":{"type":"LineString","coordinates":[[91.81569,22.18966],[91.81393,22.21192]]}},{"type":"Feature","properties":{"level":991},"geometry":{"type":"LineString","coordinates":[[89.88587,22.17727],[89.87674,22.1765],[89.88487,22.14096],[89.88406,22.11487],[89.87691,22.09696],[89.86141,22.08485],[89.84532,22.06379],[89.81742,22.06596],[89.80571,22.07546],[89.83487,22.10107],[89.84206,22.11968],[89.83769,22.12747],[89.81327,22.14459],[89.83055,22.15375],[89.83682,22.16403],[89.81979,22.19816],[89.80974,22.20977],[89.81141,22.21455]]}},{"type":"Feature","properties":{"level":991},"geometry":{"type":"LineString","coordinates":[[89.33191,22.2166],[89.32668,22.21185],[89.33005,22.20061],[89.31882,22.21109],[89.31323,22.21002],[89.30569,22.21446]]}},{"type":"Feature","properties":{"level":991},"geometry":{"type":"LineString","coordinates":[[89.81141,22.21455],[89.8079,22.22008]]}},{"type":"Feature","properties":{"level":991},"geometry":{"type":"LineString","coordinates":[[90.91926,22.1715],[90.94546,22.22193]]}},{"type":"Feature","properties":{"level":991},"geometry":{"type":"LineString","coordinates":[[90.58676,22.18904],[90.57741,22.19116],[90.58601,22.20504],[90.59067,22.2225]]}},{"type":"Feature","properties":{"level":991},"geometry":{"type":"LineString","coordinates":[[89.30569,22.21446],[89.31151,22.19381],[89.31006,22.1837],[89.28059,22.16065],[89.26548,22.13713],[89.26062,22.15293],[89.26361,22.15923],[89.2585,22.16333],[89.26283,22.16687],[89.25747,22.16441],[89.26288,22.1584],[89.25933,22.1527],[89.26451,22.13444],[89.26446,22.11255],[89.25113,22.10139],[89.23284,22.10469],[89.21852,22.09746],[89.20773,22.1268],[89.22707,22.13418],[89.22609,22.13707],[89.21327,22.14054],[89.21354,22.14477],[89.2277,22.15624],[89.24171,22.15713],[89.24607,22.16039],[89.22728,22.19987],[89.24008,22.20901],[89.25259,22.22491]]}},{"type":"Feature","properties":{"level":991},"geometry":{"type":"LineString","coordinates":[[89.25259,22.22491],[89.24906,22.22729]]}},{"type":"Feature","properties":{"level":991},"geometry":{"type":"LineString","coordinates":[[91.05106,22.18471],[91.06499,22.22779]]}},{"type":"Feature","properties":{"level":991},"geometry":{"type":"LineString","coordinates":[[90.90309,22.22708],[90.8981,22.20735],[90.89495,22.22802]]}},{"type":"Feature","properties":{"level":991},"geometry":{"type":"LineString","coordinates":[[90.56747,22.20313],[90.56758,22.20891],[90.57824,22.22853],[90.57463,22.20906],[90.56747,22.20313]]}},{"type":"Feature","properties":{"level":991},"geometry":{"type":"LineString","coordinates":[[89.18105,22.22934],[89.19157,22.22815],[89.19109,22.21917],[89.19994,22.21501],[89.19644,22.2017],[89.19825,22.19463],[89.19409,22.18867],[89.19871,22.17435],[89.19569,22.17019],[89.18141,22.16664],[89.18145,22.17118],[89.18773,22.17489],[89.18726,22.18415],[89.18647,22.17638],[89.18047,22.17253],[89.1812,22.16484],[89.19701,22.1694],[89.2023,22.17806],[89.21972,22.17162],[89.20999,22.16457],[89.20877,22.15117],[89.20546,22.14716],[89.19556,22.15515],[89.19154,22.15491],[89.18912,22.1503],[89.19147,22.1337],[89.20587,22.11975],[89.21055,22.09985],[89.21645,22.08884],[89.23823,22.0736],[89.24538,22.05921],[89.22928,22.03273],[89.21406,22.01789],[89.20953,22.00515],[89.20562,22.00243],[89.20187,22.00273],[89.1954,22.0105],[89.18703,22.02525],[89.16329,22.02788],[89.15491,22.03793],[89.15576,22.0442],[89.17266,22.05351],[89.17865,22.06487],[89.17417,22.07231],[89.15034,22.08492],[89.1617,22.08712],[89.17275,22.0803],[89.17772,22.08082],[89.18074,22.10104],[89.19409,22.1185],[89.18933,22.12321],[89.17367,22.12438],[89.16902,22.13117],[89.17,22.14505],[89.1643,22.15138],[89.14707,22.15264],[89.14317,22.15585],[89.14214,22.16907],[89.14925,22.184],[89.15859,22.19113],[89.16037,22.20796]]}},{"type":"Feature","properties":{"level":991},"geometry":{"type":"LineString","coordinates":[[90.58824,22.2238],[90.5827,22.20544],[90.57316,22.19431],[90.56751,22.192],[90.56702,22.19959],[90.57709,22.21383],[90.57837,22.22992]]}},{"type":"Feature","properties":{"level":991},"geometry":{"type":"LineString","coordinates":[[89.18219,22.23158],[89.18105,22.22934]]}},{"type":"Feature","properties":{"level":991},"geometry":{"type":"LineString","coordinates":[[89.24906,22.22729],[89.2362,22.20918],[89.22362,22.19995],[89.2423,22.1612],[89.22634,22.1578],[89.2128,22.14884],[89.21059,22.1388],[89.22432,22.13422],[89.2044,22.12841],[89.19573,22.1336],[89.19191,22.15086],[89.20225,22.14464],[89.20854,22.14558],[89.21182,22.15156],[89.21171,22.16213],[89.22092,22.16831],[89.22207,22.17261],[89.19835,22.1824],[89.19562,22.18753],[89.20003,22.19504],[89.19824,22.20251],[89.20215,22.2149],[89.19865,22.21893],[89.19164,22.21993],[89.1929,22.22956],[89.18219,22.23158]]}},{"type":"Feature","properties":{"level":991},"geometry":{"type":"LineString","coordinates":[[90.5553,22.23441],[90.52795,22.20533],[90.51844,22.17648],[90.50342,22.16649],[90.49621,22.1734],[90.49442,22.18557],[90.48507,22.20541],[90.4954,22.20953],[90.50102,22.21665],[90.48388,22.20643],[90.49281,22.1764]]}},{"type":"Feature","properties":{"level":991},"geometry":{"type":"LineString","coordinates":[[90.57837,22.22992],[90.57802,22.23471],[90.58723,22.23889],[90.58824,22.2238]]}},{"type":"Feature","properties":{"level":991},"geometry":{"type":"LineString","coordinates":[[90.59067,22.2225],[90.58896,22.2407],[90.62154,22.24348]]}},{"type":"Feature","properties":{"level":991},"geometry":{"type":"LineString","coordinates":[[90.62154,22.24348],[90.63164,22.24259],[90.63253,22.21295],[90.62787,22.20283],[90.60737,22.19335],[90.58676,22.18904]]}},{"type":"Feature","properties":{"level":991},"geometry":{"type":"LineString","coordinates":[[89.45747,22.22391],[89.45911,22.19667],[89.47205,22.16275],[89.46388,22.15352],[89.459,22.15492],[89.45575,22.16141],[89.44242,22.17075],[89.44367,22.17571],[89.43574,22.18192],[89.437,22.18705],[89.43427,22.18321],[89.44243,22.17518],[89.44121,22.17103],[89.44594,22.1659],[89.45497,22.16062],[89.45749,22.15422],[89.46349,22.15256],[89.4622,22.14823],[89.45372,22.15289],[89.44377,22.16496],[89.4331,22.16636],[89.42915,22.17451],[89.41791,22.18333],[89.41625,22.19369],[89.41254,22.19752],[89.39421,22.20135],[89.40592,22.21027],[89.39452,22.22047],[89.41075,22.2193],[89.41965,22.22602],[89.41838,22.23161],[89.43615,22.23571],[89.4579,22.24657],[89.46143,22.24343],[89.45747,22.22391]]}},{"type":"Feature","properties":{"level":991},"geometry":{"type":"LineString","coordinates":[[91.81393,22.21192],[91.81497,22.22875],[91.83053,22.24033],[91.83794,22.25358]]}},{"type":"Feature","properties":{"level":991},"geometry":{"type":"LineString","coordinates":[[90.62466,22.18184],[90.65078,22.21609],[90.66842,22.25618]]}},{"type":"Feature","properties":{"level":991},"geometry":{"type":"LineString","coordinates":[[89.8079,22.22008],[89.80487,22.20891],[89.81426,22.19828],[89.83438,22.1632],[89.81467,22.14997],[89.81058,22.14018],[89.81917,22.13137],[89.83675,22.12316],[89.80052,22.07216],[89.77548,22.09245],[89.76941,22.11513],[89.75797,22.13467],[89.74405,22.1385],[89.74253,22.16049],[89.74744,22.18669],[89.73109,22.1986],[89.73664,22.20932],[89.74728,22.19641],[89.75312,22.20001],[89.75692,22.23333],[89.76258,22.24352],[89.75453,22.25232],[89.76198,22.26035],[89.75376,22.25312],[89.76181,22.24355],[89.75572,22.23367],[89.75378,22.2082],[89.74967,22.19833],[89.73886,22.21118]]}},{"type":"Feature","properties":{"level":991},"geometry":{"type":"LineString","coordinates":[[89.34605,22.26351],[89.34635,22.26201]]}},{"type":"Feature","properties":{"level":991},"geometry":{"type":"LineString","coordinates":[[90.62473,22.26435],[90.62267,22.26081],[90.61567,22.25905],[90.61304,22.26049],[90.6155,22.2659]]}},{"type":"Feature","properties":{"level":991},"geometry":{"type":"LineString","coordinates":[[89.34635,22.26201],[89.36069,22.26917],[89.36408,22.2658],[89.36918,22.26867],[89.37841,22.25741],[89.3852,22.26894],[89.39413,22.26198],[89.412,22.25842],[89.40894,22.24138],[89.41905,22.22672],[89.40996,22.22003],[89.40288,22.22358],[89.40277,22.22891],[89.3963,22.22594],[89.39648,22.23591],[89.39441,22.24071],[89.38952,22.24205],[89.39512,22.23613],[89.39488,22.22577],[89.40275,22.22743],[89.40097,22.22372],[89.39202,22.22037],[89.40218,22.209],[89.3888,22.19929],[89.38034,22.2117],[89.36525,22.21479],[89.36648,22.20975],[89.37075,22.21283],[89.37913,22.2112],[89.38778,22.19855],[89.41059,22.19536],[89.41429,22.1844],[89.429,22.16651],[89.42443,22.16232],[89.41578,22.16154],[89.40618,22.15215],[89.40849,22.14047],[89.40641,22.13392],[89.37897,22.13834],[89.38567,22.15734],[89.37029,22.1623],[89.38365,22.18156],[89.37409,22.18504],[89.35925,22.18227],[89.3601,22.19081],[89.35629,22.18425],[89.35783,22.18164],[89.37609,22.18423],[89.38257,22.18092],[89.36877,22.16237],[89.37039,22.15934],[89.38403,22.15712],[89.37656,22.13813],[89.40524,22.13028],[89.38204,22.12044],[89.37879,22.09997],[89.36974,22.09982],[89.3645,22.10979],[89.35082,22.11841],[89.35484,22.12932],[89.35211,22.13609],[89.34409,22.13608],[89.33559,22.12804],[89.33027,22.13321],[89.34069,22.15325],[89.33717,22.17944],[89.3245,22.19032],[89.32499,22.19545],[89.33484,22.19893],[89.33191,22.2166]]}},{"type":"Feature","properties":{"level":991},"geometry":{"type":"LineString","coordinates":[[91.01533,22.24263],[91.01341,22.24121],[91.01148,22.24476],[91.00941,22.25677],[91.01366,22.26985]]}},{"type":"Feature","properties":{"level":991},"geometry":{"type":"LineString","coordinates":[[91.83794,22.25358],[91.84068,22.26335],[91.83579,22.27053]]}},{"type":"Feature","properties":{"level":991},"geometry":{"type":"LineString","coordinates":[[91.81209,22.27121],[91.82628,22.26746],[91.83315,22.26207],[91.82982,22.25093],[91.82247,22.24236],[91.80015,22.22595],[91.783,22.24734]]}},{"type":"Feature","properties":{"level":991},"geometry":{"type":"LineString","coordinates":[[90.59598,22.2715],[90.58574,22.25719],[90.5553,22.23441]]}},{"type":"Feature","properties":{"level":991},"geometry":{"type":"LineString","coordinates":[[91.18897,22.27588],[91.19101,22.24719],[91.18824,22.23282],[91.18339,22.22086],[91.18002,22.21931],[91.16906,22.18891]]}},{"type":"Feature","properties":{"level":991},"geometry":{"type":"LineString","coordinates":[[91.783,22.24734],[91.76494,22.27684]]}},{"type":"Feature","properties":{"level":991},"geometry":{"type":"LineString","coordinates":[[91.79636,22.28149],[91.81209,22.27121]]}},{"type":"Feature","properties":{"level":991},"geometry":{"type":"LineString","coordinates":[[90.92326,22.23154],[90.9194,22.23515],[90.92953,22.26779],[90.93133,22.28442],[90.93762,22.28768],[90.93624,22.26159],[90.92326,22.23154]]}},{"type":"Feature","properties":{"level":991},"geometry":{"type":"LineString","coordinates":[[90.84297,22.28785],[90.8412,22.26589],[90.82625,22.1943]]}},{"type":"Feature","properties":{"level":991},"geometry":{"type":"LineString","coordinates":[[90.94546,22.22193],[90.9587,22.25281],[90.96922,22.28935]]}},{"type":"Feature","properties":{"level":991},"geometry":{"type":"LineString","coordinates":[[90.66437,22.25902],[90.67119,22.28963],[90.67382,22.29034],[90.67213,22.2718],[90.66437,22.25902]]}},{"type":"Feature","properties":{"level":991},"geometry":{"type":"LineString","coordinates":[[90.99925,22.2916],[91.00069,22.27502],[90.99047,22.2064],[90.97478,22.17127]]}},{"type":"Feature","properties":{"level":991},"geometry":{"type":"LineString","coordinates":[[91.01527,22.29166],[91.01004,22.2834],[91.00649,22.29151]]}},{"type":"Feature","properties":{"level":991},"geometry":{"type":"LineString","coordinates":[[91.01366,22.26985],[91.01961,22.28176],[91.0194,22.29282]]}},{"type":"Feature","properties":{"level":991},"geometry":{"type":"LineString","coordinates":[[90.87348,22.28837],[90.86974,22.29305],[90.8742,22.29231],[90.87348,22.28837]]}},{"type":"Feature","properties":{"level":991},"geometry":{"type":"LineString","coordinates":[[90.92201,22.29346],[90.91729,22.28545],[90.91555,22.29412]]}},{"type":"Feature","properties":{"level":991},"geometry":{"type":"LineString","coordinates":[[90.89495,22.22802],[90.89375,22.24705],[90.90914,22.29431]]}},{"type":"Feature","properties":{"level":991},"geometry":{"type":"LineString","coordinates":[[90.91067,22.29432],[90.91319,22.27897],[90.91164,22.26479],[90.90895,22.24678],[90.90675,22.23991],[90.90346,22.23859],[90.90309,22.22708]]}},{"type":"Feature","properties":{"level":991},"geometry":{"type":"LineString","coordinates":[[90.90914,22.29431],[90.91007,22.29725],[90.91067,22.29432]]}},{"type":"Feature","properties":{"level":991},"geometry":{"type":"LineString","coordinates":[[89.61981,22.2776],[89.62417,22.277],[89.61983,22.27106],[89.60991,22.27124],[89.60841,22.26862],[89.61959,22.25707],[89.60393,22.24713],[89.61315,22.24141],[89.62039,22.21539],[89.60413,22.23145],[89.60018,22.22629],[89.60352,22.20963],[89.61807,22.19846],[89.60561,22.18058],[89.6134,22.16763],[89.61025,22.15935],[89.61288,22.1488],[89.6073,22.14245],[89.60886,22.13149],[89.6043,22.12816],[89.59175,22.15006],[89.55896,22.19046],[89.55408,22.2095],[89.55945,22.21328],[89.58332,22.21844],[89.59311,22.22775],[89.5994,22.25247],[89.59366,22.27589],[89.61257,22.29747],[89.62358,22.29286],[89.61369,22.28098],[89.61981,22.2776]]}},{"type":"Feature","properties":{"level":991},"geometry":{"type":"LineString","coordinates":[[90.66842,22.25618],[90.6773,22.27512],[90.6797,22.29913]]}},{"type":"Feature","properties":{"level":991},"geometry":{"type":"LineString","coordinates":[[91.03423,22.30136],[91.02914,22.27171],[91.01533,22.24263]]}},{"type":"Feature","properties":{"level":991},"geometry":{"type":"LineString","coordinates":[[91.79735,22.30255],[91.79336,22.29067],[91.79636,22.28149]]}},{"type":"Feature","properties":{"level":991},"geometry":{"type":"LineString","coordinates":[[91.06499,22.22779],[91.06946,22.2493],[91.06925,22.30477]]}},{"type":"Feature","properties":{"level":991},"geometry":{"type":"LineString","coordinates":[[90.6155,22.2659],[90.63546,22.28508],[90.64579,22.30452],[90.64907,22.30457],[90.6523,22.28806],[90.64502,22.28343],[90.64413,22.28535],[90.62473,22.26435]]}},{"type":"Feature","properties":{"level":991},"geometry":{"type":"LineString","coordinates":[[91.76494,22.27684],[91.76808,22.29367],[91.76555,22.29477],[91.76858,22.2971],[91.7664,22.30565]]}},{"type":"Feature","properties":{"level":991},"geometry":{"type":"LineString","coordinates":[[90.874,22.29776],[90.87147,22.29863],[90.8742,22.30414],[90.87929,22.30583],[90.87732,22.2991],[90.874,22.29776]]}},{"type":"Feature","properties":{"level":991},"geometry":{"type":"LineString","coordinates":[[90.67551,22.30309],[90.67249,22.29235],[90.67269,22.30657]]}},{"type":"Feature","properties":{"level":991},"geometry":{"type":"LineString","coordinates":[[91.83579,22.27053],[91.81204,22.27557],[91.80024,22.28277],[91.79863,22.2934],[91.81018,22.30696]]}},{"type":"Feature","properties":{"level":991},"geometry":{"type":"LineString","coordinates":[[91.80332,22.30902],[91.79735,22.30255]]}},{"type":"Feature","properties":{"level":991},"geometry":{"type":"LineString","coordinates":[[91.7664,22.30565],[91.76388,22.31258]]}},{"type":"Feature","properties":{"level":991},"geometry":{"type":"LineString","coordinates":[[90.64335,22.31392],[90.64618,22.30668],[90.63567,22.28879],[90.61762,22.27405],[90.61809,22.29508],[90.63084,22.31199]]}},{"type":"Feature","properties":{"level":991},"geometry":{"type":"LineString","coordinates":[[90.96513,22.29999],[90.96106,22.31206],[90.96342,22.31645],[90.96692,22.30954],[90.96513,22.29999]]}},{"type":"Feature","properties":{"level":991},"geometry":{"type":"LineString","coordinates":[[91.81413,22.31757],[91.80332,22.30902]]}},{"type":"Feature","properties":{"level":991},"geometry":{"type":"LineString","coordinates":[[91.76388,22.31258],[91.7613,22.32106]]}},{"type":"Feature","properties":{"level":991},"geometry":{"type":"LineString","coordinates":[[91.82053,22.32124],[91.81413,22.31757]]}},{"type":"Feature","properties":{"level":991},"geometry":{"type":"LineString","coordinates":[[91.81018,22.30696],[91.82767,22.31855],[91.85254,22.32225]]}},{"type":"Feature","properties":{"level":991},"geometry":{"type":"LineString","coordinates":[[91.82392,22.32245],[91.82053,22.32124]]}},{"type":"Feature","properties":{"level":991},"geometry":{"type":"LineString","coordinates":[[91.00649,22.29151],[90.99847,22.31745],[90.9995,22.32443],[91.01154,22.30624],[91.01527,22.29166]]}},{"type":"Feature","properties":{"level":991},"geometry":{"type":"LineString","coordinates":[[90.61573,22.3245],[90.59598,22.2715]]}},{"type":"Feature","properties":{"level":991},"geometry":{"type":"LineString","coordinates":[[90.63084,22.31199],[90.61441,22.31121],[90.61573,22.3245]]}},{"type":"Feature","properties":{"level":991},"geometry":{"type":"LineString","coordinates":[[91.83114,22.32457],[91.82392,22.32245]]}},{"type":"Feature","properties":{"level":991},"geometry":{"type":"LineString","coordinates":[[91.83508,22.32531],[91.83114,22.32457]]}},{"type":"Feature","properties":{"level":991},"geometry":{"type":"LineString","coordinates":[[91.84108,22.32607],[91.83508,22.32531]]}},{"type":"Feature","properties":{"level":991},"geometry":{"type":"LineString","coordinates":[[90.67919,22.32633],[90.67551,22.30309]]}},{"type":"Feature","properties":{"level":991},"geometry":{"type":"LineString","coordinates":[[91.84658,22.32668],[91.84108,22.32607]]}},{"type":"Feature","properties":{"level":991},"geometry":{"type":"LineString","coordinates":[[90.92891,22.29801],[90.92583,22.29898],[90.9345,22.31633],[90.93283,22.3248],[90.93655,22.32774],[90.94004,22.30808],[90.937,22.3024],[90.92891,22.29801]]}},{"type":"Feature","properties":{"level":991},"geometry":{"type":"LineString","coordinates":[[90.88855,22.3189],[90.8866,22.31554],[90.87751,22.31631],[90.88883,22.32786],[90.88855,22.3189]]}},{"type":"Feature","properties":{"level":991},"geometry":{"type":"LineString","coordinates":[[90.6797,22.29913],[90.68372,22.32787]]}},{"type":"Feature","properties":{"level":991},"geometry":{"type":"LineString","coordinates":[[91.85254,22.32225],[91.86959,22.32882]]}},{"type":"Feature","properties":{"level":991},"geometry":{"type":"LineString","coordinates":[[90.67269,22.30657],[90.67508,22.32932]]}},{"type":"Feature","properties":{"level":991},"geometry":{"type":"LineString","coordinates":[[91.01901,22.33231],[91.03629,22.322],[91.03423,22.30136]]}},{"type":"Feature","properties":{"level":991},"geometry":{"type":"LineString","coordinates":[[91.0194,22.29282],[91.01681,22.3063],[91.00861,22.32021],[91.00773,22.33394],[91.01001,22.33646],[91.01901,22.33231]]}},{"type":"Feature","properties":{"level":991},"geometry":{"type":"LineString","coordinates":[[90.85838,22.34028],[90.85834,22.33161],[90.85394,22.3362]]}},{"type":"Feature","properties":{"level":991},"geometry":{"type":"LineString","coordinates":[[91.86603,22.34048],[91.85995,22.33192],[91.84658,22.32668]]}},{"type":"Feature","properties":{"level":991},"geometry":{"type":"LineString","coordinates":[[91.86959,22.32882],[91.88243,22.34297]]}},{"type":"Feature","properties":{"level":991},"geometry":{"type":"LineString","coordinates":[[91.88107,22.34328],[91.87011,22.33293],[91.87173,22.34187]]}},{"type":"Feature","properties":{"level":991},"geometry":{"type":"LineString","coordinates":[[90.85394,22.3362],[90.85599,22.34342]]}},{"type":"Feature","properties":{"level":991},"geometry":{"type":"LineString","coordinates":[[90.85725,22.34368],[90.85838,22.34028]]}},{"type":"Feature","properties":{"level":991},"geometry":{"type":"LineString","coordinates":[[90.83637,22.34389],[90.8361,22.32476],[90.84297,22.28785]]}},{"type":"Feature","properties":{"level":991},"geometry":{"type":"LineString","coordinates":[[90.85599,22.34342],[90.85725,22.34368]]}},{"type":"Feature","properties":{"level":991},"geometry":{"type":"LineString","coordinates":[[90.96922,22.28935],[90.97264,22.31205],[90.96936,22.34214],[90.98111,22.34656],[90.98872,22.34388],[90.99247,22.31446],[90.99925,22.2916]]}},{"type":"Feature","properties":{"level":991},"geometry":{"type":"LineString","coordinates":[[89.45741,22.25153],[89.44456,22.25097],[89.4249,22.23804],[89.41476,22.2382],[89.41909,22.25593],[89.43395,22.27856],[89.43007,22.28963],[89.40975,22.30432],[89.42561,22.32708],[89.4227,22.34664],[89.44876,22.32313],[89.46523,22.29147],[89.4789,22.27254],[89.46219,22.25298],[89.45741,22.25153]]}},{"type":"Feature","properties":{"level":991},"geometry":{"type":"LineString","coordinates":[[90.91555,22.29412],[90.91134,22.30609],[90.92345,22.33604],[90.93167,22.34723],[90.93595,22.34194],[90.93692,22.33329],[90.93267,22.32767],[90.92201,22.29346]]}},{"type":"Feature","properties":{"level":991},"geometry":{"type":"LineString","coordinates":[[91.7613,22.32106],[91.75502,22.34769]]}},{"type":"Feature","properties":{"level":991},"geometry":{"type":"LineString","coordinates":[[90.67508,22.32932],[90.67751,22.35419],[90.68006,22.35002],[90.67919,22.32633]]}},{"type":"Feature","properties":{"level":991},"geometry":{"type":"LineString","coordinates":[[90.66072,22.35585],[90.66069,22.31747],[90.64335,22.31392]]}},{"type":"Feature","properties":{"level":991},"geometry":{"type":"LineString","coordinates":[[91.75502,22.34769],[91.75074,22.35733]]}},{"type":"Feature","properties":{"level":991},"geometry":{"type":"LineString","coordinates":[[91.87173,22.34187],[91.87598,22.35347],[91.88323,22.35799],[91.88432,22.34866],[91.88107,22.34328]]}},{"type":"Feature","properties":{"level":991},"geometry":{"type":"LineString","coordinates":[[90.88831,22.36148],[90.88903,22.35593],[90.89766,22.35578],[90.88613,22.34117],[90.87373,22.3342]]}},{"type":"Feature","properties":{"level":991},"geometry":{"type":"LineString","coordinates":[[90.67885,22.35512],[90.67606,22.362],[90.67885,22.35512]]}},{"type":"Feature","properties":{"level":991},"geometry":{"type":"LineString","coordinates":[[91.06925,22.30477],[91.0658,22.32863],[91.06881,22.3398],[91.05922,22.34923],[91.06668,22.35262],[91.06854,22.35972],[91.07474,22.36301]]}},{"type":"Feature","properties":{"level":991},"geometry":{"type":"LineString","coordinates":[[91.87305,22.36423],[91.86603,22.34048]]}},{"type":"Feature","properties":{"level":991},"geometry":{"type":"LineString","coordinates":[[89.63641,22.34963],[89.62882,22.36591]]}},{"type":"Feature","properties":{"level":991},"geometry":{"type":"LineString","coordinates":[[91.75074,22.35733],[91.74816,22.36674]]}},{"type":"Feature","properties":{"level":991},"geometry":{"type":"LineString","coordinates":[[89.63981,22.36473],[89.65322,22.36469],[89.65982,22.36801],[89.6664,22.36388],[89.67684,22.3367],[89.69195,22.31597],[89.70551,22.30591],[89.7,22.27849],[89.70371,22.27297],[89.73093,22.2788],[89.73478,22.27721],[89.71829,22.24565],[89.6943,22.21445],[89.68657,22.21831],[89.67415,22.20821],[89.67858,22.22397],[89.67686,22.2387],[89.65516,22.24178],[89.63775,22.24919],[89.66374,22.25005],[89.67358,22.2538],[89.67404,22.2585],[89.65196,22.26172],[89.66407,22.2688],[89.6696,22.27583],[89.64299,22.28775],[89.64552,22.28295],[89.66214,22.27769],[89.66588,22.27162],[89.65196,22.26069],[89.67474,22.25695],[89.66497,22.25098],[89.639,22.25158],[89.63677,22.24845],[89.65786,22.23983],[89.67603,22.23805],[89.67721,22.22385],[89.67283,22.20834],[89.67743,22.20831],[89.68726,22.21724],[89.69208,22.21403],[89.68706,22.19808],[89.68931,22.19274],[89.69547,22.19189],[89.70983,22.19947],[89.70937,22.18789],[89.69558,22.19085],[89.6897,22.18049],[89.70052,22.14627],[89.70862,22.13094],[89.71039,22.10476],[89.70446,22.09343],[89.70447,22.07164],[89.69566,22.06846],[89.6847,22.06718],[89.67447,22.07588],[89.6692,22.0868],[89.68177,22.09173],[89.68405,22.09835],[89.66552,22.09981],[89.67913,22.12174],[89.68184,22.13308],[89.67714,22.14244],[89.67052,22.14505],[89.66334,22.13812],[89.65826,22.13887],[89.66149,22.14901],[89.64955,22.14906],[89.64179,22.16188],[89.63165,22.16713],[89.61469,22.16866],[89.60689,22.17897],[89.61703,22.19046],[89.61959,22.19834],[89.60447,22.21161],[89.60283,22.22945],[89.61656,22.21502],[89.62192,22.2162],[89.6153,22.24145],[89.60514,22.24756],[89.6209,22.25719],[89.60951,22.26941],[89.6177,22.26832],[89.6249,22.27609],[89.61499,22.28023],[89.62555,22.29443],[89.61496,22.30069],[89.63213,22.3301],[89.63641,22.34963]]}},{"type":"Feature","properties":{"level":991},"geometry":{"type":"LineString","coordinates":[[89.64416,22.36855],[89.63981,22.36473]]}},{"type":"Feature","properties":{"level":991},"geometry":{"type":"LineString","coordinates":[[89.73886,22.21118],[89.73369,22.22115],[89.73748,22.21231],[89.73182,22.2064],[89.72965,22.19702],[89.74506,22.18561],[89.74033,22.16188],[89.7416,22.13651],[89.7135,22.13062],[89.69408,22.1832],[89.69758,22.18666],[89.70537,22.18378],[89.71111,22.18559],[89.71483,22.19163],[89.71399,22.19827],[89.70748,22.20355],[89.69207,22.19678],[89.69785,22.21267],[89.73323,22.26327],[89.73769,22.2799],[89.72892,22.283],[89.70878,22.27664],[89.70357,22.2784],[89.71032,22.30345],[89.70563,22.31438],[89.70684,22.3293],[89.7142,22.35032],[89.70564,22.34151],[89.70385,22.31452],[89.70135,22.3122],[89.69407,22.31677],[89.69131,22.32621],[89.68222,22.33318],[89.66692,22.3666],[89.66149,22.36983],[89.64416,22.36855]]}},{"type":"Feature","properties":{"level":991},"geometry":{"type":"LineString","coordinates":[[91.87931,22.36735],[91.87986,22.37045],[91.87931,22.36735]]}},{"type":"Feature","properties":{"level":991},"geometry":{"type":"LineString","coordinates":[[91.0362,22.33763],[91.02308,22.34603],[91.01961,22.35226],[91.04107,22.37402],[91.05434,22.34855],[91.04936,22.34199],[91.0362,22.33763]]}},{"type":"Feature","properties":{"level":991},"geometry":{"type":"LineString","coordinates":[[90.84438,22.37765],[90.83637,22.34389]]}},{"type":"Feature","properties":{"level":991},"geometry":{"type":"LineString","coordinates":[[90.65824,22.36603],[90.66017,22.38184],[90.66403,22.38183],[90.66776,22.37823],[90.66896,22.34243],[90.66692,22.35254],[90.66072,22.35585]]}},{"type":"Feature","properties":{"level":991},"geometry":{"type":"LineString","coordinates":[[91.14306,22.37113],[91.16086,22.38033],[91.17499,22.38375],[91.1783,22.37902],[91.18469,22.36537],[91.1853,22.35151],[91.18908,22.34324],[91.18981,22.325],[91.18431,22.2965],[91.18995,22.28217],[91.18897,22.27588]]}},{"type":"Feature","properties":{"level":991},"geometry":{"type":"LineString","coordinates":[[90.64315,22.38097],[90.65688,22.38386],[90.65824,22.36603]]}},{"type":"Feature","properties":{"level":991},"geometry":{"type":"LineString","coordinates":[[91.05527,22.35956],[91.04969,22.36184],[91.04349,22.37493],[91.04383,22.37937],[91.05097,22.38592],[91.05665,22.36858],[91.05527,22.35956]]}},{"type":"Feature","properties":{"level":991},"geometry":{"type":"LineString","coordinates":[[90.99018,22.391],[90.99417,22.37066],[90.98989,22.36486],[90.96295,22.36612],[90.95422,22.37511],[90.94956,22.38801]]}},{"type":"Feature","properties":{"level":991},"geometry":{"type":"LineString","coordinates":[[91.10419,22.39214],[91.13159,22.38361],[91.14306,22.37113]]}},{"type":"Feature","properties":{"level":991},"geometry":{"type":"LineString","coordinates":[[89.36514,22.39275],[89.36697,22.38744],[89.36245,22.37357],[89.38256,22.37229],[89.38206,22.35062],[89.38674,22.34747],[89.40013,22.34767],[89.39638,22.33378],[89.41619,22.32126],[89.40688,22.31098],[89.4059,22.30584],[89.40968,22.29796],[89.41916,22.29063],[89.4111,22.29384],[89.40662,22.28964],[89.39548,22.29781],[89.3846,22.29714],[89.38344,22.3026],[89.37766,22.30552],[89.37872,22.31577],[89.36576,22.31933],[89.36182,22.32536],[89.36161,22.32187],[89.36969,22.31528],[89.37672,22.3147],[89.37639,22.30438],[89.38191,22.30215],[89.3833,22.29661],[89.39506,22.29689],[89.40713,22.28873],[89.41361,22.29193],[89.42603,22.28482],[89.42701,22.27878],[89.41865,22.27458],[89.4074,22.27859],[89.40532,22.27304],[89.40237,22.27933],[89.39481,22.27628],[89.39048,22.2913],[89.39401,22.2756],[89.40101,22.27838],[89.40547,22.27153],[89.40872,22.2776],[89.41677,22.27339],[89.42581,22.27489],[89.41414,22.25922],[89.39358,22.26301],[89.38398,22.2704],[89.37824,22.25863],[89.37022,22.26956],[89.36003,22.27052],[89.34605,22.26351]]}},{"type":"Feature","properties":{"level":991},"geometry":{"type":"LineString","coordinates":[[89.36645,22.3928],[89.36514,22.39275]]}},{"type":"Feature","properties":{"level":991},"geometry":{"type":"LineString","coordinates":[[91.88243,22.34297],[91.88538,22.34871],[91.88747,22.3841],[91.89062,22.39395]]}},{"type":"Feature","properties":{"level":991},"geometry":{"type":"LineString","coordinates":[[90.85551,22.39571],[90.84438,22.37765]]}},{"type":"Feature","properties":{"level":991},"geometry":{"type":"LineString","coordinates":[[90.87373,22.3342],[90.8709,22.33399],[90.86653,22.34219],[90.86491,22.35787],[90.88576,22.39586],[90.88988,22.38575],[90.88831,22.36148]]}},{"type":"Feature","properties":{"level":991},"geometry":{"type":"LineString","coordinates":[[90.66785,22.38857],[90.66077,22.39487],[90.66088,22.40389],[90.66518,22.40093],[90.66785,22.38857]]}},{"type":"Feature","properties":{"level":991},"geometry":{"type":"LineString","coordinates":[[89.46399,22.40624],[89.46305,22.40534]]}},{"type":"Feature","properties":{"level":991},"geometry":{"type":"LineString","coordinates":[[89.46399,22.40624],[89.47776,22.404],[89.47254,22.39793],[89.46517,22.39922],[89.46687,22.38612],[89.4776,22.38263],[89.46895,22.37309],[89.47485,22.37036],[89.48992,22.37109],[89.48627,22.35353],[89.48712,22.34113],[89.49716,22.34438],[89.48638,22.33684],[89.45997,22.34235],[89.4604,22.33393],[89.48259,22.31743],[89.48305,22.31124],[89.47578,22.30322],[89.47628,22.29943],[89.49019,22.28084],[89.49256,22.26643],[89.49579,22.28839],[89.48542,22.29878],[89.48633,22.3043],[89.49215,22.30705],[89.50113,22.29698],[89.51644,22.30219],[89.50933,22.2967],[89.50159,22.29601],[89.49704,22.2972],[89.49133,22.30593],[89.48655,22.30251],[89.48741,22.29799],[89.49699,22.28965],[89.49692,22.27477],[89.47607,22.23279],[89.47855,22.22302],[89.51174,22.1301],[89.51751,22.10135],[89.52432,22.09645],[89.54372,22.09822],[89.54842,22.11229],[89.53955,22.12062],[89.53716,22.12735],[89.53763,22.13612],[89.54308,22.14511],[89.53901,22.15176],[89.54408,22.1445],[89.53867,22.13412],[89.53926,22.12488],[89.5505,22.11192],[89.54493,22.09565],[89.52675,22.09567],[89.53522,22.08255],[89.53446,22.06309],[89.52383,22.03792],[89.51018,22.01663],[89.53196,21.9947],[89.54158,22.00983],[89.55326,22.05581],[89.57785,22.10189],[89.58393,22.12479],[89.57061,22.15103],[89.5452,22.18597],[89.54155,22.20252],[89.52984,22.19637],[89.52465,22.19813],[89.52658,22.20807],[89.53315,22.21014],[89.52694,22.22103],[89.53707,22.23353],[89.53521,22.24224],[89.53797,22.23329],[89.52835,22.22225],[89.53509,22.20955],[89.52688,22.20535],[89.52766,22.19726],[89.54365,22.20651],[89.55081,22.21741],[89.57156,22.236],[89.57298,22.24449],[89.57054,22.25307],[89.55839,22.25565],[89.55324,22.26272],[89.54994,22.29262],[89.55203,22.30216],[89.53649,22.31393],[89.52722,22.33064],[89.51706,22.32603],[89.51188,22.32814],[89.51112,22.33307],[89.51482,22.33765],[89.53311,22.33988],[89.53458,22.34302],[89.50384,22.37224],[89.53552,22.34515],[89.53488,22.33908],[89.51521,22.33593],[89.51243,22.33141],[89.51579,22.32743],[89.52841,22.33203],[89.53858,22.31476],[89.55389,22.30422],[89.55158,22.29365],[89.55606,22.26117],[89.55872,22.25737],[89.57274,22.25364],[89.57816,22.24062],[89.58672,22.24332],[89.57919,22.25965],[89.58193,22.27952],[89.5864,22.28858],[89.60446,22.30553],[89.61454,22.32335],[89.62458,22.34404],[89.61962,22.36306],[89.62882,22.36591]]}},{"type":"Feature","properties":{"level":991},"geometry":{"type":"LineString","coordinates":[[89.46305,22.40534],[89.47446,22.40306],[89.47217,22.39883],[89.46392,22.39953],[89.46587,22.38557],[89.47651,22.38257],[89.46826,22.37571],[89.46811,22.37191],[89.48887,22.3703],[89.48527,22.3598],[89.48545,22.33845],[89.46361,22.34428],[89.45644,22.34097],[89.45779,22.33468],[89.48058,22.31679],[89.48099,22.31034],[89.47364,22.30529],[89.46269,22.32301],[89.43361,22.35712],[89.44656,22.37411],[89.4485,22.40627]]}},{"type":"Feature","properties":{"level":991},"geometry":{"type":"LineString","coordinates":[[90.60789,22.40412],[90.61568,22.40403],[90.61496,22.40711]]}},{"type":"Feature","properties":{"level":991},"geometry":{"type":"LineString","coordinates":[[91.07474,22.36301],[91.07502,22.37938],[91.06999,22.40699],[91.10419,22.39214]]}},{"type":"Feature","properties":{"level":991},"geometry":{"type":"LineString","coordinates":[[90.86271,22.40823],[90.85551,22.39571]]}},{"type":"Feature","properties":{"level":991},"geometry":{"type":"LineString","coordinates":[[91.03908,22.40942],[91.03539,22.40413],[91.03036,22.37711],[91.01295,22.36049],[91.00385,22.37073],[90.99774,22.39665]]}},{"type":"Feature","properties":{"level":991},"geometry":{"type":"LineString","coordinates":[[91.74816,22.36674],[91.7372,22.41045]]}},{"type":"Feature","properties":{"level":991},"geometry":{"type":"LineString","coordinates":[[90.86369,22.41239],[90.86271,22.40823]]}},{"type":"Feature","properties":{"level":991},"geometry":{"type":"LineString","coordinates":[[90.6702,22.41314],[90.67403,22.39861],[90.67304,22.38643],[90.66088,22.40772]]}},{"type":"Feature","properties":{"level":991},"geometry":{"type":"LineString","coordinates":[[89.36645,22.3928],[89.36882,22.38478],[89.36474,22.37456],[89.38434,22.3734],[89.38408,22.35065],[89.40063,22.3501],[89.40268,22.34501],[89.3987,22.33426],[89.42079,22.32421],[89.42419,22.33151],[89.41994,22.34229],[89.42273,22.3502],[89.40848,22.36502],[89.4088,22.37728],[89.39938,22.39278],[89.38819,22.39866],[89.40078,22.39311],[89.41024,22.37666],[89.40903,22.36641],[89.42253,22.35422],[89.42601,22.36785],[89.43876,22.38594],[89.42787,22.3995],[89.42448,22.41154],[89.43444,22.41366]]}},{"type":"Feature","properties":{"level":991},"geometry":{"type":"LineString","coordinates":[[89.4485,22.40627],[89.44278,22.40478],[89.43444,22.41366]]}},{"type":"Feature","properties":{"level":991},"geometry":{"type":"LineString","coordinates":[[90.67006,22.41379],[90.6702,22.41314]]}},{"type":"Feature","properties":{"level":991},"geometry":{"type":"LineString","coordinates":[[90.68372,22.32787],[90.6813,22.37029],[90.67997,22.3599],[90.67454,22.36769],[90.67797,22.39218],[90.67362,22.41457]]}},{"type":"Feature","properties":{"level":991},"geometry":{"type":"LineString","coordinates":[[91.04336,22.41502],[91.03908,22.40942]]}},{"type":"Feature","properties":{"level":991},"geometry":{"type":"LineString","coordinates":[[91.89062,22.39395],[91.90259,22.40746],[91.91609,22.41551]]}},{"type":"Feature","properties":{"level":991},"geometry":{"type":"LineString","coordinates":[[90.66088,22.40772],[90.66265,22.41666]]}},{"type":"Feature","properties":{"level":991},"geometry":{"type":"LineString","coordinates":[[90.86462,22.41783],[90.86369,22.41239]]}},{"type":"Feature","properties":{"level":991},"geometry":{"type":"LineString","coordinates":[[91.958,22.41823],[91.9692,22.41108],[91.98205,22.41291]]}},{"type":"Feature","properties":{"level":991},"geometry":{"type":"LineString","coordinates":[[91.97388,22.4133],[91.96497,22.41418],[91.95926,22.41957],[91.97388,22.4133]]}},{"type":"Feature","properties":{"level":991},"geometry":{"type":"LineString","coordinates":[[90.94956,22.38801],[90.95018,22.40099],[90.95478,22.40895],[90.96181,22.41703],[90.97228,22.4206]]}},{"type":"Feature","properties":{"level":991},"geometry":{"type":"LineString","coordinates":[[90.97228,22.4206],[90.98106,22.41687],[90.99018,22.391]]}},{"type":"Feature","properties":{"level":991},"geometry":{"type":"LineString","coordinates":[[91.98205,22.41291],[91.98177,22.41589],[91.96543,22.42141]]}},{"type":"Feature","properties":{"level":991},"geometry":{"type":"LineString","coordinates":[[91.91609,22.41551],[91.9398,22.42213],[91.95335,22.42167],[91.958,22.41823]]}},{"type":"Feature","properties":{"level":991},"geometry":{"type":"LineString","coordinates":[[90.66853,22.42365],[90.67006,22.41379]]}},{"type":"Feature","properties":{"level":991},"geometry":{"type":"LineString","coordinates":[[91.92687,22.42412],[91.9117,22.4205],[91.89316,22.4059],[91.8841,22.41813],[91.88607,22.42034]]}},{"type":"Feature","properties":{"level":991},"geometry":{"type":"LineString","coordinates":[[91.39853,22.42257],[91.39841,22.42004],[91.4036,22.42014],[91.40181,22.41375],[91.40606,22.41142],[91.40404,22.40484],[91.40895,22.39768],[91.40538,22.38246],[91.39737,22.38836],[91.39919,22.3808],[91.39051,22.37346],[91.35477,22.37099],[91.35313,22.37646],[91.37508,22.39821],[91.39343,22.42348],[91.39853,22.42257]]}},{"type":"Feature","properties":{"level":991},"geometry":{"type":"LineString","coordinates":[[91.96543,22.42141],[91.95105,22.42534],[91.92687,22.42412]]}},{"type":"Feature","properties":{"level":991},"geometry":{"type":"LineString","coordinates":[[91.88607,22.42034],[91.89201,22.42645]]}},{"type":"Feature","properties":{"level":991},"geometry":{"type":"LineString","coordinates":[[91.88018,22.42917],[91.89018,22.42791],[91.88225,22.41869],[91.89085,22.40628],[91.87995,22.38676],[91.87305,22.36423]]}},{"type":"Feature","properties":{"level":991},"geometry":{"type":"LineString","coordinates":[[90.86296,22.42967],[90.86462,22.41783]]}},{"type":"Feature","properties":{"level":991},"geometry":{"type":"LineString","coordinates":[[91.8766,22.4299],[91.88018,22.42917]]}},{"type":"Feature","properties":{"level":991},"geometry":{"type":"LineString","coordinates":[[91.89201,22.42645],[91.89097,22.4302]]}},{"type":"Feature","properties":{"level":991},"geometry":{"type":"LineString","coordinates":[[91.88055,22.43074],[91.87914,22.43086]]}},{"type":"Feature","properties":{"level":991},"geometry":{"type":"LineString","coordinates":[[91.89097,22.4302],[91.88055,22.43074]]}},{"type":"Feature","properties":{"level":991},"geometry":{"type":"LineString","coordinates":[[91.47907,22.40268],[91.47502,22.40876],[91.47614,22.41229],[91.45947,22.43526]]}},{"type":"Feature","properties":{"level":991},"geometry":{"type":"LineString","coordinates":[[91.25624,22.40976],[91.25179,22.41147],[91.24575,22.42629],[91.25091,22.43356],[91.25648,22.43548],[91.26637,22.42379],[91.26385,22.41463],[91.25624,22.40976]]}},{"type":"Feature","properties":{"level":991},"geometry":{"type":"LineString","coordinates":[[91.87914,22.43086],[91.87157,22.43717]]}},{"type":"Feature","properties":{"level":991},"geometry":{"type":"LineString","coordinates":[[90.66265,22.41666],[90.66724,22.43723]]}},{"type":"Feature","properties":{"level":991},"geometry":{"type":"LineString","coordinates":[[90.66724,22.43723],[90.66853,22.42365]]}},{"type":"Feature","properties":{"level":991},"geometry":{"type":"LineString","coordinates":[[91.87157,22.43717],[91.86859,22.44093]]}},{"type":"Feature","properties":{"level":991},"geometry":{"type":"LineString","coordinates":[[91.86859,22.44093],[91.86586,22.44401]]}},{"type":"Feature","properties":{"level":991},"geometry":{"type":"LineString","coordinates":[[91.86586,22.44401],[91.8637,22.44689]]}},{"type":"Feature","properties":{"level":991},"geometry":{"type":"LineString","coordinates":[[90.84121,22.44737],[90.86296,22.42967]]}},{"type":"Feature","properties":{"level":991},"geometry":{"type":"LineString","coordinates":[[91.2771,22.4411],[91.27099,22.44311],[91.27176,22.44788],[91.2769,22.4476],[91.2771,22.4411]]}},{"type":"Feature","properties":{"level":991},"geometry":{"type":"LineString","coordinates":[[91.85947,22.45018],[91.8766,22.4299]]}},{"type":"Feature","properties":{"level":991},"geometry":{"type":"LineString","coordinates":[[91.45947,22.43526],[91.45152,22.45055]]}},{"type":"Feature","properties":{"level":991},"geometry":{"type":"LineString","coordinates":[[91.8637,22.44689],[91.86147,22.45067]]}},{"type":"Feature","properties":{"level":991},"geometry":{"type":"LineString","coordinates":[[91.7372,22.41045],[91.73449,22.41584],[91.73761,22.41882],[91.73472,22.4225],[91.737,22.42907],[91.72651,22.4515]]}},{"type":"Feature","properties":{"level":991},"geometry":{"type":"LineString","coordinates":[[91.86147,22.45067],[91.86091,22.45187]]}},{"type":"Feature","properties":{"level":991},"geometry":{"type":"LineString","coordinates":[[90.64456,22.4519],[90.63981,22.41821],[90.63162,22.42536],[90.62223,22.44672],[90.6303,22.42488],[90.64088,22.41211],[90.64315,22.38097]]}},{"type":"Feature","properties":{"level":991},"geometry":{"type":"LineString","coordinates":[[91.86091,22.45187],[91.86003,22.45376]]}},{"type":"Feature","properties":{"level":991},"geometry":{"type":"LineString","coordinates":[[90.63447,22.45997],[90.64456,22.4519]]}},{"type":"Feature","properties":{"level":991},"geometry":{"type":"LineString","coordinates":[[90.63235,22.46298],[90.63447,22.45997]]}},{"type":"Feature","properties":{"level":991},"geometry":{"type":"LineString","coordinates":[[90.99774,22.39665],[90.98773,22.43565],[90.98724,22.45429],[90.99501,22.46194],[91.01123,22.46122],[91.03721,22.44843],[91.04507,22.43753],[91.04336,22.41502]]}},{"type":"Feature","properties":{"level":991},"geometry":{"type":"LineString","coordinates":[[90.96773,22.42763],[90.96554,22.42378],[90.9476,22.41796],[90.93424,22.42951],[90.93745,22.45578],[90.95088,22.46454]]}},{"type":"Feature","properties":{"level":991},"geometry":{"type":"LineString","coordinates":[[90.66473,22.46516],[90.66964,22.46011],[90.66631,22.4507]]}},{"type":"Feature","properties":{"level":991},"geometry":{"type":"LineString","coordinates":[[90.66631,22.4507],[90.66433,22.44916],[90.66473,22.46516]]}},{"type":"Feature","properties":{"level":991},"geometry":{"type":"LineString","coordinates":[[90.8258,22.46638],[90.84121,22.44737]]}},{"type":"Feature","properties":{"level":991},"geometry":{"type":"LineString","coordinates":[[91.86003,22.45376],[91.85602,22.4638],[91.85946,22.46706]]}},{"type":"Feature","properties":{"level":991},"geometry":{"type":"LineString","coordinates":[[90.89661,22.45076],[90.89103,22.45452],[90.8932,22.4644],[90.9088,22.4668],[90.90197,22.45302],[90.89661,22.45076]]}},{"type":"Feature","properties":{"level":991},"geometry":{"type":"LineString","coordinates":[[90.67223,22.45851],[90.67114,22.46967],[90.67223,22.45851]]}},{"type":"Feature","properties":{"level":991},"geometry":{"type":"LineString","coordinates":[[91.45143,22.45066],[91.43897,22.4701]]}},{"type":"Feature","properties":{"level":991},"geometry":{"type":"LineString","coordinates":[[90.95088,22.46454],[90.96195,22.47098],[90.97783,22.46544],[90.96965,22.45277],[90.96773,22.42763]]}},{"type":"Feature","properties":{"level":991},"geometry":{"type":"LineString","coordinates":[[91.85946,22.46706],[91.86726,22.47221],[91.87381,22.46729],[91.87859,22.47031]]}},{"type":"Feature","properties":{"level":991},"geometry":{"type":"LineString","coordinates":[[91.87714,22.47139],[91.87405,22.46831],[91.87154,22.47275]]}},{"type":"Feature","properties":{"level":991},"geometry":{"type":"LineString","coordinates":[[91.87154,22.47275],[91.86614,22.47288],[91.85452,22.46435],[91.85947,22.45018]]}},{"type":"Feature","properties":{"level":991},"geometry":{"type":"LineString","coordinates":[[91.87859,22.47031],[91.8798,22.4738]]}},{"type":"Feature","properties":{"level":991},"geometry":{"type":"LineString","coordinates":[[90.61496,22.40711],[90.59687,22.42352],[90.59178,22.42482],[90.59093,22.43099],[90.59568,22.44713],[90.61754,22.47581]]}},{"type":"Feature","properties":{"level":991},"geometry":{"type":"LineString","coordinates":[[91.8798,22.4738],[91.88091,22.47777]]}},{"type":"Feature","properties":{"level":991},"geometry":{"type":"LineString","coordinates":[[91.88091,22.47777],[91.87714,22.47139]]}},{"type":"Feature","properties":{"level":991},"geometry":{"type":"LineString","coordinates":[[90.61754,22.47581],[90.62673,22.47847],[90.63341,22.476],[90.63519,22.47256],[90.63235,22.46298]]}},{"type":"Feature","properties":{"level":991},"geometry":{"type":"LineString","coordinates":[[91.16536,22.47947],[91.16519,22.46875],[91.16038,22.45819],[91.13796,22.44301],[91.13061,22.44406]]}},{"type":"Feature","properties":{"level":991},"geometry":{"type":"LineString","coordinates":[[90.6442,22.46241],[90.64131,22.47308],[90.63286,22.48124],[90.64689,22.47674],[90.6442,22.46241]]}},{"type":"Feature","properties":{"level":991},"geometry":{"type":"LineString","coordinates":[[90.67081,22.4814],[90.67017,22.48044]]}},{"type":"Feature","properties":{"level":991},"geometry":{"type":"LineString","coordinates":[[90.67362,22.41457],[90.67162,22.48237]]}},{"type":"Feature","properties":{"level":991},"geometry":{"type":"LineString","coordinates":[[90.60038,22.48317],[90.60484,22.476],[90.59117,22.45459],[90.5863,22.42841],[90.58995,22.42012],[90.60789,22.40412]]}},{"type":"Feature","properties":{"level":991},"geometry":{"type":"LineString","coordinates":[[90.61021,22.47257],[90.60106,22.46607],[90.60903,22.48341],[90.61021,22.47257]]}},{"type":"Feature","properties":{"level":991},"geometry":{"type":"LineString","coordinates":[[90.67017,22.48044],[90.67001,22.48436],[90.67081,22.4814]]}},{"type":"Feature","properties":{"level":991},"geometry":{"type":"LineString","coordinates":[[90.60892,22.4849],[90.60633,22.47963],[90.60219,22.48354]]}},{"type":"Feature","properties":{"level":991},"geometry":{"type":"LineString","coordinates":[[91.72651,22.4515],[91.72302,22.46456],[91.71865,22.46655],[91.70665,22.48983]]}},{"type":"Feature","properties":{"level":991},"geometry":{"type":"LineString","coordinates":[[90.79651,22.49434],[90.81517,22.47984],[90.8258,22.46638]]}},{"type":"Feature","properties":{"level":991},"geometry":{"type":"LineString","coordinates":[[91.43897,22.4701],[91.42901,22.49497]]}},{"type":"Feature","properties":{"level":991},"geometry":{"type":"LineString","coordinates":[[90.78537,22.50447],[90.79651,22.49434]]}},{"type":"Feature","properties":{"level":991},"geometry":{"type":"LineString","coordinates":[[90.60219,22.48354],[90.59678,22.48853],[90.58765,22.50819],[90.60038,22.48317]]}},{"type":"Feature","properties":{"level":991},"geometry":{"type":"LineString","coordinates":[[91.13061,22.44406],[91.10276,22.45803],[91.09282,22.46644],[91.08461,22.47906],[91.08219,22.48596],[91.08951,22.51518]]}},{"type":"Feature","properties":{"level":991},"geometry":{"type":"LineString","coordinates":[[91.70665,22.48983],[91.68622,22.51728]]}},{"type":"Feature","properties":{"level":991},"geometry":{"type":"LineString","coordinates":[[91.5316,22.51897],[91.54235,22.50171],[91.5531,22.49167],[91.56696,22.46677],[91.57151,22.44584],[91.56726,22.42548],[91.56841,22.40941],[91.55613,22.39944],[91.54094,22.39701],[91.52811,22.38901],[91.5197,22.39028],[91.5118,22.38725],[91.48043,22.39982],[91.47907,22.40268]]}},{"type":"Feature","properties":{"level":991},"geometry":{"type":"LineString","coordinates":[[91.42901,22.49497],[91.42048,22.5202]]}},{"type":"Feature","properties":{"level":991},"geometry":{"type":"LineString","coordinates":[[91.1637,22.51728],[91.17362,22.52072],[91.18898,22.52068],[91.20119,22.51058],[91.19422,22.4998],[91.16536,22.47947]]}},{"type":"Feature","properties":{"level":991},"geometry":{"type":"LineString","coordinates":[[90.97645,22.52198],[90.98225,22.51156],[90.98015,22.50502],[90.93393,22.49373]]}},{"type":"Feature","properties":{"level":991},"geometry":{"type":"LineString","coordinates":[[91.33943,22.52602],[91.34335,22.51994],[91.3434,22.51736],[91.33991,22.51764]]}},{"type":"Feature","properties":{"level":991},"geometry":{"type":"LineString","coordinates":[[90.67162,22.48237],[90.66736,22.50533],[90.67041,22.5274]]}},{"type":"Feature","properties":{"level":991},"geometry":{"type":"LineString","coordinates":[[91.42048,22.5202],[91.4218,22.53038]]}},{"type":"Feature","properties":{"level":991},"geometry":{"type":"LineString","coordinates":[[91.33943,22.52602],[91.33479,22.5322],[91.33919,22.5301]]}},{"type":"Feature","properties":{"level":991},"geometry":{"type":"LineString","coordinates":[[91.5316,22.51897],[91.52209,22.53341]]}},{"type":"Feature","properties":{"level":991},"geometry":{"type":"LineString","coordinates":[[90.67041,22.5274],[90.67038,22.53401]]}},{"type":"Feature","properties":{"level":991},"geometry":{"type":"LineString","coordinates":[[90.60892,22.4849],[90.60766,22.49492],[90.6003,22.5101],[90.58548,22.52562],[90.58206,22.53398],[90.59013,22.52379],[90.59151,22.52933],[90.58405,22.53596]]}},{"type":"Feature","properties":{"level":991},"geometry":{"type":"LineString","coordinates":[[90.86008,22.53852],[90.878,22.52098],[90.90497,22.50234],[90.90503,22.49583],[90.88249,22.4907],[90.8652,22.49467],[90.86092,22.526],[90.8528,22.53974]]}},{"type":"Feature","properties":{"level":991},"geometry":{"type":"LineString","coordinates":[[91.16356,22.52054],[91.15626,22.52555],[91.1556,22.53926],[91.15041,22.54035],[91.15585,22.51539],[91.15288,22.50055],[91.12304,22.49564],[91.11256,22.48794],[91.12652,22.48632],[91.16049,22.50063],[91.15873,22.51331],[91.1637,22.51728]]}},{"type":"Feature","properties":{"level":991},"geometry":{"type":"LineString","coordinates":[[90.85024,22.54234],[90.8506,22.53724],[90.84674,22.53604]]}},{"type":"Feature","properties":{"level":991},"geometry":{"type":"LineString","coordinates":[[90.76224,22.54314],[90.7731,22.51767],[90.78537,22.50447]]}},{"type":"Feature","properties":{"level":991},"geometry":{"type":"LineString","coordinates":[[90.8528,22.53974],[90.85423,22.54329],[90.86008,22.53852]]}},{"type":"Feature","properties":{"level":991},"geometry":{"type":"LineString","coordinates":[[90.67038,22.53401],[90.668,22.54454]]}},{"type":"Feature","properties":{"level":991},"geometry":{"type":"LineString","coordinates":[[91.68622,22.51728],[91.65865,22.54587]]}},{"type":"Feature","properties":{"level":991},"geometry":{"type":"LineString","coordinates":[[90.93393,22.49373],[90.91759,22.49702],[90.87498,22.53086],[90.85814,22.54851]]}},{"type":"Feature","properties":{"level":991},"geometry":{"type":"LineString","coordinates":[[90.65902,22.54069],[90.65688,22.54889],[90.66034,22.54636],[90.65902,22.54069]]}},{"type":"Feature","properties":{"level":991},"geometry":{"type":"LineString","coordinates":[[90.6171,22.54953],[90.61809,22.54954]]}},{"type":"Feature","properties":{"level":991},"geometry":{"type":"LineString","coordinates":[[91.24487,22.55078],[91.24255,22.5474],[91.23924,22.54807],[91.22843,22.52564],[91.2149,22.53148],[91.20918,22.52411],[91.18094,22.52619],[91.16356,22.52054]]}},{"type":"Feature","properties":{"level":991},"geometry":{"type":"LineString","coordinates":[[90.61809,22.54954],[90.62691,22.5509]]}},{"type":"Feature","properties":{"level":991},"geometry":{"type":"LineString","coordinates":[[90.84674,22.53604],[90.8455,22.52852],[90.84175,22.55105],[90.85222,22.54579],[90.85024,22.54234]]}},{"type":"Feature","properties":{"level":991},"geometry":{"type":"LineString","coordinates":[[90.62691,22.5509],[90.631,22.54499],[90.62923,22.55133],[90.6515,22.5496],[90.65416,22.546],[90.65434,22.54089],[90.6469,22.53327],[90.64219,22.54446],[90.64399,22.52855],[90.63105,22.5414],[90.64311,22.52259],[90.64797,22.50787],[90.64901,22.49047],[90.636,22.49326],[90.6382,22.49018],[90.63568,22.48895],[90.62778,22.49414],[90.60228,22.53425],[90.61308,22.55089]]}},{"type":"Feature","properties":{"level":991},"geometry":{"type":"LineString","coordinates":[[90.62845,22.55246],[90.6171,22.54953]]}},{"type":"Feature","properties":{"level":991},"geometry":{"type":"LineString","coordinates":[[90.61308,22.55089],[90.62947,22.55361]]}},{"type":"Feature","properties":{"level":991},"geometry":{"type":"LineString","coordinates":[[90.62947,22.55361],[90.64143,22.55284],[90.62845,22.55246]]}},{"type":"Feature","properties":{"level":991},"geometry":{"type":"LineString","coordinates":[[91.08951,22.51518],[91.09426,22.52245],[91.10844,22.5299],[91.11799,22.53964],[91.13084,22.54385],[91.13666,22.55703],[91.12827,22.54471],[91.11204,22.53867],[91.10797,22.53187],[91.09426,22.52517],[91.08771,22.5174]]}},{"type":"Feature","properties":{"level":991},"geometry":{"type":"LineString","coordinates":[[91.50387,22.55948],[91.52209,22.53341]]}},{"type":"Feature","properties":{"level":991},"geometry":{"type":"LineString","coordinates":[[90.89375,22.56028],[90.95111,22.54726],[90.97645,22.52198]]}},{"type":"Feature","properties":{"level":991},"geometry":{"type":"LineString","coordinates":[[90.59965,22.56083],[90.60701,22.55476],[90.60649,22.55231],[90.59819,22.55275],[90.60558,22.55016],[90.6044,22.5464],[90.59783,22.54278],[90.59971,22.5472],[90.59497,22.54321],[90.58623,22.54736]]}},{"type":"Feature","properties":{"level":991},"geometry":{"type":"LineString","coordinates":[[90.53937,22.56334],[90.57772,22.54285],[90.58405,22.53596]]}},{"type":"Feature","properties":{"level":991},"geometry":{"type":"LineString","coordinates":[[90.668,22.54454],[90.6571,22.55657],[90.62939,22.56506]]}},{"type":"Feature","properties":{"level":991},"geometry":{"type":"LineString","coordinates":[[91.33259,22.56488],[91.3509,22.56239],[91.35334,22.55542],[91.34568,22.55297],[91.34901,22.55001],[91.35434,22.55125],[91.35538,22.54666],[91.35302,22.52667],[91.34296,22.53113],[91.34474,22.54409],[91.33919,22.5301]]}},{"type":"Feature","properties":{"level":991},"geometry":{"type":"LineString","coordinates":[[91.33221,22.56566],[91.33259,22.56488]]}},{"type":"Feature","properties":{"level":991},"geometry":{"type":"LineString","coordinates":[[91.08771,22.5174],[91.07778,22.4934],[91.05769,22.53402],[91.04251,22.55037],[91.01741,22.56818]]}},{"type":"Feature","properties":{"level":991},"geometry":{"type":"LineString","coordinates":[[90.85814,22.54851],[90.8403,22.56504],[90.84091,22.57]]}},{"type":"Feature","properties":{"level":991},"geometry":{"type":"LineString","coordinates":[[90.87442,22.57007],[90.89375,22.56028]]}},{"type":"Feature","properties":{"level":991},"geometry":{"type":"LineString","coordinates":[[90.57522,22.57046],[90.5927,22.56963],[90.59873,22.56519],[90.58967,22.56773],[90.59274,22.56527],[90.58212,22.56214],[90.59332,22.56419],[90.59965,22.56083]]}},{"type":"Feature","properties":{"level":991},"geometry":{"type":"LineString","coordinates":[[90.57468,22.5712],[90.56822,22.57014],[90.57522,22.57046]]}},{"type":"Feature","properties":{"level":991},"geometry":{"type":"LineString","coordinates":[[91.65865,22.54587],[91.63476,22.57241]]}},{"type":"Feature","properties":{"level":991},"geometry":{"type":"LineString","coordinates":[[91.49358,22.57403],[91.50387,22.55948]]}},{"type":"Feature","properties":{"level":991},"geometry":{"type":"LineString","coordinates":[[91.4218,22.53038],[91.42558,22.57475]]}},{"type":"Feature","properties":{"level":991},"geometry":{"type":"LineString","coordinates":[[91.01741,22.56818],[91.00133,22.57835]]}},{"type":"Feature","properties":{"level":991},"geometry":{"type":"LineString","coordinates":[[90.84091,22.57],[90.85933,22.57956],[90.87442,22.57007]]}},{"type":"Feature","properties":{"level":991},"geometry":{"type":"LineString","coordinates":[[90.6198,22.5767],[90.61966,22.58004],[90.6198,22.5767]]}},{"type":"Feature","properties":{"level":991},"geometry":{"type":"LineString","coordinates":[[90.75885,22.5804],[90.76224,22.54314]]}},{"type":"Feature","properties":{"level":991},"geometry":{"type":"LineString","coordinates":[[90.62939,22.56506],[90.62153,22.56699],[90.62175,22.58078]]}},{"type":"Feature","properties":{"level":991},"geometry":{"type":"LineString","coordinates":[[90.47719,22.58321],[90.47748,22.57891],[90.51132,22.58068],[90.53937,22.56334]]}},{"type":"Feature","properties":{"level":991},"geometry":{"type":"LineString","coordinates":[[90.7589,22.58425],[90.75885,22.5804]]}},{"type":"Feature","properties":{"level":991},"geometry":{"type":"LineString","coordinates":[[90.47955,22.58536],[90.47719,22.58321]]}},{"type":"Feature","properties":{"level":991},"geometry":{"type":"LineString","coordinates":[[90.4983,22.58385],[90.49421,22.5846],[90.49692,22.58633],[90.47955,22.58536]]}},{"type":"Feature","properties":{"level":991},"geometry":{"type":"LineString","coordinates":[[90.62175,22.58078],[90.62024,22.58699]]}},{"type":"Feature","properties":{"level":991},"geometry":{"type":"LineString","coordinates":[[90.58623,22.54736],[90.55729,22.56793],[90.55162,22.58056],[90.55252,22.58658],[90.55774,22.58827]]}},{"type":"Feature","properties":{"level":991},"geometry":{"type":"LineString","coordinates":[[90.55774,22.58827],[90.56514,22.58736],[90.58853,22.57174],[90.57468,22.5712]]}},{"type":"Feature","properties":{"level":991},"geometry":{"type":"LineString","coordinates":[[90.62024,22.58699],[90.61965,22.58852]]}},{"type":"Feature","properties":{"level":991},"geometry":{"type":"LineString","coordinates":[[90.75917,22.58938],[90.7589,22.58425]]}},{"type":"Feature","properties":{"level":991},"geometry":{"type":"LineString","coordinates":[[90.538,22.58987],[90.54867,22.56993],[90.53458,22.58373]]}},{"type":"Feature","properties":{"level":991},"geometry":{"type":"LineString","coordinates":[[90.61965,22.58852],[90.61874,22.59036]]}},{"type":"Feature","properties":{"level":991},"geometry":{"type":"LineString","coordinates":[[90.50867,22.59114],[90.50479,22.58588],[90.4983,22.58385]]}},{"type":"Feature","properties":{"level":991},"geometry":{"type":"LineString","coordinates":[[90.61874,22.59036],[90.61811,22.59196]]}},{"type":"Feature","properties":{"level":991},"geometry":{"type":"LineString","coordinates":[[90.55716,22.58902],[90.55036,22.58736],[90.54678,22.59254]]}},{"type":"Feature","properties":{"level":991},"geometry":{"type":"LineString","coordinates":[[90.61811,22.59196],[90.6166,22.59414]]}},{"type":"Feature","properties":{"level":991},"geometry":{"type":"LineString","coordinates":[[91.00133,22.57835],[90.98593,22.58678],[90.9764,22.59734]]}},{"type":"Feature","properties":{"level":991},"geometry":{"type":"LineString","coordinates":[[91.47053,22.60052],[91.49358,22.57403]]}},{"type":"Feature","properties":{"level":991},"geometry":{"type":"LineString","coordinates":[[90.51025,22.60132],[90.50867,22.59114]]}},{"type":"Feature","properties":{"level":991},"geometry":{"type":"LineString","coordinates":[[90.57576,22.59682],[90.56799,22.60157],[90.57576,22.59682]]}},{"type":"Feature","properties":{"level":991},"geometry":{"type":"LineString","coordinates":[[91.33991,22.51764],[91.33602,22.51606],[91.33005,22.52099],[91.33155,22.51703],[91.32692,22.51707],[91.33437,22.51263],[91.33416,22.50719],[91.33038,22.50743],[91.32581,22.50102],[91.31028,22.5071],[91.31726,22.50324],[91.31806,22.49793],[91.30459,22.49302],[91.30315,22.48744],[91.29104,22.48395],[91.28286,22.50036],[91.26595,22.52014],[91.26791,22.53611],[91.27594,22.54881],[91.27208,22.54891],[91.27383,22.55485],[91.28765,22.57618],[91.31112,22.60281]]}},{"type":"Feature","properties":{"level":991},"geometry":{"type":"LineString","coordinates":[[91.46688,22.60367],[91.47053,22.60052]]}},{"type":"Feature","properties":{"level":991},"geometry":{"type":"LineString","coordinates":[[90.54678,22.59254],[90.54241,22.6049]]}},{"type":"Feature","properties":{"level":991},"geometry":{"type":"LineString","coordinates":[[90.9764,22.59734],[90.95781,22.6079]]}},{"type":"Feature","properties":{"level":991},"geometry":{"type":"LineString","coordinates":[[90.51079,22.60793],[90.51025,22.60132]]}},{"type":"Feature","properties":{"level":991},"geometry":{"type":"LineString","coordinates":[[91.42558,22.57475],[91.42074,22.59727],[91.44448,22.60719],[91.45855,22.60874],[91.46688,22.60367]]}},{"type":"Feature","properties":{"level":991},"geometry":{"type":"LineString","coordinates":[[90.74688,22.60909],[90.75809,22.59623],[90.75917,22.58938]]}},{"type":"Feature","properties":{"level":991},"geometry":{"type":"LineString","coordinates":[[91.35719,22.60175],[91.34924,22.60416],[91.34976,22.60989],[91.35719,22.60175]]}},{"type":"Feature","properties":{"level":991},"geometry":{"type":"LineString","coordinates":[[90.53991,22.60705],[90.53438,22.61141]]}},{"type":"Feature","properties":{"level":991},"geometry":{"type":"LineString","coordinates":[[91.31112,22.60281],[91.32342,22.61037],[91.33397,22.61136],[91.33659,22.59908],[91.33707,22.60846],[91.34389,22.61149],[91.34859,22.60263],[91.35339,22.60008],[91.35384,22.58646],[91.34625,22.58451],[91.35034,22.58434],[91.35362,22.57965],[91.35322,22.57435],[91.34766,22.57497],[91.34967,22.56714],[91.33221,22.56566]]}},{"type":"Feature","properties":{"level":991},"geometry":{"type":"LineString","coordinates":[[91.63476,22.57241],[91.60228,22.6023],[91.59573,22.61289]]}},{"type":"Feature","properties":{"level":991},"geometry":{"type":"LineString","coordinates":[[90.54241,22.6049],[90.54593,22.61161],[90.55232,22.61273],[90.56107,22.60056],[90.58397,22.58471],[90.59231,22.57291],[90.56521,22.58843],[90.55716,22.58902]]}},{"type":"Feature","properties":{"level":991},"geometry":{"type":"LineString","coordinates":[[90.74065,22.61466],[90.74688,22.60909]]}},{"type":"Feature","properties":{"level":991},"geometry":{"type":"LineString","coordinates":[[90.52741,22.61488],[90.538,22.58987]]}},{"type":"Feature","properties":{"level":991},"geometry":{"type":"LineString","coordinates":[[90.53458,22.58373],[90.53545,22.58925],[90.53318,22.58573],[90.52845,22.59429],[90.53375,22.57857],[90.52289,22.57908],[90.52242,22.61531]]}},{"type":"Feature","properties":{"level":991},"geometry":{"type":"LineString","coordinates":[[90.95781,22.6079],[90.94248,22.61774]]}},{"type":"Feature","properties":{"level":991},"geometry":{"type":"LineString","coordinates":[[90.53438,22.61141],[90.53329,22.6182],[90.54297,22.61721],[90.54471,22.61486],[90.53991,22.60705]]}},{"type":"Feature","properties":{"level":991},"geometry":{"type":"LineString","coordinates":[[90.50859,22.61988],[90.51079,22.60793]]}},{"type":"Feature","properties":{"level":991},"geometry":{"type":"LineString","coordinates":[[90.52829,22.62713],[90.52741,22.61488]]}},{"type":"Feature","properties":{"level":991},"geometry":{"type":"LineString","coordinates":[[90.6166,22.59414],[90.60959,22.60102],[90.61698,22.62795]]}},{"type":"Feature","properties":{"level":991},"geometry":{"type":"LineString","coordinates":[[90.61581,22.63511],[90.6084,22.60031],[90.61911,22.58337],[90.61771,22.56999],[90.62152,22.55874],[90.60278,22.56885],[90.58701,22.5887],[90.57558,22.59907],[90.56196,22.60567],[90.55443,22.61444],[90.53434,22.61923],[90.53342,22.6265]]}},{"type":"Feature","properties":{"level":991},"geometry":{"type":"LineString","coordinates":[[90.61698,22.62795],[90.6175,22.63529]]}},{"type":"Feature","properties":{"level":991},"geometry":{"type":"LineString","coordinates":[[90.61552,22.63817],[90.61581,22.63511]]}},{"type":"Feature","properties":{"level":991},"geometry":{"type":"LineString","coordinates":[[90.52242,22.61531],[90.52033,22.63732],[90.52577,22.64069]]}},{"type":"Feature","properties":{"level":991},"geometry":{"type":"LineString","coordinates":[[90.52577,22.64069],[90.53533,22.64071],[90.52829,22.62713]]}},{"type":"Feature","properties":{"level":991},"geometry":{"type":"LineString","coordinates":[[90.61451,22.64159],[90.61552,22.63817]]}},{"type":"Feature","properties":{"level":991},"geometry":{"type":"LineString","coordinates":[[91.28214,22.64295],[91.28135,22.6315],[91.26343,22.63545],[91.27786,22.63081],[91.27497,22.62732],[91.28446,22.62596],[91.28802,22.61862],[91.26363,22.58154],[91.25894,22.58522],[91.2588,22.57546],[91.24487,22.55078]]}},{"type":"Feature","properties":{"level":991},"geometry":{"type":"LineString","coordinates":[[90.47268,22.6538],[90.4726,22.6508],[90.47503,22.65423]]}},{"type":"Feature","properties":{"level":991},"geometry":{"type":"LineString","coordinates":[[90.70152,22.65535],[90.71348,22.63402],[90.72608,22.62021],[90.71542,22.61739],[90.70913,22.61963],[90.71491,22.61673],[90.72824,22.61882],[90.74065,22.61466]]}},{"type":"Feature","properties":{"level":991},"geometry":{"type":"LineString","coordinates":[[90.60765,22.65851],[90.61451,22.64159]]}},{"type":"Feature","properties":{"level":991},"geometry":{"type":"LineString","coordinates":[[90.6175,22.63529],[90.60732,22.66061]]}},{"type":"Feature","properties":{"level":991},"geometry":{"type":"LineString","coordinates":[[90.60732,22.66061],[90.60474,22.66178],[90.60765,22.65851]]}},{"type":"Feature","properties":{"level":991},"geometry":{"type":"LineString","coordinates":[[90.74677,22.66015],[90.74069,22.66579],[90.74468,22.66535],[90.74677,22.66015]]}},{"type":"Feature","properties":{"level":991},"geometry":{"type":"LineString","coordinates":[[90.71182,22.65047],[90.70199,22.66132],[90.70403,22.66714],[90.70849,22.66292],[90.71182,22.65047]]}},{"type":"Feature","properties":{"level":991},"geometry":{"type":"LineString","coordinates":[[90.6991,22.6672],[90.70152,22.65535]]}},{"type":"Feature","properties":{"level":991},"geometry":{"type":"LineString","coordinates":[[90.94248,22.61774],[90.90245,22.64779],[90.89077,22.66024],[90.87615,22.66615],[90.85386,22.66946]]}},{"type":"Feature","properties":{"level":991},"geometry":{"type":"LineString","coordinates":[[91.59573,22.61289],[91.59131,22.61489],[91.59905,22.60298],[91.5848,22.61577],[91.58159,22.63418],[91.54446,22.67306]]}},{"type":"Feature","properties":{"level":991},"geometry":{"type":"LineString","coordinates":[[90.85386,22.66946],[90.84709,22.67319]]}},{"type":"Feature","properties":{"level":991},"geometry":{"type":"LineString","coordinates":[[90.69905,22.67366],[90.6991,22.6672]]}},{"type":"Feature","properties":{"level":991},"geometry":{"type":"LineString","coordinates":[[90.84709,22.67319],[90.84661,22.67381]]}},{"type":"Feature","properties":{"level":991},"geometry":{"type":"LineString","coordinates":[[90.69441,22.67981],[90.69905,22.67366]]}},{"type":"Feature","properties":{"level":991},"geometry":{"type":"LineString","coordinates":[[90.50532,22.68552],[90.50308,22.65897],[90.49782,22.66497],[90.50324,22.65481],[90.50859,22.61988]]}},{"type":"Feature","properties":{"level":991},"geometry":{"type":"LineString","coordinates":[[90.73686,22.68648],[90.74084,22.68409],[90.74524,22.66839],[90.73103,22.66898],[90.73188,22.6829]]}},{"type":"Feature","properties":{"level":991},"geometry":{"type":"LineString","coordinates":[[90.5262,22.64251],[90.52168,22.64151],[90.51858,22.65266],[90.51947,22.68649]]}},{"type":"Feature","properties":{"level":991},"geometry":{"type":"LineString","coordinates":[[90.84661,22.67381],[90.83661,22.68681]]}},{"type":"Feature","properties":{"level":991},"geometry":{"type":"LineString","coordinates":[[90.47503,22.65423],[90.49103,22.68733]]}},{"type":"Feature","properties":{"level":991},"geometry":{"type":"LineString","coordinates":[[90.73188,22.6829],[90.73473,22.68775],[90.73686,22.68648]]}},{"type":"Feature","properties":{"level":991},"geometry":{"type":"LineString","coordinates":[[90.68543,22.68848],[90.69441,22.67981]]}},{"type":"Feature","properties":{"level":991},"geometry":{"type":"LineString","coordinates":[[90.49262,22.69303],[90.48543,22.67888],[90.47827,22.67357],[90.47268,22.6538]]}},{"type":"Feature","properties":{"level":991},"geometry":{"type":"LineString","coordinates":[[90.49103,22.68733],[90.50204,22.69594],[90.50532,22.68552]]}},{"type":"Feature","properties":{"level":991},"geometry":{"type":"LineString","coordinates":[[90.50093,22.69814],[90.49262,22.69303]]}},{"type":"Feature","properties":{"level":991},"geometry":{"type":"LineString","coordinates":[[90.51947,22.68649],[90.51885,22.69381],[90.52213,22.69927]]}},{"type":"Feature","properties":{"level":991},"geometry":{"type":"LineString","coordinates":[[90.56024,22.69918],[90.56529,22.69977],[90.56817,22.6968],[90.56687,22.68925],[90.5716,22.66753],[90.56802,22.6513],[90.56326,22.64711],[90.55863,22.64845],[90.56619,22.65709],[90.56356,22.65727],[90.55631,22.64858],[90.54938,22.64729],[90.55282,22.66843],[90.55233,22.6594],[90.54618,22.64981],[90.54137,22.67133],[90.53411,22.67626],[90.54083,22.66655],[90.53875,22.64676],[90.53626,22.64247],[90.5262,22.64251]]}},{"type":"Feature","properties":{"level":991},"geometry":{"type":"LineString","coordinates":[[90.52213,22.69927],[90.53054,22.70568],[90.54708,22.69922],[90.56024,22.69918]]}},{"type":"Feature","properties":{"level":991},"geometry":{"type":"LineString","coordinates":[[90.53342,22.6265],[90.5486,22.63956],[90.56934,22.6467],[90.57745,22.65866],[90.58021,22.65277],[90.56859,22.70286],[90.57212,22.71367],[90.56798,22.70437],[90.56352,22.70571]]}},{"type":"Feature","properties":{"level":991},"geometry":{"type":"LineString","coordinates":[[90.51776,22.71118],[90.51312,22.71705]]}},{"type":"Feature","properties":{"level":991},"geometry":{"type":"LineString","coordinates":[[90.51312,22.71705],[90.51246,22.71727]]}},{"type":"Feature","properties":{"level":991},"geometry":{"type":"LineString","coordinates":[[90.51246,22.71727],[90.50859,22.71903]]}},{"type":"Feature","properties":{"level":991},"geometry":{"type":"LineString","coordinates":[[90.53325,22.7185],[90.53754,22.70874],[90.52672,22.7082],[90.52751,22.72001]]}},{"type":"Feature","properties":{"level":991},"geometry":{"type":"LineString","coordinates":[[90.52469,22.72196],[90.52328,22.71199],[90.51776,22.71118]]}},{"type":"Feature","properties":{"level":991},"geometry":{"type":"LineString","coordinates":[[90.83661,22.68681],[90.82413,22.70098],[90.8116,22.72321]]}},{"type":"Feature","properties":{"level":991},"geometry":{"type":"LineString","coordinates":[[90.52751,22.72001],[90.52962,22.72545],[90.53325,22.7185]]}},{"type":"Feature","properties":{"level":991},"geometry":{"type":"LineString","coordinates":[[90.67074,22.72745],[90.67768,22.71687],[90.68058,22.69827],[90.68543,22.68848]]}},{"type":"Feature","properties":{"level":991},"geometry":{"type":"LineString","coordinates":[[91.54446,22.67306],[91.52418,22.69044],[91.51094,22.69486],[91.49553,22.7038],[91.48403,22.7156],[91.48023,22.71484],[91.47252,22.72724],[91.47367,22.73102]]}},{"type":"Feature","properties":{"level":991},"geometry":{"type":"LineString","coordinates":[[91.33841,22.73205],[91.36043,22.72536],[91.3779,22.71367],[91.38459,22.7064],[91.38014,22.69938],[91.38609,22.70256],[91.39367,22.69998],[91.41038,22.67833],[91.39497,22.63165],[91.38875,22.62736],[91.37979,22.6271],[91.3576,22.63737],[91.32825,22.64135],[91.31818,22.64989]]}},{"type":"Feature","properties":{"level":991},"geometry":{"type":"LineString","coordinates":[[91.31818,22.64989],[91.30367,22.66167],[91.29599,22.67296],[91.28652,22.69969],[91.28778,22.71043],[91.29286,22.7172],[91.30821,22.72663],[91.33841,22.73205]]}},{"type":"Feature","properties":{"level":991},"geometry":{"type":"LineString","coordinates":[[91.28455,22.73306],[91.27156,22.70805],[91.26123,22.70336],[91.258,22.69715],[91.22657,22.72062],[91.22868,22.71436],[91.21085,22.71292],[91.20679,22.72579],[91.1931,22.73292],[91.20322,22.72374],[91.21144,22.70453],[91.22468,22.70758],[91.23315,22.70472],[91.24671,22.69128],[91.24833,22.68016],[91.25894,22.6856],[91.26379,22.68362],[91.28214,22.64295]]}},{"type":"Feature","properties":{"level":991},"geometry":{"type":"LineString","coordinates":[[90.47829,22.73704],[90.49218,22.72525],[90.50346,22.71002],[90.5046,22.70313],[90.50093,22.69814]]}},{"type":"Feature","properties":{"level":991},"geometry":{"type":"LineString","coordinates":[[90.69563,22.72331],[90.70205,22.74301]]}},{"type":"Feature","properties":{"level":991},"geometry":{"type":"LineString","coordinates":[[90.66258,22.74616],[90.67074,22.72745]]}},{"type":"Feature","properties":{"level":991},"geometry":{"type":"LineString","coordinates":[[90.70205,22.74301],[90.70283,22.74651]]}},{"type":"Feature","properties":{"level":991},"geometry":{"type":"LineString","coordinates":[[90.70871,22.75101],[90.72772,22.72883],[90.72539,22.72537],[90.71613,22.72798],[90.72779,22.71733],[90.72765,22.70377],[90.72302,22.69442],[90.72103,22.67923],[90.69563,22.72331]]}},{"type":"Feature","properties":{"level":991},"geometry":{"type":"LineString","coordinates":[[90.8116,22.72321],[90.79387,22.75143]]}},{"type":"Feature","properties":{"level":991},"geometry":{"type":"LineString","coordinates":[[91.32364,22.75207],[91.29891,22.74516],[91.28455,22.73306]]}},{"type":"Feature","properties":{"level":991},"geometry":{"type":"LineString","coordinates":[[90.691,22.75133],[90.68979,22.7493],[90.68898,22.75269]]}},{"type":"Feature","properties":{"level":991},"geometry":{"type":"LineString","coordinates":[[90.70283,22.74651],[90.70533,22.75234],[90.70871,22.75101]]}},{"type":"Feature","properties":{"level":991},"geometry":{"type":"LineString","coordinates":[[90.68898,22.75269],[90.69073,22.75545],[90.691,22.75133]]}},{"type":"Feature","properties":{"level":991},"geometry":{"type":"LineString","coordinates":[[90.44621,22.75634],[90.4598,22.75188],[90.47829,22.73704]]}},{"type":"Feature","properties":{"level":991},"geometry":{"type":"LineString","coordinates":[[90.68454,22.75618],[90.68165,22.75632],[90.68356,22.75291],[90.67896,22.75581]]}},{"type":"Feature","properties":{"level":991},"geometry":{"type":"LineString","coordinates":[[90.48033,22.75878],[90.48029,22.75084],[90.48832,22.74637],[90.49123,22.73881],[90.47415,22.75421]]}},{"type":"Feature","properties":{"level":991},"geometry":{"type":"LineString","coordinates":[[91.47367,22.73102],[91.4695,22.73344],[91.47016,22.73716],[91.46253,22.74691],[91.46429,22.75908],[91.45873,22.75232],[91.45436,22.75689]]}},{"type":"Feature","properties":{"level":991},"geometry":{"type":"LineString","coordinates":[[90.67896,22.75581],[90.67761,22.76058],[90.6833,22.76444],[90.68773,22.76078],[90.68454,22.75618]]}},{"type":"Feature","properties":{"level":991},"geometry":{"type":"LineString","coordinates":[[91.42412,22.75739],[91.42205,22.74863],[91.41361,22.75136],[91.4091,22.75628],[91.40719,22.7654]]}},{"type":"Feature","properties":{"level":991},"geometry":{"type":"LineString","coordinates":[[90.48385,22.7669],[90.48033,22.75878]]}},{"type":"Feature","properties":{"level":991},"geometry":{"type":"LineString","coordinates":[[90.45247,22.76696],[90.45799,22.75555],[90.44856,22.75821]]}},{"type":"Feature","properties":{"level":991},"geometry":{"type":"LineString","coordinates":[[90.44856,22.75821],[90.44157,22.76276],[90.45247,22.76696]]}},{"type":"Feature","properties":{"level":991},"geometry":{"type":"LineString","coordinates":[[90.56352,22.70571],[90.5608,22.72171],[90.56474,22.73919],[90.55963,22.72028],[90.5612,22.70622],[90.54866,22.70303],[90.54346,22.72475],[90.54592,22.73453],[90.5436,22.73412],[90.54279,22.74034],[90.54652,22.75461],[90.55989,22.76877]]}},{"type":"Feature","properties":{"level":991},"geometry":{"type":"LineString","coordinates":[[90.56027,22.76989],[90.54595,22.75706],[90.53925,22.74256],[90.54135,22.73491],[90.53533,22.73508]]}},{"type":"Feature","properties":{"level":991},"geometry":{"type":"LineString","coordinates":[[90.53533,22.73508],[90.53071,22.73846],[90.52874,22.74854],[90.53651,22.75726],[90.52988,22.75045],[90.52807,22.75439],[90.53411,22.76995]]}},{"type":"Feature","properties":{"level":991},"geometry":{"type":"LineString","coordinates":[[90.55989,22.76877],[90.56314,22.77092],[90.56027,22.76989]]}},{"type":"Feature","properties":{"level":991},"geometry":{"type":"LineString","coordinates":[[90.53382,22.77107],[90.52909,22.76519],[90.53314,22.77326]]}},{"type":"Feature","properties":{"level":991},"geometry":{"type":"LineString","coordinates":[[90.53411,22.76995],[90.53906,22.77604],[90.53382,22.77107]]}},{"type":"Feature","properties":{"level":991},"geometry":{"type":"LineString","coordinates":[[91.45436,22.75689],[91.45031,22.77772]]}},{"type":"Feature","properties":{"level":991},"geometry":{"type":"LineString","coordinates":[[90.68736,22.77852],[90.68385,22.77215],[90.67645,22.77319],[90.68292,22.77944],[90.68736,22.77852]]}},{"type":"Feature","properties":{"level":991},"geometry":{"type":"LineString","coordinates":[[90.50859,22.71903],[90.49774,22.73124],[90.49275,22.7477],[90.48494,22.7537],[90.49871,22.76986],[90.50245,22.78027]]}},{"type":"Feature","properties":{"level":991},"geometry":{"type":"LineString","coordinates":[[90.45314,22.78163],[90.45198,22.7786],[90.44977,22.78167]]}},{"type":"Feature","properties":{"level":991},"geometry":{"type":"LineString","coordinates":[[90.43043,22.78173],[90.43712,22.76673],[90.43101,22.76001],[90.44621,22.75634]]}},{"type":"Feature","properties":{"level":991},"geometry":{"type":"LineString","coordinates":[[90.43372,22.78103],[90.43043,22.78173]]}},{"type":"Feature","properties":{"level":991},"geometry":{"type":"LineString","coordinates":[[90.47415,22.75421],[90.45393,22.77444],[90.45485,22.78173]]}},{"type":"Feature","properties":{"level":991},"geometry":{"type":"LineString","coordinates":[[90.50245,22.78027],[90.50256,22.78296]]}},{"type":"Feature","properties":{"level":991},"geometry":{"type":"LineString","coordinates":[[90.52787,22.78302],[90.52108,22.75564],[90.52469,22.72196]]}},{"type":"Feature","properties":{"level":991},"geometry":{"type":"LineString","coordinates":[[90.44077,22.78377],[90.44831,22.77546],[90.44793,22.76886],[90.44462,22.766],[90.43993,22.7665],[90.43372,22.78103]]}},{"type":"Feature","properties":{"level":991},"geometry":{"type":"LineString","coordinates":[[91.37947,22.77936],[91.37395,22.78096],[91.37704,22.78451]]}},{"type":"Feature","properties":{"level":991},"geometry":{"type":"LineString","coordinates":[[91.45031,22.77772],[91.44733,22.78452]]}},{"type":"Feature","properties":{"level":991},"geometry":{"type":"LineString","coordinates":[[91.37704,22.78451],[91.38818,22.78198],[91.3947,22.77662],[91.37947,22.77936]]}},{"type":"Feature","properties":{"level":991},"geometry":{"type":"LineString","coordinates":[[90.44977,22.78167],[90.44727,22.78582]]}},{"type":"Feature","properties":{"level":991},"geometry":{"type":"LineString","coordinates":[[91.40719,22.7654],[91.39263,22.78194],[91.37682,22.78533]]}},{"type":"Feature","properties":{"level":991},"geometry":{"type":"LineString","coordinates":[[90.45485,22.78173],[90.45428,22.78717],[90.45314,22.78163]]}},{"type":"Feature","properties":{"level":991},"geometry":{"type":"LineString","coordinates":[[90.44632,22.78736],[90.44077,22.78377]]}},{"type":"Feature","properties":{"level":991},"geometry":{"type":"LineString","coordinates":[[90.44727,22.78582],[90.44632,22.78736]]}},{"type":"Feature","properties":{"level":991},"geometry":{"type":"LineString","coordinates":[[90.52837,22.78817],[90.52787,22.78302]]}},{"type":"Feature","properties":{"level":991},"geometry":{"type":"LineString","coordinates":[[91.37682,22.78533],[91.36521,22.77745],[91.34453,22.78905]]}},{"type":"Feature","properties":{"level":991},"geometry":{"type":"LineString","coordinates":[[90.64567,22.7914],[90.65771,22.7802],[90.66258,22.74616]]}},{"type":"Feature","properties":{"level":991},"geometry":{"type":"LineString","coordinates":[[90.52523,22.7916],[90.52837,22.78817]]}},{"type":"Feature","properties":{"level":991},"geometry":{"type":"LineString","coordinates":[[90.53314,22.77326],[90.54127,22.78303],[90.5592,22.794]]}},{"type":"Feature","properties":{"level":991},"geometry":{"type":"LineString","coordinates":[[90.6648,22.79573],[90.65792,22.79502],[90.66071,22.79562]]}},{"type":"Feature","properties":{"level":991},"geometry":{"type":"LineString","coordinates":[[90.67099,22.79546],[90.66684,22.79575]]}},{"type":"Feature","properties":{"level":991},"geometry":{"type":"LineString","coordinates":[[90.66684,22.79575],[90.6648,22.79573]]}},{"type":"Feature","properties":{"level":991},"geometry":{"type":"LineString","coordinates":[[90.47221,22.79703],[90.47358,22.797]]}},{"type":"Feature","properties":{"level":991},"geometry":{"type":"LineString","coordinates":[[91.32814,22.79751],[91.3312,22.78534],[91.34539,22.78177],[91.36386,22.76993],[91.38453,22.76517],[91.38541,22.76],[91.38328,22.75564],[91.36855,22.75154],[91.32364,22.75207]]}},{"type":"Feature","properties":{"level":991},"geometry":{"type":"LineString","coordinates":[[90.66071,22.79562],[90.67407,22.79763],[90.67099,22.79546]]}},{"type":"Feature","properties":{"level":991},"geometry":{"type":"LineString","coordinates":[[90.47629,22.79768],[90.4928,22.78981],[90.49649,22.78215],[90.49445,22.77475],[90.49363,22.77767],[90.49157,22.77614],[90.49082,22.76922],[90.48385,22.7669]]}},{"type":"Feature","properties":{"level":991},"geometry":{"type":"LineString","coordinates":[[90.47358,22.797],[90.47629,22.79768]]}},{"type":"Feature","properties":{"level":991},"geometry":{"type":"LineString","coordinates":[[90.50256,22.78296],[90.50168,22.79217],[90.51022,22.7991]]}},{"type":"Feature","properties":{"level":991},"geometry":{"type":"LineString","coordinates":[[90.49665,22.79897],[90.49665,22.79897]]}},{"type":"Feature","properties":{"level":991},"geometry":{"type":"LineString","coordinates":[[90.52838,22.79966],[90.52562,22.80019]]}},{"type":"Feature","properties":{"level":991},"geometry":{"type":"LineString","coordinates":[[90.46203,22.80117],[90.47221,22.79703]]}},{"type":"Feature","properties":{"level":991},"geometry":{"type":"LineString","coordinates":[[90.51022,22.7991],[90.51888,22.80044],[90.52523,22.7916]]}},{"type":"Feature","properties":{"level":991},"geometry":{"type":"LineString","coordinates":[[90.5592,22.794],[90.58217,22.80338]]}},{"type":"Feature","properties":{"level":991},"geometry":{"type":"LineString","coordinates":[[90.45399,22.80447],[90.46203,22.80117]]}},{"type":"Feature","properties":{"level":991},"geometry":{"type":"LineString","coordinates":[[90.52562,22.80019],[90.50856,22.80476]]}},{"type":"Feature","properties":{"level":991},"geometry":{"type":"LineString","coordinates":[[90.4491,22.80601],[90.45399,22.80447]]}},{"type":"Feature","properties":{"level":991},"geometry":{"type":"LineString","coordinates":[[90.56309,22.80686],[90.54065,22.79442],[90.52838,22.79966]]}},{"type":"Feature","properties":{"level":991},"geometry":{"type":"LineString","coordinates":[[90.58217,22.80338],[90.60108,22.80819],[90.62375,22.80364],[90.64567,22.7914]]}},{"type":"Feature","properties":{"level":991},"geometry":{"type":"LineString","coordinates":[[91.40532,22.80842],[91.41344,22.79846],[91.42348,22.79687],[91.41959,22.78744],[91.43029,22.77903],[91.43016,22.76656],[91.42412,22.75739]]}},{"type":"Feature","properties":{"level":991},"geometry":{"type":"LineString","coordinates":[[90.79387,22.75143],[90.7787,22.78453],[90.78264,22.80847]]}},{"type":"Feature","properties":{"level":991},"geometry":{"type":"LineString","coordinates":[[90.44089,22.80894],[90.43773,22.79439],[90.44333,22.7944],[90.4429,22.8064],[90.4491,22.80601]]}},{"type":"Feature","properties":{"level":991},"geometry":{"type":"LineString","coordinates":[[90.6761,22.80757],[90.67458,22.80352],[90.65935,22.79847],[90.6479,22.80028],[90.64379,22.80517],[90.66902,22.81047],[90.6761,22.80757]]}},{"type":"Feature","properties":{"level":991},"geometry":{"type":"LineString","coordinates":[[90.49983,22.81038],[90.50163,22.81052]]}},{"type":"Feature","properties":{"level":991},"geometry":{"type":"LineString","coordinates":[[90.50856,22.80476],[90.49562,22.80198],[90.49429,22.807],[90.49931,22.81112]]}},{"type":"Feature","properties":{"level":991},"geometry":{"type":"LineString","coordinates":[[90.49018,22.81119],[90.49406,22.7994],[90.4891,22.79616],[90.48566,22.79933],[90.48595,22.81064]]}},{"type":"Feature","properties":{"level":991},"geometry":{"type":"LineString","coordinates":[[90.49931,22.81112],[90.49983,22.81038]]}},{"type":"Feature","properties":{"level":991},"geometry":{"type":"LineString","coordinates":[[90.49868,22.81173],[90.4927,22.80809],[90.49129,22.81138]]}},{"type":"Feature","properties":{"level":991},"geometry":{"type":"LineString","coordinates":[[90.50163,22.81052],[90.50412,22.81183]]}},{"type":"Feature","properties":{"level":991},"geometry":{"type":"LineString","coordinates":[[90.78264,22.80847],[90.7833,22.81313]]}},{"type":"Feature","properties":{"level":991},"geometry":{"type":"LineString","coordinates":[[90.50279,22.81323],[90.49868,22.81173]]}},{"type":"Feature","properties":{"level":991},"geometry":{"type":"LineString","coordinates":[[90.59325,22.81339],[90.56309,22.80686]]}},{"type":"Feature","properties":{"level":991},"geometry":{"type":"LineString","coordinates":[[91.40708,22.81344],[91.40532,22.80842]]}},{"type":"Feature","properties":{"level":991},"geometry":{"type":"LineString","coordinates":[[90.60245,22.81383],[90.59325,22.81339]]}},{"type":"Feature","properties":{"level":991},"geometry":{"type":"LineString","coordinates":[[90.50412,22.81183],[90.50725,22.81448]]}},{"type":"Feature","properties":{"level":991},"geometry":{"type":"LineString","coordinates":[[90.5062,22.81573],[90.50279,22.81323]]}},{"type":"Feature","properties":{"level":991},"geometry":{"type":"LineString","coordinates":[[91.3311,22.8175],[91.32814,22.79751]]}},{"type":"Feature","properties":{"level":991},"geometry":{"type":"LineString","coordinates":[[91.34453,22.78905],[91.33247,22.79737],[91.33539,22.81889]]}},{"type":"Feature","properties":{"level":991},"geometry":{"type":"LineString","coordinates":[[90.49129,22.81138],[90.49436,22.81934]]}},{"type":"Feature","properties":{"level":991},"geometry":{"type":"LineString","coordinates":[[90.49417,22.81991],[90.49018,22.81119]]}},{"type":"Feature","properties":{"level":991},"geometry":{"type":"LineString","coordinates":[[91.332,22.82066],[91.3311,22.8175]]}},{"type":"Feature","properties":{"level":991},"geometry":{"type":"LineString","coordinates":[[90.50518,22.82103],[90.5062,22.81573]]}},{"type":"Feature","properties":{"level":991},"geometry":{"type":"LineString","coordinates":[[91.33539,22.81889],[91.33599,22.82124]]}},{"type":"Feature","properties":{"level":991},"geometry":{"type":"LineString","coordinates":[[90.49436,22.81934],[90.50518,22.82103]]}},{"type":"Feature","properties":{"level":991},"geometry":{"type":"LineString","coordinates":[[90.47367,22.81457],[90.46766,22.81092],[90.47194,22.81101],[90.47204,22.80866],[90.46604,22.8028],[90.4606,22.81056],[90.45215,22.81527],[90.45226,22.82137]]}},{"type":"Feature","properties":{"level":991},"geometry":{"type":"LineString","coordinates":[[90.50725,22.81448],[90.50864,22.82238],[90.5024,22.827],[90.50555,22.82305],[90.50245,22.82393]]}},{"type":"Feature","properties":{"level":991},"geometry":{"type":"LineString","coordinates":[[90.48595,22.81064],[90.48697,22.83149]]}},{"type":"Feature","properties":{"level":991},"geometry":{"type":"LineString","coordinates":[[90.48697,22.83149],[90.48739,22.83523]]}},{"type":"Feature","properties":{"level":991},"geometry":{"type":"LineString","coordinates":[[90.77036,22.80937],[90.752,22.83227],[90.76136,22.83616],[90.77383,22.82941],[90.77036,22.80937]]}},{"type":"Feature","properties":{"level":991},"geometry":{"type":"LineString","coordinates":[[90.47636,22.83719],[90.47367,22.81457]]}},{"type":"Feature","properties":{"level":991},"geometry":{"type":"LineString","coordinates":[[90.50245,22.82393],[90.49767,22.82755],[90.49779,22.83777]]}},{"type":"Feature","properties":{"level":991},"geometry":{"type":"LineString","coordinates":[[90.49677,22.83898],[90.49628,22.8278],[90.50068,22.82247],[90.49417,22.81991]]}},{"type":"Feature","properties":{"level":991},"geometry":{"type":"LineString","coordinates":[[90.49779,22.83777],[90.49677,22.83898]]}},{"type":"Feature","properties":{"level":991},"geometry":{"type":"LineString","coordinates":[[90.48739,22.83523],[90.48807,22.83951]]}},{"type":"Feature","properties":{"level":991},"geometry":{"type":"LineString","coordinates":[[90.48807,22.83951],[90.48819,22.84023]]}},{"type":"Feature","properties":{"level":991},"geometry":{"type":"LineString","coordinates":[[90.45226,22.82137],[90.45354,22.84123]]}},{"type":"Feature","properties":{"level":991},"geometry":{"type":"LineString","coordinates":[[90.45354,22.84123],[90.45391,22.84339]]}},{"type":"Feature","properties":{"level":991},"geometry":{"type":"LineString","coordinates":[[90.45007,22.84437],[90.44469,22.81409],[90.44089,22.80894]]}},{"type":"Feature","properties":{"level":991},"geometry":{"type":"LineString","coordinates":[[90.65634,22.84481],[90.67475,22.82202],[90.67609,22.81627],[90.67083,22.81109],[90.64513,22.80684],[90.60245,22.81383]]}},{"type":"Feature","properties":{"level":991},"geometry":{"type":"LineString","coordinates":[[91.33599,22.82124],[91.33916,22.84083],[91.33677,22.84485]]}},{"type":"Feature","properties":{"level":991},"geometry":{"type":"LineString","coordinates":[[91.33677,22.84485],[91.33101,22.84506]]}},{"type":"Feature","properties":{"level":991},"geometry":{"type":"LineString","coordinates":[[91.33101,22.84506],[91.3227,22.84219],[91.32977,22.84708]]}},{"type":"Feature","properties":{"level":991},"geometry":{"type":"LineString","coordinates":[[90.65142,22.8481],[90.65634,22.84481]]}},{"type":"Feature","properties":{"level":991},"geometry":{"type":"LineString","coordinates":[[91.32892,22.84831],[91.31856,22.84201],[91.32139,22.83911],[91.33625,22.84028],[91.332,22.82066]]}},{"type":"Feature","properties":{"level":991},"geometry":{"type":"LineString","coordinates":[[91.44733,22.78452],[91.42202,22.80548],[91.4173,22.81284],[91.42613,22.81756],[91.43144,22.83773],[91.4383,22.8348],[91.44187,22.82662],[91.44895,22.82603],[91.45995,22.84565],[91.46554,22.84832]]}},{"type":"Feature","properties":{"level":991},"geometry":{"type":"LineString","coordinates":[[91.32977,22.84708],[91.3322,22.84906],[91.32931,22.85346],[91.32892,22.84831]]}},{"type":"Feature","properties":{"level":991},"geometry":{"type":"LineString","coordinates":[[91.46433,22.85367],[91.45624,22.84547],[91.44936,22.82789],[91.44222,22.82896],[91.4412,22.83521],[91.43537,22.83942],[91.42833,22.83948],[91.42364,22.83486],[91.42314,22.8244],[91.40708,22.81344]]}},{"type":"Feature","properties":{"level":991},"geometry":{"type":"LineString","coordinates":[[91.46533,22.85488],[91.46433,22.85367]]}},{"type":"Feature","properties":{"level":991},"geometry":{"type":"LineString","coordinates":[[91.46554,22.84832],[91.4711,22.8611],[91.46794,22.86228],[91.46533,22.85488]]}},{"type":"Feature","properties":{"level":991},"geometry":{"type":"LineString","coordinates":[[90.70087,22.86539],[90.69923,22.86822],[90.70087,22.86539]]}},{"type":"Feature","properties":{"level":991},"geometry":{"type":"LineString","coordinates":[[90.48819,22.84023],[90.49091,22.84869],[90.50144,22.85557],[90.51616,22.87197]]}},{"type":"Feature","properties":{"level":991},"geometry":{"type":"LineString","coordinates":[[90.51495,22.87263],[90.48621,22.84531],[90.48242,22.85407],[90.50227,22.87255]]}},{"type":"Feature","properties":{"level":991},"geometry":{"type":"LineString","coordinates":[[90.75565,22.86983],[90.76116,22.85148],[90.77671,22.8288],[90.76086,22.83754],[90.75072,22.83478],[90.74789,22.83945],[90.73743,22.8602],[90.74347,22.86983],[90.75387,22.87319],[90.75565,22.86983]]}},{"type":"Feature","properties":{"level":991},"geometry":{"type":"LineString","coordinates":[[90.50227,22.87255],[90.5034,22.87336]]}},{"type":"Feature","properties":{"level":991},"geometry":{"type":"LineString","coordinates":[[90.60756,22.87382],[90.62135,22.8708],[90.65142,22.8481]]}},{"type":"Feature","properties":{"level":991},"geometry":{"type":"LineString","coordinates":[[90.5034,22.87336],[90.50389,22.87371]]}},{"type":"Feature","properties":{"level":991},"geometry":{"type":"LineString","coordinates":[[90.60456,22.87458],[90.60756,22.87382]]}},{"type":"Feature","properties":{"level":991},"geometry":{"type":"LineString","coordinates":[[90.59859,22.87545],[90.60456,22.87458]]}},{"type":"Feature","properties":{"level":991},"geometry":{"type":"LineString","coordinates":[[90.59739,22.87558],[90.59859,22.87545]]}},{"type":"Feature","properties":{"level":991},"geometry":{"type":"LineString","coordinates":[[90.59362,22.87581],[90.59739,22.87558]]}},{"type":"Feature","properties":{"level":991},"geometry":{"type":"LineString","coordinates":[[90.59286,22.87585],[90.59362,22.87581]]}},{"type":"Feature","properties":{"level":991},"geometry":{"type":"LineString","coordinates":[[90.72474,22.87341],[90.72185,22.87285],[90.71857,22.87841],[90.72474,22.87341]]}},{"type":"Feature","properties":{"level":991},"geometry":{"type":"LineString","coordinates":[[90.49156,22.87937],[90.48228,22.87713],[90.48263,22.87288],[90.47533,22.8654],[90.47636,22.83719]]}},{"type":"Feature","properties":{"level":991},"geometry":{"type":"LineString","coordinates":[[90.49178,22.87945],[90.49156,22.87937]]}},{"type":"Feature","properties":{"level":991},"geometry":{"type":"LineString","coordinates":[[90.45391,22.84339],[90.4548,22.86522],[90.44764,22.87688],[90.44488,22.8785],[90.4459,22.87521],[90.43979,22.88156],[90.4534,22.86441],[90.45007,22.84437]]}},{"type":"Feature","properties":{"level":991},"geometry":{"type":"LineString","coordinates":[[90.50389,22.87371],[90.52347,22.88215],[90.51495,22.87263]]}},{"type":"Feature","properties":{"level":991},"geometry":{"type":"LineString","coordinates":[[90.74941,22.87219],[90.74276,22.87085],[90.73642,22.86297],[90.73286,22.8735],[90.73974,22.88691],[90.75268,22.8747],[90.74941,22.87219]]}},{"type":"Feature","properties":{"level":991},"geometry":{"type":"LineString","coordinates":[[90.54475,22.88916],[90.57307,22.8781],[90.59286,22.87585]]}},{"type":"Feature","properties":{"level":991},"geometry":{"type":"LineString","coordinates":[[90.51616,22.87197],[90.53279,22.88871],[90.54475,22.88916]]}},{"type":"Feature","properties":{"level":991},"geometry":{"type":"LineString","coordinates":[[90.71193,22.89436],[90.71453,22.88579],[90.71083,22.89366]]}},{"type":"Feature","properties":{"level":991},"geometry":{"type":"LineString","coordinates":[[90.71083,22.89366],[90.71193,22.89436]]}},{"type":"Feature","properties":{"level":991},"geometry":{"type":"LineString","coordinates":[[90.6065,22.88849],[90.59969,22.88589],[90.60194,22.89676],[90.6065,22.88849]]}},{"type":"Feature","properties":{"level":991},"geometry":{"type":"LineString","coordinates":[[90.6904,22.90242],[90.69741,22.90019],[90.69159,22.89953]]}},{"type":"Feature","properties":{"level":991},"geometry":{"type":"LineString","coordinates":[[90.69159,22.89953],[90.68397,22.89523],[90.68459,22.9032]]}},{"type":"Feature","properties":{"level":991},"geometry":{"type":"LineString","coordinates":[[90.72492,22.90346],[90.73615,22.89037],[90.72915,22.88167],[90.72146,22.8912],[90.72798,22.8797],[90.72137,22.88009],[90.71379,22.89552]]}},{"type":"Feature","properties":{"level":991},"geometry":{"type":"LineString","coordinates":[[90.68914,22.90375],[90.6904,22.90242]]}},{"type":"Feature","properties":{"level":991},"geometry":{"type":"LineString","coordinates":[[90.7277,22.90563],[90.73388,22.89493],[90.72582,22.9042]]}},{"type":"Feature","properties":{"level":991},"geometry":{"type":"LineString","coordinates":[[90.68459,22.9032],[90.68712,22.90616],[90.68914,22.90375]]}},{"type":"Feature","properties":{"level":991},"geometry":{"type":"LineString","coordinates":[[90.7833,22.81313],[90.78263,22.83169],[90.77881,22.8405],[90.77139,22.84962],[90.76819,22.84959],[90.76106,22.87008],[90.73233,22.90675]]}},{"type":"Feature","properties":{"level":991},"geometry":{"type":"LineString","coordinates":[[90.72582,22.9042],[90.72379,22.90913],[90.7277,22.90563]]}},{"type":"Feature","properties":{"level":991},"geometry":{"type":"LineString","coordinates":[[90.59721,22.91044],[90.60123,22.90041],[90.59691,22.88357],[90.56996,22.887],[90.57218,22.8895],[90.56772,22.88935],[90.56452,22.89397],[90.56862,22.89882],[90.56035,22.89516],[90.57521,22.90692],[90.58557,22.90851]]}},{"type":"Feature","properties":{"level":991},"geometry":{"type":"LineString","coordinates":[[90.58557,22.90851],[90.59406,22.91196],[90.59721,22.91044]]}},{"type":"Feature","properties":{"level":991},"geometry":{"type":"LineString","coordinates":[[90.54813,22.89679],[90.53915,22.8972],[90.53959,22.91365]]}},{"type":"Feature","properties":{"level":991},"geometry":{"type":"LineString","coordinates":[[90.72502,22.91298],[90.72267,22.91076],[90.72013,22.91538]]}},{"type":"Feature","properties":{"level":991},"geometry":{"type":"LineString","coordinates":[[90.71834,22.91633],[90.72492,22.90346]]}},{"type":"Feature","properties":{"level":991},"geometry":{"type":"LineString","coordinates":[[90.5312,22.91778],[90.52916,22.89936],[90.49178,22.87945]]}},{"type":"Feature","properties":{"level":991},"geometry":{"type":"LineString","coordinates":[[90.68742,22.91843],[90.68873,22.91615]]}},{"type":"Feature","properties":{"level":991},"geometry":{"type":"LineString","coordinates":[[90.58562,22.91886],[90.54813,22.89679]]}},{"type":"Feature","properties":{"level":991},"geometry":{"type":"LineString","coordinates":[[90.6478,22.91816],[90.64707,22.9195]]}},{"type":"Feature","properties":{"level":991},"geometry":{"type":"LineString","coordinates":[[90.72013,22.91538],[90.72087,22.92195],[90.72502,22.91298]]}},{"type":"Feature","properties":{"level":991},"geometry":{"type":"LineString","coordinates":[[90.67589,22.92089],[90.67853,22.91175],[90.67448,22.90794],[90.67736,22.91476],[90.67127,22.9157],[90.67113,22.90829],[90.66726,22.91858],[90.67043,22.92254],[90.66646,22.92418],[90.6655,22.92848],[90.67589,22.92089]]}},{"type":"Feature","properties":{"level":991},"geometry":{"type":"LineString","coordinates":[[90.67231,22.92804],[90.66754,22.92854],[90.67231,22.92804]]}},{"type":"Feature","properties":{"level":991},"geometry":{"type":"LineString","coordinates":[[90.64707,22.9195],[90.65071,22.9209],[90.64715,22.92215],[90.65276,22.92978],[90.66032,22.9242],[90.66159,22.90814],[90.65919,22.90246],[90.65384,22.90654],[90.6532,22.91247],[90.64917,22.91149],[90.65484,22.92064],[90.65399,22.92705],[90.6478,22.91816]]}},{"type":"Feature","properties":{"level":991},"geometry":{"type":"LineString","coordinates":[[90.67692,22.93136],[90.68742,22.91843]]}},{"type":"Feature","properties":{"level":991},"geometry":{"type":"LineString","coordinates":[[90.52216,22.9357],[90.5312,22.91778]]}},{"type":"Feature","properties":{"level":991},"geometry":{"type":"LineString","coordinates":[[90.64172,22.93016],[90.63962,22.93237],[90.64201,22.9358],[90.64172,22.93016]]}},{"type":"Feature","properties":{"level":991},"geometry":{"type":"LineString","coordinates":[[90.65822,22.93788],[90.65919,22.93506],[90.65595,22.93708],[90.65593,22.93345],[90.65274,22.93642],[90.65822,22.93788]]}},{"type":"Feature","properties":{"level":991},"geometry":{"type":"LineString","coordinates":[[90.73233,22.90675],[90.71475,22.9402],[90.71372,22.93345],[90.7187,22.92315],[90.71834,22.91633]]}},{"type":"Feature","properties":{"level":991},"geometry":{"type":"LineString","coordinates":[[90.65041,22.93975],[90.64768,22.94024],[90.64996,22.94276],[90.65041,22.93975]]}},{"type":"Feature","properties":{"level":991},"geometry":{"type":"LineString","coordinates":[[90.66635,22.94352],[90.67692,22.93136]]}},{"type":"Feature","properties":{"level":991},"geometry":{"type":"LineString","coordinates":[[90.68873,22.91615],[90.68589,22.91544],[90.68684,22.91137],[90.68348,22.91121],[90.67424,22.93323],[90.67505,22.92761],[90.66315,22.94224],[90.66635,22.94352]]}},{"type":"Feature","properties":{"level":991},"geometry":{"type":"LineString","coordinates":[[90.50782,22.94592],[90.51452,22.944],[90.52216,22.9357]]}},{"type":"Feature","properties":{"level":991},"geometry":{"type":"LineString","coordinates":[[90.49242,22.95215],[90.50782,22.94592]]}},{"type":"Feature","properties":{"level":991},"geometry":{"type":"LineString","coordinates":[[90.49023,22.95363],[90.49242,22.95215]]}},{"type":"Feature","properties":{"level":991},"geometry":{"type":"LineString","coordinates":[[90.67056,22.95788],[90.66585,22.96502],[90.67056,22.95788]]}},{"type":"Feature","properties":{"level":991},"geometry":{"type":"LineString","coordinates":[[90.47794,22.96731],[90.49023,22.95363]]}},{"type":"Feature","properties":{"level":991},"geometry":{"type":"LineString","coordinates":[[90.45483,22.98276],[90.47211,22.97788],[90.47794,22.96731]]}},{"type":"Feature","properties":{"level":991},"geometry":{"type":"LineString","coordinates":[[90.71379,22.89552],[90.70823,22.90208],[90.71168,22.89608],[90.70937,22.89753],[90.66895,22.96457],[90.64934,22.97689],[90.64655,22.98437]]}},{"type":"Feature","properties":{"level":991},"geometry":{"type":"LineString","coordinates":[[90.44602,22.98391],[90.45483,22.98276]]}},{"type":"Feature","properties":{"level":991},"geometry":{"type":"LineString","coordinates":[[90.43653,22.98532],[90.44602,22.98391]]}},{"type":"Feature","properties":{"level":991},"geometry":{"type":"LineString","coordinates":[[90.53959,22.91365],[90.52699,22.94107],[90.51486,22.9554],[90.50188,22.96204],[90.50063,22.95832],[90.49712,22.95823],[90.48175,22.97711],[90.48287,22.98559]]}},{"type":"Feature","properties":{"level":991},"geometry":{"type":"LineString","coordinates":[[90.43995,22.98879],[90.42505,22.98999],[90.41573,22.99584]]}},{"type":"Feature","properties":{"level":991},"geometry":{"type":"LineString","coordinates":[[90.41351,22.99592],[90.41959,22.98988],[90.43653,22.98532]]}},{"type":"Feature","properties":{"level":991},"geometry":{"type":"LineString","coordinates":[[90.53872,22.99922],[90.58693,22.94531],[90.59217,22.92841],[90.58562,22.91886]]}},{"type":"Feature","properties":{"level":991},"geometry":{"type":"LineString","coordinates":[[90.40722,22.99936],[90.41351,22.99592]]}},{"type":"Feature","properties":{"level":991},"geometry":{"type":"LineString","coordinates":[[90.40722,22.99936],[90.40676,23.0005]]}},{"type":"Feature","properties":{"level":991},"geometry":{"type":"LineString","coordinates":[[90.45837,23.00404],[90.46284,22.99416],[90.46731,22.99508],[90.47431,22.99086],[90.47361,22.98273],[90.45814,22.9877],[90.43995,22.98879]]}},{"type":"Feature","properties":{"level":991},"geometry":{"type":"LineString","coordinates":[[90.40902,23.00475],[90.40696,23.0046],[90.40949,23.00114],[90.40676,23.0005]]}},{"type":"Feature","properties":{"level":991},"geometry":{"type":"LineString","coordinates":[[90.41573,22.99584],[90.413,22.99901],[90.41445,23.00202],[90.45174,23.00632]]}},{"type":"Feature","properties":{"level":991},"geometry":{"type":"LineString","coordinates":[[90.45174,23.00632],[90.45837,23.00404]]}},{"type":"Feature","properties":{"level":991},"geometry":{"type":"LineString","coordinates":[[90.41734,23.00719],[90.40902,23.00475]]}},{"type":"Feature","properties":{"level":991},"geometry":{"type":"LineString","coordinates":[[90.48287,22.98559],[90.47571,23.00758]]}},{"type":"Feature","properties":{"level":991},"geometry":{"type":"LineString","coordinates":[[90.56419,22.99941],[90.56803,22.99406],[90.54978,23.00766]]}},{"type":"Feature","properties":{"level":991},"geometry":{"type":"LineString","coordinates":[[90.64655,22.98437],[90.64568,23.00782]]}},{"type":"Feature","properties":{"level":991},"geometry":{"type":"LineString","coordinates":[[90.44714,23.01353],[90.4314,23.01262],[90.41734,23.00719]]}},{"type":"Feature","properties":{"level":991},"geometry":{"type":"LineString","coordinates":[[90.45747,23.0105],[90.45251,23.0119],[90.45913,23.01379],[90.45747,23.0105]]}},{"type":"Feature","properties":{"level":991},"geometry":{"type":"LineString","coordinates":[[90.60174,23.00992],[90.59848,23.007],[90.5976,23.01485]]}},{"type":"Feature","properties":{"level":991},"geometry":{"type":"LineString","coordinates":[[90.5976,23.01485],[90.59629,23.01635]]}},{"type":"Feature","properties":{"level":991},"geometry":{"type":"LineString","coordinates":[[90.47571,23.00758],[90.47771,23.01628],[90.48981,23.02253]]}},{"type":"Feature","properties":{"level":991},"geometry":{"type":"LineString","coordinates":[[90.59629,23.01635],[90.59605,23.00787],[90.59189,23.00086],[90.58959,23.02486]]}},{"type":"Feature","properties":{"level":991},"geometry":{"type":"LineString","coordinates":[[90.51659,23.03018],[90.53872,22.99922]]}},{"type":"Feature","properties":{"level":991},"geometry":{"type":"LineString","coordinates":[[90.48981,23.02253],[90.50858,23.03411]]}},{"type":"Feature","properties":{"level":991},"geometry":{"type":"LineString","coordinates":[[90.50858,23.03411],[90.51659,23.03018]]}},{"type":"Feature","properties":{"level":991},"geometry":{"type":"LineString","coordinates":[[90.61238,23.0168],[90.61103,23.0265],[90.61402,23.03596],[90.6172,23.02992],[90.61238,23.0168]]}},{"type":"Feature","properties":{"level":991},"geometry":{"type":"LineString","coordinates":[[90.58866,23.02543],[90.58803,23.02057],[90.58455,23.02316],[90.58784,23.0188],[90.58736,22.9927],[90.56871,23.03135],[90.56684,23.04353]]}},{"type":"Feature","properties":{"level":991},"geometry":{"type":"LineString","coordinates":[[90.58588,23.04443],[90.58866,23.02543]]}},{"type":"Feature","properties":{"level":991},"geometry":{"type":"LineString","coordinates":[[90.56558,23.04493],[90.56553,23.03517],[90.56102,23.03818],[90.55964,23.04649],[90.55866,23.04434],[90.56545,23.03249],[90.5587,23.03771],[90.56796,23.02518],[90.57534,22.99982],[90.56607,23.00563],[90.56116,23.01643],[90.56183,23.00651],[90.54994,23.01898],[90.56389,23.0038],[90.5644,23.00158],[90.56146,23.00269],[90.56419,22.99941]]}},{"type":"Feature","properties":{"level":991},"geometry":{"type":"LineString","coordinates":[[90.58959,23.02486],[90.59004,23.03096],[90.59574,23.02037],[90.59205,23.03143],[90.59344,23.03919],[90.58944,23.04148],[90.59377,23.0468]]}},{"type":"Feature","properties":{"level":991},"geometry":{"type":"LineString","coordinates":[[90.59492,23.04682],[90.59887,23.03469],[90.60114,23.03642],[90.60839,23.02924],[90.60045,23.01855],[90.60326,23.01458],[90.60174,23.00992]]}},{"type":"Feature","properties":{"level":991},"geometry":{"type":"LineString","coordinates":[[90.59377,23.0468],[90.59492,23.04682]]}},{"type":"Feature","properties":{"level":991},"geometry":{"type":"LineString","coordinates":[[90.59148,23.04762],[90.58947,23.04769]]}},{"type":"Feature","properties":{"level":991},"geometry":{"type":"LineString","coordinates":[[90.5953,23.04769],[90.59148,23.04762]]}},{"type":"Feature","properties":{"level":991},"geometry":{"type":"LineString","coordinates":[[90.49782,23.04876],[90.49637,23.03934],[90.48697,23.03124],[90.46268,23.01908],[90.46003,23.02917],[90.45943,23.01717],[90.44714,23.01353]]}},{"type":"Feature","properties":{"level":991},"geometry":{"type":"LineString","coordinates":[[90.52803,23.05751],[90.52661,23.05149],[90.52565,23.05661],[90.52803,23.05751]]}},{"type":"Feature","properties":{"level":991},"geometry":{"type":"LineString","coordinates":[[90.56684,23.04353],[90.5683,23.05703],[90.57499,23.05928],[90.58041,23.05759],[90.58588,23.04443]]}},{"type":"Feature","properties":{"level":991},"geometry":{"type":"LineString","coordinates":[[90.54978,23.00766],[90.54616,23.01102],[90.54686,23.01895],[90.54156,23.03512],[90.54831,23.05973]]}},{"type":"Feature","properties":{"level":991},"geometry":{"type":"LineString","coordinates":[[90.52417,23.06125],[90.52858,23.0652],[90.52417,23.06125]]}},{"type":"Feature","properties":{"level":991},"geometry":{"type":"LineString","coordinates":[[90.49851,23.06904],[90.49782,23.04876]]}},{"type":"Feature","properties":{"level":991},"geometry":{"type":"LineString","coordinates":[[90.53578,23.07105],[90.53047,23.06671],[90.5324,23.07128]]}},{"type":"Feature","properties":{"level":991},"geometry":{"type":"LineString","coordinates":[[90.52819,23.07156],[90.52242,23.07212]]}},{"type":"Feature","properties":{"level":991},"geometry":{"type":"LineString","coordinates":[[90.64568,23.00782],[90.6454,23.07369]]}},{"type":"Feature","properties":{"level":991},"geometry":{"type":"LineString","coordinates":[[90.5324,23.07128],[90.53536,23.07539],[90.53578,23.07105]]}},{"type":"Feature","properties":{"level":991},"geometry":{"type":"LineString","coordinates":[[90.52554,23.0786],[90.52611,23.07456],[90.5305,23.07402],[90.52819,23.07156]]}},{"type":"Feature","properties":{"level":991},"geometry":{"type":"LineString","coordinates":[[90.52242,23.07212],[90.52499,23.07874]]}},{"type":"Feature","properties":{"level":991},"geometry":{"type":"LineString","coordinates":[[90.61743,23.08227],[90.61969,23.06189],[90.61685,23.0511],[90.61679,23.0597],[90.61298,23.06302],[90.61016,23.03368],[90.60037,23.03887],[90.5953,23.04769]]}},{"type":"Feature","properties":{"level":991},"geometry":{"type":"LineString","coordinates":[[90.52499,23.07874],[90.5279,23.08249],[90.52554,23.0786]]}},{"type":"Feature","properties":{"level":991},"geometry":{"type":"LineString","coordinates":[[90.52241,23.08293],[90.51938,23.07664],[90.51455,23.08512],[90.51548,23.08311],[90.52325,23.08591]]}},{"type":"Feature","properties":{"level":991},"geometry":{"type":"LineString","coordinates":[[90.54831,23.05973],[90.55487,23.07117],[90.56274,23.07496],[90.56254,23.08007],[90.56775,23.0867],[90.57772,23.08657],[90.57851,23.07806],[90.58642,23.06718],[90.58253,23.06296],[90.58236,23.06905],[90.57683,23.07355],[90.58188,23.06881],[90.58159,23.06182],[90.56753,23.05775],[90.56558,23.04493]]}},{"type":"Feature","properties":{"level":991},"geometry":{"type":"LineString","coordinates":[[90.51596,23.10539],[90.50309,23.0885],[90.49851,23.06904]]}},{"type":"Feature","properties":{"level":991},"geometry":{"type":"LineString","coordinates":[[90.52325,23.08591],[90.54054,23.09698],[90.54321,23.09468],[90.55375,23.10568],[90.54252,23.08775],[90.53874,23.08637],[90.54269,23.0931],[90.52241,23.08293]]}},{"type":"Feature","properties":{"level":991},"geometry":{"type":"LineString","coordinates":[[90.59027,23.09599],[90.57845,23.08772],[90.57402,23.09136],[90.58934,23.10861],[90.59027,23.09599]]}},{"type":"Feature","properties":{"level":991},"geometry":{"type":"LineString","coordinates":[[90.58947,23.04769],[90.58384,23.0519],[90.58834,23.07372],[90.57997,23.08656],[90.59877,23.09734],[90.59392,23.11022],[90.59858,23.11125],[90.6006,23.10488],[90.60063,23.10819],[90.60398,23.10736],[90.60884,23.09789],[90.6157,23.09288],[90.6145,23.08747],[90.61743,23.08227]]}},{"type":"Feature","properties":{"level":991},"geometry":{"type":"LineString","coordinates":[[90.6454,23.07369],[90.64323,23.10813],[90.64536,23.11252]]}},{"type":"Feature","properties":{"level":991},"geometry":{"type":"LineString","coordinates":[[90.57892,23.11257],[90.58202,23.11356],[90.58712,23.10876],[90.5739,23.09854],[90.57333,23.11116],[90.57892,23.11257]]}},{"type":"Feature","properties":{"level":991},"geometry":{"type":"LineString","coordinates":[[90.6453,23.11753],[90.64365,23.11721]]}},{"type":"Feature","properties":{"level":991},"geometry":{"type":"LineString","coordinates":[[90.64536,23.11252],[90.649,23.11753]]}},{"type":"Feature","properties":{"level":991},"geometry":{"type":"LineString","coordinates":[[90.64569,23.12353],[90.6453,23.11753]]}},{"type":"Feature","properties":{"level":991},"geometry":{"type":"LineString","coordinates":[[90.649,23.11753],[90.65023,23.12387]]}},{"type":"Feature","properties":{"level":991},"geometry":{"type":"LineString","coordinates":[[90.6468,23.12392],[90.64569,23.12353]]}},{"type":"Feature","properties":{"level":991},"geometry":{"type":"LineString","coordinates":[[90.65023,23.12387],[90.6468,23.12392]]}},{"type":"Feature","properties":{"level":991},"geometry":{"type":"LineString","coordinates":[[90.64365,23.11721],[90.64051,23.12472]]}},{"type":"Feature","properties":{"level":991},"geometry":{"type":"LineString","coordinates":[[90.64611,23.1344],[90.6502,23.12668]]}},{"type":"Feature","properties":{"level":991},"geometry":{"type":"LineString","coordinates":[[90.55628,23.13517],[90.51596,23.10539]]}},{"type":"Feature","properties":{"level":991},"geometry":{"type":"LineString","coordinates":[[90.64487,23.13799],[90.64611,23.1344]]}},{"type":"Feature","properties":{"level":991},"geometry":{"type":"LineString","coordinates":[[90.6502,23.12668],[90.64733,23.14019]]}},{"type":"Feature","properties":{"level":991},"geometry":{"type":"LineString","coordinates":[[90.64051,23.12472],[90.64035,23.14331],[90.64487,23.13799]]}},{"type":"Feature","properties":{"level":991},"geometry":{"type":"LineString","coordinates":[[90.56765,23.14684],[90.55628,23.13517]]}},{"type":"Feature","properties":{"level":991},"geometry":{"type":"LineString","coordinates":[[90.57172,23.15242],[90.56765,23.14684]]}},{"type":"Feature","properties":{"level":991},"geometry":{"type":"LineString","coordinates":[[90.64124,23.14512],[90.63887,23.15751],[90.64135,23.15683],[90.64124,23.14512]]}},{"type":"Feature","properties":{"level":991},"geometry":{"type":"LineString","coordinates":[[90.64733,23.14019],[90.63899,23.17047]]}},{"type":"Feature","properties":{"level":991},"geometry":{"type":"LineString","coordinates":[[90.63734,23.17454],[90.63933,23.18385],[90.64119,23.18092],[90.63734,23.17454]]}},{"type":"Feature","properties":{"level":991},"geometry":{"type":"LineString","coordinates":[[90.63899,23.17047],[90.64298,23.18437],[90.63765,23.19016]]}},{"type":"Feature","properties":{"level":991},"geometry":{"type":"LineString","coordinates":[[90.60771,23.19206],[90.6027,23.19546],[90.60469,23.20181],[90.60964,23.19868],[90.60771,23.19206]]}},{"type":"Feature","properties":{"level":991},"geometry":{"type":"LineString","coordinates":[[90.60776,23.21353],[90.57172,23.15242]]}},{"type":"Feature","properties":{"level":991},"geometry":{"type":"LineString","coordinates":[[90.60903,23.21554],[90.60776,23.21353]]}},{"type":"Feature","properties":{"level":991},"geometry":{"type":"LineString","coordinates":[[90.63765,23.19016],[90.63882,23.22365]]}},{"type":"Feature","properties":{"level":991},"geometry":{"type":"LineString","coordinates":[[90.60196,23.22488],[90.60218,23.22406]]}},{"type":"Feature","properties":{"level":991},"geometry":{"type":"LineString","coordinates":[[90.60218,23.22406],[90.60439,23.22545],[90.60844,23.22185],[90.60903,23.21554]]}},{"type":"Feature","properties":{"level":991},"geometry":{"type":"LineString","coordinates":[[90.60125,23.22676],[90.60196,23.22488]]}},{"type":"Feature","properties":{"level":991},"geometry":{"type":"LineString","coordinates":[[90.59653,23.23006],[90.60123,23.22929],[90.60125,23.22676]]}},{"type":"Feature","properties":{"level":991},"geometry":{"type":"LineString","coordinates":[[90.59737,23.23146],[90.59653,23.23006]]}},{"type":"Feature","properties":{"level":991},"geometry":{"type":"LineString","coordinates":[[90.5981,23.23247],[90.59737,23.23146]]}},{"type":"Feature","properties":{"level":991},"geometry":{"type":"LineString","coordinates":[[90.63882,23.22365],[90.63712,23.22762],[90.64431,23.22917],[90.639,23.23148],[90.64953,23.23302],[90.65439,23.23749]]}},{"type":"Feature","properties":{"level":991},"geometry":{"type":"LineString","coordinates":[[90.62719,23.24226],[90.62665,23.2481],[90.62719,23.24226]]}},{"type":"Feature","properties":{"level":991},"geometry":{"type":"LineString","coordinates":[[90.5785,23.24946],[90.59338,23.233],[90.5981,23.23247]]}},{"type":"Feature","properties":{"level":991},"geometry":{"type":"LineString","coordinates":[[90.65439,23.23749],[90.6603,23.2453],[90.66364,23.25742]]}},{"type":"Feature","properties":{"level":991},"geometry":{"type":"LineString","coordinates":[[90.66364,23.25742],[90.66385,23.25983]]}},{"type":"Feature","properties":{"level":991},"geometry":{"type":"LineString","coordinates":[[90.66385,23.25983],[90.66425,23.26338]]}},{"type":"Feature","properties":{"level":991},"geometry":{"type":"LineString","coordinates":[[90.63763,23.25528],[90.63604,23.25341],[90.63182,23.25859],[90.62734,23.26884],[90.62938,23.27078]]}},{"type":"Feature","properties":{"level":991},"geometry":{"type":"LineString","coordinates":[[90.62938,23.27078],[90.63763,23.25528]]}},{"type":"Feature","properties":{"level":991},"geometry":{"type":"LineString","coordinates":[[90.61426,23.28184],[90.61907,23.27131],[90.61197,23.27956],[90.61426,23.28184]]}},{"type":"Feature","properties":{"level":991},"geometry":{"type":"LineString","coordinates":[[90.66425,23.26338],[90.66389,23.28262]]}},{"type":"Feature","properties":{"level":991},"geometry":{"type":"LineString","coordinates":[[90.53667,23.28424],[90.54146,23.27855],[90.54086,23.28405],[90.54564,23.28346],[90.56995,23.25694],[90.57102,23.25239],[90.57444,23.25362],[90.5785,23.24946]]}},{"type":"Feature","properties":{"level":991},"geometry":{"type":"LineString","coordinates":[[90.58165,23.29439],[90.58716,23.28912],[90.58389,23.28535],[90.57199,23.29749],[90.5758,23.29427],[90.57655,23.29848],[90.58165,23.29439]]}},{"type":"Feature","properties":{"level":991},"geometry":{"type":"LineString","coordinates":[[90.60821,23.29262],[90.60381,23.28513],[90.61916,23.26514],[90.61485,23.27171],[90.61452,23.2676],[90.58696,23.28415],[90.59029,23.28796],[90.6006,23.28037],[90.60054,23.27669],[90.60426,23.27696],[90.58855,23.29337],[90.59134,23.29684],[90.60583,23.29086],[90.60587,23.29966],[90.60821,23.29262]]}},{"type":"Feature","properties":{"level":991},"geometry":{"type":"LineString","coordinates":[[90.50211,23.30187],[90.52491,23.29438],[90.53667,23.28424]]}},{"type":"Feature","properties":{"level":991},"geometry":{"type":"LineString","coordinates":[[90.59213,23.29851],[90.59647,23.29659],[90.58568,23.30179],[90.59213,23.29851]]}},{"type":"Feature","properties":{"level":991},"geometry":{"type":"LineString","coordinates":[[90.6151,23.30148],[90.62651,23.27902],[90.62419,23.27487],[90.62704,23.26573],[90.62335,23.26818],[90.62721,23.26262],[90.62025,23.26912],[90.62352,23.27158],[90.6222,23.27655],[90.60915,23.29639],[90.61155,23.30566],[90.6151,23.30148]]}},{"type":"Feature","properties":{"level":991},"geometry":{"type":"LineString","coordinates":[[90.59595,23.31021],[90.59036,23.30918],[90.5899,23.31191],[90.59595,23.31021]]}},{"type":"Feature","properties":{"level":991},"geometry":{"type":"LineString","coordinates":[[90.64225,23.30267],[90.63659,23.31497],[90.64327,23.30658],[90.64225,23.30267]]}},{"type":"Feature","properties":{"level":991},"geometry":{"type":"LineString","coordinates":[[90.60214,23.31664],[90.59821,23.31685],[90.60214,23.31664]]}},{"type":"Feature","properties":{"level":991},"geometry":{"type":"LineString","coordinates":[[90.5203,23.31783],[90.51681,23.31814],[90.5203,23.31783]]}},{"type":"Feature","properties":{"level":991},"geometry":{"type":"LineString","coordinates":[[90.63784,23.32037],[90.63758,23.31899]]}},{"type":"Feature","properties":{"level":991},"geometry":{"type":"LineString","coordinates":[[90.50473,23.32151],[90.51409,23.31791],[90.50235,23.32145]]}},{"type":"Feature","properties":{"level":991},"geometry":{"type":"LineString","coordinates":[[90.50481,23.32244],[90.50473,23.32151]]}},{"type":"Feature","properties":{"level":991},"geometry":{"type":"LineString","coordinates":[[90.51592,23.32274],[90.52277,23.32212],[90.51592,23.32274]]}},{"type":"Feature","properties":{"level":991},"geometry":{"type":"LineString","coordinates":[[90.50405,23.32386],[90.50874,23.32318],[90.50481,23.32244]]}},{"type":"Feature","properties":{"level":991},"geometry":{"type":"LineString","coordinates":[[90.50235,23.32145],[90.49975,23.32303],[90.50405,23.32386]]}},{"type":"Feature","properties":{"level":991},"geometry":{"type":"LineString","coordinates":[[90.56978,23.32456],[90.56867,23.32409]]}},{"type":"Feature","properties":{"level":991},"geometry":{"type":"LineString","coordinates":[[90.50479,23.32644],[90.49519,23.32538],[90.49812,23.32232],[90.48996,23.32457],[90.50428,23.31571],[90.50211,23.30187]]}},{"type":"Feature","properties":{"level":991},"geometry":{"type":"LineString","coordinates":[[90.63758,23.31899],[90.6337,23.31543],[90.62637,23.32504],[90.62851,23.32715]]}},{"type":"Feature","properties":{"level":991},"geometry":{"type":"LineString","coordinates":[[90.66389,23.28262],[90.64058,23.32813]]}},{"type":"Feature","properties":{"level":991},"geometry":{"type":"LineString","coordinates":[[90.56527,23.32428],[90.56165,23.32558],[90.56322,23.3283],[90.56643,23.32829],[90.56527,23.32428]]}},{"type":"Feature","properties":{"level":991},"geometry":{"type":"LineString","coordinates":[[90.56867,23.32409],[90.57145,23.32827],[90.58372,23.32947],[90.57811,23.32452],[90.56978,23.32456]]}},{"type":"Feature","properties":{"level":991},"geometry":{"type":"LineString","coordinates":[[90.68141,23.3256],[90.68066,23.32305],[90.67042,23.32059],[90.66016,23.33173]]}},{"type":"Feature","properties":{"level":991},"geometry":{"type":"LineString","coordinates":[[90.62695,23.31991],[90.6222,23.32442],[90.62022,23.33237],[90.62695,23.31991]]}},{"type":"Feature","properties":{"level":991},"geometry":{"type":"LineString","coordinates":[[90.65512,23.33296],[90.66309,23.32287],[90.67058,23.31892],[90.6786,23.3199],[90.6831,23.32588]]}},{"type":"Feature","properties":{"level":991},"geometry":{"type":"LineString","coordinates":[[90.50584,23.33356],[90.50581,23.33272]]}},{"type":"Feature","properties":{"level":991},"geometry":{"type":"LineString","coordinates":[[90.62977,23.33465],[90.63595,23.3301],[90.63784,23.32037]]}},{"type":"Feature","properties":{"level":991},"geometry":{"type":"LineString","coordinates":[[90.50581,23.33272],[90.52777,23.33429],[90.52483,23.32582],[90.5119,23.32861],[90.50833,23.32516],[90.50479,23.32644]]}},{"type":"Feature","properties":{"level":991},"geometry":{"type":"LineString","coordinates":[[90.54206,23.33295],[90.57248,23.33358],[90.55209,23.32815],[90.55897,23.32808],[90.5561,23.32192],[90.54723,23.32391],[90.54869,23.32668],[90.54608,23.32167],[90.54428,23.32431],[90.54116,23.32121],[90.53002,23.32503],[90.53304,23.33443],[90.54206,23.33295]]}},{"type":"Feature","properties":{"level":991},"geometry":{"type":"LineString","coordinates":[[90.62851,23.32715],[90.6249,23.33545],[90.62977,23.33465]]}},{"type":"Feature","properties":{"level":991},"geometry":{"type":"LineString","coordinates":[[90.66852,23.33599],[90.68141,23.3256]]}},{"type":"Feature","properties":{"level":991},"geometry":{"type":"LineString","coordinates":[[90.64058,23.32813],[90.63925,23.33434],[90.64367,23.33696],[90.65512,23.33296]]}},{"type":"Feature","properties":{"level":991},"geometry":{"type":"LineString","coordinates":[[90.59067,23.33595],[90.53479,23.33917],[90.50584,23.33356]]}},{"type":"Feature","properties":{"level":991},"geometry":{"type":"LineString","coordinates":[[90.63267,23.34097],[90.63235,23.33648],[90.62961,23.33693]]}},{"type":"Feature","properties":{"level":991},"geometry":{"type":"LineString","coordinates":[[90.63244,23.34165],[90.63267,23.34097]]}},{"type":"Feature","properties":{"level":991},"geometry":{"type":"LineString","coordinates":[[90.66716,23.34228],[90.66852,23.33599]]}},{"type":"Feature","properties":{"level":991},"geometry":{"type":"LineString","coordinates":[[90.61121,23.34751],[90.60699,23.34087],[90.59058,23.3432],[90.59067,23.33595]]}},{"type":"Feature","properties":{"level":991},"geometry":{"type":"LineString","coordinates":[[90.62961,23.33693],[90.6191,23.34659],[90.61567,23.34461],[90.61121,23.34751]]}},{"type":"Feature","properties":{"level":991},"geometry":{"type":"LineString","coordinates":[[90.62782,23.3492],[90.63244,23.34165]]}},{"type":"Feature","properties":{"level":991},"geometry":{"type":"LineString","coordinates":[[90.6831,23.32588],[90.67768,23.33591],[90.67753,23.33185],[90.66915,23.33744],[90.67341,23.35038],[90.66716,23.34228]]}},{"type":"Feature","properties":{"level":991},"geometry":{"type":"LineString","coordinates":[[90.66016,23.33173],[90.6502,23.3386],[90.63813,23.33707],[90.62652,23.35558]]}},{"type":"Feature","properties":{"level":991},"geometry":{"type":"LineString","coordinates":[[90.62652,23.35558],[90.62782,23.3492]]}}],"bbox":[88.00817,20.59061,92.6796,26.6345]}