{"type":"FeatureCollection","features":[{"type":"Feature","properties":{"code":"BD1004","name":"Barguna","parent_code":"BD10","division_name":"Barishal"},"geometry":{"type":"Polygon","coordinates":[[[90.23712,22.48259],[90.21674,22.47626],[90.21677,22.47338],[90.1881,22.47781],[90.17678,22.45957],[90.17639,22.43248],[90.1464,22.4099],[90.11432,22.36321],[90.0991,22.35304],[90.09466,22.34486],[90.08625,22.34597],[90.0771,22.35317],[90.0684,22.33944],[90.06261,22.34246],[90.04874,22.33482],[90.05348,22.32379],[90.0535,22.31381],[90.04901,22.31281],[90.04112,22.31682],[90.03888,22.30287],[90.03018,22.30279],[90.02987,22.2962],[90.02304,22.29133],[90.01924,22.27386],[90.02717,22.25664],[90.01715,22.22811],[89.99632,22.2286],[89.99901,22.21146],[89.99173,22.21112],[89.98848,22.19841],[89.98055,22.20649],[89.97435,22.20091],[89.96649,22.20992],[89.96658,22.21973],[89.96333,22.21869],[89.9623,22.20335],[89.96809,22.19076],[89.95662,22.18098],[89.95712,22.16856],[89.94071,22.17465],[89.93638,22.16497],[89.92641,22.15805],[89.89013,22.15702],[89.89614,22.12629],[89.89545,22.10059],[89.87832,22.05783],[89.87763,22.04826],[89.8855,22.03701],[89.8891,22.01746],[89.89628,22.01111],[89.901,22.00046],[89.90689,21.96735],[89.95427,21.96647],[89.97039,21.9714],[89.98334,21.98117],[90.02982,21.98682],[90.03036,21.97596],[90.04037,21.97606],[90.05876,21.97025],[90.02203,21.95044],[90.01336,21.93428],[90.00879,21.91512],[90.00742,21.89129],[90.01335,21.86788],[90.02201,21.85681],[90.04025,21.84915],[90.09093,21.84558],[90.10328,21.87882],[90.11686,21.90234],[90.11434,21.91649],[90.11631,21.9252],[90.14137,21.92663],[90.14622,21.93033],[90.13567,21.94954],[90.13697,21.9594],[90.15933,21.9831],[90.17241,21.97669],[90.19089,21.98078],[90.18409,21.99315],[90.17579,22.00057],[90.18427,22.00956],[90.17561,22.02131],[90.20121,22.01892],[90.19616,22.02879],[90.20882,22.02727],[90.20301,22.0408],[90.20957,22.0468],[90.19564,22.05106],[90.19726,22.06116],[90.18918,22.05546],[90.18212,22.06499],[90.18378,22.07385],[90.18113,22.08173],[90.19742,22.08854],[90.20783,22.07876],[90.2032,22.07283],[90.19721,22.07366],[90.20402,22.06696],[90.21151,22.06816],[90.2181,22.05785],[90.22575,22.05939],[90.23553,22.05501],[90.22231,22.04254],[90.24034,22.04008],[90.21894,22.03354],[90.21847,22.02906],[90.24094,22.02854],[90.23845,22.02281],[90.24752,22.0164],[90.25269,22.02684],[90.27086,22.02627],[90.28193,22.03905],[90.28059,22.05042],[90.2895,22.05387],[90.27658,22.06171],[90.28653,22.06067],[90.28961,22.07208],[90.31582,22.08134],[90.3123,22.08864],[90.32572,22.09056],[90.32667,22.08469],[90.33106,22.08219],[90.33087,22.09186],[90.33464,22.10029],[90.33301,22.10825],[90.33735,22.11132],[90.34591,22.11038],[90.3412,22.11717],[90.34437,22.12805],[90.3368,22.13664],[90.33747,22.16387],[90.34156,22.16591],[90.34212,22.17165],[90.3563,22.18241],[90.36353,22.18122],[90.37336,22.19253],[90.36966,22.19938],[90.3553,22.1945],[90.34872,22.20162],[90.35751,22.20369],[90.36474,22.21291],[90.35998,22.2168],[90.36115,22.22926],[90.35233,22.23058],[90.34366,22.23684],[90.33692,22.23589],[90.33763,22.24294],[90.32896,22.24369],[90.33457,22.26131],[90.30828,22.25161],[90.30092,22.24247],[90.2882,22.24098],[90.29187,22.23397],[90.28742,22.23173],[90.28128,22.24483],[90.28697,22.24479],[90.28449,22.24995],[90.28801,22.24987],[90.28964,22.25557],[90.28711,22.25837],[90.28402,22.2594],[90.27858,22.25426],[90.27075,22.26301],[90.25774,22.25969],[90.24629,22.26174],[90.23605,22.23833],[90.22444,22.23426],[90.22579,22.22895],[90.23241,22.226],[90.22275,22.21324],[90.21534,22.22309],[90.21037,22.22064],[90.19872,22.22847],[90.18379,22.23225],[90.16113,22.24638],[90.15385,22.25654],[90.15671,22.26196],[90.14914,22.26869],[90.14383,22.28418],[90.14543,22.3018],[90.14693,22.3078],[90.15678,22.30486],[90.15972,22.31106],[90.15664,22.32199],[90.15028,22.31672],[90.14549,22.32795],[90.13888,22.32979],[90.13792,22.33704],[90.14941,22.32895],[90.16526,22.32712],[90.17453,22.32173],[90.16549,22.33713],[90.17666,22.33897],[90.17944,22.34402],[90.18146,22.35339],[90.17904,22.36132],[90.18597,22.36462],[90.18665,22.39186],[90.19558,22.40387],[90.19578,22.41111],[90.20301,22.41506],[90.21383,22.41544],[90.22653,22.43752],[90.22421,22.44604],[90.22945,22.44715],[90.23322,22.45219],[90.23218,22.46323],[90.24552,22.48006],[90.23752,22.48244],[90.23712,22.48259]]]},"id":"BD1004"},{"type":"Feature","properties":{"code":"BD1006","name":"Barishal","parent_code":"BD10","division_name":"Barishal"},"geometry":{"type":"Polygon","coordinates":[[[90.54483,23.08013],[90.5161,23.08076],[90.51552,23.05625],[90.5068,23.06138],[90.50165,23.05828],[90.5111,23.04228],[90.50075,23.03989],[90.49515,23.03344],[90.49335,23.02099],[90.47473,23.01337],[90.45688,23.01296],[90.45345,23.01825],[90.4188,23.00669],[90.4145,23.00856],[90.41161,23.02139],[90.42727,23.03742],[90.41944,23.04473],[90.41041,23.04375],[90.39162,23.0525],[90.38515,23.05188],[90.38451,23.05618],[90.37833,23.05445],[90.37049,23.05892],[90.35493,23.05511],[90.33278,23.0575],[90.31293,23.05365],[90.31057,23.04979],[90.3116,23.03461],[90.32847,23.01428],[90.32951,23.00832],[90.3288,22.99544],[90.32259,22.98503],[90.2899,22.97422],[90.27376,22.97595],[90.25695,22.96611],[90.25819,22.97605],[90.24776,22.97802],[90.23774,22.96783],[90.23829,22.96269],[90.22893,22.98797],[90.23274,23.00637],[90.23191,23.02892],[90.23782,23.0451],[90.23529,23.05036],[90.226,23.05638],[90.22037,23.06898],[90.21437,23.07442],[90.20563,23.06939],[90.19889,23.05963],[90.16289,23.07072],[90.15656,23.06643],[90.15772,23.06227],[90.15414,23.05546],[90.13597,23.05204],[90.13552,23.04977],[90.14385,23.04807],[90.1428,23.04448],[90.13638,23.04435],[90.12731,23.02614],[90.12965,23.0237],[90.12638,23.00513],[90.09435,23.00684],[90.08379,22.98046],[90.077,22.98277],[90.06904,22.96761],[90.05765,22.9705],[90.05697,22.94714],[90.06109,22.94289],[90.05672,22.93163],[90.03429,22.93314],[90.03285,22.91816],[90.02251,22.8999],[90.02308,22.89228],[90.01868,22.88847],[90.01724,22.87624],[90.01828,22.86862],[90.03533,22.8673],[90.0353,22.83472],[90.0288,22.81785],[90.03531,22.81752],[90.0449,22.82437],[90.05433,22.82659],[90.05054,22.81853],[90.05477,22.81368],[90.04933,22.80981],[90.06231,22.80543],[90.07673,22.78238],[90.09113,22.78402],[90.10037,22.78155],[90.09879,22.77496],[90.10593,22.7734],[90.1079,22.77703],[90.11462,22.77708],[90.1313,22.76548],[90.14054,22.76712],[90.14001,22.75825],[90.14279,22.75578],[90.15069,22.75552],[90.15073,22.76182],[90.16095,22.75773],[90.16631,22.75913],[90.16345,22.75004],[90.16511,22.74626],[90.17071,22.74557],[90.17168,22.75052],[90.17568,22.75053],[90.1746,22.75693],[90.17864,22.75589],[90.18415,22.76071],[90.18565,22.76457],[90.17958,22.76571],[90.18514,22.78161],[90.18958,22.78014],[90.18917,22.78546],[90.19863,22.78554],[90.20149,22.77699],[90.20567,22.77572],[90.20529,22.77161],[90.21199,22.77258],[90.21109,22.76938],[90.21403,22.76761],[90.21849,22.76883],[90.21691,22.76013],[90.22457,22.75224],[90.2333,22.75121],[90.24273,22.7568],[90.25676,22.75404],[90.26618,22.74221],[90.2655,22.73672],[90.27281,22.73271],[90.27454,22.7177],[90.26871,22.71502],[90.27299,22.70595],[90.27306,22.68944],[90.28834,22.68102],[90.29998,22.68588],[90.32046,22.67375],[90.3143,22.6615],[90.32246,22.64417],[90.32562,22.64557],[90.32382,22.66078],[90.3356,22.65944],[90.35467,22.64874],[90.36615,22.65196],[90.37162,22.64866],[90.37422,22.64059],[90.37172,22.63267],[90.36413,22.63],[90.35187,22.63704],[90.34244,22.62331],[90.36062,22.62122],[90.37979,22.60772],[90.38366,22.60243],[90.38266,22.59062],[90.37631,22.58944],[90.36359,22.59527],[90.34669,22.61237],[90.34183,22.60505],[90.32586,22.6044],[90.32513,22.59628],[90.33759,22.57642],[90.32857,22.57982],[90.31672,22.57213],[90.31002,22.57574],[90.30847,22.56602],[90.30261,22.55631],[90.29264,22.56251],[90.28042,22.55944],[90.27716,22.55494],[90.28196,22.55148],[90.27918,22.54046],[90.27174,22.54023],[90.25199,22.52067],[90.24165,22.51834],[90.22767,22.50716],[90.20743,22.50083],[90.19988,22.4926],[90.19055,22.47729],[90.21677,22.47338],[90.21674,22.47626],[90.23482,22.48299],[90.24552,22.48006],[90.23218,22.46323],[90.23406,22.45372],[90.25726,22.4615],[90.26413,22.4598],[90.27745,22.47449],[90.27718,22.46946],[90.28246,22.47335],[90.28268,22.46916],[90.2884,22.46652],[90.29588,22.46784],[90.29782,22.47563],[90.3103,22.47391],[90.31559,22.48183],[90.32542,22.47716],[90.32247,22.47703],[90.33325,22.46721],[90.33935,22.46794],[90.35019,22.48065],[90.35123,22.48958],[90.35983,22.48996],[90.36267,22.49967],[90.36588,22.50115],[90.39308,22.48395],[90.4124,22.47743],[90.42718,22.45975],[90.44211,22.48376],[90.43824,22.49712],[90.4415,22.50873],[90.4582,22.53305],[90.47913,22.53044],[90.49385,22.53604],[90.50311,22.54567],[90.50785,22.54407],[90.50928,22.53216],[90.51581,22.53202],[90.53159,22.54908],[90.51747,22.5503],[90.51586,22.55562],[90.5455,22.56549],[90.54523,22.57183],[90.53568,22.58104],[90.53823,22.58908],[90.54181,22.59311],[90.55644,22.59339],[90.54729,22.60516],[90.5301,22.6165],[90.53032,22.63499],[90.54296,22.64603],[90.5423,22.66586],[90.53496,22.67606],[90.52363,22.67851],[90.52268,22.68645],[90.53446,22.6874],[90.53959,22.69167],[90.54947,22.68859],[90.56837,22.71968],[90.56991,22.74108],[90.55938,22.76865],[90.56707,22.78947],[90.58057,22.79145],[90.58526,22.79954],[90.58377,22.80644],[90.60277,22.81299],[90.61209,22.82485],[90.63817,22.82984],[90.6382,22.83535],[90.65257,22.83875],[90.65536,22.8456],[90.65852,22.84459],[90.66649,22.85111],[90.67231,22.86509],[90.67957,22.8664],[90.68152,22.8743],[90.66645,22.88416],[90.66277,22.88303],[90.66356,22.89544],[90.66063,22.90303],[90.67257,22.90006],[90.6945,22.90112],[90.69911,22.90375],[90.70154,22.91174],[90.69421,22.92476],[90.67579,22.94235],[90.65758,22.97793],[90.63718,22.99883],[90.61498,23.00468],[90.59539,23.03034],[90.57137,23.04944],[90.54603,23.08012],[90.54483,23.08013]]]},"id":"BD1006"},{"type":"Feature","properties":{"code":"BD1009","name":"Bhola","parent_code":"BD10","division_name":"Barishal"},"geometry":{"type":"Polygon","coordinates":[[[90.71614,22.86847],[90.69006,22.86759],[90.68031,22.85925],[90.67202,22.86451],[90.66649,22.85111],[90.65852,22.84459],[90.65536,22.8456],[90.65257,22.83875],[90.63946,22.83627],[90.63817,22.82984],[90.61494,22.82625],[90.60277,22.81299],[90.58377,22.80644],[90.58526,22.79954],[90.5817,22.79279],[90.56707,22.78947],[90.55952,22.76969],[90.56991,22.74108],[90.56837,22.71968],[90.54947,22.68859],[90.53959,22.69167],[90.53446,22.6874],[90.52268,22.68645],[90.52363,22.67851],[90.53496,22.67606],[90.5423,22.66586],[90.54296,22.64603],[90.53032,22.63499],[90.5301,22.6165],[90.55506,22.59823],[90.58491,22.56103],[90.59185,22.54321],[90.6006,22.53264],[90.60214,22.52374],[90.62398,22.47843],[90.63283,22.47319],[90.64264,22.45885],[90.65565,22.45183],[90.66437,22.41796],[90.66034,22.40824],[90.66331,22.32497],[90.65382,22.27972],[90.63021,22.26251],[90.61158,22.22426],[90.57098,22.15597],[90.57474,22.14702],[90.58541,22.14077],[90.58134,22.12306],[90.58538,22.11351],[90.58475,22.08888],[90.57857,22.0721],[90.57835,22.05964],[90.58159,22.03342],[90.58677,22.02657],[90.59409,22.00413],[90.58586,21.98796],[90.61656,21.97586],[90.61881,21.96803],[90.61587,21.94676],[90.59906,21.92001],[90.60202,21.89699],[90.59606,21.89478],[90.5937,21.84557],[90.85742,21.83853],[90.85578,22.04881],[90.95623,22.02756],[90.96194,22.04904],[91.00609,22.14984],[91.02131,22.19188],[91.01508,22.25686],[91.02355,22.29911],[91.01245,22.32093],[91.00087,22.368],[90.99053,22.3895],[90.90018,22.54707],[90.89004,22.56056],[90.8421,22.60615],[90.81419,22.63927],[90.78906,22.65406],[90.78346,22.66104],[90.77901,22.67441],[90.77026,22.76229],[90.76617,22.77893],[90.751,22.79281],[90.72859,22.80257],[90.72112,22.81165],[90.71757,22.82697],[90.71645,22.86823],[90.71614,22.86847]]]},"id":"BD1009"},{"type":"Feature","properties":{"code":"BD1042","name":"Jhalokati","parent_code":"BD10","division_name":"Barishal"},"geometry":{"type":"Polygon","coordinates":[[[90.19507,22.78471],[90.18917,22.78546],[90.18958,22.78014],[90.18514,22.78161],[90.17958,22.76571],[90.18565,22.76457],[90.18462,22.76161],[90.17864,22.75589],[90.1746,22.75693],[90.17564,22.75122],[90.18108,22.74489],[90.18848,22.74338],[90.18596,22.74172],[90.18797,22.74022],[90.18107,22.7379],[90.17137,22.72654],[90.16393,22.72637],[90.16358,22.72117],[90.15744,22.71879],[90.15816,22.71023],[90.15039,22.70192],[90.14852,22.69172],[90.14163,22.6858],[90.13782,22.67274],[90.09458,22.65439],[90.09807,22.65266],[90.09674,22.63884],[90.10112,22.63824],[90.10181,22.63499],[90.09855,22.6277],[90.11013,22.60963],[90.0953,22.59186],[90.07486,22.58774],[90.06389,22.59543],[90.05421,22.57978],[90.05892,22.57375],[90.05906,22.56069],[90.06451,22.55292],[90.06306,22.52732],[90.06594,22.51875],[90.0616,22.50309],[90.07206,22.50922],[90.07467,22.5052],[90.06982,22.49848],[90.07871,22.49347],[90.07645,22.48929],[90.07851,22.48455],[90.08477,22.48615],[90.0889,22.49432],[90.09881,22.49425],[90.10115,22.49732],[90.11105,22.49137],[90.11483,22.49367],[90.11298,22.49923],[90.11849,22.50172],[90.12364,22.49852],[90.12305,22.48893],[90.13065,22.49],[90.13305,22.48328],[90.12507,22.47517],[90.12205,22.46659],[90.11043,22.45771],[90.10562,22.46129],[90.10542,22.45209],[90.1008,22.44351],[90.08384,22.44151],[90.08258,22.43789],[90.07777,22.43912],[90.07597,22.45085],[90.06924,22.45109],[90.06419,22.45714],[90.06627,22.4607],[90.06429,22.46443],[90.05747,22.45979],[90.05634,22.45276],[90.06163,22.44972],[90.05925,22.44137],[90.0404,22.44293],[90.03661,22.44719],[90.02631,22.44246],[90.03052,22.43918],[90.02816,22.41852],[90.03158,22.41724],[90.03903,22.40101],[90.03024,22.39343],[90.02486,22.39421],[90.02217,22.39127],[90.01777,22.3704],[90.0225,22.36606],[90.03043,22.36553],[90.03415,22.36096],[90.03466,22.37323],[90.04575,22.35839],[90.05052,22.35859],[90.05588,22.3542],[90.05079,22.33539],[90.06261,22.34246],[90.0684,22.33944],[90.0771,22.35317],[90.08625,22.34597],[90.09466,22.34486],[90.0991,22.35304],[90.11595,22.36491],[90.12541,22.38258],[90.1464,22.4099],[90.17639,22.43248],[90.17826,22.46388],[90.20588,22.49953],[90.22893,22.50779],[90.24165,22.51834],[90.25199,22.52067],[90.27174,22.54023],[90.27918,22.54046],[90.28196,22.55148],[90.27716,22.55494],[90.28042,22.55944],[90.29264,22.56251],[90.30261,22.55631],[90.30847,22.56602],[90.31002,22.57574],[90.31672,22.57213],[90.32857,22.57982],[90.33759,22.57642],[90.32513,22.59628],[90.32586,22.6044],[90.34183,22.60505],[90.34607,22.61251],[90.36682,22.59341],[90.37756,22.58926],[90.38434,22.59322],[90.38366,22.60243],[90.37979,22.60772],[90.36062,22.62122],[90.34244,22.62331],[90.35187,22.63704],[90.36413,22.63],[90.37172,22.63267],[90.37422,22.64059],[90.3706,22.65035],[90.36305,22.6518],[90.35467,22.64874],[90.3356,22.65944],[90.32382,22.66078],[90.32562,22.64557],[90.32246,22.64417],[90.3143,22.6615],[90.32046,22.67375],[90.29998,22.68588],[90.28834,22.68102],[90.27306,22.68944],[90.27299,22.70595],[90.26871,22.71502],[90.27454,22.7177],[90.27281,22.73271],[90.2655,22.73672],[90.26618,22.74221],[90.25676,22.75404],[90.24273,22.7568],[90.2333,22.75121],[90.22457,22.75224],[90.21691,22.76013],[90.21849,22.76883],[90.21403,22.76761],[90.21109,22.76938],[90.21199,22.77258],[90.20529,22.77161],[90.20567,22.77572],[90.20316,22.77484],[90.19863,22.78554],[90.19617,22.78471],[90.19507,22.78471]]]},"id":"BD1042"},{"type":"Feature","properties":{"code":"BD1078","name":"Patuakhali","parent_code":"BD10","division_name":"Barishal"},"geometry":{"type":"Polygon","coordinates":[[[90.55692,22.59322],[90.54181,22.59311],[90.53823,22.58908],[90.53568,22.58104],[90.54523,22.57183],[90.5455,22.56549],[90.51561,22.55527],[90.51747,22.5503],[90.53159,22.54908],[90.51744,22.53276],[90.50951,22.53193],[90.50785,22.54407],[90.50311,22.54567],[90.49385,22.53604],[90.47913,22.53044],[90.4582,22.53305],[90.4415,22.50873],[90.43824,22.49712],[90.44211,22.48376],[90.42718,22.45975],[90.4124,22.47743],[90.39308,22.48395],[90.36588,22.50115],[90.36267,22.49967],[90.35983,22.48996],[90.35123,22.48958],[90.35019,22.48065],[90.33935,22.46794],[90.33325,22.46721],[90.32247,22.47703],[90.32542,22.47716],[90.31559,22.48183],[90.3103,22.47391],[90.29782,22.47563],[90.29588,22.46784],[90.2884,22.46652],[90.28268,22.46916],[90.28246,22.47335],[90.27718,22.46946],[90.27745,22.47449],[90.26413,22.4598],[90.25726,22.4615],[90.23406,22.45372],[90.22945,22.44715],[90.22421,22.44604],[90.22653,22.43752],[90.21489,22.42126],[90.21398,22.41561],[90.19705,22.41223],[90.19418,22.40104],[90.18665,22.39186],[90.18597,22.36462],[90.17904,22.36132],[90.18146,22.35339],[90.17944,22.34402],[90.17666,22.33897],[90.16549,22.33713],[90.17453,22.32173],[90.16526,22.32712],[90.14941,22.32895],[90.13792,22.33704],[90.13888,22.32979],[90.14549,22.32795],[90.15028,22.31672],[90.15664,22.32199],[90.15972,22.31106],[90.15678,22.30486],[90.14693,22.3078],[90.14543,22.3018],[90.14383,22.28418],[90.14914,22.26869],[90.15671,22.26196],[90.15385,22.25654],[90.1601,22.24709],[90.18379,22.23225],[90.19872,22.22847],[90.21037,22.22064],[90.21534,22.22309],[90.22275,22.21324],[90.23241,22.226],[90.22579,22.22895],[90.22444,22.23426],[90.23605,22.23833],[90.24629,22.26174],[90.25774,22.25969],[90.27075,22.26301],[90.27858,22.25426],[90.28402,22.2594],[90.28711,22.25837],[90.28964,22.25557],[90.28801,22.24987],[90.28449,22.24995],[90.28697,22.24479],[90.28128,22.24483],[90.28742,22.23173],[90.29187,22.23397],[90.2882,22.24098],[90.30092,22.24247],[90.30828,22.25161],[90.33457,22.26131],[90.32896,22.24369],[90.33763,22.24294],[90.33692,22.23589],[90.34366,22.23684],[90.35233,22.23058],[90.36115,22.22926],[90.35998,22.2168],[90.36474,22.21291],[90.35751,22.20369],[90.34872,22.20162],[90.3553,22.1945],[90.36788,22.19958],[90.37389,22.19536],[90.36458,22.18205],[90.3563,22.18241],[90.34212,22.17165],[90.34156,22.16591],[90.33747,22.16387],[90.3368,22.13664],[90.34437,22.12805],[90.3412,22.11717],[90.34591,22.11038],[90.33735,22.11132],[90.33301,22.10825],[90.33464,22.10029],[90.33087,22.09186],[90.33106,22.08219],[90.32667,22.08469],[90.32572,22.09056],[90.3123,22.08864],[90.31582,22.08134],[90.28961,22.07208],[90.28653,22.06067],[90.27658,22.06171],[90.2895,22.05387],[90.28059,22.05042],[90.28193,22.03905],[90.27086,22.02627],[90.25269,22.02684],[90.24752,22.0164],[90.23845,22.02281],[90.24094,22.02854],[90.21847,22.02906],[90.21894,22.03354],[90.24034,22.04008],[90.22231,22.04254],[90.23553,22.05501],[90.22575,22.05939],[90.2181,22.05785],[90.21151,22.06816],[90.20402,22.06696],[90.19721,22.07366],[90.2032,22.07283],[90.20783,22.07876],[90.19742,22.08854],[90.18113,22.08173],[90.18378,22.07385],[90.18212,22.06499],[90.18918,22.05546],[90.19726,22.06116],[90.19564,22.05106],[90.20957,22.0468],[90.20301,22.0408],[90.20882,22.02727],[90.19658,22.02937],[90.20178,22.02147],[90.20041,22.01875],[90.17582,22.02165],[90.18427,22.00956],[90.17579,22.00057],[90.18409,21.99315],[90.19089,21.98078],[90.17241,21.97669],[90.16201,21.9832],[90.15685,21.98171],[90.13599,21.95762],[90.13567,21.94954],[90.14576,21.92927],[90.13874,21.92629],[90.11961,21.92698],[90.11569,21.9241],[90.11686,21.90234],[90.10328,21.87882],[90.09362,21.84919],[90.09093,21.84558],[90.07847,21.84503],[90.08709,21.82737],[90.1038,21.8111],[90.14725,21.79715],[90.17735,21.79441],[90.20573,21.80481],[90.21915,21.8065],[90.25153,21.82918],[90.30337,21.82848],[90.30634,21.82593],[90.31582,21.83162],[90.41266,21.8151],[90.43609,21.81729],[90.47538,21.79881],[90.48592,21.80339],[90.53398,21.87014],[90.54104,21.87513],[90.60202,21.89699],[90.59906,21.92001],[90.61587,21.94676],[90.61881,21.96803],[90.61656,21.97586],[90.58586,21.98796],[90.59409,22.00413],[90.58677,22.02657],[90.58159,22.03342],[90.57835,22.05964],[90.57857,22.0721],[90.58475,22.08888],[90.58538,22.11351],[90.58134,22.12306],[90.58541,22.14077],[90.57474,22.14702],[90.57098,22.15597],[90.61158,22.22426],[90.63021,22.26251],[90.65382,22.27972],[90.66331,22.32497],[90.66034,22.40824],[90.66437,22.41796],[90.65516,22.45266],[90.64264,22.45885],[90.63283,22.47319],[90.62398,22.47843],[90.60214,22.52374],[90.6006,22.53264],[90.59185,22.54321],[90.58491,22.56103],[90.55784,22.59211],[90.55692,22.59322]]]},"id":"BD1078"},{"type":"Feature","properties":{"code":"BD1079","name":"Pirojpur","parent_code":"BD10","division_name":"Barishal"},"geometry":{"type":"Polygon","coordinates":[[[90.02892,22.86861],[89.98776,22.86569],[89.9861,22.86102],[89.97629,22.85734],[89.96965,22.85901],[89.96778,22.85462],[89.96281,22.85286],[89.95293,22.85339],[89.94507,22.86235],[89.93737,22.86376],[89.9435,22.85503],[89.94232,22.84596],[89.94881,22.83581],[89.94892,22.82379],[89.94453,22.8216],[89.94264,22.8244],[89.93803,22.8235],[89.91737,22.80899],[89.91617,22.7998],[89.93317,22.79324],[89.94,22.78321],[89.921,22.78363],[89.9165,22.77706],[89.90682,22.77337],[89.90915,22.75451],[89.91417,22.75225],[89.92704,22.75452],[89.93336,22.75162],[89.92736,22.72203],[89.90668,22.72713],[89.86662,22.70658],[89.86025,22.69982],[89.86512,22.69114],[89.89675,22.69647],[89.91492,22.69406],[89.93731,22.67944],[89.90692,22.65591],[89.89603,22.67674],[89.88842,22.66968],[89.88681,22.66273],[89.88937,22.65666],[89.90027,22.65043],[89.92654,22.64416],[89.92236,22.61926],[89.9155,22.60371],[89.95196,22.60004],[89.96204,22.5925],[89.96092,22.57532],[89.95139,22.54637],[89.92005,22.50932],[89.96226,22.50833],[89.9672,22.50328],[89.96583,22.49271],[89.9514,22.49119],[89.93198,22.49529],[89.91315,22.50456],[89.88908,22.50412],[89.88036,22.49725],[89.88299,22.48453],[89.89228,22.47553],[89.91128,22.47185],[89.92938,22.4761],[89.94009,22.47127],[89.94359,22.46415],[89.94123,22.45443],[89.93136,22.44554],[89.9248,22.44314],[89.91022,22.44438],[89.89977,22.4406],[89.88594,22.42823],[89.87515,22.42464],[89.86916,22.41558],[89.8738,22.40217],[89.8936,22.38321],[89.89883,22.37365],[89.89396,22.34662],[89.86637,22.30332],[89.85736,22.26078],[89.86393,22.22442],[89.88398,22.19591],[89.88668,22.16431],[89.89013,22.15702],[89.92641,22.15805],[89.93638,22.16497],[89.94071,22.17465],[89.95712,22.16856],[89.95662,22.18098],[89.96809,22.19076],[89.9623,22.20335],[89.96333,22.21869],[89.96658,22.21973],[89.96649,22.20992],[89.97435,22.20091],[89.98055,22.20649],[89.98848,22.19841],[89.99173,22.21112],[89.99901,22.21146],[89.99632,22.2286],[90.01715,22.22811],[90.02717,22.25664],[90.01924,22.27386],[90.02304,22.29133],[90.02987,22.2962],[90.03018,22.30279],[90.03888,22.30287],[90.04112,22.31682],[90.04901,22.31281],[90.0535,22.31381],[90.05348,22.32379],[90.04862,22.33437],[90.05588,22.3542],[90.05052,22.35859],[90.04575,22.35839],[90.03466,22.37323],[90.03415,22.36096],[90.03043,22.36553],[90.0225,22.36606],[90.01796,22.36973],[90.02217,22.39127],[90.02486,22.39421],[90.03024,22.39343],[90.03903,22.40101],[90.03158,22.41724],[90.02816,22.41852],[90.03052,22.43918],[90.02631,22.44246],[90.03661,22.44719],[90.0404,22.44293],[90.05925,22.44137],[90.06163,22.44972],[90.05634,22.45276],[90.05747,22.45979],[90.06429,22.46443],[90.06627,22.4607],[90.06419,22.45714],[90.06924,22.45109],[90.07597,22.45085],[90.07777,22.43912],[90.08258,22.43789],[90.08384,22.44151],[90.1008,22.44351],[90.10542,22.45209],[90.10562,22.46129],[90.11043,22.45771],[90.12205,22.46659],[90.12507,22.47517],[90.13305,22.48328],[90.13065,22.49],[90.12305,22.48893],[90.12364,22.49852],[90.11849,22.50172],[90.11298,22.49923],[90.11483,22.49367],[90.11105,22.49137],[90.10115,22.49732],[90.09881,22.49425],[90.0889,22.49432],[90.08477,22.48615],[90.07851,22.48455],[90.07645,22.48929],[90.07871,22.49347],[90.06982,22.49848],[90.07467,22.5052],[90.07206,22.50922],[90.0616,22.50309],[90.06594,22.51875],[90.06306,22.52732],[90.06451,22.55292],[90.05906,22.56069],[90.05892,22.57375],[90.05421,22.57978],[90.06438,22.59564],[90.07616,22.58777],[90.0953,22.59186],[90.10125,22.59674],[90.11013,22.60963],[90.09855,22.6277],[90.10181,22.63499],[90.10112,22.63824],[90.09674,22.63884],[90.09807,22.65266],[90.09458,22.65439],[90.13782,22.67274],[90.14163,22.6858],[90.14852,22.69172],[90.15039,22.70192],[90.15816,22.71023],[90.15744,22.71879],[90.16194,22.71938],[90.16393,22.72637],[90.17137,22.72654],[90.17188,22.73015],[90.17745,22.73147],[90.18107,22.7379],[90.18627,22.7386],[90.18596,22.74172],[90.18908,22.74272],[90.18108,22.74489],[90.17564,22.75122],[90.17168,22.75052],[90.17071,22.74557],[90.16511,22.74626],[90.16345,22.75004],[90.16631,22.75913],[90.16095,22.75773],[90.15073,22.76182],[90.15069,22.75552],[90.14279,22.75578],[90.14001,22.75825],[90.14054,22.76712],[90.1313,22.76548],[90.11462,22.77708],[90.1079,22.77703],[90.10593,22.7734],[90.09879,22.77496],[90.10037,22.78155],[90.09113,22.78402],[90.07673,22.78238],[90.06231,22.80543],[90.04933,22.80981],[90.05477,22.81368],[90.05054,22.81853],[90.05433,22.82659],[90.0449,22.82437],[90.03531,22.81752],[90.0288,22.81785],[90.0353,22.83472],[90.03629,22.86004],[90.03533,22.8673],[90.02964,22.86847],[90.02892,22.86861]]]},"id":"BD1079"},{"type":"Feature","properties":{"code":"BD2003","name":"Bandarban","parent_code":"BD20","division_name":"Chattogram"},"geometry":{"type":"Polygon","coordinates":[[[92.19027,22.34999],[92.14874,22.34939],[92.1468,22.34166],[92.15363,22.34051],[92.1575,22.33193],[92.15458,22.32062],[92.14951,22.31745],[92.15393,22.31085],[92.15061,22.29579],[92.14085,22.28624],[92.14159,22.27519],[92.13673,22.2715],[92.14424,22.25616],[92.13991,22.23456],[92.1504,22.22089],[92.14905,22.21257],[92.14588,22.21133],[92.15354,22.19408],[92.15998,22.19174],[92.1654,22.18417],[92.16273,22.18022],[92.16422,22.17512],[92.15755,22.16577],[92.16372,22.15906],[92.16286,22.14766],[92.17093,22.14684],[92.1717,22.14112],[92.16051,22.12895],[92.17338,22.11233],[92.17077,22.10692],[92.15789,22.10062],[92.15701,22.09587],[92.15254,22.09385],[92.14834,22.09725],[92.14175,22.09245],[92.14454,22.08848],[92.16376,22.08539],[92.16351,22.08049],[92.15768,22.07687],[92.1546,22.06999],[92.16425,22.07183],[92.16605,22.06709],[92.17831,22.06505],[92.17668,22.05816],[92.16963,22.05254],[92.1701,22.0482],[92.16258,22.04299],[92.17097,22.03968],[92.17342,22.03457],[92.17085,22.03388],[92.17504,22.03471],[92.17842,22.02391],[92.18384,22.02804],[92.19386,22.02402],[92.19647,22.01859],[92.20364,22.01764],[92.20225,22.00835],[92.21795,22.00573],[92.21624,22.00221],[92.20492,22.00032],[92.20327,21.98953],[92.21164,21.98399],[92.21153,21.97888],[92.2159,21.97371],[92.19704,21.96321],[92.19328,21.9537],[92.19727,21.95199],[92.18794,21.95017],[92.18417,21.94407],[92.17575,21.94177],[92.17454,21.94627],[92.16883,21.94735],[92.16057,21.94479],[92.1603,21.94072],[92.16365,21.93911],[92.16174,21.93309],[92.16667,21.93241],[92.16553,21.92563],[92.17196,21.91611],[92.17689,21.91473],[92.17488,21.91087],[92.14669,21.90892],[92.12927,21.90184],[92.11876,21.90881],[92.118,21.91428],[92.11134,21.91715],[92.11615,21.92389],[92.114,21.92837],[92.11929,21.93091],[92.11731,21.93375],[92.10746,21.93071],[92.10626,21.92436],[92.09901,21.92163],[92.09447,21.92486],[92.09389,21.92194],[92.09071,21.92236],[92.08828,21.92542],[92.07997,21.92032],[92.07505,21.92265],[92.06312,21.91093],[92.06213,21.90394],[92.07178,21.90029],[92.08518,21.88492],[92.08405,21.87448],[92.08742,21.87346],[92.08542,21.87039],[92.08822,21.86166],[92.08533,21.85525],[92.09308,21.83728],[92.09069,21.83001],[92.0841,21.82864],[92.07937,21.82109],[92.08148,21.81858],[92.07862,21.81016],[92.08304,21.8053],[92.10373,21.804],[92.10408,21.79683],[92.10962,21.78837],[92.13386,21.79426],[92.14575,21.77568],[92.15632,21.77737],[92.16452,21.77307],[92.17604,21.78964],[92.18054,21.79055],[92.185,21.78711],[92.18484,21.77779],[92.19134,21.77535],[92.19158,21.79079],[92.18739,21.79265],[92.18667,21.80007],[92.18119,21.80313],[92.17988,21.82016],[92.16936,21.83471],[92.17077,21.84205],[92.18123,21.84471],[92.18577,21.84331],[92.18494,21.83153],[92.18085,21.83231],[92.18684,21.82792],[92.18753,21.81782],[92.19791,21.82406],[92.20547,21.816],[92.20426,21.80489],[92.21279,21.78788],[92.20545,21.78463],[92.19635,21.78603],[92.19368,21.77474],[92.1903,21.77351],[92.18308,21.77677],[92.18232,21.78808],[92.17672,21.78609],[92.17669,21.7785],[92.16263,21.76847],[92.1539,21.74567],[92.15417,21.74244],[92.15916,21.74055],[92.15634,21.73493],[92.13725,21.7336],[92.11331,21.73841],[92.11282,21.73568],[92.11793,21.73343],[92.11308,21.72692],[92.12083,21.71849],[92.11803,21.71421],[92.10909,21.71657],[92.11644,21.70742],[92.11591,21.70226],[92.10738,21.70213],[92.10387,21.69767],[92.10541,21.69133],[92.09429,21.68326],[92.10342,21.67974],[92.10604,21.67229],[92.1022,21.66766],[92.1095,21.66909],[92.1136,21.66417],[92.10172,21.65253],[92.1158,21.65022],[92.11388,21.64343],[92.1073,21.64297],[92.09948,21.63693],[92.10624,21.63672],[92.11282,21.62855],[92.12468,21.6264],[92.13199,21.61937],[92.14221,21.61565],[92.14692,21.60854],[92.14448,21.59683],[92.14874,21.59156],[92.16058,21.59669],[92.1646,21.60325],[92.1754,21.59601],[92.17053,21.58449],[92.17444,21.58401],[92.17729,21.57372],[92.18591,21.56451],[92.17978,21.55179],[92.15821,21.53382],[92.16063,21.52529],[92.16992,21.51298],[92.17002,21.50412],[92.176,21.50025],[92.18337,21.50616],[92.18594,21.49464],[92.18696,21.50366],[92.19474,21.50853],[92.20192,21.50832],[92.20292,21.49678],[92.21679,21.49878],[92.21763,21.49404],[92.22486,21.48836],[92.22288,21.47832],[92.23784,21.4746],[92.24072,21.46668],[92.23818,21.45397],[92.24079,21.44993],[92.22829,21.44325],[92.2329,21.4376],[92.2328,21.42626],[92.24109,21.42269],[92.23753,21.41152],[92.24742,21.40514],[92.24093,21.39498],[92.21893,21.3983],[92.21466,21.39235],[92.20169,21.38919],[92.18871,21.42406],[92.1816,21.42482],[92.1776,21.43233],[92.1681,21.42966],[92.16214,21.43259],[92.15692,21.42841],[92.15414,21.41686],[92.15636,21.41216],[92.14794,21.40784],[92.14431,21.40067],[92.14026,21.40054],[92.13856,21.40481],[92.12783,21.40282],[92.15739,21.31008],[92.16947,21.29752],[92.17985,21.26934],[92.18918,21.2706],[92.19157,21.26597],[92.19026,21.2607],[92.1809,21.25224],[92.17922,21.23557],[92.16613,21.22033],[92.16483,21.21506],[92.16799,21.21353],[92.16953,21.20098],[92.17365,21.19794],[92.16939,21.19006],[92.17274,21.18978],[92.17312,21.18488],[92.17639,21.18349],[92.18054,21.18508],[92.1857,21.19387],[92.19634,21.20144],[92.20035,21.20076],[92.2106,21.2239],[92.22068,21.23355],[92.21198,21.24813],[92.21988,21.25747],[92.2163,21.26803],[92.21747,21.27822],[92.20906,21.28712],[92.1984,21.30946],[92.19735,21.3284],[92.22434,21.3519],[92.22581,21.34857],[92.23117,21.34915],[92.23337,21.3539],[92.25282,21.35652],[92.25863,21.36338],[92.25259,21.37242],[92.25702,21.37773],[92.25376,21.38544],[92.25611,21.39106],[92.26956,21.40004],[92.26348,21.40872],[92.26869,21.41367],[92.26921,21.4277],[92.29161,21.43096],[92.29728,21.41905],[92.30156,21.42382],[92.31086,21.41704],[92.31598,21.42121],[92.32222,21.4177],[92.3295,21.41922],[92.33059,21.42574],[92.32685,21.43151],[92.33705,21.43587],[92.3364,21.44733],[92.34094,21.45166],[92.3435,21.46705],[92.35212,21.46224],[92.3671,21.47975],[92.37344,21.47759],[92.37998,21.48102],[92.40381,21.45723],[92.40383,21.45269],[92.41201,21.44201],[92.41853,21.44094],[92.42634,21.43254],[92.43178,21.40715],[92.42724,21.39613],[92.42781,21.37997],[92.43053,21.37307],[92.43685,21.37251],[92.43904,21.36556],[92.44923,21.36458],[92.45757,21.36922],[92.47022,21.36232],[92.4741,21.35445],[92.48481,21.35755],[92.49735,21.35147],[92.50919,21.36172],[92.50712,21.37767],[92.52587,21.3716],[92.54167,21.38103],[92.55728,21.38408],[92.58964,21.27934],[92.59521,21.24474],[92.62039,21.24952],[92.62174,21.25835],[92.63522,21.27241],[92.64417,21.27305],[92.65022,21.2811],[92.65442,21.27744],[92.67524,21.28421],[92.68006,21.28917],[92.6783,21.29926],[92.66518,21.31728],[92.65186,21.35703],[92.6493,21.39121],[92.62701,21.46227],[92.62573,21.49079],[92.6182,21.51529],[92.6193,21.53105],[92.61482,21.56842],[92.60849,21.58369],[92.6096,21.62192],[92.6015,21.65721],[92.60608,21.68922],[92.59997,21.70213],[92.60663,21.72917],[92.6046,21.74281],[92.60745,21.74796],[92.60472,21.75354],[92.6109,21.77566],[92.60751,21.79473],[92.6089,21.81507],[92.62028,21.82223],[92.62112,21.82607],[92.61461,21.83105],[92.61377,21.851],[92.60367,21.86467],[92.59909,21.89128],[92.5854,21.9131],[92.58006,21.93345],[92.56734,21.94786],[92.56626,21.95646],[92.56083,21.95969],[92.5599,21.96918],[92.55415,21.96989],[92.54775,21.98338],[92.53722,21.99364],[92.53433,22.00917],[92.542,22.02717],[92.54115,22.0371],[92.53262,22.0475],[92.5215,22.05264],[92.51956,22.06747],[92.5044,22.07878],[92.50805,22.08651],[92.50698,22.10432],[92.51184,22.11332],[92.50611,22.12604],[92.50413,22.15247],[92.4921,22.16658],[92.49414,22.17408],[92.49078,22.19509],[92.4874,22.20289],[92.47632,22.20961],[92.47349,22.23278],[92.46342,22.24951],[92.42826,22.27054],[92.41782,22.28246],[92.39795,22.31643],[92.39506,22.32663],[92.38901,22.33258],[92.33591,22.33426],[92.3087,22.34563],[92.28456,22.34401],[92.26887,22.33804],[92.22841,22.31413],[92.21645,22.31065],[92.21301,22.31312],[92.20234,22.34315],[92.19356,22.34905],[92.19027,22.34999]]]},"id":"BD2003"},{"type":"Feature","properties":{"code":"BD2012","name":"Brahmanbaria","parent_code":"BD20","division_name":"Chattogram"},"geometry":{"type":"Polygon","coordinates":[[[91.31285,24.26812],[91.30131,24.26595],[91.28504,24.24543],[91.28638,24.24106],[91.2816,24.23193],[91.28727,24.23054],[91.28629,24.22473],[91.28187,24.22737],[91.27376,24.2252],[91.27313,24.22826],[91.27135,24.22474],[91.2684,24.22753],[91.26861,24.22419],[91.24364,24.23253],[91.23771,24.23102],[91.23869,24.23363],[91.23029,24.23401],[91.22759,24.23825],[91.2213,24.23453],[91.22203,24.23832],[91.21582,24.23689],[91.21193,24.23992],[91.20744,24.23693],[91.20481,24.23996],[91.19622,24.24017],[91.17918,24.25711],[91.17528,24.26552],[91.15429,24.25633],[91.14763,24.2477],[91.13955,24.24429],[91.08571,24.24069],[91.07875,24.22808],[91.08942,24.22004],[91.09121,24.21181],[91.06594,24.21556],[91.03908,24.21373],[91.01484,24.18314],[90.99123,24.17028],[90.98488,24.16322],[90.9863,24.15542],[91.00455,24.13773],[91.02539,24.12942],[91.04089,24.11894],[91.05004,24.10381],[91.05007,24.09012],[91.03647,24.07202],[91.01061,24.05735],[90.99354,24.04349],[90.9733,24.01888],[90.96901,24.0026],[90.9736,23.98524],[90.97303,23.97301],[90.95434,23.95906],[90.95119,23.93025],[90.93116,23.91339],[90.91852,23.8814],[90.90687,23.86856],[90.89433,23.8646],[90.85912,23.87867],[90.83335,23.86455],[90.77473,23.86558],[90.76284,23.86071],[90.75932,23.84725],[90.76648,23.82518],[90.7662,23.80467],[90.72645,23.75247],[90.72151,23.74057],[90.72355,23.72502],[90.73649,23.70935],[90.74146,23.69294],[90.76249,23.6999],[90.77015,23.6849],[90.77848,23.68374],[90.78509,23.68696],[90.78592,23.69863],[90.77638,23.70649],[90.775,23.71337],[90.78076,23.72651],[90.77979,23.73347],[90.79304,23.74196],[90.79118,23.74307],[90.79861,23.75549],[90.8018,23.73486],[90.80873,23.73287],[90.81146,23.73726],[90.81573,23.73433],[90.82806,23.73443],[90.8345,23.72461],[90.84885,23.72582],[90.85822,23.72168],[90.86611,23.7227],[90.86939,23.71801],[90.88235,23.72518],[90.8866,23.73693],[90.88513,23.753],[90.8932,23.76013],[90.89914,23.76032],[90.90127,23.76691],[90.91352,23.76856],[90.91478,23.76467],[90.94787,23.77596],[90.95911,23.77432],[90.96197,23.78089],[90.99869,23.78666],[90.99499,23.79445],[91.00035,23.79407],[91.00382,23.78788],[91.03476,23.79629],[91.0397,23.78612],[91.0365,23.78394],[91.03868,23.77502],[91.04425,23.77939],[91.04732,23.77389],[91.04487,23.76766],[91.04116,23.76832],[91.04165,23.76383],[91.05277,23.76957],[91.04885,23.75962],[91.05771,23.76405],[91.05452,23.7553],[91.06488,23.75963],[91.06079,23.75473],[91.06067,23.74751],[91.05705,23.74655],[91.06293,23.74261],[91.06661,23.74572],[91.06534,23.7369],[91.07156,23.73999],[91.06693,23.73373],[91.06826,23.7309],[91.07027,23.72974],[91.07114,23.7334],[91.07818,23.7371],[91.07352,23.72818],[91.0784,23.72485],[91.07983,23.72916],[91.08234,23.72745],[91.0856,23.73035],[91.08287,23.7238],[91.07983,23.72333],[91.08134,23.72021],[91.08348,23.7218],[91.08603,23.7178],[91.09199,23.71699],[91.0967,23.72021],[91.09603,23.7158],[91.1097,23.71735],[91.10735,23.71315],[91.09799,23.70963],[91.10763,23.7093],[91.10167,23.7049],[91.1066,23.70231],[91.10873,23.70691],[91.11147,23.69327],[91.11805,23.69772],[91.11803,23.68519],[91.12093,23.68789],[91.12275,23.68043],[91.12758,23.68234],[91.12442,23.67469],[91.12045,23.67602],[91.12754,23.67196],[91.12558,23.6686],[91.14076,23.66437],[91.14159,23.6682],[91.14883,23.67047],[91.15631,23.66873],[91.15604,23.6709],[91.16061,23.66406],[91.1663,23.66344],[91.17154,23.65718],[91.18109,23.65664],[91.18222,23.65981],[91.19261,23.65443],[91.19064,23.64706],[91.20379,23.65054],[91.2016,23.65432],[91.20423,23.65531],[91.20056,23.65651],[91.20695,23.68655],[91.20299,23.68585],[91.19535,23.69195],[91.15317,23.68879],[91.14848,23.71186],[91.1558,23.73658],[91.16766,23.7502],[91.20589,23.75003],[91.20968,23.749],[91.21846,23.73682],[91.23044,23.76416],[91.23054,23.78382],[91.22636,23.79112],[91.23121,23.79798],[91.2329,23.81064],[91.25448,23.83779],[91.24069,23.86276],[91.23768,23.87423],[91.22961,23.88084],[91.2289,23.89832],[91.24389,23.90609],[91.24581,23.91305],[91.24113,23.92285],[91.23337,23.92691],[91.2753,23.92468],[91.2726,23.93777],[91.26409,23.94536],[91.27133,23.96301],[91.28507,23.98236],[91.28756,23.96782],[91.29936,23.9717],[91.29744,23.97598],[91.30348,23.99616],[91.29613,24.00071],[91.29551,24.00696],[91.30119,24.01439],[91.30419,24.01221],[91.30905,24.01775],[91.30905,24.02375],[91.30394,24.02615],[91.31014,24.0269],[91.31358,24.03141],[91.3127,24.04123],[91.30398,24.04545],[91.30421,24.05729],[91.29275,24.0626],[91.28563,24.06085],[91.2848,24.0752],[91.28851,24.07895],[91.28886,24.08681],[91.29278,24.08799],[91.29271,24.09451],[91.28228,24.09462],[91.27927,24.09071],[91.27311,24.0953],[91.26801,24.09467],[91.26953,24.11279],[91.28408,24.11201],[91.28394,24.11852],[91.28862,24.11689],[91.29344,24.11975],[91.27112,24.12471],[91.27097,24.14285],[91.26227,24.1428],[91.26168,24.14605],[91.26822,24.14943],[91.26854,24.15966],[91.27574,24.15852],[91.27755,24.18277],[91.2846,24.18226],[91.28506,24.18755],[91.29839,24.18715],[91.30803,24.19242],[91.31415,24.1856],[91.31332,24.20523],[91.30528,24.20446],[91.30548,24.20042],[91.29968,24.20348],[91.29766,24.19916],[91.28639,24.19646],[91.27701,24.20038],[91.27503,24.20453],[91.2806,24.20721],[91.27929,24.20972],[91.28435,24.20978],[91.28528,24.21918],[91.28947,24.21991],[91.291,24.21512],[91.29761,24.21441],[91.30085,24.22484],[91.30571,24.22144],[91.30762,24.22734],[91.3148,24.22868],[91.31459,24.23196],[91.32427,24.23148],[91.32899,24.25156],[91.32636,24.25186],[91.32505,24.26251],[91.31291,24.26775],[91.31285,24.26812]]]},"id":"BD2012"},{"type":"Feature","properties":{"code":"BD2013","name":"Chandpur","parent_code":"BD20","division_name":"Chattogram"},"geometry":{"type":"Polygon","coordinates":[[[90.65912,23.49739],[90.64145,23.50436],[90.61861,23.49014],[90.61165,23.49024],[90.60581,23.49551],[90.5945,23.49187],[90.57742,23.49559],[90.57758,23.48576],[90.5842,23.48372],[90.58419,23.48075],[90.58174,23.47211],[90.57771,23.47089],[90.57874,23.46001],[90.57438,23.44322],[90.54637,23.40749],[90.53854,23.39046],[90.53875,23.37971],[90.55247,23.36359],[90.57122,23.35118],[90.57476,23.33763],[90.58162,23.33643],[90.56551,23.3175],[90.56209,23.30468],[90.55584,23.30525],[90.55455,23.29787],[90.58183,23.2526],[90.59265,23.25254],[90.59555,23.2474],[90.59205,23.22664],[90.59483,23.20715],[90.58774,23.18712],[90.58044,23.18234],[90.57994,23.1737],[90.56631,23.16482],[90.56713,23.14061],[90.55564,23.12453],[90.52721,23.11665],[90.53292,23.09354],[90.57137,23.04944],[90.59539,23.03034],[90.61762,23.00246],[90.63718,22.99883],[90.65177,22.98301],[90.65329,22.99085],[90.66414,23.00834],[90.6635,23.01502],[90.67284,23.01732],[90.66046,23.02431],[90.66894,23.03336],[90.66128,23.0493],[90.69187,23.06334],[90.70591,23.05993],[90.73111,23.04096],[90.74541,23.05212],[90.74265,23.05386],[90.75505,23.06],[90.75121,23.06326],[90.75207,23.06622],[90.77084,23.07553],[90.79203,23.07586],[90.79392,23.07798],[90.79041,23.07681],[90.79307,23.07974],[90.79002,23.08328],[90.79405,23.08922],[90.79479,23.10699],[90.79863,23.1121],[90.79639,23.11585],[90.81614,23.11829],[90.82084,23.12838],[90.83633,23.13329],[90.83915,23.14308],[90.85061,23.14842],[90.84609,23.15281],[90.84627,23.1614],[90.85447,23.16111],[90.85487,23.16401],[90.85771,23.16247],[90.86747,23.16807],[90.87893,23.16763],[90.88045,23.16411],[90.89095,23.16593],[90.90152,23.15669],[90.90279,23.14996],[90.91349,23.15325],[90.91199,23.14568],[90.92292,23.14649],[90.9349,23.14142],[90.9549,23.14389],[90.96191,23.13805],[90.96074,23.13367],[90.96454,23.12952],[90.97984,23.13311],[90.98827,23.13958],[91.00731,23.14025],[91.01128,23.15357],[91.00509,23.15435],[91.00686,23.16627],[90.99893,23.18079],[91.01091,23.18539],[91.00716,23.19101],[91.01786,23.19444],[91.01611,23.19735],[91.01579,23.19474],[91.01259,23.19587],[91.01175,23.20486],[91.01407,23.21203],[91.02567,23.2181],[91.02819,23.23022],[91.02405,23.23413],[91.02431,23.24687],[91.01439,23.24863],[91.01284,23.26469],[91.0105,23.26451],[91.00906,23.27036],[91.00446,23.26764],[90.99406,23.29289],[90.98562,23.29047],[90.98413,23.28675],[90.98026,23.28855],[90.98129,23.29771],[90.97441,23.30118],[90.97475,23.31583],[90.97119,23.32169],[90.9626,23.32408],[90.95579,23.33402],[90.95825,23.33997],[90.95558,23.34844],[90.95223,23.34832],[90.94887,23.34272],[90.94497,23.34311],[90.94419,23.34633],[90.93289,23.34711],[90.93309,23.35533],[90.92933,23.36286],[90.93324,23.36573],[90.92989,23.37707],[90.91871,23.38755],[90.91137,23.3875],[90.90848,23.39551],[90.89781,23.39606],[90.89899,23.40793],[90.89114,23.40879],[90.88238,23.44497],[90.87675,23.45434],[90.86376,23.45273],[90.85753,23.45927],[90.85113,23.45926],[90.85204,23.46565],[90.84651,23.47271],[90.8326,23.47076],[90.83207,23.46353],[90.81726,23.4632],[90.81685,23.44724],[90.8116,23.44742],[90.80879,23.44334],[90.80364,23.44796],[90.79971,23.44704],[90.79378,23.4332],[90.78577,23.43379],[90.79134,23.43751],[90.78226,23.43833],[90.78242,23.44219],[90.77605,23.44172],[90.77737,23.44491],[90.77382,23.44399],[90.771,23.44781],[90.76905,23.43558],[90.76418,23.42757],[90.75935,23.42785],[90.76228,23.42261],[90.75639,23.41942],[90.75528,23.41433],[90.75083,23.41457],[90.74794,23.42236],[90.73408,23.42656],[90.7336,23.42136],[90.73787,23.41553],[90.73589,23.41378],[90.73119,23.41751],[90.72936,23.425],[90.71134,23.43264],[90.70976,23.45317],[90.70012,23.46531],[90.6863,23.49542],[90.67544,23.49345],[90.65951,23.49723],[90.65912,23.49739]]]},"id":"BD2013"},{"type":"Feature","properties":{"code":"BD2015","name":"Chattogram","parent_code":"BD20","division_name":"Chattogram"},"geometry":{"type":"MultiPolygon","coordinates":[[[[91.70058,22.98879],[91.69388,22.98845],[91.6806,22.97721],[91.67669,22.98438],[91.67457,22.9792],[91.65809,22.98121],[91.6523,22.97599],[91.65047,22.98319],[91.64616,22.98518],[91.64526,22.97759],[91.64098,22.97521],[91.63619,22.96292],[91.62417,22.96176],[91.62571,22.95561],[91.62199,22.94225],[91.61294,22.94824],[91.61619,22.94971],[91.61462,22.95305],[91.60749,22.95174],[91.60927,22.95741],[91.6007,22.95502],[91.60569,22.96204],[91.61362,22.95894],[91.60564,22.96655],[91.60604,22.97247],[91.60184,22.9725],[91.59858,22.97665],[91.59302,22.97362],[91.59025,22.97768],[91.57752,22.96729],[91.57701,22.96276],[91.56808,22.95821],[91.56705,22.95177],[91.56209,22.95726],[91.55227,22.95586],[91.54817,22.95868],[91.53834,22.94633],[91.53038,22.95243],[91.52777,22.95142],[91.52455,22.94588],[91.53518,22.94249],[91.53893,22.93399],[91.53051,22.92975],[91.53303,22.91939],[91.51559,22.91034],[91.51453,22.90551],[91.50507,22.9039],[91.49449,22.9086],[91.45912,22.90643],[91.46537,22.90059],[91.46098,22.8966],[91.46169,22.88237],[91.47214,22.88298],[91.47408,22.87546],[91.46616,22.86356],[91.46587,22.84705],[91.46172,22.83193],[91.44475,22.80936],[91.44622,22.77067],[91.45141,22.73868],[91.4563,22.73555],[91.47722,22.70026],[91.49634,22.6502],[91.51881,22.63043],[91.52106,22.61778],[91.53957,22.59487],[91.55723,22.57919],[91.5766,22.54768],[91.61573,22.4966],[91.63491,22.4509],[91.64397,22.40669],[91.73902,22.40889],[91.7451,22.39931],[91.74466,22.39203],[91.75158,22.3771],[91.74231,22.37708],[91.74246,22.37346],[91.75497,22.28509],[91.77332,22.26296],[91.77719,22.25312],[91.77853,22.23213],[91.81217,22.20784],[91.81394,22.19873],[91.80869,22.1892],[91.81135,22.17293],[91.83797,22.11622],[91.84362,22.10993],[91.85769,22.10821],[91.8596,22.09086],[91.87004,22.06579],[91.86843,22.06225],[91.88035,22.04537],[91.87808,22.0308],[91.88511,22.0126],[91.87763,21.94574],[91.87995,21.94081],[91.89799,21.94146],[91.89914,21.93603],[91.9066,21.93104],[91.9044,21.91246],[91.91272,21.87946],[91.91432,21.85778],[91.92089,21.85534],[91.92499,21.85831],[91.92261,21.87338],[91.92809,21.87867],[91.93991,21.87793],[91.94512,21.88619],[91.95162,21.8824],[91.9577,21.891],[91.9605,21.88837],[91.95939,21.88257],[91.96506,21.88164],[91.9703,21.88791],[91.96662,21.89098],[91.97174,21.90349],[91.98172,21.90072],[91.99965,21.90877],[92.01281,21.90391],[92.03148,21.9079],[92.03443,21.90512],[92.03595,21.91329],[92.04101,21.91451],[92.03875,21.92193],[92.05012,21.91641],[92.05226,21.92063],[92.05721,21.92185],[92.05949,21.90707],[92.07505,21.92265],[92.07997,21.92032],[92.08828,21.92542],[92.09071,21.92236],[92.09389,21.92194],[92.09447,21.92486],[92.09901,21.92163],[92.10626,21.92436],[92.10746,21.93071],[92.11761,21.93375],[92.11929,21.93091],[92.114,21.92837],[92.11615,21.92389],[92.11134,21.91715],[92.118,21.91428],[92.11876,21.90881],[92.12927,21.90184],[92.14669,21.90892],[92.17488,21.91087],[92.17689,21.91473],[92.17196,21.91611],[92.16553,21.92563],[92.16667,21.93241],[92.16174,21.93309],[92.16365,21.93911],[92.1603,21.94072],[92.16057,21.94479],[92.17317,21.94704],[92.17622,21.94173],[92.18417,21.94407],[92.18794,21.95017],[92.19727,21.95199],[92.19328,21.9537],[92.19704,21.96321],[92.21601,21.97409],[92.21153,21.97888],[92.21164,21.98399],[92.20333,21.98881],[92.20492,22.00032],[92.21624,22.00221],[92.21807,22.00522],[92.21435,22.00831],[92.20225,22.00835],[92.20364,22.01764],[92.19647,22.01859],[92.19386,22.02402],[92.18384,22.02804],[92.17842,22.02391],[92.17504,22.03471],[92.17085,22.03388],[92.17342,22.03457],[92.17097,22.03968],[92.16258,22.04299],[92.1701,22.0482],[92.16963,22.05254],[92.17668,22.05816],[92.17831,22.06505],[92.16605,22.06709],[92.16425,22.07183],[92.1546,22.06999],[92.15768,22.07687],[92.16351,22.08049],[92.16376,22.08539],[92.14454,22.08848],[92.14175,22.09245],[92.14834,22.09725],[92.15254,22.09385],[92.15701,22.09587],[92.15874,22.10133],[92.17103,22.10717],[92.17328,22.11499],[92.16049,22.12934],[92.1706,22.13864],[92.17176,22.14561],[92.1631,22.14725],[92.16372,22.15906],[92.15755,22.16577],[92.16422,22.17512],[92.16273,22.18022],[92.1654,22.18417],[92.15998,22.19174],[92.15354,22.19408],[92.14588,22.21133],[92.14905,22.21257],[92.15044,22.22078],[92.13991,22.23456],[92.14424,22.25616],[92.13675,22.27116],[92.14159,22.27519],[92.14085,22.28624],[92.15061,22.29579],[92.15393,22.31085],[92.14951,22.31745],[92.15458,22.32062],[92.15746,22.33224],[92.15363,22.34051],[92.14693,22.34049],[92.1493,22.35597],[92.13505,22.35997],[92.13702,22.36325],[92.14166,22.36301],[92.1401,22.37094],[92.14282,22.37573],[92.1348,22.37782],[92.12293,22.3748],[92.11079,22.39931],[92.10615,22.39834],[92.10144,22.40761],[92.12026,22.42345],[92.11846,22.43013],[92.12566,22.42986],[92.12799,22.43635],[92.13797,22.43776],[92.14456,22.44402],[92.14155,22.44591],[92.14202,22.45749],[92.13038,22.46532],[92.13626,22.46899],[92.13202,22.47944],[92.13579,22.48406],[92.13091,22.48801],[92.13045,22.49819],[92.12375,22.50965],[92.12263,22.51372],[92.12567,22.51703],[92.11756,22.53618],[92.11051,22.5342],[92.10893,22.56101],[92.10145,22.56212],[92.10703,22.5676],[92.10728,22.57277],[92.09994,22.58493],[92.08922,22.58913],[92.0814,22.5983],[92.08868,22.60646],[92.08825,22.60856],[92.08348,22.60653],[92.08399,22.6133],[92.07482,22.61377],[92.0735,22.6193],[92.05408,22.61575],[92.04825,22.61036],[92.04893,22.61437],[92.04395,22.61456],[92.04422,22.6232],[92.03967,22.62691],[92.03917,22.62198],[92.03422,22.62143],[92.03307,22.61417],[92.02677,22.61469],[92.01515,22.60902],[92.00773,22.59201],[92.00808,22.58659],[92.01622,22.57801],[92.01513,22.57522],[92.01929,22.57415],[92.01559,22.55481],[92.02352,22.54823],[92.02251,22.54088],[92.02937,22.53308],[92.01838,22.52449],[92.0226,22.51466],[92.0172,22.51177],[92.01714,22.50459],[92.00649,22.50256],[92.00566,22.49415],[92.00007,22.49136],[91.97358,22.49053],[91.97063,22.49661],[91.97782,22.50637],[91.97789,22.51141],[91.97151,22.51832],[91.97379,22.52245],[91.96849,22.55206],[91.96201,22.56553],[91.96391,22.57235],[91.96008,22.5741],[91.95337,22.59666],[91.94195,22.60786],[91.94573,22.61295],[91.93962,22.62494],[91.94067,22.64575],[91.93509,22.65849],[91.94348,22.66943],[91.93869,22.67242],[91.93712,22.67869],[91.92723,22.68005],[91.9303,22.69128],[91.92459,22.69892],[91.91398,22.69611],[91.9091,22.69841],[91.89886,22.6924],[91.89278,22.69752],[91.88464,22.69824],[91.87799,22.71723],[91.88726,22.7497],[91.89085,22.75074],[91.89596,22.7469],[91.89806,22.7488],[91.89156,22.75436],[91.89125,22.76178],[91.87546,22.76661],[91.86591,22.7581],[91.86026,22.75898],[91.85682,22.75465],[91.8568,22.75964],[91.86283,22.76559],[91.86054,22.77449],[91.85433,22.77109],[91.85429,22.76723],[91.84103,22.77866],[91.83429,22.77279],[91.83323,22.78106],[91.83848,22.7871],[91.82623,22.78662],[91.81875,22.79041],[91.80978,22.78959],[91.80481,22.77876],[91.79869,22.77551],[91.79915,22.7696],[91.79404,22.76722],[91.79552,22.77207],[91.78955,22.77689],[91.79149,22.78223],[91.78233,22.78534],[91.77664,22.79301],[91.77427,22.80613],[91.76374,22.81915],[91.76626,22.83208],[91.75708,22.84206],[91.75931,22.85073],[91.75677,22.8601],[91.7476,22.86981],[91.73085,22.87258],[91.73095,22.87752],[91.71875,22.88782],[91.71812,22.89364],[91.72764,22.90644],[91.72305,22.91498],[91.72666,22.93354],[91.73289,22.93796],[91.72888,22.9407],[91.72857,22.95259],[91.73122,22.95403],[91.72579,22.95645],[91.72174,22.96645],[91.7202,22.98256],[91.70736,22.98383],[91.70101,22.98862],[91.70058,22.98879]]],[[[91.35719,22.60175],[91.34976,22.60989],[91.34924,22.60416],[91.35611,22.60166],[91.35719,22.60175]]],[[[91.35339,22.59951],[91.34389,22.61149],[91.33707,22.60846],[91.33659,22.59908],[91.33489,22.61121],[91.32349,22.61039],[91.34364,22.58331],[91.3536,22.58603],[91.3533,22.59879],[91.35339,22.59951]]],[[[91.559,22.47908],[91.53992,22.51445],[91.50225,22.56668],[91.47815,22.59405],[91.45609,22.61334],[91.43943,22.61813],[91.42818,22.61032],[91.41634,22.5968],[91.41014,22.58245],[91.41382,22.56561],[91.39039,22.56552],[91.38469,22.55881],[91.38293,22.48655],[91.38486,22.47606],[91.38979,22.47591],[91.39332,22.45072],[91.39874,22.44347],[91.38267,22.44205],[91.38271,22.4395],[91.40666,22.42836],[91.4073,22.42212],[91.41872,22.41746],[91.4409,22.39737],[91.46072,22.39381],[91.46811,22.39993],[91.47676,22.40059],[91.48636,22.39287],[91.51574,22.38579],[91.53245,22.38762],[91.54484,22.39448],[91.56345,22.39878],[91.56995,22.40511],[91.57016,22.4154],[91.57831,22.42602],[91.57147,22.43729],[91.56979,22.45416],[91.56318,22.46966],[91.559,22.47908]]],[[[91.3787,22.70537],[91.38382,22.71197],[91.38136,22.71662],[91.34926,22.72978],[91.34162,22.69983],[91.33467,22.68495],[91.32631,22.67282],[91.3112,22.6618],[91.31735,22.65555],[91.33287,22.65988],[91.3664,22.65444],[91.37522,22.67071],[91.37566,22.686],[91.39542,22.6725],[91.39355,22.6715],[91.40037,22.67048],[91.40681,22.68386],[91.39956,22.69679],[91.38686,22.70784],[91.37949,22.70434],[91.3787,22.70537]]]]},"id":"BD2015"},{"type":"Feature","properties":{"code":"BD2019","name":"Cumilla","parent_code":"BD20","division_name":"Chattogram"},"geometry":{"type":"Polygon","coordinates":[[[91.03754,23.78788],[91.0348,23.79629],[91.00382,23.78788],[91.00035,23.79407],[90.99499,23.79445],[90.99869,23.78666],[90.96197,23.78089],[90.95911,23.77432],[90.94787,23.77596],[90.91478,23.76467],[90.91352,23.76856],[90.90127,23.76691],[90.89914,23.76032],[90.8932,23.76013],[90.88513,23.753],[90.8866,23.73693],[90.88235,23.72518],[90.86939,23.71801],[90.86611,23.7227],[90.85822,23.72168],[90.84885,23.72582],[90.8345,23.72461],[90.82806,23.73443],[90.81573,23.73433],[90.81146,23.73726],[90.80873,23.73287],[90.8018,23.73486],[90.79861,23.75549],[90.79118,23.74307],[90.79304,23.74196],[90.77979,23.73347],[90.78076,23.72651],[90.775,23.71337],[90.77638,23.70649],[90.78606,23.69825],[90.78466,23.68655],[90.77116,23.68434],[90.76458,23.69858],[90.7605,23.69963],[90.74146,23.69294],[90.73298,23.66986],[90.72227,23.66484],[90.70401,23.66738],[90.67969,23.68288],[90.66837,23.6799],[90.66352,23.67458],[90.64636,23.67729],[90.63453,23.63432],[90.6252,23.6192],[90.63904,23.61447],[90.65102,23.61834],[90.66377,23.5916],[90.66225,23.58884],[90.64763,23.58909],[90.64474,23.57689],[90.6515,23.57154],[90.66781,23.57115],[90.68363,23.55955],[90.68666,23.54759],[90.69745,23.52798],[90.70723,23.51941],[90.70456,23.50652],[90.6863,23.49542],[90.70012,23.46531],[90.70976,23.45317],[90.71143,23.43253],[90.72936,23.425],[90.73502,23.41408],[90.73788,23.41543],[90.73356,23.42146],[90.73427,23.42658],[90.74801,23.42232],[90.75083,23.41457],[90.75449,23.41398],[90.75639,23.41942],[90.76228,23.42261],[90.75935,23.42785],[90.76418,23.42757],[90.76905,23.43558],[90.77074,23.44771],[90.77382,23.44399],[90.77737,23.44491],[90.77605,23.44172],[90.78242,23.44219],[90.78226,23.43833],[90.79134,23.43751],[90.78577,23.43379],[90.79378,23.4332],[90.79971,23.44704],[90.80364,23.44796],[90.80879,23.44334],[90.8116,23.44742],[90.81685,23.44724],[90.81726,23.4632],[90.83207,23.46353],[90.83228,23.47061],[90.84651,23.47271],[90.85204,23.46565],[90.85113,23.45926],[90.85753,23.45927],[90.86376,23.45273],[90.87708,23.45406],[90.88238,23.44497],[90.89114,23.40879],[90.89899,23.40793],[90.89781,23.39606],[90.90848,23.39551],[90.91137,23.3875],[90.91871,23.38755],[90.93011,23.37668],[90.93324,23.36573],[90.92941,23.36129],[90.93309,23.35533],[90.93289,23.34711],[90.94419,23.34633],[90.94497,23.34311],[90.94887,23.34272],[90.95223,23.34832],[90.95558,23.34844],[90.95825,23.33997],[90.95579,23.33402],[90.9626,23.32408],[90.97119,23.32169],[90.97475,23.31583],[90.97441,23.30118],[90.98129,23.29771],[90.98026,23.28855],[90.98413,23.28675],[90.98562,23.29047],[90.99406,23.29289],[91.00446,23.26764],[91.00906,23.27036],[91.0105,23.26451],[91.01284,23.26469],[91.01439,23.24863],[91.02431,23.24687],[91.02405,23.23413],[91.02811,23.2313],[91.02567,23.2181],[91.01407,23.21203],[91.01175,23.20486],[91.01259,23.19587],[91.01579,23.19474],[91.01611,23.19735],[91.01786,23.19444],[91.00716,23.19101],[91.01091,23.18539],[90.99893,23.18079],[91.00686,23.16627],[91.00509,23.15435],[91.01128,23.15357],[91.01045,23.14586],[91.00695,23.14009],[90.98827,23.13958],[90.97963,23.13295],[90.98563,23.12776],[90.98544,23.11563],[90.99727,23.11779],[91.00111,23.11286],[91.01355,23.11431],[91.01965,23.11144],[91.02409,23.10438],[91.02814,23.1059],[91.02927,23.11099],[91.03582,23.11318],[91.04194,23.09745],[91.04073,23.09305],[91.0502,23.08154],[91.06223,23.07952],[91.06436,23.07587],[91.07894,23.07501],[91.08117,23.07323],[91.07891,23.06872],[91.08368,23.06729],[91.11054,23.07008],[91.11425,23.07352],[91.13424,23.07473],[91.13971,23.0719],[91.14243,23.07792],[91.16415,23.08277],[91.17075,23.06845],[91.18243,23.06706],[91.18651,23.06022],[91.20008,23.06098],[91.20723,23.06686],[91.21771,23.06664],[91.21895,23.06099],[91.22375,23.05875],[91.22623,23.0665],[91.23632,23.06678],[91.23684,23.05998],[91.24386,23.05811],[91.2649,23.05447],[91.2708,23.05711],[91.2719,23.05469],[91.2791,23.06104],[91.28916,23.05215],[91.29413,23.05393],[91.30074,23.05029],[91.31312,23.04982],[91.31451,23.05669],[91.32896,23.06622],[91.36928,23.07015],[91.34696,23.10165],[91.34713,23.1184],[91.34154,23.11848],[91.34181,23.12817],[91.33689,23.13204],[91.33256,23.1531],[91.32352,23.15928],[91.32366,23.23761],[91.31892,23.24002],[91.31867,23.24515],[91.32556,23.24724],[91.32655,23.25253],[91.31764,23.25349],[91.3111,23.27185],[91.30965,23.27642],[91.31669,23.28141],[91.30237,23.28627],[91.30025,23.29299],[91.30732,23.30061],[91.3153,23.29794],[91.31455,23.30478],[91.3098,23.31463],[91.29651,23.3148],[91.29019,23.31952],[91.29645,23.34076],[91.31049,23.34261],[91.31093,23.35241],[91.3174,23.3528],[91.31956,23.35993],[91.31405,23.36001],[91.3007,23.35159],[91.29115,23.35133],[91.29403,23.36129],[91.28633,23.36287],[91.28459,23.37027],[91.29359,23.37124],[91.29383,23.37473],[91.29253,23.3777],[91.2799,23.37695],[91.27598,23.41409],[91.26376,23.42322],[91.26984,23.42978],[91.25679,23.44089],[91.25151,23.45296],[91.2523,23.48004],[91.24917,23.48971],[91.2365,23.48965],[91.2355,23.50221],[91.22387,23.49742],[91.21787,23.49966],[91.22315,23.51482],[91.2076,23.51249],[91.20026,23.52067],[91.21254,23.55098],[91.20722,23.54628],[91.20154,23.55076],[91.1942,23.54766],[91.19476,23.56342],[91.18667,23.57817],[91.17485,23.5861],[91.17734,23.59253],[91.16866,23.59188],[91.16345,23.59475],[91.16393,23.60231],[91.15997,23.60899],[91.16203,23.61235],[91.1573,23.62281],[91.16027,23.63143],[91.15826,23.64],[91.1607,23.65441],[91.15631,23.66873],[91.14845,23.67042],[91.14148,23.66814],[91.14076,23.66437],[91.12558,23.6686],[91.12754,23.67196],[91.12045,23.67602],[91.12442,23.67469],[91.12758,23.68234],[91.12275,23.68043],[91.12093,23.68789],[91.11803,23.68519],[91.11805,23.69772],[91.11147,23.69327],[91.10873,23.70691],[91.1066,23.70231],[91.10167,23.7049],[91.10763,23.7093],[91.09799,23.70963],[91.10735,23.71315],[91.1097,23.71735],[91.09603,23.7158],[91.0967,23.72021],[91.09199,23.71699],[91.08603,23.7178],[91.08348,23.7218],[91.08134,23.72021],[91.07983,23.72333],[91.08287,23.7238],[91.0856,23.73035],[91.08234,23.72745],[91.07983,23.72916],[91.0784,23.72485],[91.07352,23.72818],[91.07818,23.7371],[91.06831,23.73084],[91.06693,23.73373],[91.07156,23.73999],[91.06534,23.7369],[91.06661,23.74572],[91.06293,23.74261],[91.05705,23.74652],[91.06067,23.74751],[91.06079,23.75473],[91.06488,23.75963],[91.05452,23.7553],[91.05771,23.76405],[91.04885,23.75962],[91.05277,23.76957],[91.04165,23.76383],[91.04117,23.76835],[91.04484,23.76763],[91.04736,23.77368],[91.04425,23.77939],[91.03868,23.77502],[91.03756,23.78786],[91.03754,23.78788]]]},"id":"BD2019"},{"type":"Feature","properties":{"code":"BD2022","name":"Cox's Bazar","parent_code":"BD20","division_name":"Chattogram"},"geometry":{"type":"MultiPolygon","coordinates":[[[[92.05683,21.92197],[92.05012,21.91641],[92.03875,21.92193],[92.04101,21.91451],[92.03595,21.91329],[92.03443,21.90512],[92.03148,21.9079],[92.01281,21.90391],[91.99965,21.90877],[91.98172,21.90072],[91.97174,21.90349],[91.96662,21.89098],[91.9703,21.88791],[91.96506,21.88164],[91.95939,21.88257],[91.96042,21.88874],[91.95693,21.89081],[91.95162,21.8824],[91.94512,21.88619],[91.93991,21.87793],[91.93024,21.87931],[91.92358,21.87588],[91.92232,21.87034],[91.9259,21.86267],[91.9229,21.85583],[91.90401,21.8591],[91.89269,21.81998],[91.85575,21.73149],[91.87282,21.72224],[91.85598,21.6906],[91.85447,21.67225],[91.84356,21.64766],[91.84222,21.62456],[91.84645,21.58704],[91.85269,21.57503],[91.8533,21.5624],[91.84989,21.54481],[91.84274,21.53955],[91.8419,21.53389],[91.84883,21.51631],[91.86638,21.49556],[91.89394,21.47446],[91.91764,21.47415],[91.92132,21.47931],[91.92183,21.49096],[91.93792,21.49581],[91.94425,21.50348],[91.9528,21.4976],[91.96177,21.49994],[91.97564,21.4806],[91.97543,21.47482],[91.96248,21.47417],[91.94662,21.46571],[91.9463,21.46188],[91.95681,21.44311],[92.00029,21.39358],[92.01879,21.36602],[92.03502,21.31478],[92.04248,21.30461],[92.04799,21.28624],[92.04377,21.23449],[92.04778,21.20328],[92.04618,21.18457],[92.05444,21.16703],[92.18524,21.0108],[92.20208,20.95898],[92.21746,20.92668],[92.28077,20.82699],[92.30424,20.76199],[92.31427,20.74364],[92.34563,20.72015],[92.35511,20.71865],[92.36129,20.72109],[92.36869,20.71779],[92.36097,20.73937],[92.36181,20.75007],[92.34672,20.77809],[92.33344,20.83167],[92.31586,20.88471],[92.2841,20.91918],[92.27087,20.94044],[92.27155,20.98079],[92.26364,21.01175],[92.25402,21.02366],[92.25671,21.04818],[92.26459,21.06226],[92.25883,21.07917],[92.23406,21.09706],[92.22391,21.12044],[92.21797,21.1229],[92.20749,21.11898],[92.20135,21.12406],[92.19813,21.13824],[92.20339,21.15039],[92.19975,21.1615],[92.19279,21.16347],[92.17961,21.15889],[92.17578,21.16232],[92.17341,21.17997],[92.17639,21.18349],[92.17312,21.18488],[92.17274,21.18978],[92.16939,21.19006],[92.17365,21.19794],[92.16953,21.20098],[92.16799,21.21353],[92.16483,21.21506],[92.16929,21.22696],[92.17922,21.23557],[92.1809,21.25224],[92.19026,21.2607],[92.19157,21.26597],[92.18918,21.2706],[92.17985,21.26934],[92.16947,21.29752],[92.15739,21.31008],[92.12775,21.40167],[92.13856,21.40481],[92.14026,21.40054],[92.14431,21.40067],[92.14794,21.40784],[92.15636,21.41216],[92.15516,21.42376],[92.16273,21.43264],[92.1681,21.42966],[92.1776,21.43233],[92.1816,21.42482],[92.18717,21.4259],[92.20169,21.38919],[92.21466,21.39235],[92.21893,21.3983],[92.24093,21.39498],[92.24745,21.40302],[92.23753,21.41152],[92.24109,21.42269],[92.2328,21.42626],[92.2329,21.4376],[92.22829,21.44325],[92.24079,21.44993],[92.23818,21.45397],[92.24072,21.46668],[92.23784,21.4746],[92.22349,21.47753],[92.22486,21.48836],[92.21763,21.49404],[92.21679,21.49878],[92.20923,21.49936],[92.20395,21.4958],[92.20166,21.50844],[92.19474,21.50853],[92.18696,21.50366],[92.18594,21.49464],[92.18337,21.50616],[92.17483,21.50051],[92.16973,21.50461],[92.16992,21.51298],[92.16063,21.52529],[92.15876,21.53569],[92.16401,21.53714],[92.16579,21.54264],[92.17978,21.55179],[92.18591,21.56451],[92.17729,21.57372],[92.17444,21.58401],[92.17053,21.58449],[92.1754,21.59601],[92.1646,21.60325],[92.16058,21.59669],[92.14874,21.59156],[92.14448,21.59683],[92.14692,21.60854],[92.14221,21.61565],[92.13199,21.61937],[92.12468,21.6264],[92.11282,21.62855],[92.10624,21.63672],[92.09948,21.63693],[92.1073,21.64297],[92.11388,21.64343],[92.1158,21.65022],[92.10172,21.65253],[92.1136,21.66417],[92.1095,21.66909],[92.1022,21.66766],[92.10604,21.67229],[92.10342,21.67974],[92.09429,21.68326],[92.10541,21.69133],[92.10387,21.69767],[92.10738,21.70213],[92.11591,21.70226],[92.11644,21.70742],[92.10909,21.71657],[92.11803,21.71421],[92.12083,21.71849],[92.11308,21.72692],[92.11793,21.73343],[92.11282,21.73568],[92.11331,21.73841],[92.13725,21.7336],[92.15634,21.73493],[92.15916,21.74055],[92.15417,21.74244],[92.1539,21.74567],[92.16263,21.76847],[92.17669,21.7785],[92.17743,21.78675],[92.18232,21.78808],[92.18308,21.77677],[92.1893,21.77349],[92.19368,21.77474],[92.19635,21.78603],[92.21264,21.78702],[92.20426,21.80489],[92.20585,21.8152],[92.19791,21.82406],[92.18753,21.81782],[92.18684,21.82792],[92.18085,21.83231],[92.18494,21.83153],[92.1855,21.8438],[92.17615,21.84484],[92.17077,21.84205],[92.16936,21.83471],[92.17988,21.82016],[92.18119,21.80313],[92.18667,21.80007],[92.18739,21.79265],[92.19158,21.79079],[92.19214,21.77634],[92.18585,21.77655],[92.18472,21.78768],[92.17715,21.79029],[92.16452,21.77307],[92.15632,21.77737],[92.15271,21.77487],[92.14349,21.77681],[92.13386,21.79426],[92.10962,21.78837],[92.10408,21.79683],[92.10373,21.804],[92.08304,21.8053],[92.07862,21.81016],[92.08148,21.81858],[92.07937,21.82109],[92.0841,21.82864],[92.09069,21.83001],[92.09308,21.83728],[92.08533,21.85525],[92.08822,21.86166],[92.08542,21.87039],[92.08742,21.87346],[92.08405,21.87448],[92.08518,21.88492],[92.07178,21.90029],[92.06218,21.90278],[92.06301,21.91066],[92.05893,21.90712],[92.05721,21.92185],[92.05683,21.92197]]],[[[92.32343,20.63698],[92.31755,20.63435],[92.31505,20.62813],[92.32495,20.61825],[92.32457,20.59456],[92.33029,20.59061],[92.33205,20.60105],[92.3261,20.61881],[92.32958,20.63596],[92.32364,20.63693],[92.32343,20.63698]]],[[[91.87018,21.92309],[91.84634,21.89935],[91.84733,21.88134],[91.8426,21.87535],[91.8409,21.85845],[91.84996,21.83694],[91.85116,21.82446],[91.84213,21.80511],[91.84472,21.7754],[91.83312,21.76028],[91.82943,21.74271],[91.82938,21.72323],[91.83361,21.72114],[91.84572,21.72429],[91.84523,21.74056],[91.85073,21.74508],[91.87732,21.82143],[91.89463,21.86081],[91.89566,21.8844],[91.89266,21.89581],[91.87981,21.92114],[91.87059,21.92302],[91.87018,21.92309]]]]},"id":"BD2022"},{"type":"Feature","properties":{"code":"BD2030","name":"Feni","parent_code":"BD20","division_name":"Chattogram"},"geometry":{"type":"Polygon","coordinates":[[[91.41039,23.28366],[91.40824,23.28463],[91.40964,23.25584],[91.40331,23.25836],[91.39968,23.26582],[91.3971,23.26508],[91.39708,23.25621],[91.40697,23.24779],[91.39132,23.24675],[91.39837,23.23545],[91.39845,23.22945],[91.3855,23.22765],[91.39023,23.2201],[91.37913,23.20857],[91.3859,23.20816],[91.38594,23.20431],[91.38361,23.19192],[91.37995,23.1917],[91.37845,23.18473],[91.38151,23.18463],[91.38056,23.17553],[91.38362,23.17557],[91.38346,23.15643],[91.38782,23.15303],[91.39655,23.1288],[91.39623,23.11771],[91.40222,23.11351],[91.39964,23.09655],[91.40538,23.09686],[91.40441,23.08779],[91.40726,23.08353],[91.41637,23.08309],[91.41058,23.06613],[91.41599,23.0638],[91.39607,23.05601],[91.36941,23.07022],[91.34106,23.06836],[91.33232,23.06461],[91.32896,23.06622],[91.31482,23.05695],[91.31312,23.04982],[91.30074,23.05029],[91.29413,23.05393],[91.28916,23.05215],[91.2791,23.06104],[91.2719,23.05469],[91.2708,23.05711],[91.2649,23.05447],[91.25922,23.05591],[91.25624,23.04716],[91.25722,23.04346],[91.26483,23.03998],[91.25914,23.03754],[91.2652,23.02727],[91.26248,23.01885],[91.2593,23.01763],[91.25822,22.97704],[91.25607,22.96512],[91.25246,22.96312],[91.25884,22.96066],[91.26054,22.95592],[91.25982,22.92263],[91.26304,22.91136],[91.25763,22.91033],[91.2563,22.90673],[91.25068,22.9093],[91.25163,22.9053],[91.24826,22.90427],[91.25239,22.89459],[91.25788,22.89576],[91.26333,22.8873],[91.26181,22.88523],[91.26489,22.88683],[91.26755,22.88432],[91.27221,22.89313],[91.27803,22.89265],[91.2801,22.9016],[91.30059,22.89649],[91.30976,22.907],[91.3139,22.90672],[91.3142,22.90292],[91.32156,22.904],[91.3273,22.90872],[91.33765,22.90781],[91.34099,22.91267],[91.34236,22.90656],[91.3511,22.90002],[91.35236,22.89442],[91.34265,22.89585],[91.34425,22.88014],[91.33425,22.88415],[91.32746,22.88108],[91.33429,22.87467],[91.34243,22.87608],[91.3366,22.8674],[91.33675,22.86262],[91.35176,22.86541],[91.34714,22.85713],[91.35188,22.85241],[91.34597,22.85271],[91.33925,22.86051],[91.33505,22.84235],[91.32654,22.84893],[91.30953,22.8441],[91.31048,22.83845],[91.32438,22.83643],[91.32469,22.82713],[91.3293,22.82008],[91.33774,22.82026],[91.33129,22.81686],[91.31349,22.82074],[91.31018,22.81652],[91.31185,22.80924],[91.33946,22.78715],[91.36437,22.7957],[91.36685,22.80016],[91.37241,22.79546],[91.38141,22.77521],[91.39549,22.76663],[91.41791,22.76073],[91.45119,22.73748],[91.44475,22.80936],[91.46172,22.83193],[91.46587,22.84705],[91.46616,22.86356],[91.47408,22.87546],[91.47214,22.88298],[91.46169,22.88237],[91.46098,22.8966],[91.46537,22.90059],[91.45912,22.90643],[91.49449,22.9086],[91.50507,22.9039],[91.51411,22.9053],[91.51559,22.91034],[91.53303,22.91939],[91.53051,22.92975],[91.53893,22.93399],[91.53518,22.94249],[91.52455,22.94588],[91.52777,22.95142],[91.53038,22.95243],[91.53834,22.94633],[91.54817,22.95868],[91.55227,22.95586],[91.56209,22.95726],[91.56705,22.95177],[91.56808,22.95821],[91.57889,22.96495],[91.55633,22.97895],[91.5567,22.99659],[91.54714,22.99482],[91.54233,22.99925],[91.54793,23.01914],[91.53842,23.01981],[91.55015,23.03866],[91.5306,23.03869],[91.53667,23.0546],[91.52523,23.05547],[91.52623,23.06011],[91.5354,23.06383],[91.52561,23.08319],[91.53052,23.08637],[91.53041,23.0914],[91.51944,23.09442],[91.52271,23.1042],[91.51145,23.10447],[91.51253,23.1131],[91.52036,23.11457],[91.51921,23.11786],[91.51533,23.11776],[91.51455,23.12288],[91.51781,23.12559],[91.504,23.12739],[91.50383,23.13042],[91.5149,23.13866],[91.51527,23.14493],[91.5099,23.14305],[91.50987,23.14041],[91.49976,23.14247],[91.49518,23.14715],[91.50718,23.1544],[91.49427,23.15234],[91.49096,23.15778],[91.49822,23.17178],[91.49241,23.17208],[91.49164,23.1777],[91.50669,23.18009],[91.50746,23.18381],[91.50096,23.18537],[91.50318,23.19224],[91.49217,23.18901],[91.48844,23.19227],[91.48491,23.18836],[91.47078,23.19653],[91.48242,23.19858],[91.48441,23.20936],[91.47537,23.2205],[91.45837,23.21334],[91.45049,23.21899],[91.45321,23.22332],[91.47026,23.22779],[91.45787,23.24617],[91.44784,23.24385],[91.446,23.24986],[91.45449,23.25725],[91.45415,23.2604],[91.43136,23.26259],[91.42487,23.25822],[91.42113,23.26196],[91.41831,23.25574],[91.41527,23.26258],[91.41947,23.27319],[91.41549,23.2826],[91.41052,23.28364],[91.41039,23.28366]]]},"id":"BD2030"},{"type":"Feature","properties":{"code":"BD2046","name":"Khagrachhari","parent_code":"BD20","division_name":"Chattogram"},"geometry":{"type":"Polygon","coordinates":[[[91.9626,23.73421],[91.95737,23.73449],[91.95427,23.72631],[91.951,23.72605],[91.95421,23.71935],[91.94846,23.71398],[91.95122,23.69905],[91.95623,23.69838],[91.95742,23.69442],[91.94241,23.69399],[91.94108,23.68885],[91.9342,23.68552],[91.94137,23.66971],[91.93965,23.659],[91.94628,23.64617],[91.9465,23.63846],[91.94109,23.63464],[91.95301,23.60847],[91.9522,23.597],[91.95948,23.56291],[91.95733,23.55131],[91.96473,23.53445],[91.95663,23.52955],[91.95643,23.52276],[91.96235,23.51864],[91.97077,23.50282],[91.96372,23.49754],[91.96646,23.46777],[91.9616,23.46301],[91.95091,23.46549],[91.9398,23.44998],[91.9282,23.45348],[91.91962,23.45217],[91.877,23.41767],[91.84983,23.40099],[91.84231,23.39059],[91.84157,23.373],[91.83699,23.36034],[91.82091,23.35915],[91.82833,23.3753],[91.82521,23.40107],[91.81597,23.39868],[91.81237,23.38536],[91.79932,23.39663],[91.78947,23.39759],[91.79749,23.36363],[91.7843,23.35201],[91.78749,23.33916],[91.74308,23.30669],[91.74583,23.30338],[91.76134,23.30297],[91.76546,23.29932],[91.76485,23.29394],[91.75917,23.2877],[91.75964,23.28228],[91.76428,23.27301],[91.77561,23.26769],[91.77395,23.25532],[91.77773,23.25509],[91.77847,23.25201],[91.77495,23.24275],[91.77827,23.23967],[91.78097,23.24282],[91.78284,23.23984],[91.78265,23.23305],[91.78992,23.21929],[91.78625,23.21626],[91.7904,23.20922],[91.78693,23.20786],[91.78734,23.20494],[91.79723,23.19441],[91.79376,23.18674],[91.80459,23.17973],[91.80243,23.17694],[91.80531,23.17327],[91.80435,23.16782],[91.8087,23.16451],[91.80537,23.15747],[91.81264,23.14518],[91.80682,23.13484],[91.81314,23.13319],[91.80993,23.12146],[91.81508,23.11731],[91.81688,23.10604],[91.81205,23.09767],[91.82421,23.09873],[91.83376,23.09408],[91.82242,23.08695],[91.82333,23.08375],[91.8198,23.08076],[91.81822,23.08373],[91.81455,23.0807],[91.81682,23.07353],[91.81237,23.07347],[91.81143,23.06712],[91.80565,23.06728],[91.80567,23.06382],[91.79876,23.06547],[91.7945,23.06299],[91.79534,23.06859],[91.78989,23.07139],[91.78813,23.06782],[91.7834,23.07175],[91.7755,23.07],[91.77281,23.06595],[91.77905,23.05858],[91.77692,23.05599],[91.78346,23.03862],[91.78155,23.03511],[91.77845,23.03703],[91.77929,23.02986],[91.77407,23.02816],[91.77448,23.03898],[91.76796,23.04117],[91.77078,23.03383],[91.76173,23.03102],[91.74204,23.00654],[91.7257,22.99902],[91.72102,22.99009],[91.71721,22.9873],[91.71481,22.99037],[91.71184,22.9867],[91.71373,22.98456],[91.71044,22.98442],[91.72043,22.98213],[91.72174,22.96645],[91.72579,22.95645],[91.73122,22.95403],[91.72857,22.95259],[91.72888,22.9407],[91.73298,22.93865],[91.72666,22.93354],[91.72304,22.91417],[91.72764,22.90644],[91.71812,22.89364],[91.71875,22.88782],[91.73095,22.87752],[91.73085,22.87258],[91.7476,22.86981],[91.75677,22.8601],[91.75931,22.85073],[91.75708,22.84206],[91.76626,22.83208],[91.76374,22.81915],[91.77427,22.80613],[91.77664,22.79301],[91.78233,22.78534],[91.79149,22.78223],[91.78955,22.77689],[91.79552,22.77207],[91.79404,22.76722],[91.79915,22.7696],[91.79869,22.77551],[91.80481,22.77876],[91.80978,22.78959],[91.81875,22.79041],[91.82623,22.78662],[91.83848,22.7871],[91.83323,22.78106],[91.83429,22.77279],[91.84103,22.77866],[91.85429,22.76723],[91.85433,22.77109],[91.86054,22.77449],[91.86283,22.76559],[91.8568,22.75964],[91.85682,22.75465],[91.86026,22.75898],[91.86591,22.7581],[91.87546,22.76661],[91.89125,22.76178],[91.89156,22.75436],[91.89806,22.7488],[91.89596,22.7469],[91.89085,22.75074],[91.88726,22.7497],[91.87799,22.71723],[91.88464,22.69824],[91.89278,22.69752],[91.89886,22.6924],[91.9091,22.69841],[91.91398,22.69611],[91.92368,22.69924],[91.93008,22.69283],[91.9281,22.68861],[91.93368,22.68754],[91.96254,22.69104],[91.96664,22.71779],[91.98995,22.71917],[92.00142,22.72681],[91.97707,22.78244],[91.9746,22.79643],[91.9772,22.82412],[91.98456,22.84937],[92.01615,22.85706],[91.9941,22.88523],[91.9996,22.90041],[92.00741,22.90434],[92.035,22.89765],[92.03237,22.89599],[92.03842,22.89392],[92.0521,22.89611],[92.07522,22.92477],[92.12977,22.96601],[92.13036,22.98152],[92.1222,23.01397],[92.08836,23.09518],[92.16836,23.11609],[92.1996,23.11776],[92.16461,23.1783],[92.16036,23.20258],[92.14446,23.2471],[92.13302,23.3488],[92.12002,23.36116],[92.07724,23.38434],[92.06559,23.39501],[92.07549,23.40579],[92.13954,23.44169],[92.14508,23.44932],[92.14502,23.46646],[92.1305,23.55004],[92.11399,23.59916],[92.08907,23.64673],[92.06333,23.64535],[92.05524,23.64886],[92.04147,23.64812],[92.03021,23.65839],[92.02263,23.65806],[92.02438,23.66268],[92.01917,23.66304],[92.0153,23.65942],[92.01344,23.66333],[92.00839,23.66416],[92.00624,23.67023],[92.00057,23.67137],[91.97842,23.73378],[91.96763,23.7297],[91.96673,23.73404],[91.96317,23.73411],[91.9626,23.73421]]]},"id":"BD2046"},{"type":"Feature","properties":{"code":"BD2051","name":"Lakshmipur","parent_code":"BD20","division_name":"Chattogram"},"geometry":{"type":"Polygon","coordinates":[[[90.87488,23.16776],[90.86642,23.16776],[90.85771,23.16247],[90.85487,23.16401],[90.85447,23.16111],[90.84627,23.1614],[90.84609,23.15281],[90.85061,23.14842],[90.83915,23.14308],[90.83633,23.13329],[90.82084,23.12838],[90.81614,23.11829],[90.79674,23.11635],[90.79863,23.1121],[90.79479,23.10699],[90.79405,23.08922],[90.79002,23.08328],[90.79307,23.07974],[90.78999,23.07758],[90.79374,23.07827],[90.79277,23.07637],[90.77084,23.07553],[90.75207,23.06622],[90.75121,23.06326],[90.75505,23.06],[90.74265,23.05386],[90.74541,23.05212],[90.73111,23.04096],[90.69966,23.06209],[90.68801,23.06336],[90.66622,23.05345],[90.66129,23.04851],[90.66894,23.03336],[90.66037,23.02465],[90.67284,23.01732],[90.6635,23.01502],[90.66414,23.00834],[90.65329,22.99085],[90.65177,22.98301],[90.65758,22.97793],[90.67579,22.94235],[90.69421,22.92476],[90.70154,22.91174],[90.69911,22.90375],[90.6945,22.90112],[90.67257,22.90006],[90.66063,22.90303],[90.66356,22.89544],[90.66277,22.88303],[90.66645,22.88416],[90.68152,22.8743],[90.67957,22.8664],[90.67773,22.86804],[90.67202,22.86451],[90.68031,22.85925],[90.69006,22.86759],[90.71645,22.86823],[90.71757,22.82697],[90.72112,22.81165],[90.72859,22.80257],[90.751,22.79281],[90.76617,22.77893],[90.77026,22.76229],[90.77901,22.67441],[90.7842,22.65972],[90.81419,22.63927],[90.84468,22.60345],[90.89145,22.55902],[90.93147,22.49345],[91.02308,22.54208],[91.01626,22.5749],[91.00645,22.57528],[91.00533,22.5999],[91.00001,22.6142],[90.98118,22.63811],[90.99467,22.66342],[91.01244,22.67836],[91.01223,22.68794],[91.00432,22.70707],[90.9759,22.7146],[90.97727,22.75371],[90.94592,22.77703],[90.89719,22.80092],[90.8888,22.80968],[90.90904,22.81508],[90.92516,22.81389],[90.93111,22.8284],[90.93903,22.8317],[90.93831,22.8383],[90.94104,22.83609],[90.94422,22.83834],[90.94394,22.85053],[90.93902,22.85699],[90.94259,22.86354],[90.95552,22.86113],[90.95398,22.8649],[90.95713,22.86759],[90.96972,22.86616],[90.97652,22.87447],[90.98221,22.8744],[90.98857,22.88035],[90.98768,22.88727],[90.98257,22.89378],[90.98786,22.90253],[90.99241,22.90452],[90.98224,22.91418],[90.98785,22.91816],[90.98253,22.91923],[90.99002,22.92738],[90.98907,22.9334],[90.99257,22.93378],[90.99091,22.936],[90.99351,22.93884],[90.98835,22.94187],[90.99747,22.94769],[91.00004,22.95314],[90.9979,22.9593],[91.00202,22.96151],[90.99584,22.96433],[90.99982,22.96656],[90.99772,22.97818],[90.9878,22.97829],[90.98636,22.97201],[90.97767,22.97937],[90.97667,22.98409],[90.97317,22.98497],[90.9712,22.98052],[90.96601,22.97937],[90.96045,22.98255],[90.95992,22.98686],[90.95183,22.98779],[90.954,22.99444],[90.95161,22.99289],[90.94427,22.99815],[90.94373,22.99039],[90.93343,22.9867],[90.93328,22.99424],[90.92645,22.99938],[90.92655,23.00609],[90.91727,23.00826],[90.91697,23.01127],[90.92041,23.01158],[90.91895,23.01481],[90.90416,23.0169],[90.89672,23.01161],[90.89155,23.01631],[90.89179,23.02398],[90.88795,23.02598],[90.89296,23.03659],[90.89598,23.03638],[90.89689,23.03981],[90.9066,23.03504],[90.90487,23.04254],[90.9186,23.04286],[90.91704,23.04755],[90.91358,23.04627],[90.9104,23.0591],[90.90199,23.06202],[90.89928,23.07192],[90.90567,23.07268],[90.91882,23.0662],[90.9186,23.07107],[90.91076,23.08077],[90.9159,23.07898],[90.91689,23.08197],[90.92175,23.08239],[90.92328,23.07835],[90.93021,23.08206],[90.92968,23.09144],[90.93895,23.08485],[90.94531,23.08658],[90.94438,23.08928],[90.94734,23.09037],[90.9412,23.10195],[90.94495,23.10733],[90.9491,23.10763],[90.94881,23.11316],[90.9534,23.11349],[90.95222,23.12617],[90.96308,23.13169],[90.96191,23.13805],[90.9549,23.14389],[90.9349,23.14142],[90.92292,23.14649],[90.91217,23.14559],[90.91349,23.15325],[90.90279,23.14996],[90.90152,23.15669],[90.89136,23.16575],[90.88045,23.16411],[90.87657,23.16774],[90.87488,23.16776]]]},"id":"BD2051"},{"type":"Feature","properties":{"code":"BD2075","name":"Noakhali","parent_code":"BD20","division_name":"Chattogram"},"geometry":{"type":"MultiPolygon","coordinates":[[[[90.9798,23.13242],[90.95654,23.13053],[90.95222,23.12617],[90.9534,23.11349],[90.94881,23.11316],[90.9491,23.10763],[90.94495,23.10733],[90.94095,23.10089],[90.94734,23.09037],[90.94438,23.08928],[90.94531,23.08658],[90.93895,23.08485],[90.92968,23.09144],[90.93021,23.08206],[90.92328,23.07835],[90.92175,23.08239],[90.91689,23.08197],[90.9159,23.07898],[90.91054,23.08057],[90.91536,23.07664],[90.91904,23.06627],[90.91198,23.06735],[90.90567,23.07268],[90.89928,23.07192],[90.90199,23.06202],[90.9104,23.0591],[90.91358,23.04627],[90.91704,23.04755],[90.9186,23.04286],[90.90487,23.04254],[90.9066,23.03504],[90.89645,23.03974],[90.88795,23.02598],[90.89179,23.02398],[90.89138,23.0166],[90.89672,23.01161],[90.90416,23.0169],[90.91895,23.01481],[90.92041,23.01158],[90.91697,23.01127],[90.91727,23.00826],[90.92655,23.00609],[90.92645,22.99938],[90.93328,22.99424],[90.93343,22.9867],[90.94373,22.99039],[90.94427,22.99815],[90.95161,22.99289],[90.954,22.99444],[90.95183,22.98779],[90.95992,22.98686],[90.96045,22.98255],[90.96601,22.97937],[90.9712,22.98052],[90.97367,22.98502],[90.98613,22.97207],[90.98848,22.9786],[90.99897,22.97724],[90.99724,22.97288],[90.99982,22.96656],[90.9958,22.9645],[91.00196,22.96185],[90.9979,22.9593],[91.00004,22.95314],[90.99747,22.94769],[90.98835,22.94187],[90.99351,22.93884],[90.99091,22.936],[90.99257,22.93378],[90.98907,22.9334],[90.99002,22.92738],[90.98253,22.91923],[90.98785,22.91816],[90.98224,22.91418],[90.99241,22.90452],[90.98786,22.90253],[90.98257,22.89378],[90.98768,22.88727],[90.98857,22.88035],[90.98221,22.8744],[90.97652,22.87447],[90.96972,22.86616],[90.95713,22.86759],[90.95398,22.8649],[90.95552,22.86113],[90.94259,22.86354],[90.93902,22.85699],[90.94394,22.85053],[90.94422,22.83834],[90.94104,22.83609],[90.93831,22.8383],[90.93903,22.8317],[90.93111,22.8284],[90.92516,22.81389],[90.90904,22.81508],[90.8888,22.80968],[90.89719,22.80092],[90.94592,22.77703],[90.97727,22.75371],[90.9759,22.7146],[91.00432,22.70707],[91.01223,22.68794],[91.01244,22.67836],[90.99467,22.66342],[90.98118,22.63811],[91.00001,22.6142],[91.00533,22.5999],[91.00645,22.57528],[91.01626,22.5749],[91.02308,22.54208],[90.93147,22.49345],[91.00087,22.368],[91.01245,22.32093],[91.02355,22.29911],[91.01508,22.25686],[91.02131,22.19188],[90.99312,22.12156],[91.02107,22.11843],[91.02374,22.10336],[91.0346,22.09369],[91.04771,22.08758],[91.0665,22.09979],[91.10128,22.13597],[91.10882,22.13666],[91.11024,22.1409],[91.12553,22.14246],[91.14853,22.16577],[91.16009,22.17271],[91.16373,22.18044],[91.1681,22.18134],[91.17654,22.19329],[91.17934,22.21969],[91.18334,22.22317],[91.18925,22.24254],[91.18811,22.27174],[91.19226,22.26913],[91.20815,22.26938],[91.20106,22.32339],[91.18726,22.37431],[91.21841,22.3614],[91.22753,22.36121],[91.2214,22.453],[91.21395,22.45888],[91.18953,22.45944],[91.19131,22.46968],[91.18415,22.50749],[91.20267,22.50464],[91.2219,22.50722],[91.24572,22.50424],[91.25253,22.50669],[91.26329,22.5188],[91.23696,22.53973],[91.23808,22.54275],[91.26971,22.54313],[91.26578,22.52043],[91.28203,22.50141],[91.29086,22.48353],[91.29715,22.48748],[91.30301,22.48707],[91.3066,22.49467],[91.31364,22.49461],[91.31368,22.49861],[91.31877,22.49929],[91.30985,22.50736],[91.32778,22.5014],[91.33098,22.50828],[91.33489,22.50861],[91.33183,22.51517],[91.32637,22.51704],[91.33184,22.51663],[91.32992,22.52064],[91.33379,22.51661],[91.34357,22.51689],[91.34209,22.52563],[91.3374,22.52567],[91.33937,22.52747],[91.33473,22.53223],[91.34058,22.53073],[91.34462,22.54414],[91.34293,22.53143],[91.35305,22.5259],[91.35486,22.55168],[91.34898,22.54992],[91.34589,22.55357],[91.35334,22.55533],[91.3526,22.55969],[91.34989,22.56299],[91.33817,22.5649],[91.32361,22.55854],[91.29965,22.60529],[91.27213,22.63804],[91.28534,22.65125],[91.31057,22.66135],[91.32749,22.67417],[91.34092,22.69783],[91.34926,22.72978],[91.42955,22.6979],[91.44761,22.69377],[91.48696,22.65687],[91.49458,22.65409],[91.47722,22.70026],[91.4563,22.73555],[91.41791,22.76073],[91.39549,22.76663],[91.38141,22.77521],[91.37241,22.79546],[91.36685,22.80016],[91.36437,22.7957],[91.33946,22.78715],[91.31185,22.80924],[91.31018,22.81652],[91.31349,22.82074],[91.33129,22.81686],[91.33774,22.82026],[91.3293,22.82008],[91.32469,22.82713],[91.32438,22.83643],[91.31048,22.83845],[91.30953,22.8441],[91.32654,22.84893],[91.33505,22.84235],[91.33925,22.86051],[91.34597,22.85271],[91.35188,22.85241],[91.34714,22.85713],[91.35176,22.86541],[91.33675,22.86262],[91.3366,22.8674],[91.34243,22.87608],[91.33429,22.87467],[91.32746,22.88108],[91.33425,22.88415],[91.34425,22.88014],[91.34265,22.89585],[91.35236,22.89442],[91.3511,22.90002],[91.34236,22.90656],[91.34099,22.91267],[91.33765,22.90781],[91.3273,22.90872],[91.32156,22.904],[91.3142,22.90292],[91.3139,22.90672],[91.30976,22.907],[91.30059,22.89649],[91.2801,22.9016],[91.27803,22.89265],[91.27221,22.89313],[91.26755,22.88432],[91.26489,22.88683],[91.26181,22.88523],[91.26333,22.8873],[91.25788,22.89576],[91.25349,22.89429],[91.25041,22.89688],[91.24826,22.90427],[91.25163,22.9053],[91.25046,22.90908],[91.2563,22.90673],[91.25763,22.91033],[91.26304,22.91136],[91.25982,22.92263],[91.26054,22.95592],[91.25884,22.96066],[91.25246,22.96312],[91.25607,22.96512],[91.25822,22.97704],[91.2593,23.01763],[91.26248,23.01885],[91.2652,23.02727],[91.25914,23.03754],[91.26483,23.03998],[91.25722,23.04346],[91.25624,23.04716],[91.25922,23.05591],[91.23734,23.05962],[91.23632,23.06678],[91.22623,23.0665],[91.22375,23.05875],[91.21895,23.06099],[91.21771,23.06664],[91.20723,23.06686],[91.20008,23.06098],[91.18651,23.06022],[91.18243,23.06706],[91.17075,23.06845],[91.16415,23.08277],[91.14243,23.07792],[91.13971,23.0719],[91.13424,23.07473],[91.11425,23.07352],[91.11054,23.07008],[91.09427,23.06765],[91.07917,23.06847],[91.08034,23.07438],[91.06436,23.07587],[91.06223,23.07952],[91.05034,23.08141],[91.04374,23.08817],[91.03644,23.11285],[91.02927,23.11099],[91.02814,23.1059],[91.02409,23.10438],[91.01965,23.11144],[91.01355,23.11431],[91.00111,23.11286],[90.99727,23.11779],[90.98579,23.11539],[90.98563,23.12776],[90.98012,23.13198],[90.9798,23.13242]]],[[[91.07206,22.0193],[91.07712,22.02179],[91.07882,22.0274],[91.06973,22.02133],[91.07088,22.01857],[91.07206,22.0193]]],[[[91.08274,22.05355],[91.08272,22.06411],[91.07102,22.06371],[91.04929,22.05467],[91.04837,22.04861],[91.05441,22.0533],[91.05645,22.05176],[91.05504,22.03786],[91.05862,22.03028],[91.08258,22.05312],[91.08274,22.05355]]],[[[91.03375,22.08376],[91.00332,22.10052],[90.98021,22.08154],[90.97495,22.07171],[90.97471,22.05152],[90.98343,22.02793],[90.9927,22.0231],[91.02474,22.04398],[91.019,22.03708],[91.02016,22.03449],[91.02615,22.03364],[91.03087,22.04021],[91.03419,22.03857],[91.04976,22.07195],[91.04405,22.08337],[91.03584,22.08365],[91.03375,22.08376]]],[[[91.37673,22.35207],[91.38151,22.35478],[91.38177,22.36129],[91.39171,22.36688],[91.39841,22.37501],[91.40001,22.38127],[91.39694,22.38894],[91.37456,22.37963],[91.36319,22.37038],[91.36956,22.355],[91.37551,22.3519],[91.37673,22.35207]]],[[[91.25624,22.40976],[91.26385,22.41463],[91.26637,22.42316],[91.25648,22.43548],[91.25091,22.43356],[91.24575,22.42629],[91.25179,22.41147],[91.25511,22.40968],[91.25624,22.40976]]],[[[91.2771,22.4411],[91.2769,22.4476],[91.27264,22.44845],[91.27049,22.44397],[91.27637,22.44087],[91.2771,22.4411]]]]},"id":"BD2075"},{"type":"Feature","properties":{"code":"BD2084","name":"Rangamati","parent_code":"BD20","division_name":"Chattogram"},"geometry":{"type":"Polygon","coordinates":[[[92.164,23.73889],[92.1449,23.73354],[92.14026,23.72295],[92.12448,23.70616],[92.12083,23.69352],[92.11667,23.69151],[92.11439,23.69449],[92.1118,23.68987],[92.10708,23.68921],[92.09871,23.67587],[92.08321,23.68035],[92.07706,23.66799],[92.08053,23.66118],[92.07805,23.64791],[92.08907,23.64673],[92.09652,23.63669],[92.11399,23.59916],[92.13024,23.55118],[92.14592,23.45413],[92.13954,23.44169],[92.08172,23.40987],[92.06551,23.39593],[92.07452,23.38613],[92.12002,23.36116],[92.13302,23.3488],[92.14446,23.2471],[92.16036,23.20258],[92.16461,23.1783],[92.1996,23.11776],[92.16836,23.11609],[92.08836,23.09518],[92.12008,23.02057],[92.13036,22.98152],[92.12988,22.96632],[92.07522,22.92477],[92.0521,22.89611],[92.03842,22.89392],[92.03237,22.89599],[92.035,22.89765],[92.00741,22.90434],[92.00223,22.90347],[91.99792,22.89757],[91.9941,22.88523],[92.01615,22.85706],[91.98456,22.84937],[91.9772,22.82412],[91.9746,22.79643],[91.97707,22.78244],[92.00142,22.72681],[91.98995,22.71917],[91.96664,22.71779],[91.96254,22.69104],[91.9281,22.68861],[91.92723,22.68005],[91.93712,22.67869],[91.93869,22.67242],[91.94348,22.66943],[91.93509,22.65849],[91.94067,22.64575],[91.93962,22.62494],[91.94573,22.61295],[91.94196,22.60777],[91.95337,22.59666],[91.96008,22.5741],[91.96391,22.57235],[91.96201,22.56553],[91.96849,22.55206],[91.97379,22.52245],[91.97151,22.51832],[91.97788,22.51146],[91.97782,22.50637],[91.9706,22.49639],[91.9762,22.48943],[91.99235,22.49229],[91.99687,22.49043],[92.00566,22.49415],[92.00649,22.50256],[92.01714,22.50459],[92.0172,22.51177],[92.0226,22.51466],[92.01838,22.52449],[92.02932,22.53277],[92.02251,22.54088],[92.02352,22.54823],[92.01559,22.55481],[92.01929,22.57415],[92.01513,22.57522],[92.01622,22.57801],[92.00808,22.58659],[92.01515,22.60902],[92.02677,22.61469],[92.03307,22.61417],[92.03422,22.62143],[92.03917,22.62198],[92.041,22.6272],[92.04422,22.6232],[92.04395,22.61456],[92.04893,22.61437],[92.04825,22.61036],[92.05408,22.61575],[92.0735,22.6193],[92.07482,22.61377],[92.08418,22.61312],[92.08348,22.60653],[92.08825,22.60856],[92.0814,22.5983],[92.08922,22.58913],[92.09994,22.58493],[92.10728,22.57277],[92.10703,22.5676],[92.10145,22.56212],[92.10893,22.56101],[92.11051,22.5342],[92.11756,22.53618],[92.12567,22.51703],[92.12263,22.51372],[92.12375,22.50965],[92.13045,22.49819],[92.13091,22.48801],[92.13579,22.48406],[92.13202,22.47944],[92.13626,22.46899],[92.13038,22.46532],[92.14202,22.45749],[92.14155,22.44591],[92.14456,22.44402],[92.13797,22.43776],[92.12799,22.43635],[92.12566,22.42986],[92.11846,22.43013],[92.12026,22.42345],[92.10144,22.40761],[92.10615,22.39834],[92.11079,22.39931],[92.12293,22.3748],[92.1348,22.37782],[92.14282,22.37573],[92.1401,22.37094],[92.14166,22.36301],[92.13702,22.36325],[92.13505,22.35997],[92.14899,22.3563],[92.14874,22.34939],[92.175,22.35121],[92.19619,22.3483],[92.20677,22.33544],[92.2116,22.31657],[92.21645,22.31065],[92.22841,22.31413],[92.26887,22.33804],[92.28456,22.34401],[92.3087,22.34563],[92.33591,22.33426],[92.38829,22.33285],[92.39506,22.32663],[92.39795,22.31643],[92.41782,22.28246],[92.42826,22.27054],[92.46134,22.25204],[92.47349,22.23278],[92.47632,22.20961],[92.4874,22.20289],[92.49078,22.19509],[92.49414,22.17408],[92.49269,22.16501],[92.50469,22.15069],[92.50611,22.12604],[92.51195,22.11219],[92.50698,22.10432],[92.50805,22.08651],[92.5044,22.07878],[92.51956,22.06747],[92.5215,22.05264],[92.53262,22.0475],[92.54115,22.0371],[92.542,22.02717],[92.53433,22.00917],[92.53722,21.99364],[92.54775,21.98338],[92.55415,21.96989],[92.5599,21.96918],[92.56083,21.95969],[92.56626,21.95646],[92.56734,21.94786],[92.58006,21.93345],[92.5854,21.9131],[92.59909,21.89128],[92.60367,21.86467],[92.61377,21.851],[92.62087,21.86106],[92.63128,21.86217],[92.63238,21.8751],[92.62324,21.91267],[92.61472,21.93038],[92.61615,21.93644],[92.61071,21.94624],[92.61209,21.95454],[92.60435,21.97899],[92.61054,21.98556],[92.61044,21.99255],[92.59731,22.00836],[92.5993,22.02705],[92.59328,22.03373],[92.59178,22.04091],[92.59924,22.06031],[92.59077,22.06686],[92.58897,22.08167],[92.58121,22.09043],[92.57282,22.11754],[92.56143,22.12829],[92.56397,22.13423],[92.57347,22.13762],[92.57882,22.14327],[92.59118,22.14011],[92.59266,22.12684],[92.59923,22.12395],[92.60551,22.12544],[92.60655,22.13509],[92.61006,22.13593],[92.6079,22.16877],[92.60689,22.17174],[92.59459,22.17501],[92.59599,22.19044],[92.59317,22.20719],[92.58763,22.21852],[92.59143,22.24014],[92.59026,22.25281],[92.58376,22.25913],[92.58606,22.26327],[92.57758,22.26768],[92.5788,22.27147],[92.57612,22.27273],[92.58103,22.27504],[92.581,22.28025],[92.57678,22.28396],[92.58068,22.2857],[92.57764,22.28782],[92.58224,22.29817],[92.57923,22.30519],[92.58117,22.30703],[92.57739,22.31047],[92.58012,22.31085],[92.5803,22.31775],[92.57464,22.32736],[92.57531,22.33941],[92.57047,22.35899],[92.56727,22.36027],[92.56564,22.37001],[92.56202,22.37166],[92.56221,22.38019],[92.55903,22.38138],[92.56181,22.38921],[92.5567,22.39899],[92.56027,22.4024],[92.55516,22.40493],[92.55815,22.40663],[92.55676,22.40938],[92.55289,22.40793],[92.55465,22.41741],[92.5509,22.41941],[92.55473,22.4244],[92.55036,22.42682],[92.5543,22.42687],[92.55449,22.43049],[92.55034,22.43664],[92.55036,22.45772],[92.54515,22.46877],[92.54352,22.49329],[92.54622,22.49551],[92.54274,22.4975],[92.54966,22.50188],[92.54727,22.50375],[92.5512,22.50952],[92.54659,22.50979],[92.55101,22.51304],[92.54371,22.51305],[92.54562,22.51733],[92.53941,22.52867],[92.53965,22.54052],[92.53739,22.54492],[92.53199,22.54463],[92.5315,22.5525],[92.5218,22.55985],[92.52813,22.56619],[92.52723,22.57327],[92.53293,22.5721],[92.53765,22.57494],[92.53725,22.58556],[92.5325,22.58704],[92.53906,22.58925],[92.53503,22.59042],[92.53702,22.59484],[92.53017,22.60469],[92.52989,22.60931],[92.53481,22.60863],[92.53536,22.61156],[92.52909,22.61511],[92.52991,22.62032],[92.52754,22.62125],[92.53221,22.63332],[92.52589,22.63408],[92.52771,22.6359],[92.52407,22.65034],[92.52699,22.65145],[92.52337,22.6562],[92.52434,22.65917],[92.52834,22.65878],[92.52867,22.6651],[92.52604,22.6651],[92.52586,22.67268],[92.52244,22.67451],[92.5134,22.70869],[92.51654,22.72137],[92.50934,22.72931],[92.51249,22.73283],[92.5084,22.73252],[92.5059,22.73933],[92.49977,22.73773],[92.47781,22.74965],[92.47282,22.78226],[92.46939,22.78427],[92.47013,22.79869],[92.46479,22.80285],[92.46487,22.81048],[92.46185,22.80741],[92.45955,22.81874],[92.45588,22.8202],[92.45881,22.82301],[92.45573,22.82687],[92.46236,22.83206],[92.45383,22.84332],[92.46457,22.84222],[92.45828,22.85198],[92.4647,22.85612],[92.46188,22.86096],[92.45689,22.86049],[92.45474,22.86629],[92.45965,22.87133],[92.44803,22.87806],[92.44694,22.89637],[92.4447,22.89758],[92.43408,22.88577],[92.42184,22.90516],[92.42076,22.91957],[92.41411,22.91503],[92.40384,22.91742],[92.40177,22.9123],[92.39704,22.91571],[92.40082,22.92628],[92.39718,22.93054],[92.37617,22.92942],[92.37198,22.93519],[92.37541,22.93764],[92.3736,22.94463],[92.37746,22.94756],[92.37437,22.97167],[92.38104,22.97551],[92.37956,22.98015],[92.38452,22.98322],[92.38214,22.98853],[92.3854,22.99304],[92.38201,23.00083],[92.38381,23.01015],[92.37957,23.01196],[92.3843,23.0289],[92.38261,23.03705],[92.39246,23.05237],[92.379,23.08667],[92.37231,23.0872],[92.36873,23.0973],[92.36283,23.09812],[92.35775,23.10694],[92.36718,23.12639],[92.35675,23.13408],[92.36081,23.14426],[92.35919,23.14913],[92.36383,23.15583],[92.3552,23.17917],[92.36004,23.18137],[92.353,23.18601],[92.35477,23.21509],[92.35001,23.23502],[92.4003,23.23697],[92.39211,23.24922],[92.39363,23.25638],[92.38715,23.26337],[92.38758,23.26624],[92.39288,23.26506],[92.38849,23.28068],[92.38237,23.28559],[92.38702,23.30537],[92.37813,23.31267],[92.37772,23.32035],[92.37338,23.31928],[92.36971,23.32372],[92.36881,23.31865],[92.36547,23.32343],[92.37569,23.33486],[92.37633,23.3446],[92.38122,23.35079],[92.37986,23.35585],[92.37682,23.35644],[92.37922,23.36239],[92.37016,23.36673],[92.36994,23.37254],[92.36419,23.36679],[92.35807,23.37003],[92.35711,23.37454],[92.36473,23.37943],[92.35422,23.38126],[92.3585,23.38923],[92.35488,23.38888],[92.35138,23.40421],[92.35535,23.40415],[92.35547,23.41005],[92.34707,23.41212],[92.34405,23.43274],[92.33946,23.43389],[92.33019,23.42797],[92.32697,23.44812],[92.33207,23.45453],[92.325,23.45919],[92.32942,23.4611],[92.32958,23.46601],[92.31865,23.46966],[92.32448,23.47394],[92.32413,23.47884],[92.32684,23.47812],[92.31753,23.48688],[92.32281,23.49094],[92.31816,23.49357],[92.32053,23.49581],[92.31904,23.51238],[92.31606,23.51449],[92.31813,23.5184],[92.31347,23.51793],[92.31733,23.52833],[92.31315,23.53474],[92.3072,23.53587],[92.31041,23.54415],[92.30906,23.55161],[92.31291,23.55492],[92.30654,23.56506],[92.30903,23.57062],[92.30558,23.57327],[92.30736,23.57861],[92.3007,23.59397],[92.29587,23.58801],[92.28898,23.59869],[92.28597,23.59661],[92.28738,23.61861],[92.29668,23.62402],[92.2809,23.63234],[92.27901,23.62576],[92.27711,23.63303],[92.28147,23.63951],[92.27355,23.64376],[92.2753,23.65205],[92.28918,23.67494],[92.29115,23.68546],[92.28906,23.70146],[92.28471,23.70867],[92.27935,23.7089],[92.27562,23.719],[92.26711,23.7218],[92.26561,23.72506],[92.2527,23.72481],[92.24099,23.71982],[92.23691,23.71188],[92.24286,23.69557],[92.23239,23.68452],[92.23266,23.66692],[92.22556,23.6546],[92.21262,23.65246],[92.21133,23.659],[92.207,23.6624],[92.20603,23.67282],[92.21392,23.68406],[92.21135,23.69279],[92.20022,23.70702],[92.19306,23.70665],[92.18657,23.71031],[92.18164,23.70712],[92.17681,23.70809],[92.17731,23.71629],[92.16988,23.72275],[92.17248,23.73704],[92.16421,23.7387],[92.164,23.73889]]]},"id":"BD2084"},{"type":"Feature","properties":{"code":"BD3026","name":"Dhaka","parent_code":"BD30","division_name":"Dhaka"},"geometry":{"type":"Polygon","coordinates":[[[90.01889,24.04459],[90.01085,24.04245],[90.00751,24.03687],[90.00909,24.03329],[90.01573,24.0327],[90.01662,24.02257],[90.01377,24.01814],[90.00674,24.01819],[90.00472,24.01552],[90.01309,24.00785],[90.01265,24.01307],[90.02004,24.01045],[90.02236,24.01666],[90.02579,24.0049],[90.04196,24.00506],[90.04587,23.9969],[90.05678,24.0005],[90.05155,23.99027],[90.03799,23.98297],[90.03976,23.97565],[90.0431,23.97427],[90.03844,23.97044],[90.0446,23.96868],[90.04575,23.96175],[90.05025,23.95901],[90.07455,23.9605],[90.07245,23.95479],[90.06215,23.95098],[90.06753,23.94138],[90.0672,23.93414],[90.06274,23.93049],[90.06609,23.92583],[90.07572,23.92662],[90.06348,23.91663],[90.06551,23.91049],[90.07458,23.90551],[90.07878,23.90684],[90.08133,23.91247],[90.08739,23.91186],[90.09333,23.90314],[90.10884,23.89546],[90.1184,23.87573],[90.14999,23.84229],[90.15134,23.82774],[90.1723,23.82684],[90.1899,23.8338],[90.20322,23.83705],[90.20668,23.83405],[90.21691,23.8386],[90.23867,23.83063],[90.24509,23.83682],[90.24844,23.82313],[90.24575,23.80252],[90.23746,23.77679],[90.23395,23.77629],[90.22605,23.76437],[90.21801,23.7459],[90.22219,23.73747],[90.23731,23.7337],[90.25279,23.72186],[90.25704,23.71395],[90.23717,23.71373],[90.22616,23.70725],[90.21622,23.7117],[90.20659,23.7236],[90.20281,23.72055],[90.19052,23.72028],[90.18859,23.71441],[90.18725,23.71976],[90.17777,23.72397],[90.15843,23.72504],[90.15548,23.73187],[90.15881,23.73578],[90.15695,23.74371],[90.14658,23.74692],[90.14264,23.74406],[90.13797,23.74535],[90.13008,23.73352],[90.12406,23.73286],[90.12141,23.72326],[90.11654,23.72169],[90.11554,23.71463],[90.10585,23.71659],[90.1056,23.72647],[90.09891,23.72901],[90.08242,23.72486],[90.08024,23.71576],[90.06985,23.72464],[90.051,23.72381],[90.05035,23.71167],[90.04121,23.71299],[90.0437,23.70583],[90.04064,23.70527],[90.0406,23.69929],[90.03693,23.69908],[90.04302,23.69463],[90.03674,23.694],[90.03924,23.68906],[90.03516,23.68555],[90.03769,23.68217],[90.031,23.67953],[90.02903,23.67327],[90.02322,23.67397],[90.01857,23.66983],[90.02,23.65362],[90.0142,23.64706],[90.00599,23.6444],[90.00763,23.62746],[90.03915,23.62897],[90.04503,23.61324],[90.03578,23.60937],[90.03847,23.59635],[90.05464,23.58635],[90.03995,23.57605],[90.07008,23.56946],[90.0741,23.56605],[90.11077,23.57469],[90.10905,23.56842],[90.13041,23.5654],[90.15226,23.53373],[90.16511,23.5267],[90.17137,23.53039],[90.17615,23.52677],[90.18193,23.54218],[90.1774,23.55629],[90.18149,23.55649],[90.18618,23.56266],[90.19212,23.55993],[90.2068,23.56668],[90.2054,23.57983],[90.20832,23.58953],[90.2264,23.59985],[90.22583,23.61268],[90.2361,23.62067],[90.24048,23.63273],[90.24573,23.6287],[90.24918,23.63352],[90.24898,23.6547],[90.27001,23.65349],[90.27115,23.66032],[90.28651,23.67363],[90.28969,23.66897],[90.30307,23.66429],[90.33227,23.64395],[90.34591,23.63976],[90.35544,23.64156],[90.36906,23.65433],[90.39122,23.65223],[90.43053,23.61375],[90.44594,23.62828],[90.47123,23.63455],[90.47122,23.64308],[90.4491,23.66919],[90.46083,23.67862],[90.45916,23.68197],[90.46695,23.69071],[90.46886,23.68651],[90.47241,23.68708],[90.48006,23.69596],[90.51198,23.71089],[90.50084,23.71853],[90.50071,23.72863],[90.49216,23.7348],[90.49478,23.74343],[90.48588,23.74933],[90.48893,23.75456],[90.48362,23.75829],[90.48316,23.7715],[90.47089,23.78268],[90.48087,23.79179],[90.48509,23.81401],[90.49036,23.81652],[90.48668,23.81787],[90.48655,23.83174],[90.4825,23.83061],[90.47282,23.84169],[90.47302,23.86631],[90.46098,23.87823],[90.46159,23.89288],[90.45882,23.89614],[90.44973,23.89581],[90.43775,23.90069],[90.41211,23.883],[90.39407,23.88079],[90.38889,23.89468],[90.37996,23.89964],[90.36035,23.89358],[90.35711,23.88919],[90.35877,23.88263],[90.35179,23.87806],[90.34907,23.89474],[90.34385,23.90293],[90.34876,23.93131],[90.34677,23.94829],[90.34228,23.95759],[90.33599,23.95427],[90.33989,23.94916],[90.33557,23.94768],[90.33097,23.94985],[90.33003,23.95479],[90.31713,23.95667],[90.31824,23.95024],[90.2995,23.94837],[90.29655,23.96068],[90.28062,23.96425],[90.28052,23.96662],[90.26956,23.9616],[90.2689,23.96716],[90.25875,23.97026],[90.26194,23.97801],[90.25501,23.99551],[90.25089,23.99854],[90.25916,24.00861],[90.2591,24.01351],[90.25161,24.0165],[90.24892,24.02023],[90.25116,24.02533],[90.24177,24.03162],[90.23695,24.03242],[90.23502,24.02954],[90.2377,24.02827],[90.23756,24.00819],[90.21859,24.01016],[90.21096,24.00516],[90.20359,24.01017],[90.19931,24.0054],[90.19715,24.00988],[90.19317,24.0102],[90.18256,24.00531],[90.18475,24.00242],[90.17759,24.00093],[90.16982,24.00385],[90.16808,24.0108],[90.16365,24.01436],[90.16346,24.02112],[90.14803,24.02652],[90.14844,24.03555],[90.12906,24.03498],[90.12183,24.03071],[90.1216,24.0275],[90.11079,24.02885],[90.10843,24.01961],[90.1022,24.02122],[90.0903,24.0372],[90.08466,24.03766],[90.08209,24.04256],[90.07499,24.04294],[90.0737,24.03472],[90.06983,24.03254],[90.06527,24.0383],[90.06173,24.03021],[90.04213,24.02947],[90.02479,24.0228],[90.02045,24.02973],[90.02799,24.03161],[90.02855,24.03515],[90.01918,24.03712],[90.01835,24.04407],[90.01889,24.04459]]]},"id":"BD3026"},{"type":"Feature","properties":{"code":"BD3029","name":"Faridpur","parent_code":"BD30","division_name":"Dhaka"},"geometry":{"type":"Polygon","coordinates":[[[89.8268,23.71288],[89.81761,23.71583],[89.81518,23.72122],[89.79306,23.71263],[89.79522,23.6875],[89.78758,23.68206],[89.7835,23.68382],[89.75913,23.67936],[89.75681,23.67802],[89.75703,23.66723],[89.73994,23.66782],[89.73391,23.67898],[89.72722,23.67374],[89.72154,23.67454],[89.72971,23.66804],[89.73436,23.64426],[89.73375,23.63712],[89.72793,23.63126],[89.73048,23.61919],[89.75256,23.60419],[89.7567,23.59501],[89.75325,23.58954],[89.74221,23.58938],[89.7432,23.58243],[89.72885,23.58232],[89.72152,23.58739],[89.71948,23.59633],[89.71432,23.59723],[89.71346,23.58938],[89.69988,23.59154],[89.68695,23.58614],[89.67498,23.58569],[89.67012,23.58833],[89.67287,23.59827],[89.66653,23.61015],[89.65611,23.61151],[89.64994,23.60666],[89.64609,23.5926],[89.63973,23.5904],[89.63035,23.59273],[89.62873,23.5895],[89.62268,23.59453],[89.62241,23.59065],[89.61088,23.59394],[89.6054,23.59784],[89.599,23.61005],[89.59338,23.60692],[89.59942,23.6001],[89.58863,23.59548],[89.57587,23.60101],[89.57159,23.60628],[89.56213,23.6057],[89.56317,23.59775],[89.56035,23.5931],[89.54774,23.59321],[89.54788,23.58491],[89.54082,23.57965],[89.54197,23.57303],[89.55237,23.57262],[89.54468,23.56173],[89.54111,23.56445],[89.54015,23.57094],[89.53389,23.57376],[89.52856,23.5717],[89.52271,23.58205],[89.51809,23.58398],[89.51921,23.58884],[89.50628,23.59174],[89.49784,23.58083],[89.50076,23.5627],[89.50769,23.54748],[89.53534,23.53966],[89.53945,23.53582],[89.53368,23.52962],[89.51717,23.53017],[89.49796,23.52204],[89.49251,23.51596],[89.48864,23.50369],[89.49007,23.48447],[89.49984,23.47545],[89.51286,23.47786],[89.5144,23.48271],[89.50838,23.49671],[89.51281,23.49579],[89.51451,23.50803],[89.51782,23.51138],[89.52626,23.51329],[89.5759,23.49605],[89.60506,23.47417],[89.60715,23.46092],[89.60084,23.44275],[89.60223,23.42375],[89.61283,23.38338],[89.59854,23.38076],[89.60615,23.37107],[89.60379,23.35544],[89.60809,23.34541],[89.6121,23.34416],[89.60478,23.3346],[89.62204,23.30573],[89.61858,23.30206],[89.62503,23.29401],[89.63445,23.28925],[89.65588,23.28735],[89.66884,23.278],[89.64805,23.27347],[89.63686,23.26584],[89.63055,23.25486],[89.63219,23.2401],[89.63984,23.23621],[89.6641,23.24419],[89.67229,23.24268],[89.68863,23.22194],[89.68388,23.21162],[89.68852,23.21105],[89.69983,23.21721],[89.70871,23.22897],[89.71583,23.23066],[89.71516,23.24144],[89.7309,23.24753],[89.73324,23.25084],[89.72998,23.25819],[89.74104,23.2618],[89.74409,23.27133],[89.75101,23.27607],[89.74474,23.28652],[89.73159,23.29356],[89.73062,23.29925],[89.73449,23.29962],[89.72691,23.3052],[89.74148,23.29832],[89.74247,23.29123],[89.74726,23.29305],[89.74588,23.29901],[89.74998,23.30263],[89.75631,23.2908],[89.76159,23.29022],[89.76173,23.29564],[89.76623,23.29583],[89.7688,23.30333],[89.77761,23.29941],[89.77814,23.30682],[89.78074,23.30385],[89.78181,23.30606],[89.77863,23.31094],[89.79688,23.31337],[89.82577,23.34681],[89.82911,23.34642],[89.83121,23.33681],[89.84225,23.33062],[89.84887,23.33949],[89.86382,23.3383],[89.86331,23.32968],[89.87119,23.32092],[89.88043,23.33259],[89.89607,23.34155],[89.90368,23.34194],[89.91624,23.33191],[89.91009,23.32641],[89.90457,23.31311],[89.92007,23.30824],[89.9261,23.30985],[89.92609,23.31691],[89.92984,23.32102],[89.95186,23.31962],[89.95513,23.32576],[89.96304,23.32983],[89.96458,23.33848],[89.95645,23.34437],[89.95389,23.33888],[89.94856,23.34264],[89.94955,23.3572],[89.9547,23.36103],[89.95827,23.3555],[89.97435,23.34985],[89.97972,23.34251],[89.97987,23.33512],[89.98438,23.33472],[89.99154,23.32604],[90.01048,23.32393],[90.02004,23.32683],[90.02139,23.32253],[90.01811,23.31556],[90.00497,23.30478],[90.01541,23.29743],[90.02028,23.28761],[90.025,23.29132],[90.02551,23.30725],[90.03371,23.3172],[90.03339,23.34313],[90.04204,23.33983],[90.05131,23.33055],[90.06798,23.30575],[90.07575,23.31019],[90.07827,23.30288],[90.08061,23.30803],[90.08836,23.30866],[90.09391,23.31326],[90.09268,23.32843],[90.10344,23.33416],[90.09985,23.34395],[90.09396,23.3452],[90.09339,23.35094],[90.08772,23.35027],[90.08652,23.35513],[90.09136,23.36496],[90.08878,23.36896],[90.09268,23.37855],[90.10243,23.38545],[90.09729,23.38862],[90.09804,23.40537],[90.11187,23.41693],[90.09281,23.41911],[90.11112,23.43783],[90.10642,23.44708],[90.10954,23.45969],[90.13569,23.47032],[90.14237,23.48026],[90.15051,23.47258],[90.15758,23.47049],[90.16296,23.47864],[90.16665,23.49468],[90.17283,23.49327],[90.18088,23.49927],[90.15888,23.5218],[90.16511,23.5267],[90.15226,23.53373],[90.12746,23.56747],[90.10905,23.56842],[90.11077,23.57469],[90.10667,23.57478],[90.0741,23.56605],[90.07008,23.56946],[90.03995,23.57605],[90.05464,23.58635],[90.03847,23.59635],[90.03578,23.60937],[90.04503,23.61324],[90.03915,23.62897],[89.99229,23.62665],[89.97889,23.63573],[89.96473,23.63241],[89.96583,23.63639],[89.94798,23.64174],[89.9368,23.64426],[89.92536,23.6423],[89.91695,23.65919],[89.88055,23.69485],[89.84975,23.71337],[89.84456,23.71204],[89.84843,23.70048],[89.84232,23.70918],[89.83093,23.71159],[89.8268,23.71288]]]},"id":"BD3029"},{"type":"Feature","properties":{"code":"BD3033","name":"Gazipur","parent_code":"BD30","division_name":"Dhaka"},"geometry":{"type":"Polygon","coordinates":[[[90.45739,24.34042],[90.43781,24.34012],[90.43003,24.33136],[90.42702,24.33175],[90.42862,24.30941],[90.42579,24.30481],[90.4222,24.30822],[90.41663,24.30343],[90.40263,24.28224],[90.39339,24.28034],[90.38743,24.28901],[90.38016,24.28997],[90.37812,24.28511],[90.36421,24.28109],[90.35835,24.2883],[90.35895,24.29976],[90.35386,24.30068],[90.3455,24.29316],[90.32374,24.29918],[90.29354,24.2783],[90.30078,24.27156],[90.29988,24.2685],[90.305,24.26692],[90.30118,24.26186],[90.30381,24.25266],[90.29158,24.23907],[90.29324,24.22404],[90.26941,24.21362],[90.26822,24.20779],[90.25847,24.19836],[90.25216,24.19658],[90.25177,24.18736],[90.24587,24.18482],[90.22705,24.16321],[90.2272,24.15137],[90.22092,24.14378],[90.21912,24.13003],[90.23193,24.11533],[90.23339,24.10736],[90.21494,24.10119],[90.21136,24.09608],[90.20198,24.09523],[90.19706,24.10139],[90.18644,24.09944],[90.18104,24.10839],[90.17496,24.11053],[90.17442,24.09941],[90.18075,24.09214],[90.1795,24.07853],[90.15914,24.06646],[90.16341,24.05724],[90.15165,24.0537],[90.14803,24.02652],[90.16346,24.02112],[90.16365,24.01436],[90.16808,24.0108],[90.16982,24.00385],[90.17759,24.00093],[90.18475,24.00242],[90.18256,24.00531],[90.19317,24.0102],[90.19715,24.00988],[90.19931,24.0054],[90.20359,24.01017],[90.21096,24.00516],[90.21859,24.01016],[90.23756,24.00819],[90.2377,24.02827],[90.23502,24.02954],[90.23695,24.03242],[90.24254,24.03128],[90.25116,24.02533],[90.24892,24.02023],[90.25161,24.0165],[90.2591,24.01351],[90.25916,24.00861],[90.25089,23.99854],[90.25501,23.99551],[90.26194,23.97801],[90.25875,23.97026],[90.2689,23.96716],[90.26956,23.9616],[90.28052,23.96662],[90.28062,23.96425],[90.29655,23.96068],[90.2995,23.94837],[90.31824,23.95024],[90.31713,23.95667],[90.33003,23.95479],[90.33097,23.94985],[90.33557,23.94768],[90.33989,23.94916],[90.33599,23.95427],[90.34228,23.95759],[90.34677,23.94829],[90.34876,23.93131],[90.34385,23.90293],[90.34907,23.89474],[90.35179,23.87806],[90.35877,23.88263],[90.35711,23.88919],[90.36035,23.89358],[90.37996,23.89964],[90.38889,23.89468],[90.39407,23.88079],[90.41211,23.883],[90.43775,23.90069],[90.44973,23.89581],[90.45882,23.89614],[90.46159,23.89288],[90.46098,23.87823],[90.47302,23.86631],[90.47331,23.84857],[90.48347,23.84707],[90.50392,23.85829],[90.50637,23.87475],[90.52254,23.87553],[90.51814,23.88685],[90.51988,23.89005],[90.52723,23.88986],[90.52784,23.89472],[90.53487,23.88687],[90.55478,23.88604],[90.56089,23.89419],[90.57289,23.89711],[90.56277,23.90624],[90.56184,23.91328],[90.59487,23.92147],[90.61384,23.92963],[90.61866,23.96881],[90.63163,23.9791],[90.64017,24.00466],[90.65511,24.01],[90.65962,24.0153],[90.65099,24.03529],[90.65307,24.03638],[90.63699,24.06977],[90.64148,24.08059],[90.6425,24.10615],[90.64857,24.09693],[90.65746,24.09235],[90.66872,24.09816],[90.6968,24.09801],[90.70282,24.10108],[90.70498,24.10623],[90.69765,24.11449],[90.68696,24.11049],[90.6775,24.11393],[90.68621,24.12946],[90.69668,24.13864],[90.68636,24.1498],[90.68771,24.15694],[90.68505,24.16302],[90.68989,24.18146],[90.68719,24.19023],[90.67274,24.20647],[90.67373,24.22506],[90.68565,24.23564],[90.68245,24.24397],[90.66324,24.24976],[90.6536,24.2553],[90.6513,24.26089],[90.64047,24.263],[90.6266,24.27149],[90.60966,24.26766],[90.58239,24.24915],[90.57351,24.24805],[90.56287,24.25903],[90.5446,24.26825],[90.5469,24.27474],[90.52138,24.28706],[90.52949,24.30329],[90.52319,24.30423],[90.51385,24.31178],[90.49609,24.31529],[90.48916,24.31351],[90.48572,24.31959],[90.47487,24.32361],[90.45803,24.34003],[90.45739,24.34042]]]},"id":"BD3033"},{"type":"Feature","properties":{"code":"BD3035","name":"Gopalganj","parent_code":"BD30","division_name":"Dhaka"},"geometry":{"type":"Polygon","coordinates":[[[89.9777,23.34545],[89.97326,23.35082],[89.95827,23.3555],[89.9547,23.36103],[89.95132,23.36026],[89.94891,23.34154],[89.95389,23.33888],[89.95645,23.34437],[89.96458,23.33848],[89.96304,23.32983],[89.95513,23.32576],[89.95186,23.31962],[89.92984,23.32102],[89.92609,23.31691],[89.9261,23.30985],[89.92304,23.30864],[89.91079,23.30949],[89.90457,23.31311],[89.91009,23.32641],[89.91624,23.33191],[89.90368,23.34194],[89.89607,23.34155],[89.88043,23.33259],[89.87119,23.32092],[89.86331,23.32968],[89.86382,23.3383],[89.84887,23.33949],[89.84225,23.33062],[89.83121,23.33681],[89.82742,23.34709],[89.79688,23.31337],[89.77863,23.31094],[89.78181,23.30606],[89.78074,23.30385],[89.77814,23.30682],[89.77761,23.29941],[89.7688,23.30333],[89.76623,23.29583],[89.76173,23.29564],[89.76159,23.29022],[89.75631,23.2908],[89.74998,23.30263],[89.74588,23.29901],[89.74726,23.29305],[89.74247,23.29123],[89.74148,23.29832],[89.72691,23.3052],[89.73449,23.29962],[89.73062,23.29925],[89.73159,23.29356],[89.74474,23.28652],[89.75101,23.27607],[89.74409,23.27133],[89.74104,23.2618],[89.72998,23.25819],[89.73324,23.25084],[89.7309,23.24753],[89.71516,23.24144],[89.71583,23.23066],[89.70871,23.22897],[89.70034,23.21758],[89.6833,23.20531],[89.67875,23.18091],[89.68722,23.16443],[89.69292,23.161],[89.71396,23.17563],[89.73826,23.1852],[89.75738,23.18432],[89.76534,23.1759],[89.76073,23.17245],[89.74211,23.17188],[89.73339,23.1676],[89.73008,23.15663],[89.74208,23.1377],[89.73678,23.12718],[89.72298,23.12137],[89.70968,23.1229],[89.69989,23.11132],[89.69303,23.12421],[89.68726,23.12811],[89.67753,23.12935],[89.67009,23.12307],[89.67571,23.11016],[89.69225,23.09392],[89.71614,23.08222],[89.7316,23.07958],[89.73581,23.0699],[89.72864,23.05916],[89.72848,23.05353],[89.74617,23.0487],[89.75406,23.03283],[89.76011,23.00982],[89.79707,22.9967],[89.79322,22.98106],[89.80321,22.97285],[89.80711,22.96307],[89.80179,22.94309],[89.82596,22.93397],[89.83954,22.91997],[89.84389,22.90628],[89.85336,22.89449],[89.84656,22.89712],[89.83726,22.89404],[89.83663,22.88816],[89.86969,22.87525],[89.87016,22.88824],[89.89136,22.88231],[89.91524,22.88177],[89.91811,22.87914],[89.9188,22.86746],[89.92993,22.86015],[89.93707,22.84707],[89.94232,22.84596],[89.9435,22.85503],[89.9373,22.86341],[89.93971,22.86485],[89.94681,22.85847],[89.94939,22.85932],[89.95293,22.85339],[89.96281,22.85286],[89.96778,22.85462],[89.96965,22.85901],[89.97629,22.85734],[89.9861,22.86102],[89.98776,22.86569],[89.99273,22.8641],[90.01827,22.86859],[90.01868,22.88847],[90.02279,22.89166],[90.02251,22.8999],[90.03285,22.91816],[90.03476,22.93403],[90.05672,22.93163],[90.05764,22.93367],[90.06109,22.94289],[90.05697,22.94714],[90.05784,22.97081],[90.06904,22.96761],[90.077,22.98277],[90.08379,22.98046],[90.09468,23.00701],[90.12638,23.00513],[90.12965,23.0237],[90.12731,23.02614],[90.13638,23.04435],[90.1428,23.04448],[90.14385,23.04807],[90.13351,23.04985],[90.13556,23.04462],[90.12616,23.02685],[90.12084,23.02708],[90.11501,23.03368],[90.11616,23.04326],[90.11115,23.05585],[90.11111,23.06689],[90.12461,23.06488],[90.13181,23.07113],[90.12113,23.07721],[90.11566,23.0742],[90.10877,23.07673],[90.11061,23.10346],[90.11919,23.11134],[90.10975,23.1121],[90.10928,23.11755],[90.09663,23.1134],[90.07957,23.11287],[90.0824,23.12555],[90.0802,23.1259],[90.07545,23.11939],[90.06284,23.12024],[90.05134,23.10668],[90.04252,23.10531],[90.04181,23.11847],[90.04459,23.12086],[90.01369,23.12873],[90.01278,23.13857],[89.9924,23.13115],[89.98425,23.11005],[89.96679,23.11027],[89.96014,23.11534],[89.93517,23.11859],[89.9364,23.12536],[89.93974,23.12575],[89.94016,23.14285],[89.94358,23.14599],[89.94227,23.15679],[89.94756,23.15765],[89.94764,23.1625],[89.9611,23.16039],[89.96521,23.16509],[89.97016,23.18122],[89.97768,23.18074],[89.97639,23.19488],[89.9822,23.19882],[89.98148,23.20915],[89.98486,23.2101],[89.98481,23.217],[89.99732,23.21601],[90.00211,23.2258],[90.00958,23.22985],[90.0093,23.23482],[90.01919,23.23039],[90.02416,23.23923],[90.02236,23.24583],[90.0255,23.24768],[90.0244,23.25064],[90.02678,23.25009],[90.02251,23.25384],[90.03175,23.263],[90.02256,23.27418],[90.02584,23.28662],[90.02028,23.28761],[90.01541,23.29743],[90.00497,23.30478],[90.01811,23.31556],[90.0204,23.32629],[90.01048,23.32393],[89.99154,23.32604],[89.98438,23.33472],[89.97987,23.33512],[89.97863,23.34424],[89.9777,23.34545]]]},"id":"BD3035"},{"type":"Feature","properties":{"code":"BD3048","name":"Kishoreganj","parent_code":"BD30","division_name":"Dhaka"},"geometry":{"type":"Polygon","coordinates":[[[91.17765,24.64399],[91.17568,24.64648],[91.16358,24.63553],[91.15535,24.64243],[91.13835,24.63783],[91.13734,24.64151],[91.13036,24.64511],[91.12952,24.63236],[91.13495,24.62472],[91.12986,24.61298],[91.12451,24.61416],[91.11721,24.60866],[91.10475,24.61114],[91.10548,24.60251],[91.09973,24.60861],[91.0995,24.60265],[91.09325,24.60492],[91.07339,24.62207],[91.06236,24.62046],[91.05666,24.61525],[91.05611,24.61754],[91.03946,24.61261],[91.03672,24.61997],[91.043,24.62618],[91.03044,24.63097],[91.02147,24.61875],[91.02229,24.60895],[91.01873,24.60501],[91.01168,24.6077],[91.00471,24.60392],[90.99405,24.60344],[90.98555,24.60721],[90.97762,24.60148],[90.9661,24.60793],[90.96364,24.61382],[90.95372,24.60434],[90.9476,24.60767],[90.93634,24.60288],[90.93344,24.61205],[90.92969,24.61458],[90.91463,24.61453],[90.91692,24.59989],[90.9093,24.59597],[90.90568,24.60096],[90.88796,24.60157],[90.88342,24.60014],[90.88093,24.5938],[90.86582,24.59548],[90.8664,24.60005],[90.86343,24.6013],[90.85668,24.59726],[90.85274,24.59862],[90.85094,24.59142],[90.84181,24.58098],[90.82137,24.58711],[90.82042,24.57355],[90.80998,24.56444],[90.81462,24.55714],[90.80858,24.54881],[90.81089,24.54672],[90.80926,24.54059],[90.80623,24.53884],[90.80686,24.54385],[90.80336,24.54478],[90.80108,24.53666],[90.80399,24.53009],[90.79864,24.52705],[90.79695,24.51884],[90.79186,24.5181],[90.79351,24.50801],[90.75789,24.51224],[90.75258,24.50256],[90.74299,24.50844],[90.74163,24.49693],[90.73577,24.48544],[90.72929,24.47648],[90.72331,24.4748],[90.72204,24.47043],[90.71751,24.47822],[90.71596,24.49034],[90.71035,24.49321],[90.70894,24.49837],[90.70451,24.49867],[90.70524,24.51267],[90.70269,24.51495],[90.6828,24.50136],[90.682,24.49178],[90.68572,24.4872],[90.68346,24.48183],[90.67936,24.4805],[90.68207,24.47276],[90.67897,24.4669],[90.66456,24.46706],[90.65843,24.47429],[90.65081,24.47453],[90.64838,24.47809],[90.63741,24.47621],[90.63796,24.48105],[90.63147,24.48029],[90.6146,24.49654],[90.5955,24.49883],[90.58365,24.49443],[90.58338,24.48592],[90.57573,24.48218],[90.57582,24.46691],[90.58761,24.44631],[90.59804,24.44137],[90.59985,24.44425],[90.61958,24.43621],[90.63475,24.434],[90.64217,24.42709],[90.63965,24.42266],[90.6479,24.41585],[90.64803,24.40483],[90.64078,24.3914],[90.64287,24.38528],[90.63901,24.37522],[90.63574,24.37406],[90.63361,24.35909],[90.61942,24.33886],[90.62634,24.33464],[90.64175,24.30916],[90.64409,24.27892],[90.65155,24.27076],[90.6536,24.2553],[90.66999,24.24702],[90.70863,24.2359],[90.73563,24.23992],[90.75107,24.24971],[90.76779,24.25276],[90.77869,24.24601],[90.78254,24.23943],[90.78141,24.23117],[90.7923,24.22229],[90.78652,24.19614],[90.79868,24.18852],[90.80475,24.18775],[90.80723,24.19105],[90.81151,24.18071],[90.81976,24.17575],[90.82049,24.1627],[90.8262,24.15385],[90.83915,24.14595],[90.84113,24.1487],[90.84648,24.14376],[90.86517,24.14555],[90.8723,24.14052],[90.86706,24.12577],[90.84937,24.11871],[90.84551,24.11184],[90.85666,24.10342],[90.8719,24.10234],[90.89122,24.09547],[90.9148,24.07757],[90.92587,24.07882],[90.93843,24.08604],[90.94545,24.08585],[90.95138,24.07933],[90.95344,24.07068],[90.96449,24.06519],[90.95921,24.04551],[90.96322,24.03782],[90.98668,24.03531],[91.01061,24.05735],[91.03439,24.07046],[91.05051,24.09133],[91.04805,24.10834],[91.03409,24.12427],[90.99734,24.14284],[90.98424,24.15865],[90.98488,24.16322],[90.99123,24.17028],[91.01857,24.18655],[91.03908,24.21373],[91.06594,24.21556],[91.09121,24.21181],[91.08942,24.22004],[91.07875,24.22808],[91.08492,24.24035],[91.13955,24.24429],[91.14763,24.2477],[91.15371,24.25599],[91.18999,24.27448],[91.19759,24.28457],[91.19756,24.2934],[91.18704,24.29279],[91.15844,24.2826],[91.16,24.29444],[91.17075,24.31727],[91.17474,24.32069],[91.19012,24.32303],[91.23691,24.31728],[91.23903,24.32467],[91.23615,24.33522],[91.21361,24.36249],[91.21997,24.36778],[91.23178,24.36722],[91.24291,24.38063],[91.25306,24.37789],[91.25663,24.38082],[91.24279,24.39513],[91.2441,24.40009],[91.23887,24.40801],[91.2324,24.40966],[91.22739,24.40725],[91.22018,24.4114],[91.21772,24.40862],[91.2212,24.40413],[91.21472,24.40363],[91.22054,24.41948],[91.21746,24.43326],[91.22894,24.43433],[91.24337,24.42811],[91.23898,24.44201],[91.23804,24.45965],[91.22774,24.48191],[91.21648,24.48338],[91.21943,24.47421],[91.20683,24.47939],[91.20224,24.47479],[91.20056,24.46608],[91.1908,24.46408],[91.18483,24.47025],[91.1892,24.47675],[91.19599,24.47701],[91.19384,24.48014],[91.1661,24.48407],[91.15639,24.47653],[91.15073,24.47934],[91.15704,24.48911],[91.1721,24.50131],[91.17646,24.50085],[91.1806,24.49387],[91.18556,24.49589],[91.21158,24.52146],[91.22692,24.5546],[91.22635,24.56286],[91.23393,24.57023],[91.22602,24.57675],[91.20684,24.57827],[91.20657,24.58723],[91.19908,24.58702],[91.19768,24.59214],[91.20529,24.59553],[91.20013,24.60294],[91.20111,24.60985],[91.17998,24.61717],[91.17744,24.62068],[91.18101,24.62651],[91.17863,24.63196],[91.19616,24.62599],[91.19308,24.64137],[91.18658,24.63887],[91.1787,24.64349],[91.17765,24.64399]]]},"id":"BD3048"},{"type":"Feature","properties":{"code":"BD3054","name":"Madaripur","parent_code":"BD30","division_name":"Dhaka"},"geometry":{"type":"Polygon","coordinates":[[[90.19022,23.49353],[90.18088,23.49927],[90.17283,23.49327],[90.16665,23.49468],[90.16296,23.47864],[90.15758,23.47049],[90.15051,23.47258],[90.14237,23.48026],[90.13569,23.47032],[90.10954,23.45969],[90.10642,23.44708],[90.11112,23.43783],[90.09281,23.41911],[90.11187,23.41693],[90.09804,23.40537],[90.09886,23.39535],[90.09583,23.39539],[90.09729,23.38862],[90.10228,23.38482],[90.09268,23.37855],[90.08878,23.36896],[90.09136,23.36496],[90.08652,23.35513],[90.0875,23.3506],[90.09371,23.3507],[90.09396,23.3452],[90.09985,23.34395],[90.10344,23.33416],[90.09268,23.32843],[90.09376,23.31276],[90.08788,23.3084],[90.08061,23.30803],[90.07827,23.30288],[90.07575,23.31019],[90.06808,23.3057],[90.06127,23.31895],[90.04736,23.3348],[90.03308,23.34296],[90.03451,23.32118],[90.02551,23.30725],[90.02271,23.28863],[90.02636,23.28521],[90.02256,23.27418],[90.03175,23.263],[90.02251,23.25384],[90.02676,23.25034],[90.02236,23.24583],[90.024,23.23885],[90.01885,23.23021],[90.0093,23.23482],[90.00958,23.22985],[90.00211,23.2258],[89.99732,23.21601],[89.98481,23.217],[89.98486,23.2101],[89.98148,23.20915],[89.9822,23.19882],[89.97639,23.19488],[89.97751,23.18041],[89.97016,23.18122],[89.9611,23.16039],[89.9484,23.16278],[89.94756,23.15765],[89.94206,23.15644],[89.94358,23.14599],[89.94016,23.14285],[89.93974,23.12575],[89.9364,23.12536],[89.93517,23.11859],[89.96014,23.11534],[89.96679,23.11027],[89.98425,23.11005],[89.9924,23.13115],[90.01278,23.13857],[90.01369,23.12873],[90.04459,23.12086],[90.04181,23.11847],[90.04252,23.10531],[90.05134,23.10668],[90.06284,23.12024],[90.07545,23.11939],[90.0802,23.1259],[90.0824,23.12555],[90.07957,23.11287],[90.09663,23.1134],[90.10928,23.11755],[90.10975,23.1121],[90.11919,23.11134],[90.11061,23.10346],[90.10877,23.07673],[90.11566,23.0742],[90.12113,23.07721],[90.13181,23.07113],[90.12461,23.06488],[90.11111,23.06689],[90.11115,23.05585],[90.11616,23.04326],[90.11472,23.03426],[90.12151,23.0269],[90.12616,23.02685],[90.13422,23.04156],[90.13351,23.04985],[90.1395,23.05429],[90.15414,23.05546],[90.15772,23.06227],[90.15656,23.06643],[90.16289,23.07072],[90.19889,23.05963],[90.20563,23.06939],[90.21437,23.07442],[90.22037,23.06898],[90.226,23.05638],[90.23784,23.04587],[90.23191,23.02892],[90.23274,23.00637],[90.22881,22.99255],[90.23829,22.96269],[90.23774,22.96783],[90.24776,22.97802],[90.25819,22.97605],[90.25695,22.96611],[90.27376,22.97595],[90.2899,22.97422],[90.31625,22.98146],[90.32383,22.98675],[90.32936,22.99798],[90.32847,23.01428],[90.3116,23.03461],[90.31081,23.05098],[90.33088,23.05743],[90.34952,23.05619],[90.33567,23.07093],[90.34189,23.07359],[90.34614,23.08795],[90.35205,23.09555],[90.35261,23.105],[90.3489,23.10496],[90.3484,23.1091],[90.35156,23.11763],[90.34455,23.12034],[90.34805,23.12612],[90.34689,23.13104],[90.35515,23.13741],[90.35328,23.14246],[90.34187,23.14244],[90.33988,23.13667],[90.31588,23.14114],[90.3086,23.13745],[90.3077,23.14897],[90.29295,23.149],[90.28752,23.16757],[90.29047,23.17701],[90.28445,23.18464],[90.28376,23.20027],[90.27513,23.20251],[90.27399,23.19924],[90.2653,23.21245],[90.25453,23.21392],[90.24746,23.22125],[90.25031,23.23855],[90.24172,23.23517],[90.24224,23.25048],[90.23323,23.26403],[90.24481,23.29465],[90.24421,23.30432],[90.24855,23.30781],[90.25037,23.32115],[90.24599,23.33054],[90.23899,23.33158],[90.23552,23.33606],[90.25284,23.34507],[90.25558,23.352],[90.25161,23.3512],[90.25057,23.35693],[90.24275,23.35786],[90.23985,23.36198],[90.24309,23.37068],[90.25259,23.37771],[90.27095,23.37962],[90.2634,23.38777],[90.24853,23.3938],[90.23563,23.39451],[90.23092,23.39858],[90.22988,23.40986],[90.24695,23.41579],[90.24945,23.42374],[90.25423,23.42557],[90.27855,23.42461],[90.27844,23.42999],[90.28729,23.44174],[90.2684,23.4563],[90.22277,23.47937],[90.21959,23.47553],[90.19284,23.49207],[90.19022,23.49353]]]},"id":"BD3054"},{"type":"Feature","properties":{"code":"BD3056","name":"Manikganj","parent_code":"BD30","division_name":"Dhaka"},"geometry":{"type":"Polygon","coordinates":[[[89.97283,24.03551],[89.97392,24.03022],[89.96826,24.02977],[89.9674,24.01344],[89.95938,24.01443],[89.95032,24.02294],[89.94859,24.02886],[89.94826,24.01647],[89.94191,24.01733],[89.93956,24.01154],[89.94852,24.00326],[89.94011,24.00394],[89.9359,23.99557],[89.93157,23.99607],[89.93785,24.00606],[89.92575,24.00335],[89.91485,23.99398],[89.90915,23.99425],[89.90816,23.99841],[89.90636,23.98801],[89.8952,23.9861],[89.89535,23.98162],[89.89122,23.97972],[89.89586,23.97068],[89.88377,23.97198],[89.87762,23.99509],[89.8672,23.99318],[89.86657,23.98812],[89.87061,23.98455],[89.86753,23.9769],[89.87103,23.97251],[89.85688,23.96595],[89.85102,23.973],[89.84311,23.96969],[89.83921,23.97855],[89.82789,23.98058],[89.82597,23.98365],[89.81972,23.98455],[89.81761,23.9807],[89.81353,23.98065],[89.81252,23.97414],[89.80597,23.97526],[89.80636,23.97969],[89.8036,23.98118],[89.79283,23.98049],[89.7936,23.98823],[89.78637,23.98804],[89.78437,23.98084],[89.77402,23.9735],[89.76457,23.97743],[89.77698,23.98839],[89.7754,23.99187],[89.78592,24.01142],[89.78858,24.02888],[89.78648,24.0349],[89.76886,24.02478],[89.74452,24.02333],[89.72602,24.01453],[89.70727,23.99983],[89.69814,23.98767],[89.69741,23.9433],[89.68715,23.94028],[89.69033,23.93273],[89.6885,23.92701],[89.69863,23.9256],[89.70304,23.90172],[89.70091,23.89774],[89.70623,23.89245],[89.70119,23.88842],[89.70333,23.8809],[89.69763,23.87349],[89.69889,23.86667],[89.70234,23.87512],[89.70646,23.87683],[89.71452,23.85805],[89.73558,23.83534],[89.77102,23.83301],[89.77561,23.80897],[89.7809,23.79932],[89.80832,23.77714],[89.81954,23.7608],[89.83417,23.75189],[89.83872,23.72577],[89.85208,23.71129],[89.87659,23.69767],[89.89739,23.68059],[89.91819,23.65758],[89.92536,23.6423],[89.9368,23.64426],[89.96583,23.63639],[89.96473,23.63241],[89.97889,23.63573],[89.99229,23.62665],[90.00657,23.62665],[90.00599,23.6444],[90.0142,23.64706],[90.02,23.65362],[90.01857,23.66983],[90.02322,23.67397],[90.02903,23.67327],[90.031,23.67953],[90.03769,23.68217],[90.03516,23.68555],[90.03924,23.68906],[90.03674,23.694],[90.04302,23.69463],[90.03693,23.69908],[90.0406,23.69929],[90.04064,23.70527],[90.0437,23.70583],[90.04121,23.71299],[90.05035,23.71167],[90.051,23.72381],[90.06985,23.72464],[90.08024,23.71576],[90.08242,23.72486],[90.09891,23.72901],[90.1056,23.72647],[90.10585,23.71659],[90.11554,23.71463],[90.11654,23.72169],[90.12141,23.72326],[90.12406,23.73286],[90.13008,23.73352],[90.13875,23.74559],[90.15586,23.7449],[90.15886,23.7364],[90.15548,23.73187],[90.15843,23.72504],[90.17777,23.72397],[90.18725,23.71976],[90.18859,23.71441],[90.19052,23.72028],[90.20281,23.72055],[90.20659,23.7236],[90.21622,23.7117],[90.22616,23.70725],[90.23717,23.71373],[90.25704,23.71395],[90.25279,23.72186],[90.23731,23.7337],[90.22219,23.73747],[90.21801,23.7459],[90.22605,23.76437],[90.23395,23.77629],[90.23746,23.77679],[90.24575,23.80252],[90.24844,23.82313],[90.24509,23.83682],[90.23867,23.83063],[90.21691,23.8386],[90.20668,23.83405],[90.20322,23.83705],[90.1899,23.8338],[90.1723,23.82684],[90.15671,23.82947],[90.15156,23.82753],[90.14999,23.84229],[90.1184,23.87573],[90.10884,23.89546],[90.09333,23.90314],[90.08739,23.91186],[90.08133,23.91247],[90.07878,23.90684],[90.07345,23.90548],[90.0641,23.91296],[90.06402,23.91732],[90.07572,23.92662],[90.06609,23.92583],[90.06274,23.93049],[90.0672,23.93414],[90.06753,23.94138],[90.06218,23.95112],[90.07245,23.95479],[90.07455,23.9605],[90.05025,23.95901],[90.04575,23.96175],[90.0446,23.96868],[90.03817,23.97127],[90.0431,23.97427],[90.03976,23.97565],[90.03799,23.98297],[90.05155,23.99027],[90.05721,24.00016],[90.04587,23.9969],[90.04196,24.00506],[90.02732,24.00399],[90.0211,24.01667],[90.02004,24.01045],[90.01446,24.01348],[90.01354,24.00803],[90.00719,24.01023],[90.01015,24.00294],[89.99348,23.9996],[89.99185,24.00146],[89.99431,24.00299],[89.98875,24.00883],[89.97788,24.011],[89.97723,24.01638],[89.98593,24.01851],[89.97978,24.02624],[89.97997,24.03235],[89.97367,24.03502],[89.97283,24.03551]]]},"id":"BD3056"},{"type":"Feature","properties":{"code":"BD3059","name":"Munshiganj","parent_code":"BD30","division_name":"Dhaka"},"geometry":{"type":"Polygon","coordinates":[[[90.31959,23.65386],[90.28969,23.66897],[90.28651,23.67363],[90.27115,23.66032],[90.27001,23.65349],[90.24928,23.65509],[90.24918,23.63352],[90.24573,23.6287],[90.24048,23.63273],[90.2361,23.62067],[90.22583,23.61268],[90.2264,23.59985],[90.20832,23.58953],[90.2054,23.57983],[90.2068,23.56668],[90.19212,23.55993],[90.18618,23.56266],[90.18149,23.55649],[90.1774,23.55629],[90.18189,23.54365],[90.17812,23.52821],[90.17137,23.53039],[90.1596,23.52475],[90.16122,23.52252],[90.15888,23.5218],[90.17511,23.50374],[90.2111,23.47984],[90.21959,23.47553],[90.22277,23.47937],[90.2684,23.4563],[90.29075,23.43873],[90.30736,23.44607],[90.30935,23.44199],[90.32421,23.43319],[90.32829,23.43237],[90.32472,23.43691],[90.32974,23.43762],[90.33681,23.43183],[90.3435,23.43352],[90.34988,23.43093],[90.35531,23.43347],[90.3581,23.42942],[90.36559,23.42877],[90.37436,23.42291],[90.37681,23.41613],[90.38824,23.4101],[90.39935,23.41319],[90.42731,23.4065],[90.43179,23.41052],[90.43136,23.4143],[90.43868,23.41484],[90.44398,23.40931],[90.44984,23.40869],[90.45411,23.41185],[90.46578,23.40901],[90.46519,23.4059],[90.47008,23.40408],[90.47674,23.40661],[90.4783,23.4009],[90.48899,23.39819],[90.49983,23.40324],[90.53875,23.37971],[90.53854,23.39046],[90.54287,23.40132],[90.5698,23.43632],[90.57763,23.45285],[90.57771,23.47089],[90.58174,23.47211],[90.5842,23.48372],[90.57758,23.48576],[90.57759,23.49572],[90.5945,23.49187],[90.60581,23.49551],[90.61165,23.49024],[90.61861,23.49014],[90.62775,23.49357],[90.63426,23.50197],[90.64247,23.50437],[90.66506,23.49535],[90.67946,23.49342],[90.69939,23.50215],[90.70651,23.50992],[90.70723,23.51941],[90.69745,23.52798],[90.68666,23.54759],[90.68421,23.55899],[90.66781,23.57115],[90.6515,23.57154],[90.64474,23.57689],[90.64763,23.58909],[90.66225,23.58884],[90.66377,23.5916],[90.65085,23.61847],[90.63904,23.61447],[90.6252,23.6192],[90.62013,23.61265],[90.6095,23.60685],[90.59194,23.60411],[90.56446,23.59314],[90.56407,23.58249],[90.5816,23.55701],[90.57574,23.55031],[90.57802,23.54132],[90.56478,23.53613],[90.5467,23.55983],[90.52851,23.56901],[90.52922,23.57155],[90.51503,23.58108],[90.50631,23.57935],[90.50665,23.57489],[90.48044,23.57183],[90.47223,23.55436],[90.46585,23.55969],[90.45906,23.55238],[90.4456,23.55093],[90.43759,23.55712],[90.431,23.5701],[90.4416,23.58453],[90.44241,23.59539],[90.43569,23.60697],[90.42963,23.60921],[90.43149,23.61269],[90.42186,23.62355],[90.39704,23.64403],[90.3923,23.65164],[90.36906,23.65433],[90.35735,23.64284],[90.34807,23.63947],[90.33227,23.64395],[90.32194,23.65216],[90.31959,23.65386]]]},"id":"BD3059"},{"type":"Feature","properties":{"code":"BD3067","name":"Narayanganj","parent_code":"BD30","division_name":"Dhaka"},"geometry":{"type":"Polygon","coordinates":[[[90.57094,23.8955],[90.56089,23.89419],[90.55578,23.88648],[90.55096,23.8851],[90.53296,23.88752],[90.52743,23.89471],[90.52723,23.88986],[90.52196,23.89112],[90.51815,23.88813],[90.52254,23.87553],[90.50637,23.87475],[90.50313,23.85761],[90.48595,23.8477],[90.47328,23.84852],[90.47282,23.84169],[90.47852,23.83376],[90.4825,23.83061],[90.48663,23.8316],[90.48668,23.81787],[90.49036,23.81652],[90.48509,23.81401],[90.48087,23.79179],[90.47089,23.78268],[90.48316,23.7715],[90.48362,23.75829],[90.48893,23.75456],[90.48588,23.74933],[90.49478,23.74343],[90.49216,23.7348],[90.50071,23.72863],[90.50084,23.71853],[90.51198,23.71089],[90.48006,23.69596],[90.47241,23.68708],[90.46886,23.68651],[90.46695,23.69071],[90.45916,23.68197],[90.46083,23.67862],[90.4491,23.66919],[90.4727,23.63827],[90.4703,23.63398],[90.44594,23.62828],[90.4292,23.61052],[90.43569,23.60697],[90.44241,23.59539],[90.4416,23.58453],[90.43157,23.57282],[90.4314,23.56861],[90.43759,23.55712],[90.4456,23.55093],[90.45906,23.55238],[90.46585,23.55969],[90.47223,23.55436],[90.48044,23.57183],[90.50665,23.57489],[90.50631,23.57935],[90.51503,23.58108],[90.52922,23.57155],[90.52851,23.56901],[90.5467,23.55983],[90.56478,23.53613],[90.57802,23.54132],[90.57574,23.55031],[90.58142,23.55433],[90.58081,23.56064],[90.56407,23.58249],[90.56446,23.59314],[90.62013,23.61265],[90.63453,23.63432],[90.64499,23.67632],[90.66352,23.67458],[90.66837,23.6799],[90.67969,23.68288],[90.70401,23.66738],[90.72227,23.66484],[90.73298,23.66986],[90.73884,23.68196],[90.74157,23.6922],[90.73958,23.70204],[90.72355,23.72502],[90.72118,23.73761],[90.72336,23.74764],[90.73371,23.76184],[90.73085,23.76475],[90.73086,23.77274],[90.74144,23.78916],[90.72821,23.79535],[90.7253,23.80021],[90.71507,23.80206],[90.71811,23.80632],[90.71636,23.80914],[90.70729,23.81639],[90.68661,23.82455],[90.68038,23.83099],[90.67939,23.82322],[90.68626,23.81701],[90.69043,23.80021],[90.68449,23.79927],[90.68353,23.79598],[90.6778,23.79812],[90.6693,23.79537],[90.66376,23.79738],[90.66644,23.80056],[90.66354,23.80408],[90.65515,23.79842],[90.65105,23.79974],[90.63646,23.8253],[90.64617,23.83966],[90.65688,23.84176],[90.66075,23.83911],[90.6643,23.84645],[90.65686,23.84508],[90.64752,23.85278],[90.65674,23.86028],[90.65334,23.86142],[90.65386,23.86763],[90.64753,23.86918],[90.64763,23.87613],[90.64021,23.87168],[90.63522,23.87378],[90.62494,23.86524],[90.61916,23.85393],[90.62255,23.84305],[90.60935,23.8332],[90.60741,23.83826],[90.59831,23.84487],[90.59955,23.84763],[90.59542,23.8541],[90.59785,23.85977],[90.60785,23.85945],[90.60958,23.87548],[90.61349,23.87513],[90.6109,23.88856],[90.60809,23.88673],[90.60577,23.89274],[90.60196,23.8931],[90.59811,23.88473],[90.59262,23.88642],[90.58865,23.89206],[90.57304,23.89427],[90.57094,23.8955]]]},"id":"BD3067"},{"type":"Feature","properties":{"code":"BD3068","name":"Narsingdi","parent_code":"BD30","division_name":"Dhaka"},"geometry":{"type":"Polygon","coordinates":[[[90.76779,24.25276],[90.75107,24.24971],[90.73563,24.23992],[90.70991,24.23591],[90.68245,24.24397],[90.68565,24.23564],[90.67373,24.22506],[90.67274,24.20647],[90.68719,24.19023],[90.68989,24.18146],[90.68505,24.16302],[90.68771,24.15694],[90.68636,24.1498],[90.69668,24.13864],[90.68621,24.12946],[90.6775,24.11393],[90.68696,24.11049],[90.69765,24.11449],[90.70428,24.10893],[90.70473,24.10357],[90.69508,24.09757],[90.66872,24.09816],[90.65657,24.09236],[90.64857,24.09693],[90.6425,24.10615],[90.64148,24.08059],[90.63699,24.06977],[90.65307,24.03638],[90.65099,24.03529],[90.65955,24.01511],[90.65511,24.01],[90.64017,24.00466],[90.63163,23.9791],[90.61866,23.96881],[90.61384,23.92963],[90.59487,23.92147],[90.56502,23.91555],[90.56113,23.9113],[90.57304,23.89427],[90.58865,23.89206],[90.59262,23.88642],[90.59811,23.88473],[90.60196,23.8931],[90.60577,23.89274],[90.60809,23.88673],[90.6109,23.88856],[90.61349,23.87513],[90.60958,23.87548],[90.60785,23.85945],[90.59785,23.85977],[90.59542,23.8541],[90.59955,23.84763],[90.59831,23.84487],[90.60741,23.83826],[90.60935,23.8332],[90.62255,23.84305],[90.61916,23.85393],[90.62494,23.86524],[90.63471,23.87353],[90.64021,23.87168],[90.64744,23.87634],[90.64753,23.86918],[90.65386,23.86763],[90.65334,23.86142],[90.65674,23.86028],[90.64752,23.85278],[90.65686,23.84508],[90.6643,23.84645],[90.66075,23.83911],[90.65688,23.84176],[90.64617,23.83966],[90.63646,23.8253],[90.64546,23.81161],[90.64802,23.8018],[90.65473,23.79834],[90.66354,23.80408],[90.66644,23.80056],[90.66376,23.79738],[90.6693,23.79537],[90.6778,23.79812],[90.68353,23.79598],[90.68449,23.79927],[90.69011,23.79988],[90.68626,23.81701],[90.67939,23.82322],[90.6817,23.82739],[90.67911,23.83085],[90.68424,23.82948],[90.68661,23.82455],[90.70729,23.81639],[90.71636,23.80914],[90.71811,23.80632],[90.71507,23.80206],[90.7253,23.80021],[90.72821,23.79535],[90.74144,23.78916],[90.73049,23.77174],[90.73371,23.76184],[90.74743,23.78149],[90.7596,23.79286],[90.76671,23.80625],[90.76648,23.82518],[90.75926,23.85037],[90.76599,23.86363],[90.78612,23.86605],[90.83044,23.86407],[90.85912,23.87867],[90.89812,23.86453],[90.91389,23.87507],[90.93116,23.91339],[90.95119,23.93025],[90.95434,23.95906],[90.97303,23.97301],[90.96925,24.00761],[90.9733,24.01888],[90.98668,24.03531],[90.9611,24.03987],[90.95943,24.0474],[90.96449,24.06519],[90.95344,24.07068],[90.95138,24.07933],[90.94545,24.08585],[90.93843,24.08604],[90.92587,24.07882],[90.9148,24.07757],[90.89122,24.09547],[90.8719,24.10234],[90.85666,24.10342],[90.84551,24.11184],[90.84937,24.11871],[90.86706,24.12577],[90.87201,24.13462],[90.87189,24.14131],[90.86517,24.14555],[90.84648,24.14376],[90.82484,24.15507],[90.82049,24.1627],[90.81976,24.17575],[90.81151,24.18071],[90.80723,24.19105],[90.80475,24.18775],[90.79868,24.18852],[90.78652,24.19614],[90.7923,24.22229],[90.78141,24.23117],[90.78264,24.23884],[90.77996,24.24484],[90.76795,24.25266],[90.76779,24.25276]]]},"id":"BD3068"},{"type":"Feature","properties":{"code":"BD3082","name":"Rajbari","parent_code":"BD30","division_name":"Dhaka"},"geometry":{"type":"Polygon","coordinates":[[[89.39734,23.89808],[89.39044,23.90521],[89.36743,23.90888],[89.36863,23.8931],[89.36661,23.88967],[89.35857,23.88845],[89.36099,23.88404],[89.35772,23.87648],[89.36376,23.87145],[89.35825,23.87087],[89.35107,23.86256],[89.35075,23.84241],[89.3441,23.83997],[89.33953,23.83142],[89.33548,23.83059],[89.33623,23.81919],[89.32667,23.7935],[89.32999,23.79038],[89.32766,23.78202],[89.32982,23.77847],[89.31097,23.77581],[89.31012,23.7686],[89.32181,23.76793],[89.31861,23.75783],[89.31433,23.7486],[89.30469,23.74667],[89.29649,23.73793],[89.30905,23.73327],[89.31224,23.72054],[89.3214,23.71411],[89.32206,23.70378],[89.34828,23.68403],[89.34876,23.67207],[89.36143,23.67153],[89.37309,23.66694],[89.38368,23.67235],[89.3811,23.6765],[89.40922,23.68401],[89.44226,23.65705],[89.43713,23.64656],[89.44212,23.63956],[89.47896,23.63191],[89.48627,23.62485],[89.48726,23.61717],[89.47253,23.59709],[89.48563,23.59364],[89.49774,23.58082],[89.50628,23.59174],[89.51921,23.58884],[89.51809,23.58398],[89.52271,23.58205],[89.52856,23.5717],[89.53389,23.57376],[89.54015,23.57094],[89.54111,23.56445],[89.54468,23.56173],[89.55237,23.57262],[89.54197,23.57303],[89.54082,23.57965],[89.54788,23.58491],[89.54774,23.59321],[89.56035,23.5931],[89.56317,23.59775],[89.56213,23.6057],[89.57159,23.60628],[89.57587,23.60101],[89.58863,23.59548],[89.59942,23.6001],[89.59338,23.60692],[89.599,23.61005],[89.6054,23.59784],[89.61088,23.59394],[89.62241,23.59065],[89.62268,23.59453],[89.62873,23.5895],[89.63035,23.59273],[89.63973,23.5904],[89.64609,23.5926],[89.64994,23.60666],[89.65611,23.61151],[89.66653,23.61015],[89.67287,23.59827],[89.67012,23.58833],[89.67498,23.58569],[89.68695,23.58614],[89.69988,23.59154],[89.71346,23.58938],[89.71432,23.59723],[89.71948,23.59633],[89.72152,23.58739],[89.72885,23.58232],[89.7432,23.58243],[89.74221,23.58938],[89.75325,23.58954],[89.7567,23.59501],[89.75256,23.60419],[89.73048,23.61919],[89.72793,23.63126],[89.73375,23.63712],[89.73436,23.64426],[89.72971,23.66804],[89.72154,23.67454],[89.72722,23.67374],[89.73391,23.67898],[89.73994,23.66782],[89.75703,23.66723],[89.75681,23.67802],[89.75913,23.67936],[89.79115,23.68316],[89.79078,23.68597],[89.79532,23.68778],[89.79305,23.68987],[89.79306,23.71263],[89.81411,23.72103],[89.81934,23.71494],[89.84232,23.70918],[89.84874,23.70097],[89.84456,23.71204],[89.84975,23.71337],[89.83615,23.72972],[89.8386,23.73201],[89.83417,23.75189],[89.81954,23.7608],[89.80832,23.77714],[89.7809,23.79932],[89.77561,23.80897],[89.77102,23.83301],[89.73429,23.8359],[89.73579,23.83128],[89.73014,23.82733],[89.69996,23.81333],[89.66522,23.80926],[89.64917,23.81692],[89.64265,23.81076],[89.63364,23.80922],[89.58676,23.8137],[89.57677,23.80632],[89.56509,23.80851],[89.56466,23.8118],[89.55109,23.81602],[89.54999,23.81321],[89.52729,23.81544],[89.4937,23.82944],[89.40921,23.88346],[89.39983,23.89479],[89.39734,23.89808]]]},"id":"BD3082"},{"type":"Feature","properties":{"code":"BD3086","name":"Shariatpur","parent_code":"BD30","division_name":"Dhaka"},"geometry":{"type":"Polygon","coordinates":[[[90.30781,23.44589],[90.29086,23.43873],[90.28729,23.44174],[90.27844,23.42999],[90.27855,23.42461],[90.25423,23.42557],[90.24945,23.42374],[90.24695,23.41579],[90.22988,23.40986],[90.23092,23.39858],[90.23563,23.39451],[90.24853,23.3938],[90.2634,23.38777],[90.27095,23.37962],[90.25259,23.37771],[90.24309,23.37068],[90.23985,23.36198],[90.24275,23.35786],[90.25057,23.35693],[90.25161,23.3512],[90.25558,23.352],[90.25284,23.34507],[90.23552,23.33606],[90.23899,23.33158],[90.24599,23.33054],[90.25037,23.32115],[90.24855,23.30781],[90.24421,23.30432],[90.24481,23.29465],[90.23298,23.26575],[90.24224,23.25048],[90.24172,23.23517],[90.25031,23.23855],[90.24702,23.22261],[90.25453,23.21392],[90.2653,23.21245],[90.27399,23.19924],[90.27513,23.20251],[90.28376,23.20027],[90.28445,23.18464],[90.29047,23.17701],[90.28752,23.16757],[90.29295,23.149],[90.3077,23.14897],[90.3086,23.13745],[90.31588,23.14114],[90.33988,23.13667],[90.34187,23.14244],[90.35403,23.14238],[90.35515,23.13741],[90.34689,23.13104],[90.34805,23.12612],[90.34455,23.12034],[90.35156,23.11763],[90.3484,23.1091],[90.3489,23.10496],[90.35261,23.105],[90.35205,23.09555],[90.34614,23.08795],[90.34189,23.07359],[90.33567,23.07093],[90.34433,23.06014],[90.35265,23.05501],[90.37003,23.05893],[90.37833,23.05445],[90.38451,23.05618],[90.38515,23.05188],[90.3905,23.05283],[90.41041,23.04375],[90.41312,23.04588],[90.42543,23.04161],[90.42638,23.03572],[90.41161,23.02139],[90.41639,23.0069],[90.45345,23.01825],[90.45688,23.01296],[90.47825,23.01406],[90.49335,23.02099],[90.49515,23.03344],[90.50075,23.03989],[90.5111,23.04228],[90.50165,23.05828],[90.5068,23.06138],[90.51552,23.05625],[90.5161,23.08076],[90.54483,23.08013],[90.53292,23.09354],[90.52721,23.11665],[90.55564,23.12453],[90.56713,23.14061],[90.56631,23.16482],[90.57994,23.1737],[90.58044,23.18234],[90.58774,23.18712],[90.59436,23.2047],[90.59205,23.22664],[90.59555,23.2474],[90.59265,23.25254],[90.58183,23.2526],[90.55455,23.29787],[90.55584,23.30525],[90.56209,23.30468],[90.56551,23.3175],[90.58162,23.33643],[90.57476,23.33763],[90.57122,23.35118],[90.55247,23.36359],[90.54171,23.37834],[90.49983,23.40324],[90.48899,23.39819],[90.4783,23.4009],[90.47674,23.40661],[90.47008,23.40408],[90.46519,23.4059],[90.46578,23.40901],[90.45411,23.41185],[90.44984,23.40869],[90.44398,23.40931],[90.43868,23.41484],[90.43136,23.4143],[90.43179,23.41052],[90.42731,23.4065],[90.39935,23.41319],[90.38824,23.4101],[90.37681,23.41613],[90.37436,23.42291],[90.36559,23.42877],[90.3581,23.42942],[90.35591,23.43326],[90.33681,23.43183],[90.32974,23.43762],[90.32472,23.43691],[90.32829,23.43237],[90.32421,23.43319],[90.30935,23.44199],[90.30799,23.44572],[90.30781,23.44589]]]},"id":"BD3086"},{"type":"Feature","properties":{"code":"BD3093","name":"Tangail","parent_code":"BD30","division_name":"Dhaka"},"geometry":{"type":"Polygon","coordinates":[[[90.07791,24.78691],[90.07243,24.7865],[90.06808,24.78038],[90.06042,24.7822],[90.04849,24.77551],[90.03332,24.78095],[90.02447,24.77617],[90.02119,24.77219],[90.02318,24.76528],[90.02113,24.75573],[90.01623,24.75505],[90.01048,24.74714],[89.99765,24.74559],[89.99729,24.73955],[89.99097,24.73546],[89.99097,24.72835],[89.98438,24.72833],[89.97564,24.72304],[89.96376,24.72635],[89.95996,24.73329],[89.95533,24.7341],[89.96048,24.73759],[89.95662,24.74448],[89.94069,24.74405],[89.94006,24.75192],[89.93378,24.75725],[89.93454,24.76141],[89.9256,24.75665],[89.91844,24.75814],[89.92488,24.75409],[89.92161,24.75085],[89.92396,24.7469],[89.91427,24.74866],[89.90856,24.7398],[89.90493,24.7391],[89.89979,24.74654],[89.8979,24.74518],[89.90046,24.73937],[89.89106,24.74227],[89.8876,24.74711],[89.87983,24.74753],[89.88293,24.74416],[89.87763,24.73771],[89.87782,24.71401],[89.89179,24.70199],[89.89706,24.68225],[89.88688,24.67511],[89.87651,24.67993],[89.86509,24.66351],[89.86848,24.65361],[89.86451,24.65036],[89.8426,24.64857],[89.84702,24.64162],[89.84162,24.63754],[89.85078,24.62733],[89.8507,24.62175],[89.84088,24.62703],[89.841,24.62038],[89.83553,24.61828],[89.83611,24.61412],[89.82651,24.61394],[89.82637,24.61113],[89.83286,24.60764],[89.82324,24.60085],[89.82826,24.59212],[89.82173,24.59257],[89.81657,24.58571],[89.81145,24.58903],[89.81169,24.58345],[89.81804,24.58126],[89.80963,24.57641],[89.81138,24.57096],[89.7947,24.57115],[89.78916,24.57469],[89.77386,24.56587],[89.76865,24.55746],[89.77085,24.54128],[89.7487,24.53888],[89.74958,24.53548],[89.7466,24.5332],[89.75119,24.5303],[89.74955,24.5214],[89.74163,24.52384],[89.73674,24.5196],[89.7387,24.51527],[89.74973,24.51179],[89.75276,24.50554],[89.75688,24.5065],[89.75937,24.50025],[89.75055,24.483],[89.76071,24.48426],[89.75204,24.47244],[89.74502,24.47043],[89.74576,24.45511],[89.75746,24.45441],[89.75008,24.43916],[89.75091,24.42774],[89.75963,24.40719],[89.76192,24.41031],[89.76857,24.40855],[89.77359,24.40415],[89.7745,24.40134],[89.77188,24.40095],[89.77626,24.39495],[89.76476,24.39546],[89.76763,24.3763],[89.75452,24.36016],[89.75345,24.34991],[89.77388,24.33202],[89.77589,24.30531],[89.78949,24.29042],[89.79275,24.27482],[89.78645,24.24972],[89.7871,24.23403],[89.80324,24.17413],[89.78852,24.17131],[89.78341,24.16551],[89.79038,24.15801],[89.80578,24.16106],[89.81085,24.14968],[89.82323,24.14119],[89.81917,24.13119],[89.81912,24.10966],[89.82581,24.09334],[89.82505,24.07842],[89.81644,24.06359],[89.79609,24.04449],[89.78616,24.04158],[89.78858,24.02888],[89.78592,24.01142],[89.7754,23.99187],[89.77698,23.98839],[89.76452,23.9781],[89.77358,23.97359],[89.78437,23.98084],[89.78824,23.98876],[89.79414,23.98787],[89.79303,23.98031],[89.8036,23.98118],[89.80636,23.97969],[89.80597,23.97526],[89.81281,23.97427],[89.81304,23.9802],[89.82046,23.98459],[89.83921,23.97855],[89.84399,23.96928],[89.84994,23.97322],[89.8557,23.96599],[89.86426,23.96726],[89.87103,23.97251],[89.86753,23.9769],[89.87061,23.98455],[89.86657,23.98812],[89.86701,23.99287],[89.87428,23.99586],[89.87762,23.99509],[89.87784,23.98713],[89.88177,23.98505],[89.88026,23.97772],[89.88377,23.97198],[89.89518,23.97041],[89.89122,23.97972],[89.89535,23.98162],[89.8952,23.9861],[89.90636,23.98801],[89.90816,23.99841],[89.90915,23.99425],[89.91485,23.99398],[89.92575,24.00335],[89.93785,24.00606],[89.93157,23.99607],[89.9359,23.99557],[89.94011,24.00394],[89.94852,24.00326],[89.93956,24.01154],[89.94191,24.01733],[89.94826,24.01647],[89.94859,24.02886],[89.95032,24.02294],[89.95938,24.01443],[89.9674,24.01344],[89.96826,24.02977],[89.97421,24.03086],[89.97194,24.03574],[89.97997,24.03235],[89.97978,24.02624],[89.98593,24.01851],[89.97723,24.01638],[89.97847,24.01027],[89.98875,24.00883],[89.99431,24.00299],[89.99185,24.00146],[89.99392,23.99946],[90.00789,24.00177],[90.01039,24.00322],[90.00861,24.01176],[90.00463,24.01633],[90.01436,24.01868],[90.0174,24.02845],[90.01573,24.0327],[90.00909,24.03329],[90.00751,24.03687],[90.01085,24.04245],[90.01905,24.04575],[90.01918,24.03712],[90.02855,24.03515],[90.02799,24.03161],[90.02045,24.02973],[90.02479,24.0228],[90.04213,24.02947],[90.06173,24.03021],[90.06527,24.0383],[90.06983,24.03254],[90.0737,24.03472],[90.07499,24.04294],[90.08209,24.04256],[90.08466,24.03766],[90.0903,24.0372],[90.1022,24.02122],[90.10843,24.01961],[90.11079,24.02885],[90.1216,24.0275],[90.12183,24.03071],[90.12906,24.03498],[90.1492,24.03574],[90.15165,24.0537],[90.16341,24.05724],[90.15914,24.06646],[90.1795,24.07853],[90.18075,24.09214],[90.17442,24.09941],[90.17496,24.11053],[90.18104,24.10839],[90.18644,24.09944],[90.19706,24.10139],[90.20198,24.09523],[90.21136,24.09608],[90.21688,24.10219],[90.23225,24.10579],[90.23193,24.11533],[90.22066,24.12542],[90.21907,24.13056],[90.22092,24.14378],[90.2272,24.15137],[90.2271,24.16336],[90.24587,24.18482],[90.25177,24.18736],[90.25216,24.19658],[90.25847,24.19836],[90.26822,24.20779],[90.26941,24.21362],[90.29324,24.22404],[90.29158,24.23907],[90.30381,24.25266],[90.30118,24.26186],[90.305,24.26692],[90.29988,24.2685],[90.30078,24.27156],[90.29354,24.2783],[90.28651,24.27826],[90.28058,24.28757],[90.27189,24.28691],[90.26171,24.29084],[90.25716,24.29706],[90.25407,24.318],[90.2477,24.3264],[90.24829,24.33343],[90.23417,24.33508],[90.22988,24.34691],[90.24891,24.41521],[90.24181,24.41434],[90.23116,24.42187],[90.22208,24.43525],[90.22065,24.4491],[90.21324,24.45191],[90.2117,24.4629],[90.2249,24.46377],[90.22648,24.47],[90.24605,24.48212],[90.23709,24.48758],[90.23543,24.48442],[90.22867,24.48405],[90.21577,24.49943],[90.20733,24.49816],[90.20421,24.5031],[90.21035,24.50983],[90.19402,24.5146],[90.18698,24.52323],[90.17666,24.51827],[90.17079,24.53782],[90.16325,24.53715],[90.15921,24.54524],[90.15104,24.56782],[90.15574,24.57404],[90.14433,24.57599],[90.13007,24.59511],[90.13395,24.60185],[90.13498,24.61634],[90.13922,24.615],[90.14323,24.6232],[90.14809,24.62315],[90.15241,24.63399],[90.14958,24.64303],[90.15161,24.64943],[90.14506,24.65525],[90.14296,24.68005],[90.13472,24.69104],[90.1371,24.7004],[90.12902,24.717],[90.13569,24.73347],[90.13044,24.73796],[90.09204,24.73669],[90.09067,24.75169],[90.09787,24.75255],[90.09526,24.75624],[90.09926,24.7566],[90.09362,24.75817],[90.09331,24.76852],[90.07813,24.78673],[90.07791,24.78691]]]},"id":"BD3093"},{"type":"Feature","properties":{"code":"BD4001","name":"Bagerhat","parent_code":"BD40","division_name":"Khulna"},"geometry":{"type":"Polygon","coordinates":[[[89.78491,22.98399],[89.76785,22.97828],[89.76237,22.96515],[89.75245,22.96758],[89.75171,22.96326],[89.75506,22.96139],[89.75009,22.94733],[89.72627,22.92187],[89.72812,22.9184],[89.73711,22.92481],[89.74177,22.92381],[89.72147,22.90432],[89.72918,22.90137],[89.72914,22.89641],[89.71205,22.89123],[89.72037,22.88659],[89.7142,22.87808],[89.70817,22.88231],[89.7036,22.87729],[89.69554,22.87501],[89.69871,22.86492],[89.70512,22.85892],[89.71141,22.85801],[89.71782,22.84835],[89.71119,22.82543],[89.69372,22.81791],[89.67917,22.81634],[89.67492,22.81007],[89.67547,22.79541],[89.6656,22.79922],[89.66096,22.77476],[89.65424,22.77138],[89.65696,22.75686],[89.65476,22.75375],[89.64656,22.75207],[89.64713,22.76239],[89.6435,22.77338],[89.63894,22.76647],[89.63131,22.76597],[89.63106,22.76275],[89.61967,22.77318],[89.61044,22.77191],[89.61112,22.76408],[89.60713,22.75782],[89.60956,22.75379],[89.59769,22.73632],[89.60016,22.72834],[89.59824,22.7212],[89.59526,22.71817],[89.59018,22.72161],[89.58484,22.71643],[89.58917,22.70848],[89.60127,22.70874],[89.60238,22.69998],[89.56907,22.69084],[89.57827,22.67799],[89.58022,22.66735],[89.57041,22.67015],[89.5611,22.6793],[89.55815,22.67893],[89.55633,22.67037],[89.54779,22.66338],[89.54756,22.657],[89.55492,22.63891],[89.53829,22.62741],[89.53097,22.61098],[89.5336,22.59914],[89.56602,22.55976],[89.58268,22.50936],[89.59516,22.44033],[89.61543,22.40188],[89.62259,22.37842],[89.62778,22.34032],[89.61961,22.32277],[89.59453,22.2896],[89.58707,22.27431],[89.59162,22.23743],[89.54723,22.20598],[89.5513,22.18638],[89.58618,22.13846],[89.59002,22.11061],[89.5857,22.09149],[89.56207,22.0371],[89.54327,21.96803],[89.54345,21.95501],[89.55082,21.93593],[89.57533,21.90766],[89.55329,21.85786],[89.54905,21.82986],[89.5554,21.81419],[89.56771,21.80003],[89.61895,21.75398],[89.62227,21.74587],[89.65042,21.72932],[89.67702,21.73423],[89.70835,21.75427],[89.72683,21.78227],[89.75362,21.83992],[89.76055,21.83192],[89.79709,21.81177],[89.83152,21.78572],[89.84402,21.78153],[89.87926,21.7775],[89.90818,21.7804],[89.90916,21.78342],[89.90983,21.8318],[89.90264,21.87625],[89.90613,21.91887],[89.89502,21.95789],[89.89831,21.96305],[89.90968,21.96533],[89.90519,21.97004],[89.901,22.00046],[89.89628,22.01111],[89.8891,22.01746],[89.8855,22.03701],[89.87763,22.04826],[89.87832,22.05783],[89.89545,22.10059],[89.89614,22.12629],[89.89133,22.15448],[89.88668,22.16431],[89.88398,22.19591],[89.86393,22.22442],[89.85736,22.25911],[89.8594,22.27936],[89.86637,22.30332],[89.89396,22.34662],[89.89883,22.37365],[89.8936,22.38321],[89.8738,22.40217],[89.86916,22.41558],[89.87515,22.42464],[89.88594,22.42823],[89.89977,22.4406],[89.91022,22.44438],[89.9248,22.44314],[89.93136,22.44554],[89.94044,22.45323],[89.94355,22.46315],[89.94048,22.47093],[89.92978,22.47601],[89.91,22.47184],[89.89023,22.47683],[89.88115,22.4893],[89.88285,22.50157],[89.91315,22.50456],[89.93198,22.49529],[89.9514,22.49119],[89.96583,22.49271],[89.9672,22.50328],[89.96226,22.50833],[89.92005,22.50932],[89.95139,22.54637],[89.96092,22.57532],[89.96204,22.5925],[89.95196,22.60004],[89.9155,22.60371],[89.92236,22.61926],[89.92654,22.64416],[89.90027,22.65043],[89.88937,22.65666],[89.88681,22.66273],[89.88842,22.66968],[89.89603,22.67674],[89.90692,22.65591],[89.93731,22.67944],[89.91492,22.69406],[89.89675,22.69647],[89.86559,22.6911],[89.8601,22.69858],[89.86662,22.70658],[89.90668,22.72713],[89.92728,22.7219],[89.93336,22.75162],[89.92704,22.75452],[89.91417,22.75225],[89.90915,22.75451],[89.90682,22.77337],[89.9165,22.77706],[89.921,22.78363],[89.94,22.78321],[89.93317,22.79324],[89.91617,22.7998],[89.91737,22.80899],[89.93975,22.8243],[89.94432,22.8216],[89.94827,22.82319],[89.94913,22.83283],[89.94602,22.84256],[89.93707,22.84707],[89.92993,22.86015],[89.9188,22.86746],[89.91811,22.87914],[89.91524,22.88177],[89.89136,22.88231],[89.87016,22.88824],[89.86969,22.87525],[89.83663,22.88816],[89.83726,22.89404],[89.84656,22.89712],[89.85313,22.89511],[89.84389,22.90628],[89.83954,22.91997],[89.82596,22.93397],[89.80179,22.94309],[89.80737,22.95846],[89.80685,22.96558],[89.80341,22.97247],[89.79268,22.96667],[89.78464,22.96687],[89.78215,22.97144],[89.7897,22.9822],[89.78509,22.98397],[89.78491,22.98399]]]},"id":"BD4001"},{"type":"Feature","properties":{"code":"BD4018","name":"Chuadanga","parent_code":"BD40","division_name":"Khulna"},"geometry":{"type":"Polygon","coordinates":[[[88.91256,23.82724],[88.90611,23.83784],[88.89583,23.82728],[88.87635,23.83344],[88.8626,23.82782],[88.85471,23.83297],[88.84735,23.83093],[88.84319,23.81987],[88.83155,23.81377],[88.8179,23.77183],[88.79693,23.76872],[88.79196,23.77308],[88.78753,23.76757],[88.78569,23.7414],[88.78052,23.73877],[88.77858,23.73175],[88.77834,23.72239],[88.78328,23.7209],[88.78441,23.71646],[88.77328,23.69858],[88.74686,23.69664],[88.73684,23.68383],[88.73366,23.68436],[88.70967,23.66831],[88.69646,23.66529],[88.69361,23.65491],[88.6863,23.65912],[88.68067,23.64716],[88.67076,23.64957],[88.66727,23.64599],[88.65255,23.65106],[88.65046,23.64332],[88.64584,23.64158],[88.64552,23.63777],[88.64867,23.63916],[88.65002,23.63488],[88.64299,23.62654],[88.64879,23.62244],[88.63542,23.61489],[88.63802,23.61011],[88.64565,23.60874],[88.63803,23.59774],[88.63871,23.5911],[88.64378,23.59164],[88.65071,23.58377],[88.64811,23.58053],[88.6547,23.56356],[88.65394,23.55618],[88.65949,23.55316],[88.65968,23.54921],[88.66726,23.54649],[88.67464,23.54801],[88.68292,23.54187],[88.68589,23.53709],[88.68443,23.52958],[88.69134,23.53102],[88.69127,23.52477],[88.69634,23.52508],[88.69553,23.51733],[88.70578,23.51701],[88.71371,23.5086],[88.72429,23.51231],[88.73056,23.50372],[88.72931,23.49624],[88.73897,23.4908],[88.74389,23.48354],[88.74109,23.47985],[88.74792,23.48274],[88.76107,23.47873],[88.75682,23.48675],[88.76083,23.49042],[88.7676,23.48187],[88.77483,23.48058],[88.76848,23.48864],[88.77026,23.4976],[88.78329,23.50238],[88.78675,23.50728],[88.78409,23.49799],[88.7943,23.50247],[88.80062,23.49816],[88.79582,23.48627],[88.80137,23.48668],[88.80017,23.48226],[88.79349,23.47992],[88.78747,23.46988],[88.79198,23.46339],[88.78919,23.44804],[88.79372,23.4474],[88.79553,23.44333],[88.79112,23.44418],[88.79057,23.44155],[88.78535,23.44472],[88.78516,23.43916],[88.77871,23.43765],[88.78223,23.44137],[88.77387,23.4441],[88.77291,23.44901],[88.76346,23.44637],[88.76147,23.42612],[88.75821,23.42567],[88.75461,23.41613],[88.76145,23.40854],[88.75176,23.40296],[88.74954,23.39842],[88.75432,23.39489],[88.75306,23.38944],[88.75973,23.38495],[88.76206,23.38743],[88.7593,23.37512],[88.76325,23.37204],[88.77547,23.37925],[88.77793,23.37664],[88.77446,23.36936],[88.78482,23.38317],[88.79216,23.38252],[88.79473,23.37528],[88.80075,23.37654],[88.80777,23.38708],[88.81529,23.39062],[88.82562,23.38129],[88.83539,23.39168],[88.84083,23.38373],[88.84654,23.38398],[88.85235,23.37778],[88.85661,23.38656],[88.85877,23.38503],[88.85544,23.37837],[88.86302,23.37866],[88.86371,23.38474],[88.8694,23.38432],[88.8718,23.38613],[88.86955,23.38767],[88.87691,23.39206],[88.87562,23.39781],[88.8814,23.40955],[88.88873,23.40674],[88.90105,23.41342],[88.9054,23.4081],[88.91778,23.40779],[88.91999,23.41535],[88.91753,23.41837],[88.91163,23.41757],[88.91403,23.42077],[88.93477,23.41455],[88.9347,23.43013],[88.94571,23.43068],[88.94515,23.43993],[88.93416,23.4436],[88.92027,23.43742],[88.91891,23.43959],[88.93119,23.44731],[88.9297,23.4598],[88.93689,23.46048],[88.93619,23.4689],[88.94535,23.47908],[88.94556,23.51843],[88.9574,23.52507],[88.96083,23.53093],[88.96009,23.5363],[88.95118,23.54382],[88.94231,23.54052],[88.94267,23.54825],[88.94764,23.55266],[88.95884,23.55306],[88.97557,23.54652],[88.9739,23.55724],[88.98797,23.57396],[88.98441,23.5755],[88.98543,23.58317],[89.00578,23.60429],[89.00512,23.60937],[89.00771,23.6111],[89.00521,23.6153],[89.00768,23.61839],[89.00553,23.62212],[89.00975,23.62739],[89.00897,23.63475],[89.00362,23.64184],[89.00885,23.64267],[89.01229,23.65605],[89.00632,23.66949],[89.00731,23.69257],[89.01075,23.70666],[89.01643,23.70827],[89.00726,23.72458],[89.01018,23.73571],[89.00772,23.74487],[89.00217,23.75122],[88.99345,23.7506],[88.9909,23.75345],[89.00467,23.77809],[89.00593,23.78709],[89.00298,23.78755],[89.00141,23.78236],[88.9771,23.78888],[88.97299,23.80197],[88.96118,23.80926],[88.95394,23.80853],[88.94735,23.79886],[88.93803,23.80368],[88.93974,23.7949],[88.93354,23.79679],[88.9245,23.78644],[88.91159,23.78408],[88.91857,23.80978],[88.92345,23.81727],[88.92035,23.82387],[88.91299,23.82717],[88.91256,23.82724]]]},"id":"BD4018"},{"type":"Feature","properties":{"code":"BD4041","name":"Jashore","parent_code":"BD40","division_name":"Khulna"},"geometry":{"type":"Polygon","coordinates":[[[89.03172,23.37419],[89.02239,23.37326],[89.01237,23.36788],[89.01541,23.36353],[89.02281,23.36259],[89.02684,23.35565],[89.03449,23.3544],[89.03351,23.35091],[89.00837,23.34073],[89.00455,23.3444],[88.97982,23.34438],[88.9615,23.32932],[88.96775,23.3124],[88.9618,23.30483],[88.96588,23.30371],[88.96543,23.29918],[88.96855,23.30168],[88.9755,23.29684],[88.98169,23.29782],[88.97986,23.29324],[88.98812,23.29449],[88.99182,23.28636],[88.98768,23.28141],[88.97581,23.28196],[88.96063,23.27286],[88.95167,23.27809],[88.95168,23.28094],[88.93335,23.28431],[88.93024,23.28004],[88.92115,23.27678],[88.9103,23.28074],[88.89979,23.27958],[88.90037,23.27575],[88.90667,23.27793],[88.91739,23.27184],[88.91522,23.26375],[88.91162,23.26521],[88.90981,23.26075],[88.90655,23.26226],[88.90541,23.25776],[88.91434,23.25124],[88.90592,23.24779],[88.89302,23.24831],[88.89195,23.23505],[88.89426,23.23137],[88.90547,23.23643],[88.91153,23.23403],[88.91624,23.22259],[88.91535,23.21281],[88.92112,23.21626],[88.91658,23.21946],[88.9216,23.219],[88.92302,23.21607],[88.92905,23.21652],[88.92926,23.21251],[88.93399,23.20967],[88.94606,23.20676],[88.96343,23.21486],[88.97027,23.22257],[88.97805,23.21513],[88.97372,23.22234],[88.97595,23.22434],[88.98037,23.22252],[88.97931,23.21598],[88.98283,23.2215],[88.99509,23.21354],[88.98415,23.21571],[88.97975,23.21218],[88.98735,23.20395],[88.97984,23.19372],[88.97967,23.18291],[88.97556,23.1827],[88.97412,23.19281],[88.96184,23.19313],[88.95569,23.18234],[88.93868,23.1765],[88.93288,23.16755],[88.93403,23.16233],[88.92792,23.16286],[88.93217,23.15468],[88.93095,23.14409],[88.92302,23.14491],[88.91785,23.12969],[88.91033,23.12986],[88.90011,23.11266],[88.89229,23.10796],[88.88332,23.1109],[88.88317,23.10447],[88.86833,23.10124],[88.8746,23.09009],[88.86631,23.08617],[88.8636,23.07966],[88.86547,23.0779],[88.86119,23.07742],[88.8736,23.06594],[88.87527,23.0449],[88.88424,23.03899],[88.88091,23.02555],[88.87789,23.02559],[88.87287,23.01802],[88.87456,23.01089],[88.88097,23.00911],[88.87891,23.00411],[88.84612,23.01083],[88.85163,23.00338],[88.86543,22.99885],[88.86517,22.9857],[88.87105,22.9783],[88.85697,22.96751],[88.8555,22.95765],[88.85944,22.94292],[88.86936,22.9511],[88.87436,22.94786],[88.87934,22.9536],[88.89352,22.95271],[88.8927,22.93793],[88.88707,22.93337],[88.89135,22.92668],[88.90834,22.91857],[88.9206,22.92382],[88.91728,22.91734],[88.91967,22.91275],[88.92551,22.91356],[88.93127,22.91994],[88.93306,22.918],[88.93036,22.9153],[88.93725,22.91564],[88.93798,22.91204],[88.94115,22.91568],[88.94435,22.9117],[88.94546,22.92016],[88.95078,22.92293],[88.95311,22.91818],[88.95757,22.91738],[88.95765,22.91326],[88.97023,22.92145],[88.97631,22.91672],[88.97688,22.92228],[88.99294,22.91674],[88.99245,22.93193],[88.98857,22.93799],[88.98585,22.93762],[88.98939,22.94539],[89.01463,22.94562],[89.03652,22.92878],[89.04413,22.94263],[89.04632,22.94146],[89.045,22.93373],[89.04958,22.92985],[89.05818,22.93564],[89.06164,22.93257],[89.07153,22.93188],[89.0734,22.93726],[89.07916,22.93918],[89.0842,22.93126],[89.10146,22.92342],[89.10705,22.92641],[89.1082,22.93186],[89.0997,22.93864],[89.11546,22.94469],[89.10997,22.93717],[89.11517,22.93115],[89.12683,22.92732],[89.14182,22.89265],[89.13333,22.89264],[89.11927,22.90398],[89.1142,22.90005],[89.10965,22.88957],[89.12904,22.87266],[89.12258,22.85064],[89.13142,22.83244],[89.13922,22.82678],[89.14586,22.82629],[89.14717,22.83627],[89.15925,22.82714],[89.158,22.81195],[89.1426,22.80559],[89.14369,22.79822],[89.14861,22.79537],[89.16348,22.80239],[89.17165,22.81955],[89.17519,22.81893],[89.17753,22.81236],[89.18827,22.81632],[89.19174,22.81223],[89.20206,22.81211],[89.20778,22.81912],[89.2115,22.81776],[89.22087,22.82426],[89.22397,22.82257],[89.23364,22.82584],[89.2323,22.83147],[89.24659,22.83595],[89.25098,22.84707],[89.25502,22.84977],[89.25802,22.84549],[89.26688,22.84303],[89.26684,22.85362],[89.27414,22.85213],[89.27624,22.85465],[89.28602,22.84903],[89.2882,22.86254],[89.29672,22.85431],[89.31017,22.8534],[89.30475,22.84763],[89.29622,22.84723],[89.29644,22.84297],[89.32961,22.83864],[89.32443,22.82753],[89.34764,22.83111],[89.35212,22.8374],[89.35059,22.8542],[89.35793,22.85508],[89.35797,22.86268],[89.34863,22.86523],[89.3448,22.87103],[89.34656,22.87649],[89.35431,22.87532],[89.35722,22.88094],[89.35087,22.89062],[89.35213,22.89603],[89.34535,22.90994],[89.33982,22.91158],[89.34058,22.92196],[89.36282,22.92417],[89.365,22.93125],[89.36998,22.93467],[89.39546,22.93384],[89.39302,22.93837],[89.39469,22.94311],[89.40342,22.94495],[89.40995,22.95331],[89.42663,22.95837],[89.42903,22.99687],[89.43938,23.00855],[89.45401,23.01173],[89.46019,23.00894],[89.4653,22.99356],[89.4781,22.9774],[89.48395,22.9525],[89.51325,22.92873],[89.51907,22.93138],[89.5224,22.94339],[89.53948,22.94848],[89.55592,22.9623],[89.56203,22.97063],[89.55974,22.98347],[89.5472,22.97709],[89.53676,22.98414],[89.53342,22.99804],[89.52973,22.99614],[89.52958,23.00236],[89.52655,23.0026],[89.52798,23.00791],[89.51842,23.00856],[89.51998,23.0135],[89.50778,23.01481],[89.50484,23.02792],[89.49994,23.03333],[89.48878,23.03849],[89.48628,23.03591],[89.46453,23.03365],[89.45646,23.04204],[89.45476,23.05357],[89.44831,23.05013],[89.44328,23.05529],[89.44343,23.06701],[89.45437,23.06803],[89.43965,23.07365],[89.44295,23.08684],[89.44224,23.11497],[89.43713,23.1075],[89.43107,23.10541],[89.41699,23.08223],[89.3828,23.08466],[89.38866,23.1063],[89.38402,23.11393],[89.38602,23.11729],[89.38219,23.12762],[89.37567,23.13527],[89.39361,23.14098],[89.39188,23.1437],[89.40314,23.13817],[89.40786,23.14148],[89.41844,23.13991],[89.41965,23.14659],[89.40862,23.15238],[89.4093,23.15889],[89.41459,23.15822],[89.41547,23.16092],[89.41427,23.16439],[89.41185,23.16321],[89.41187,23.16731],[89.41843,23.16873],[89.41595,23.17472],[89.42321,23.18322],[89.4201,23.19325],[89.42287,23.20424],[89.42009,23.21627],[89.42284,23.21578],[89.42265,23.21996],[89.42117,23.22415],[89.41709,23.22322],[89.41708,23.22879],[89.41959,23.23135],[89.42626,23.23051],[89.42729,23.23413],[89.43104,23.23473],[89.42542,23.23701],[89.42182,23.24711],[89.42581,23.2578],[89.42119,23.26577],[89.40949,23.26826],[89.4097,23.27186],[89.38255,23.28733],[89.37723,23.28702],[89.37938,23.28912],[89.37316,23.28871],[89.37289,23.30057],[89.36841,23.30261],[89.36395,23.29583],[89.35837,23.29492],[89.35583,23.29033],[89.3442,23.28398],[89.33777,23.30487],[89.32326,23.30047],[89.32323,23.31386],[89.31865,23.3223],[89.31474,23.32507],[89.30704,23.31876],[89.3017,23.33105],[89.28815,23.33601],[89.28247,23.34132],[89.28382,23.34967],[89.27361,23.35401],[89.2767,23.36551],[89.26228,23.37232],[89.25854,23.37053],[89.25529,23.36195],[89.24927,23.361],[89.25312,23.34984],[89.25074,23.34634],[89.2532,23.345],[89.23438,23.34571],[89.24652,23.33435],[89.2446,23.32808],[89.23296,23.32321],[89.2265,23.3274],[89.22714,23.3254],[89.21324,23.31933],[89.208,23.32657],[89.20397,23.31094],[89.20686,23.30214],[89.19978,23.29153],[89.16976,23.29104],[89.1687,23.2842],[89.15974,23.2824],[89.14651,23.28703],[89.14449,23.2758],[89.13212,23.27943],[89.12849,23.27515],[89.10758,23.28566],[89.105,23.29937],[89.10499,23.29619],[89.10157,23.29519],[89.09001,23.30529],[89.07786,23.3097],[89.06154,23.30463],[89.04862,23.29151],[89.04505,23.29564],[89.06523,23.31076],[89.06208,23.32963],[89.0517,23.33678],[89.05992,23.34636],[89.06772,23.34622],[89.07181,23.35375],[89.06685,23.35587],[89.06636,23.36308],[89.05565,23.35701],[89.04039,23.3599],[89.04274,23.37094],[89.03495,23.37098],[89.03207,23.37419],[89.03172,23.37419]]]},"id":"BD4041"},{"type":"Feature","properties":{"code":"BD4044","name":"Jhenaidah","parent_code":"BD40","division_name":"Khulna"},"geometry":{"type":"Polygon","coordinates":[[[89.06991,23.75609],[89.06959,23.77159],[89.05946,23.77044],[89.05338,23.76521],[89.05344,23.75695],[89.06282,23.73591],[89.07597,23.72732],[89.0594,23.71898],[89.04789,23.72767],[89.0391,23.72478],[89.03828,23.72179],[89.05292,23.7149],[89.03958,23.69455],[89.02697,23.6964],[89.01643,23.70827],[89.01075,23.70666],[89.00612,23.67224],[89.01225,23.65563],[89.00885,23.64267],[89.00362,23.64184],[89.00897,23.63475],[89.00971,23.62635],[89.00546,23.62163],[89.00768,23.61085],[89.00382,23.59943],[88.98543,23.58317],[88.98441,23.5755],[88.98797,23.57396],[88.9739,23.55724],[88.9762,23.54725],[88.95884,23.55306],[88.94764,23.55266],[88.94267,23.54825],[88.94231,23.54052],[88.95118,23.54382],[88.96009,23.5363],[88.96083,23.53093],[88.9574,23.52507],[88.94556,23.51843],[88.94535,23.47908],[88.93619,23.4689],[88.93689,23.46048],[88.9297,23.4598],[88.93119,23.44731],[88.91891,23.43959],[88.92027,23.43742],[88.93416,23.4436],[88.94515,23.43993],[88.94571,23.43068],[88.9347,23.43013],[88.93509,23.415],[88.91403,23.42077],[88.91163,23.41757],[88.91753,23.41837],[88.91999,23.41535],[88.91778,23.40779],[88.9054,23.4081],[88.90105,23.41342],[88.88873,23.40674],[88.8814,23.40955],[88.87562,23.39781],[88.87691,23.39206],[88.86955,23.38767],[88.8718,23.38613],[88.8694,23.38432],[88.86371,23.38474],[88.86302,23.37866],[88.85544,23.37837],[88.85877,23.38503],[88.85661,23.38656],[88.85235,23.37778],[88.84654,23.38398],[88.84083,23.38373],[88.83539,23.39168],[88.82614,23.38128],[88.81529,23.39062],[88.80963,23.38872],[88.80193,23.37744],[88.79567,23.37511],[88.79216,23.38252],[88.78482,23.38317],[88.77446,23.36936],[88.77793,23.37664],[88.77547,23.37925],[88.76325,23.37204],[88.76473,23.36664],[88.75891,23.3606],[88.7482,23.36241],[88.74306,23.3543],[88.74604,23.34902],[88.73251,23.35288],[88.73269,23.34702],[88.73852,23.34342],[88.73226,23.32759],[88.74302,23.32805],[88.74897,23.32175],[88.74439,23.30679],[88.73779,23.30523],[88.73105,23.30885],[88.72849,23.31347],[88.7299,23.31993],[88.72478,23.3178],[88.72514,23.29917],[88.71808,23.29772],[88.71906,23.30364],[88.71437,23.30585],[88.70658,23.30374],[88.70722,23.30815],[88.71273,23.31141],[88.71114,23.3127],[88.69655,23.30248],[88.69767,23.29205],[88.70838,23.29062],[88.71187,23.27746],[88.72373,23.27286],[88.71853,23.25454],[88.75201,23.24061],[88.75861,23.2421],[88.75989,23.24548],[88.76941,23.2452],[88.77834,23.23537],[88.77306,23.22983],[88.77437,23.22513],[88.77923,23.22136],[88.78729,23.22273],[88.7907,23.2186],[88.81132,23.22156],[88.80603,23.23861],[88.81161,23.25672],[88.81366,23.25232],[88.828,23.24539],[88.8229,23.23721],[88.8246,23.23331],[88.83667,23.24377],[88.84493,23.23119],[88.85064,23.23113],[88.85446,23.23633],[88.86064,23.23208],[88.87312,23.23455],[88.88484,23.22958],[88.88587,23.22613],[88.8868,23.23168],[88.8926,23.23233],[88.89302,23.24831],[88.90592,23.24779],[88.91434,23.25124],[88.90541,23.25776],[88.90655,23.26226],[88.90981,23.26075],[88.91162,23.26521],[88.91522,23.26375],[88.91739,23.27184],[88.90667,23.27793],[88.90037,23.27575],[88.89996,23.27998],[88.9103,23.28074],[88.92115,23.27678],[88.93024,23.28004],[88.93335,23.28431],[88.95168,23.28094],[88.95167,23.27809],[88.96063,23.27286],[88.97581,23.28196],[88.98592,23.28029],[88.98943,23.28314],[88.99182,23.28636],[88.98812,23.29449],[88.97986,23.29324],[88.98169,23.29782],[88.9755,23.29684],[88.96855,23.30168],[88.96543,23.29918],[88.96588,23.30371],[88.9618,23.30483],[88.96775,23.3124],[88.9615,23.32932],[88.97982,23.34438],[89.00455,23.3444],[89.00837,23.34073],[89.03351,23.35091],[89.03449,23.3544],[89.02684,23.35565],[89.02281,23.36259],[89.01541,23.36353],[89.01237,23.36788],[89.03034,23.37487],[89.03495,23.37098],[89.04274,23.37094],[89.04039,23.3599],[89.05565,23.35701],[89.06636,23.36308],[89.06685,23.35587],[89.07181,23.35375],[89.06772,23.34622],[89.05992,23.34636],[89.0517,23.33678],[89.06208,23.32963],[89.06523,23.31076],[89.04505,23.29564],[89.04862,23.29151],[89.06154,23.30463],[89.0816,23.30932],[89.10157,23.29519],[89.10564,23.29886],[89.10758,23.28566],[89.11293,23.28123],[89.12849,23.27515],[89.13212,23.27943],[89.14427,23.27569],[89.14651,23.28703],[89.15974,23.2824],[89.1687,23.2842],[89.16976,23.29104],[89.19978,23.29153],[89.20686,23.30214],[89.20397,23.31094],[89.208,23.32657],[89.21324,23.31933],[89.22714,23.3254],[89.2265,23.3274],[89.23296,23.32321],[89.2446,23.32808],[89.24652,23.33435],[89.23438,23.34571],[89.2532,23.345],[89.25074,23.34634],[89.25312,23.34984],[89.24927,23.361],[89.25529,23.36195],[89.25865,23.3691],[89.25216,23.37682],[89.24443,23.37665],[89.24416,23.38024],[89.25075,23.38306],[89.24629,23.39321],[89.2525,23.39575],[89.24947,23.40254],[89.26159,23.40867],[89.25545,23.41523],[89.27242,23.42809],[89.26554,23.42992],[89.26463,23.43361],[89.25658,23.43345],[89.257,23.44063],[89.26346,23.44089],[89.27296,23.43498],[89.278,23.43933],[89.28343,23.43863],[89.2904,23.44688],[89.29602,23.44709],[89.29435,23.44945],[89.29804,23.45261],[89.3017,23.45163],[89.29895,23.45532],[89.30385,23.45437],[89.30251,23.4661],[89.30835,23.46966],[89.30897,23.48061],[89.30492,23.49504],[89.29894,23.49792],[89.30172,23.50448],[89.30779,23.50224],[89.31018,23.50761],[89.30375,23.51177],[89.30786,23.51757],[89.30347,23.52623],[89.30616,23.54008],[89.31465,23.54424],[89.3147,23.55307],[89.3196,23.55678],[89.32248,23.56677],[89.33864,23.56898],[89.34492,23.57814],[89.34583,23.58677],[89.34101,23.58865],[89.34635,23.59841],[89.34827,23.61454],[89.3531,23.61661],[89.35755,23.63376],[89.35491,23.63931],[89.36253,23.64719],[89.36622,23.64609],[89.37642,23.6641],[89.36599,23.66395],[89.36593,23.66863],[89.36143,23.67153],[89.34876,23.67207],[89.34917,23.68275],[89.32206,23.70378],[89.3214,23.71411],[89.31224,23.72054],[89.30741,23.73467],[89.29652,23.73803],[89.28368,23.73722],[89.26719,23.74304],[89.25272,23.76421],[89.24469,23.76424],[89.24405,23.76029],[89.23557,23.76068],[89.23308,23.75607],[89.22272,23.76061],[89.21518,23.75927],[89.2134,23.75345],[89.20837,23.75294],[89.198,23.74337],[89.17986,23.74998],[89.17913,23.74689],[89.17312,23.74531],[89.17253,23.7412],[89.166,23.73998],[89.16704,23.73709],[89.1598,23.73595],[89.15698,23.72102],[89.13864,23.72606],[89.13605,23.72233],[89.12728,23.72177],[89.12773,23.71686],[89.12131,23.71297],[89.12391,23.70358],[89.11849,23.69429],[89.11252,23.70831],[89.11924,23.72501],[89.11731,23.73416],[89.11092,23.73547],[89.10563,23.72723],[89.09994,23.72544],[89.09508,23.7416],[89.08332,23.74553],[89.08389,23.75833],[89.07093,23.75592],[89.06991,23.75609]]]},"id":"BD4044"},{"type":"Feature","properties":{"code":"BD4047","name":"Khulna","parent_code":"BD40","division_name":"Khulna"},"geometry":{"type":"Polygon","coordinates":[[[89.45595,23.01135],[89.43881,23.00825],[89.42903,22.99687],[89.42663,22.95837],[89.40995,22.95331],[89.40342,22.94495],[89.39469,22.94311],[89.39302,22.93837],[89.39572,22.93396],[89.36998,22.93467],[89.365,22.93125],[89.36282,22.92417],[89.34058,22.92196],[89.33982,22.91158],[89.34535,22.90994],[89.35213,22.89603],[89.35087,22.89062],[89.35722,22.88094],[89.35431,22.87532],[89.34656,22.87649],[89.3448,22.87103],[89.34863,22.86523],[89.35797,22.86268],[89.35793,22.85508],[89.35059,22.8542],[89.35212,22.8374],[89.34764,22.83111],[89.32443,22.82753],[89.32961,22.83864],[89.29644,22.84297],[89.29622,22.84723],[89.30475,22.84763],[89.31023,22.85323],[89.29672,22.85431],[89.289,22.86258],[89.28602,22.84903],[89.27624,22.85465],[89.27414,22.85213],[89.26684,22.85362],[89.26688,22.84303],[89.25802,22.84549],[89.25502,22.84977],[89.25098,22.84707],[89.24663,22.83601],[89.25216,22.83771],[89.25717,22.83257],[89.25132,22.81877],[89.24603,22.81589],[89.24736,22.81134],[89.25603,22.8084],[89.25728,22.81194],[89.26528,22.81194],[89.26785,22.80321],[89.26574,22.79595],[89.27137,22.79006],[89.28314,22.78933],[89.29006,22.7954],[89.29315,22.78974],[89.29887,22.7877],[89.29946,22.77225],[89.31029,22.76492],[89.31145,22.74951],[89.3215,22.74296],[89.32163,22.73779],[89.33177,22.72833],[89.3269,22.71904],[89.33059,22.71553],[89.32222,22.71336],[89.31106,22.71654],[89.30682,22.71378],[89.30603,22.70391],[89.3037,22.70315],[89.30822,22.69896],[89.30854,22.69254],[89.30065,22.68187],[89.28447,22.69725],[89.27657,22.69455],[89.26436,22.69647],[89.26528,22.71306],[89.26109,22.717],[89.26039,22.69415],[89.26417,22.6805],[89.26161,22.66726],[89.3032,22.64886],[89.27605,22.63094],[89.27724,22.62737],[89.28905,22.62372],[89.28653,22.621],[89.27033,22.62652],[89.26357,22.63218],[89.26616,22.64747],[89.26017,22.65806],[89.25267,22.65823],[89.2497,22.64518],[89.24324,22.63657],[89.26087,22.61947],[89.24575,22.61715],[89.24346,22.60865],[89.25763,22.60606],[89.2635,22.6018],[89.26462,22.58752],[89.25971,22.57091],[89.24388,22.56697],[89.23584,22.55331],[89.2358,22.54776],[89.24875,22.53014],[89.2498,22.50716],[89.25498,22.49574],[89.28559,22.47513],[89.25618,22.4654],[89.25808,22.45163],[89.24456,22.4464],[89.24045,22.42725],[89.25688,22.39767],[89.25457,22.39022],[89.23799,22.38102],[89.23632,22.37496],[89.23954,22.37002],[89.2645,22.37588],[89.27404,22.34585],[89.26784,22.34227],[89.2525,22.34554],[89.25074,22.3385],[89.27747,22.30858],[89.28246,22.28576],[89.28862,22.28369],[89.31029,22.2871],[89.31759,22.28443],[89.31619,22.27405],[89.29586,22.26358],[89.29041,22.25514],[89.31043,22.2342],[89.30681,22.21584],[89.32179,22.19818],[89.32258,22.1923],[89.31382,22.17743],[89.29093,22.15671],[89.27864,22.14099],[89.26303,22.08982],[89.26526,22.08401],[89.29482,22.09658],[89.3028,22.09167],[89.30286,22.08178],[89.28967,22.07018],[89.28618,22.0611],[89.32281,21.99124],[89.36191,21.94776],[89.36994,21.93297],[89.37267,21.9165],[89.37013,21.89507],[89.33843,21.88092],[89.31648,21.86104],[89.30948,21.84947],[89.31061,21.805],[89.32182,21.69302],[89.32594,21.68527],[89.33567,21.67521],[89.34887,21.6709],[89.43384,21.67258],[89.46865,21.67698],[89.48422,21.68259],[89.49747,21.69245],[89.50834,21.67925],[89.54169,21.66351],[89.63747,21.66376],[89.61306,21.70547],[89.62241,21.74795],[89.60814,21.76452],[89.56771,21.80003],[89.5554,21.81419],[89.54905,21.82986],[89.55329,21.85786],[89.57533,21.90766],[89.55082,21.93593],[89.54345,21.95501],[89.54327,21.96803],[89.56207,22.0371],[89.5857,22.09149],[89.59002,22.11061],[89.58618,22.13846],[89.5513,22.18638],[89.54723,22.20598],[89.59162,22.23743],[89.58707,22.27431],[89.59453,22.2896],[89.61961,22.32277],[89.62778,22.34032],[89.62259,22.37842],[89.61543,22.40188],[89.59516,22.44033],[89.58268,22.50936],[89.56602,22.55976],[89.5336,22.59914],[89.53097,22.61098],[89.53829,22.62741],[89.55492,22.63891],[89.54756,22.657],[89.54779,22.66338],[89.55633,22.67037],[89.55815,22.67893],[89.5611,22.6793],[89.57041,22.67015],[89.58022,22.66735],[89.57827,22.67799],[89.56907,22.69084],[89.60238,22.69998],[89.60127,22.70874],[89.58917,22.70848],[89.58484,22.71643],[89.59018,22.72161],[89.59526,22.71817],[89.59824,22.7212],[89.60016,22.72834],[89.59769,22.73632],[89.60956,22.75379],[89.60713,22.75782],[89.61112,22.76408],[89.61044,22.77191],[89.61967,22.77318],[89.63106,22.76275],[89.63131,22.76597],[89.63894,22.76647],[89.6435,22.77338],[89.64713,22.76239],[89.64656,22.75207],[89.65476,22.75375],[89.65696,22.75686],[89.65424,22.77138],[89.66096,22.77476],[89.6656,22.79922],[89.67547,22.79541],[89.67492,22.81007],[89.67917,22.81634],[89.69372,22.81791],[89.71119,22.82543],[89.71782,22.84835],[89.71141,22.85801],[89.70512,22.85892],[89.69871,22.86492],[89.69554,22.87501],[89.7036,22.87729],[89.70817,22.88231],[89.7142,22.87808],[89.72037,22.88659],[89.71205,22.89123],[89.72914,22.89641],[89.72918,22.90137],[89.72147,22.90432],[89.74177,22.92381],[89.73711,22.92481],[89.72787,22.91837],[89.72692,22.92372],[89.75009,22.94733],[89.75506,22.96139],[89.75171,22.96659],[89.75463,22.96903],[89.7433,22.9675],[89.73572,22.97389],[89.73621,22.9774],[89.73046,22.97453],[89.72158,22.97687],[89.70948,22.97463],[89.69239,22.98033],[89.68362,22.97905],[89.68225,22.9728],[89.67639,22.97059],[89.67177,22.98031],[89.66441,22.97911],[89.65466,22.9838],[89.64972,22.97962],[89.64907,22.97017],[89.63632,22.96486],[89.63234,22.96596],[89.6283,22.96206],[89.62485,22.9624],[89.62396,22.9727],[89.61928,22.97302],[89.61343,22.95521],[89.60568,22.95738],[89.59604,22.96991],[89.58518,22.97703],[89.58635,22.98606],[89.56613,22.99291],[89.55907,22.98406],[89.56203,22.97063],[89.55592,22.9623],[89.53948,22.94848],[89.5224,22.94339],[89.52044,22.93372],[89.51402,22.92845],[89.48395,22.9525],[89.47733,22.97918],[89.4653,22.99356],[89.4608,23.00824],[89.45661,23.01113],[89.45595,23.01135]]]},"id":"BD4047"},{"type":"Feature","properties":{"code":"BD4050","name":"Kushtia","parent_code":"BD40","division_name":"Khulna"},"geometry":{"type":"Polygon","coordinates":[[[88.74678,24.20032],[88.73478,24.21947],[88.73125,24.17261],[88.74092,24.16204],[88.74645,24.14695],[88.70787,24.11912],[88.6985,24.12008],[88.69413,24.111],[88.7007,24.10749],[88.70098,24.09436],[88.72045,24.1041],[88.72866,24.09946],[88.72342,24.06917],[88.72746,24.06478],[88.73386,24.06621],[88.73753,24.06182],[88.72679,24.05417],[88.72958,24.05003],[88.73651,24.04864],[88.72421,24.04797],[88.72383,24.04302],[88.74214,24.03329],[88.73469,24.02251],[88.72848,23.99654],[88.73591,23.99575],[88.74611,24.00573],[88.7585,24.00609],[88.76265,24.00358],[88.76187,23.99585],[88.76811,23.98507],[88.76761,23.98161],[88.74936,23.98512],[88.73832,23.9831],[88.73445,23.96292],[88.74,23.96202],[88.76107,23.9689],[88.76835,23.95263],[88.7764,23.94771],[88.78098,23.95062],[88.78361,23.96865],[88.79181,23.97436],[88.80076,23.97483],[88.80902,23.96386],[88.81177,23.93637],[88.81744,23.92791],[88.82015,23.9275],[88.82841,23.93904],[88.84396,23.93534],[88.86161,23.92395],[88.87295,23.90749],[88.87137,23.89172],[88.86291,23.88185],[88.83912,23.88315],[88.83683,23.87889],[88.85063,23.86866],[88.8573,23.86966],[88.86959,23.87818],[88.88284,23.87528],[88.8836,23.86979],[88.87584,23.86068],[88.86379,23.85374],[88.85878,23.83109],[88.8626,23.82782],[88.87635,23.83344],[88.89583,23.82728],[88.90722,23.83734],[88.91108,23.82807],[88.92035,23.82387],[88.92344,23.81814],[88.91159,23.78408],[88.9245,23.78644],[88.93354,23.79679],[88.93974,23.7949],[88.93803,23.80368],[88.94735,23.79886],[88.95394,23.80853],[88.96118,23.80926],[88.97299,23.80197],[88.9771,23.78888],[89.00141,23.78236],[89.00544,23.78796],[89.00467,23.77809],[88.99104,23.75249],[89.00217,23.75122],[89.00647,23.74685],[89.01018,23.73571],[89.00706,23.72671],[89.00855,23.72152],[89.02059,23.70185],[89.03492,23.69342],[89.04021,23.69509],[89.05282,23.71394],[89.03828,23.72179],[89.0391,23.72478],[89.04789,23.72767],[89.0594,23.71898],[89.07582,23.72664],[89.06354,23.73483],[89.05266,23.75944],[89.0547,23.7671],[89.06403,23.77165],[89.07078,23.77037],[89.06934,23.7564],[89.08389,23.75833],[89.08332,23.74553],[89.09508,23.7416],[89.09911,23.726],[89.10563,23.72723],[89.11169,23.7358],[89.11781,23.73346],[89.11924,23.72501],[89.11248,23.71001],[89.11849,23.69429],[89.12391,23.70358],[89.12131,23.71297],[89.12773,23.71686],[89.12728,23.72177],[89.13605,23.72233],[89.13864,23.72606],[89.15698,23.72102],[89.1598,23.73595],[89.16704,23.73709],[89.166,23.73998],[89.17253,23.7412],[89.17312,23.74531],[89.17913,23.74689],[89.17986,23.74998],[89.198,23.74337],[89.20837,23.75294],[89.2134,23.75345],[89.21518,23.75927],[89.22272,23.76061],[89.23308,23.75607],[89.23557,23.76068],[89.24405,23.76029],[89.2465,23.7647],[89.25272,23.76421],[89.26644,23.74351],[89.28368,23.73722],[89.29652,23.73803],[89.30469,23.74667],[89.31433,23.7486],[89.32184,23.76776],[89.31012,23.7686],[89.31097,23.77581],[89.32982,23.77847],[89.32766,23.78202],[89.32999,23.79038],[89.32667,23.7935],[89.33623,23.81919],[89.33548,23.83059],[89.33953,23.83142],[89.3441,23.83997],[89.35075,23.84241],[89.35107,23.86256],[89.35825,23.87087],[89.36384,23.87167],[89.35772,23.87648],[89.36099,23.88404],[89.35848,23.88673],[89.35014,23.88612],[89.34999,23.89096],[89.34574,23.89349],[89.33245,23.88457],[89.30911,23.87898],[89.30255,23.89041],[89.27996,23.89909],[89.26217,23.89894],[89.2533,23.90537],[89.25068,23.91936],[89.24457,23.92677],[89.24317,23.93803],[89.23219,23.94548],[89.23341,23.97383],[89.2251,23.97734],[89.21336,23.97215],[89.21326,23.98962],[89.17572,23.98716],[89.17295,23.96932],[89.17511,23.96423],[89.16398,23.95334],[89.14937,23.9532],[89.14884,23.9601],[89.14512,23.96408],[89.09435,23.96395],[89.09455,23.97303],[89.07073,23.97903],[89.06197,23.98864],[89.04137,24.03327],[89.02684,24.07403],[89.02286,24.09444],[89.00714,24.11549],[88.98815,24.1213],[88.95198,24.12361],[88.9367,24.13123],[88.92067,24.12092],[88.91671,24.12284],[88.92135,24.13072],[88.91876,24.13293],[88.90639,24.12709],[88.9089,24.12619],[88.90961,24.11688],[88.88048,24.10627],[88.8809,24.12093],[88.85772,24.11407],[88.85717,24.12101],[88.84506,24.13123],[88.83688,24.12638],[88.81526,24.12675],[88.8,24.13257],[88.79517,24.14033],[88.77512,24.15326],[88.78216,24.16164],[88.77364,24.1703],[88.77134,24.16885],[88.75806,24.19254],[88.75101,24.19973],[88.74734,24.19927],[88.74678,24.20032]]]},"id":"BD4050"},{"type":"Feature","properties":{"code":"BD4055","name":"Magura","parent_code":"BD40","division_name":"Khulna"},"geometry":{"type":"Polygon","coordinates":[[[89.43081,23.667],[89.4068,23.68416],[89.3811,23.6765],[89.38386,23.67286],[89.37941,23.66899],[89.36593,23.66863],[89.36599,23.66395],[89.37652,23.66293],[89.36622,23.64609],[89.36253,23.64719],[89.35491,23.63931],[89.35755,23.63376],[89.3531,23.61661],[89.34827,23.61454],[89.34635,23.59841],[89.34101,23.58865],[89.34583,23.58677],[89.3451,23.57852],[89.33864,23.56898],[89.32248,23.56677],[89.3196,23.55678],[89.3147,23.55307],[89.31465,23.54424],[89.30616,23.54008],[89.30347,23.52623],[89.30786,23.51757],[89.30375,23.51177],[89.31018,23.50761],[89.30779,23.50224],[89.30172,23.50448],[89.29894,23.49792],[89.30492,23.49504],[89.30897,23.48061],[89.30835,23.46966],[89.30251,23.4661],[89.30385,23.45437],[89.29895,23.45532],[89.3017,23.45163],[89.29804,23.45261],[89.29435,23.44945],[89.29602,23.44709],[89.2904,23.44688],[89.28343,23.43863],[89.278,23.43933],[89.27296,23.43498],[89.26346,23.44089],[89.257,23.44063],[89.25658,23.43345],[89.26463,23.43361],[89.26554,23.42992],[89.27242,23.42809],[89.25507,23.4146],[89.26159,23.40867],[89.24921,23.40214],[89.2525,23.39575],[89.2461,23.39184],[89.25075,23.38306],[89.24414,23.3795],[89.24475,23.37652],[89.25225,23.37677],[89.25715,23.37064],[89.26228,23.37232],[89.27498,23.36724],[89.27778,23.36378],[89.27351,23.36118],[89.27361,23.35401],[89.28382,23.34967],[89.28284,23.34067],[89.29353,23.33237],[89.3017,23.33105],[89.30704,23.31876],[89.31614,23.32493],[89.32313,23.31435],[89.32262,23.30114],[89.3264,23.29983],[89.3373,23.30531],[89.34289,23.29495],[89.3442,23.28398],[89.35583,23.29033],[89.35837,23.29492],[89.36395,23.29583],[89.36841,23.30261],[89.37289,23.30057],[89.37316,23.28871],[89.37938,23.28912],[89.37723,23.28702],[89.39264,23.2825],[89.39995,23.2755],[89.4097,23.27186],[89.40949,23.26826],[89.42119,23.26577],[89.42413,23.25785],[89.43106,23.2568],[89.43861,23.25974],[89.45503,23.25839],[89.4551,23.26375],[89.46206,23.26687],[89.46326,23.28304],[89.47109,23.28732],[89.48137,23.28373],[89.47788,23.29428],[89.47962,23.2973],[89.49627,23.29603],[89.5015,23.28566],[89.51002,23.28819],[89.52391,23.27821],[89.52717,23.29151],[89.53254,23.29484],[89.5352,23.30167],[89.55533,23.30692],[89.56001,23.31213],[89.56046,23.31907],[89.57242,23.31685],[89.57654,23.3211],[89.6053,23.31943],[89.60787,23.31687],[89.6054,23.31177],[89.62053,23.30801],[89.60478,23.3346],[89.6121,23.34416],[89.60809,23.34541],[89.60379,23.35544],[89.60615,23.37107],[89.59854,23.38022],[89.60274,23.38326],[89.61283,23.38338],[89.60223,23.42375],[89.60084,23.44275],[89.60715,23.46092],[89.60506,23.47417],[89.5759,23.49605],[89.52626,23.51329],[89.51782,23.51138],[89.51451,23.50803],[89.51281,23.49579],[89.50838,23.49671],[89.5144,23.48271],[89.51286,23.47786],[89.50293,23.47519],[89.49355,23.47895],[89.48854,23.49173],[89.49251,23.51596],[89.50701,23.52668],[89.51717,23.53017],[89.53368,23.52962],[89.53945,23.53582],[89.53534,23.53966],[89.50769,23.54748],[89.50076,23.5627],[89.49924,23.57898],[89.48563,23.59364],[89.47253,23.59709],[89.48726,23.61717],[89.48627,23.62485],[89.47298,23.63492],[89.44212,23.63956],[89.43713,23.64656],[89.44277,23.65601],[89.43138,23.66671],[89.43081,23.667]]]},"id":"BD4055"},{"type":"Feature","properties":{"code":"BD4057","name":"Meherpur","parent_code":"BD40","division_name":"Khulna"},"geometry":{"type":"Polygon","coordinates":[[[88.80964,23.94784],[88.80902,23.96386],[88.79929,23.97514],[88.79181,23.97436],[88.78361,23.96865],[88.78098,23.95062],[88.77649,23.94772],[88.76835,23.95263],[88.76107,23.9689],[88.74,23.96202],[88.73445,23.96292],[88.73353,23.95766],[88.74238,23.95146],[88.73854,23.94962],[88.74334,23.93007],[88.73492,23.93315],[88.73712,23.92884],[88.73453,23.92798],[88.73573,23.92309],[88.73305,23.92295],[88.73557,23.91464],[88.73335,23.91102],[88.72511,23.91297],[88.72295,23.91632],[88.71531,23.91588],[88.71333,23.91308],[88.70663,23.91643],[88.69932,23.91024],[88.70404,23.90739],[88.6999,23.90539],[88.70289,23.90042],[88.70562,23.90212],[88.7044,23.89959],[88.68828,23.9013],[88.68323,23.88909],[88.66434,23.88229],[88.66743,23.86962],[88.66144,23.87076],[88.65349,23.86571],[88.63748,23.87131],[88.62757,23.86518],[88.62392,23.86743],[88.62516,23.87466],[88.6186,23.87674],[88.60955,23.87298],[88.60733,23.86258],[88.59938,23.86932],[88.58763,23.87138],[88.5826,23.86305],[88.57573,23.86207],[88.57805,23.85114],[88.58616,23.8561],[88.59138,23.85272],[88.58729,23.84405],[88.58653,23.83131],[88.60224,23.81747],[88.59843,23.81062],[88.594,23.80943],[88.58895,23.81405],[88.58496,23.81358],[88.59621,23.80545],[88.5919,23.80355],[88.59166,23.79802],[88.58115,23.79658],[88.58132,23.78954],[88.57699,23.78586],[88.57052,23.78327],[88.55672,23.78495],[88.56569,23.77692],[88.57962,23.77343],[88.58067,23.75866],[88.57054,23.74843],[88.57484,23.74022],[88.57243,23.74007],[88.57218,23.73456],[88.57553,23.73873],[88.57668,23.73341],[88.56894,23.72735],[88.56841,23.71569],[88.56524,23.71384],[88.56808,23.68656],[88.57281,23.68553],[88.57454,23.67915],[88.57412,23.66779],[88.57028,23.66673],[88.57005,23.66062],[88.56338,23.65816],[88.55808,23.6496],[88.56357,23.64566],[88.56225,23.63734],[88.59352,23.64097],[88.59371,23.61728],[88.58544,23.61618],[88.58081,23.60298],[88.59695,23.60189],[88.5971,23.60549],[88.6062,23.6105],[88.60185,23.60708],[88.60822,23.60496],[88.60584,23.60005],[88.62025,23.60234],[88.63012,23.60897],[88.63697,23.60704],[88.63604,23.61606],[88.64879,23.62244],[88.64299,23.62654],[88.65002,23.63488],[88.64867,23.63916],[88.64552,23.63777],[88.64584,23.64158],[88.65046,23.64332],[88.65255,23.65106],[88.66727,23.64599],[88.67076,23.64957],[88.68067,23.64716],[88.6863,23.65912],[88.69361,23.65491],[88.69646,23.66529],[88.70967,23.66831],[88.73366,23.68436],[88.73684,23.68383],[88.74686,23.69664],[88.77328,23.69858],[88.78079,23.70799],[88.78445,23.71691],[88.78328,23.7209],[88.77834,23.72239],[88.77858,23.73175],[88.78052,23.73877],[88.78569,23.7414],[88.78753,23.76757],[88.79196,23.77308],[88.79693,23.76872],[88.8179,23.77183],[88.83234,23.81507],[88.84319,23.81987],[88.84852,23.83174],[88.85864,23.83193],[88.86379,23.85374],[88.87584,23.86068],[88.88385,23.87079],[88.88147,23.87685],[88.86959,23.87818],[88.8573,23.86966],[88.84937,23.8688],[88.8378,23.87681],[88.83912,23.88315],[88.85634,23.88044],[88.86676,23.88496],[88.87323,23.89751],[88.87185,23.9104],[88.85695,23.92774],[88.83787,23.9378],[88.82789,23.93898],[88.82015,23.9275],[88.81744,23.92791],[88.81215,23.93523],[88.80963,23.94743],[88.80964,23.94784]]]},"id":"BD4057"},{"type":"Feature","properties":{"code":"BD4065","name":"Narail","parent_code":"BD40","division_name":"Khulna"},"geometry":{"type":"Polygon","coordinates":[[[89.58232,23.32109],[89.57511,23.3208],[89.57242,23.31685],[89.56046,23.31907],[89.56001,23.31213],[89.55533,23.30692],[89.5352,23.30167],[89.53254,23.29484],[89.52717,23.29151],[89.52391,23.27821],[89.51002,23.28819],[89.5015,23.28566],[89.49627,23.29603],[89.47962,23.2973],[89.47788,23.29428],[89.48137,23.28373],[89.47109,23.28732],[89.46326,23.28304],[89.46206,23.26687],[89.4551,23.26375],[89.45503,23.25839],[89.43861,23.25974],[89.42377,23.25596],[89.42182,23.24711],[89.42542,23.23701],[89.43101,23.2343],[89.41711,23.22893],[89.41709,23.22322],[89.42117,23.22415],[89.42265,23.21996],[89.42284,23.21578],[89.42009,23.21627],[89.42287,23.20424],[89.4201,23.19325],[89.42321,23.18322],[89.41595,23.17472],[89.41843,23.16873],[89.41129,23.16587],[89.41185,23.16321],[89.41427,23.16439],[89.41459,23.15822],[89.40875,23.15712],[89.40874,23.15204],[89.41965,23.14659],[89.41844,23.13991],[89.40786,23.14148],[89.40314,23.13817],[89.39188,23.1437],[89.39361,23.14098],[89.37567,23.13527],[89.38219,23.12762],[89.38602,23.11729],[89.38402,23.11393],[89.38866,23.1063],[89.3828,23.08466],[89.41699,23.08223],[89.43107,23.10541],[89.43713,23.1075],[89.44224,23.11497],[89.44295,23.08684],[89.43965,23.07365],[89.45437,23.06803],[89.44343,23.06701],[89.44302,23.05578],[89.44759,23.05025],[89.45476,23.05357],[89.45513,23.04502],[89.46136,23.03595],[89.46915,23.03317],[89.48878,23.03849],[89.49994,23.03333],[89.50484,23.02792],[89.50778,23.01481],[89.51998,23.0135],[89.51842,23.00856],[89.52798,23.00791],[89.52655,23.0026],[89.52958,23.00236],[89.52947,22.99632],[89.53342,22.99804],[89.53636,22.98469],[89.54535,22.97739],[89.55549,22.98041],[89.56613,22.99291],[89.58452,22.98734],[89.58704,22.98471],[89.58513,22.97709],[89.59604,22.96991],[89.60691,22.95678],[89.6137,22.9552],[89.61928,22.97302],[89.62396,22.9727],[89.62485,22.9624],[89.6283,22.96206],[89.63234,22.96596],[89.63632,22.96486],[89.64907,22.97017],[89.64972,22.97962],[89.65466,22.9838],[89.66441,22.97911],[89.67177,22.98031],[89.67639,22.97059],[89.68225,22.9728],[89.68362,22.97905],[89.69239,22.98033],[89.70948,22.97463],[89.72158,22.97687],[89.73046,22.97453],[89.73621,22.9774],[89.73572,22.97389],[89.7433,22.9675],[89.7512,22.97026],[89.76186,22.96506],[89.76968,22.97974],[89.78692,22.98404],[89.78948,22.98118],[89.78208,22.97039],[89.78565,22.96612],[89.79642,22.96793],[89.80341,22.97247],[89.79322,22.98106],[89.79707,22.9967],[89.76257,23.00771],[89.75672,23.01498],[89.75406,23.03283],[89.74617,23.0487],[89.72848,23.05353],[89.72864,23.05916],[89.73581,23.0699],[89.7316,23.07958],[89.71614,23.08222],[89.69225,23.09392],[89.67571,23.11016],[89.67009,23.12307],[89.67753,23.12935],[89.68726,23.12811],[89.69303,23.12421],[89.69989,23.11132],[89.70968,23.1229],[89.72298,23.12137],[89.73805,23.12789],[89.74208,23.1377],[89.73008,23.15663],[89.73339,23.1676],[89.74211,23.17188],[89.76073,23.17245],[89.76553,23.17735],[89.75306,23.18576],[89.73826,23.1852],[89.71396,23.17563],[89.69458,23.16092],[89.6884,23.1629],[89.67865,23.18209],[89.68194,23.20132],[89.68852,23.21105],[89.68388,23.21162],[89.68856,23.22096],[89.68573,23.22754],[89.66868,23.24434],[89.63769,23.2362],[89.63219,23.2401],[89.63021,23.24809],[89.63144,23.25852],[89.63686,23.26584],[89.64805,23.27347],[89.66727,23.27695],[89.66746,23.28028],[89.654,23.28799],[89.62994,23.29083],[89.6189,23.3013],[89.62204,23.30573],[89.62053,23.30801],[89.6054,23.31177],[89.60787,23.31687],[89.60591,23.3192],[89.59224,23.3182],[89.58239,23.32104],[89.58232,23.32109]]]},"id":"BD4065"},{"type":"Feature","properties":{"code":"BD4087","name":"Satkhira","parent_code":"BD40","division_name":"Khulna"},"geometry":{"type":"Polygon","coordinates":[[[89.01564,22.94509],[88.98939,22.94539],[88.98585,22.93762],[88.98857,22.93799],[88.99245,22.93193],[88.99294,22.91674],[88.97688,22.92228],[88.97631,22.91672],[88.97023,22.92145],[88.95765,22.91326],[88.95757,22.91738],[88.95311,22.91818],[88.95078,22.92293],[88.94546,22.92016],[88.94435,22.9117],[88.94115,22.91568],[88.93798,22.91204],[88.93725,22.91564],[88.93036,22.9153],[88.93306,22.918],[88.93127,22.91994],[88.92551,22.91356],[88.91967,22.91275],[88.91728,22.91734],[88.921,22.92075],[88.91961,22.92382],[88.90535,22.91434],[88.89523,22.91242],[88.90072,22.9055],[88.89835,22.89783],[88.90759,22.89321],[88.90512,22.88883],[88.9119,22.88117],[88.90953,22.87919],[88.9179,22.87631],[88.92289,22.87968],[88.92828,22.87194],[88.93926,22.87398],[88.94513,22.87985],[88.96746,22.84305],[88.96213,22.81838],[88.95551,22.81164],[88.9553,22.80794],[88.95948,22.80802],[88.95856,22.79728],[88.94947,22.79739],[88.94206,22.79054],[88.93797,22.79293],[88.93541,22.78191],[88.92926,22.78316],[88.92916,22.78044],[88.92395,22.7796],[88.9256,22.76985],[88.91772,22.77021],[88.91078,22.75814],[88.91353,22.75415],[88.92074,22.75278],[88.9158,22.73619],[88.91878,22.73085],[88.92537,22.72794],[88.92798,22.71841],[88.94779,22.70582],[88.95297,22.70577],[88.96156,22.69305],[88.96117,22.68539],[88.95421,22.68579],[88.94783,22.67811],[88.94479,22.66223],[88.93358,22.65715],[88.93536,22.65409],[88.92754,22.64918],[88.93625,22.62503],[88.94346,22.61995],[88.9571,22.6171],[88.9592,22.61105],[88.93943,22.591],[88.94449,22.56867],[88.92237,22.57031],[88.91911,22.56694],[88.92663,22.56141],[88.96142,22.55072],[88.9703,22.53103],[88.97533,22.49648],[88.98171,22.48325],[88.99593,22.46974],[88.99411,22.4558],[88.98875,22.446],[88.99997,22.43009],[88.98789,22.42413],[88.97112,22.40931],[88.99171,22.38984],[88.98254,22.37521],[88.98924,22.36416],[88.98638,22.3575],[88.98905,22.34913],[88.98539,22.32578],[88.99042,22.32265],[89.00057,22.32371],[89.02454,22.29676],[89.02023,22.29434],[89.00853,22.29825],[88.99894,22.29683],[88.99519,22.29237],[88.99552,22.28541],[89.01988,22.26921],[89.0124,22.25783],[89.01334,22.25447],[89.01918,22.25429],[89.03038,22.26033],[89.03382,22.25898],[89.04025,22.22897],[89.07062,22.19732],[89.07117,22.18752],[89.06148,22.17042],[89.07144,22.14818],[89.07771,22.14669],[89.09029,22.16032],[89.09769,22.15435],[89.09281,22.14452],[89.06471,22.12392],[89.05355,22.11934],[89.04352,22.10791],[89.03937,22.09693],[89.04891,22.0563],[89.06024,22.03782],[89.08007,22.01748],[89.08348,22.00301],[89.08062,22.00112],[89.07881,21.98498],[89.08124,21.95675],[89.07276,21.92769],[89.05075,21.92728],[89.03173,21.92268],[89.02762,21.9202],[89.02363,21.90687],[89.02369,21.88932],[89.04113,21.86903],[89.04434,21.86119],[89.04234,21.82851],[89.02998,21.79788],[89.02906,21.78403],[89.07474,21.72022],[89.13553,21.64717],[89.16171,21.6455],[89.17426,21.65371],[89.1975,21.65654],[89.26631,21.6542],[89.3205,21.6734],[89.32631,21.68608],[89.32182,21.69302],[89.31061,21.805],[89.30948,21.84947],[89.31648,21.86104],[89.33843,21.88092],[89.37013,21.89507],[89.37267,21.9165],[89.36994,21.93297],[89.36191,21.94776],[89.32281,21.99124],[89.28618,22.0611],[89.28967,22.07018],[89.30286,22.08178],[89.3028,22.09167],[89.29482,22.09658],[89.26364,22.08548],[89.27864,22.14099],[89.29093,22.15671],[89.31382,22.17743],[89.32258,22.1923],[89.32179,22.19818],[89.30681,22.21584],[89.31043,22.2342],[89.29041,22.25514],[89.29586,22.26358],[89.31619,22.27405],[89.31825,22.28158],[89.31029,22.2871],[89.28862,22.28369],[89.28246,22.28576],[89.27747,22.30858],[89.25074,22.3385],[89.2525,22.34554],[89.26784,22.34227],[89.27404,22.34585],[89.2645,22.37588],[89.23954,22.37002],[89.23632,22.37496],[89.23799,22.38102],[89.25457,22.39022],[89.25688,22.39767],[89.24045,22.42725],[89.24456,22.4464],[89.25808,22.45163],[89.25618,22.4654],[89.28559,22.47513],[89.25498,22.49574],[89.2498,22.50716],[89.24875,22.53014],[89.2358,22.54776],[89.23584,22.55331],[89.24388,22.56697],[89.25971,22.57091],[89.26462,22.58752],[89.2635,22.6018],[89.25763,22.60606],[89.24346,22.60865],[89.24575,22.61715],[89.26087,22.61947],[89.24357,22.63501],[89.24356,22.6382],[89.2497,22.64518],[89.25267,22.65823],[89.26017,22.65806],[89.26616,22.64747],[89.26357,22.63218],[89.27033,22.62652],[89.28653,22.621],[89.28905,22.62372],[89.27724,22.62737],[89.27605,22.63094],[89.3032,22.64886],[89.26161,22.66726],[89.26417,22.6805],[89.26039,22.69415],[89.26037,22.71619],[89.26528,22.71306],[89.26436,22.69647],[89.27657,22.69455],[89.28447,22.69725],[89.30065,22.68187],[89.30854,22.69254],[89.30822,22.69896],[89.3037,22.70315],[89.30603,22.70391],[89.30682,22.71378],[89.31106,22.71654],[89.32222,22.71336],[89.33059,22.71553],[89.3269,22.71904],[89.33177,22.72833],[89.32163,22.73779],[89.3215,22.74296],[89.31145,22.74951],[89.31029,22.76492],[89.29946,22.77225],[89.29887,22.7877],[89.29315,22.78974],[89.29006,22.7954],[89.28314,22.78933],[89.27137,22.79006],[89.26574,22.79595],[89.26785,22.80321],[89.26528,22.81194],[89.25728,22.81194],[89.25603,22.8084],[89.24736,22.81134],[89.24603,22.81589],[89.25132,22.81877],[89.2571,22.8322],[89.25216,22.83771],[89.24883,22.83482],[89.23733,22.83477],[89.2323,22.83147],[89.23364,22.82584],[89.22397,22.82257],[89.22087,22.82426],[89.2115,22.81776],[89.20778,22.81912],[89.20206,22.81211],[89.19174,22.81223],[89.18827,22.81632],[89.17753,22.81236],[89.17223,22.81983],[89.16181,22.80084],[89.14986,22.7955],[89.14476,22.79684],[89.1426,22.80559],[89.15683,22.81059],[89.16006,22.82451],[89.15683,22.83063],[89.14678,22.83633],[89.14688,22.82669],[89.13631,22.82834],[89.12318,22.84708],[89.12904,22.87266],[89.11181,22.88617],[89.11001,22.8934],[89.11927,22.90398],[89.13333,22.89264],[89.14181,22.89318],[89.12683,22.92732],[89.11517,22.93115],[89.10997,22.93717],[89.11575,22.94449],[89.11024,22.9448],[89.0997,22.93864],[89.1082,22.93186],[89.10705,22.92641],[89.10146,22.92342],[89.0842,22.93126],[89.07916,22.93918],[89.0734,22.93726],[89.07153,22.93188],[89.06164,22.93257],[89.05818,22.93564],[89.04854,22.93012],[89.045,22.93373],[89.04632,22.94146],[89.04413,22.94263],[89.03652,22.92878],[89.01594,22.94491],[89.01564,22.94509]]]},"id":"BD4087"},{"type":"Feature","properties":{"code":"BD4539","name":"Jamalpur","parent_code":"BD45","division_name":"Mymensingh"},"geometry":{"type":"Polygon","coordinates":[[[89.76887,25.43484],[89.76402,25.43202],[89.77232,25.4246],[89.76939,25.41736],[89.77504,25.41567],[89.77777,25.41038],[89.77657,25.41486],[89.77864,25.41444],[89.78024,25.40883],[89.77692,25.38758],[89.74344,25.38043],[89.741,25.3709],[89.71878,25.35489],[89.72895,25.34121],[89.7373,25.31856],[89.74292,25.31937],[89.74494,25.29948],[89.75671,25.28115],[89.75114,25.26734],[89.75163,25.25173],[89.74019,25.25021],[89.73541,25.23371],[89.71297,25.23555],[89.69983,25.23097],[89.67595,25.18338],[89.67351,25.17131],[89.6524,25.14378],[89.64876,25.12168],[89.65042,25.10631],[89.64535,25.10576],[89.64422,25.09682],[89.63911,25.09009],[89.64635,25.08049],[89.65384,25.07671],[89.65659,25.05051],[89.6486,25.04154],[89.66105,25.00739],[89.66126,24.98799],[89.67302,24.97475],[89.67747,24.96484],[89.67962,24.94572],[89.67449,24.93027],[89.67692,24.92137],[89.68506,24.91792],[89.68751,24.90707],[89.68032,24.90607],[89.67545,24.89795],[89.66382,24.89354],[89.66998,24.88358],[89.6725,24.86833],[89.68271,24.85169],[89.68642,24.83785],[89.70185,24.82187],[89.72661,24.80621],[89.75265,24.80006],[89.75019,24.79711],[89.73261,24.79532],[89.72108,24.78009],[89.73687,24.77142],[89.73896,24.76241],[89.74556,24.77621],[89.76142,24.76824],[89.77447,24.7746],[89.78168,24.76861],[89.78473,24.75994],[89.78404,24.75145],[89.77953,24.7455],[89.7923,24.73955],[89.78553,24.72572],[89.77476,24.72721],[89.77559,24.71956],[89.78561,24.70578],[89.79498,24.70494],[89.79033,24.69832],[89.79461,24.69217],[89.79188,24.68829],[89.79797,24.68742],[89.80093,24.68204],[89.78551,24.67169],[89.78801,24.62826],[89.76812,24.62469],[89.76708,24.61616],[89.77429,24.60036],[89.78063,24.59568],[89.78417,24.58112],[89.7895,24.57419],[89.80345,24.57052],[89.81138,24.57096],[89.80998,24.57692],[89.81767,24.5799],[89.81169,24.58345],[89.81202,24.58965],[89.81657,24.58571],[89.82173,24.59257],[89.82826,24.59212],[89.82324,24.60085],[89.83286,24.60764],[89.82637,24.61113],[89.82651,24.61394],[89.83611,24.61412],[89.83553,24.61828],[89.841,24.62038],[89.84088,24.62703],[89.8507,24.62175],[89.85078,24.62733],[89.84162,24.63754],[89.84702,24.64162],[89.84291,24.64896],[89.86451,24.65036],[89.86848,24.65361],[89.86509,24.66351],[89.87651,24.67993],[89.88688,24.67511],[89.89706,24.68225],[89.89179,24.70199],[89.87782,24.71401],[89.87763,24.73771],[89.88293,24.74416],[89.88018,24.7478],[89.8876,24.74711],[89.89106,24.74227],[89.90046,24.73937],[89.8979,24.74518],[89.89979,24.74654],[89.90493,24.7391],[89.90856,24.7398],[89.91427,24.74866],[89.92396,24.7469],[89.92161,24.75085],[89.92488,24.75409],[89.91844,24.75814],[89.9256,24.75665],[89.93454,24.76141],[89.93378,24.75725],[89.94006,24.75192],[89.94069,24.74405],[89.95662,24.74448],[89.96048,24.73759],[89.95533,24.7341],[89.95996,24.73329],[89.96376,24.72635],[89.97564,24.72304],[89.98438,24.72833],[89.99097,24.72835],[89.99097,24.73546],[89.99729,24.73955],[89.99765,24.74559],[90.01048,24.74714],[90.01623,24.75505],[90.02113,24.75573],[90.02318,24.76528],[90.02119,24.77219],[90.03332,24.78095],[90.04849,24.77551],[90.05427,24.78042],[90.06221,24.78247],[90.06808,24.78038],[90.07243,24.7865],[90.09056,24.79094],[90.10309,24.78226],[90.11231,24.78366],[90.11382,24.7885],[90.12062,24.78683],[90.12201,24.78965],[90.13478,24.7827],[90.1358,24.77919],[90.14138,24.77991],[90.145,24.7902],[90.16028,24.79329],[90.15939,24.80365],[90.16287,24.80648],[90.16039,24.81302],[90.16995,24.82801],[90.18222,24.82882],[90.18689,24.82564],[90.19101,24.82921],[90.1848,24.83113],[90.18114,24.84071],[90.18858,24.84294],[90.18911,24.85172],[90.18651,24.85487],[90.20095,24.85918],[90.19572,24.86193],[90.19765,24.86541],[90.18349,24.8637],[90.18286,24.86605],[90.19113,24.86601],[90.19304,24.87291],[90.1976,24.87811],[90.20037,24.87601],[90.20212,24.87989],[90.19156,24.8829],[90.19299,24.88814],[90.18267,24.89395],[90.17097,24.89432],[90.15744,24.89979],[90.15915,24.90595],[90.1556,24.90919],[90.13187,24.89997],[90.12439,24.90485],[90.11145,24.90604],[90.10058,24.904],[90.07074,24.90607],[90.07032,24.90355],[90.05506,24.91032],[90.03828,24.90686],[90.03528,24.9107],[90.04067,24.91725],[90.03177,24.9127],[90.03096,24.90744],[90.00924,24.91123],[89.99911,24.92069],[89.98406,24.91688],[89.95567,24.92472],[89.94575,24.93138],[89.94275,24.95523],[89.93719,24.95947],[89.91751,24.95876],[89.91728,24.95088],[89.9086,24.95132],[89.90288,24.95691],[89.90562,24.95849],[89.90307,24.96387],[89.91107,24.96111],[89.91336,24.97978],[89.9036,24.98953],[89.89571,24.9871],[89.89855,24.99231],[89.89323,25.00681],[89.89476,25.01449],[89.89321,25.01753],[89.88341,25.01743],[89.8865,25.03312],[89.90834,25.03291],[89.90801,25.04324],[89.92572,25.05932],[89.9189,25.06183],[89.9129,25.07234],[89.91778,25.07951],[89.91632,25.0881],[89.89552,25.11706],[89.89835,25.11937],[89.89586,25.13168],[89.90014,25.1328],[89.8955,25.13436],[89.90021,25.13586],[89.89854,25.14068],[89.90277,25.14945],[89.89915,25.14948],[89.90078,25.15856],[89.91079,25.17322],[89.90264,25.18098],[89.89098,25.18095],[89.88545,25.18549],[89.89035,25.21478],[89.89988,25.22657],[89.90355,25.26852],[89.90483,25.26181],[89.90561,25.2697],[89.91095,25.27032],[89.918,25.2637],[89.92794,25.26376],[89.92706,25.27326],[89.93197,25.28229],[89.93172,25.28982],[89.94739,25.29502],[89.9457,25.30262],[89.94371,25.30411],[89.93891,25.29915],[89.90777,25.30804],[89.89923,25.3046],[89.88459,25.28806],[89.87634,25.28558],[89.85819,25.28632],[89.83129,25.29583],[89.84107,25.30833],[89.8412,25.31528],[89.82669,25.34628],[89.82318,25.34753],[89.82085,25.35704],[89.81962,25.38035],[89.82672,25.39997],[89.82567,25.4153],[89.76963,25.43467],[89.76887,25.43484]]]},"id":"BD4539"},{"type":"Feature","properties":{"code":"BD4561","name":"Mymensingh","parent_code":"BD45","division_name":"Mymensingh"},"geometry":{"type":"Polygon","coordinates":[[[90.28133,25.19524],[90.26774,25.19792],[90.26398,25.19335],[90.26612,25.18797],[90.26201,25.16675],[90.25888,25.1652],[90.26171,25.16161],[90.2659,25.16205],[90.26427,25.15261],[90.2705,25.14931],[90.26826,25.14596],[90.27001,25.13752],[90.26555,25.1369],[90.26903,25.13525],[90.26436,25.10694],[90.2669,25.10167],[90.26247,25.09794],[90.28157,25.09452],[90.28108,25.08814],[90.28679,25.08243],[90.29704,25.09084],[90.29871,25.08761],[90.30382,25.09186],[90.30641,25.08637],[90.3124,25.0851],[90.30693,25.0818],[90.30946,25.07845],[90.29707,25.08095],[90.29357,25.07736],[90.28889,25.07787],[90.28707,25.07332],[90.29216,25.07177],[90.29247,25.06791],[90.28638,25.06823],[90.28153,25.05699],[90.27775,25.05827],[90.26397,25.0515],[90.26052,25.05446],[90.26279,25.06229],[90.25618,25.06547],[90.25143,25.06214],[90.24864,25.05311],[90.24118,25.05374],[90.2333,25.04292],[90.23747,25.0377],[90.23524,25.02358],[90.24106,25.0209],[90.24318,25.0117],[90.24025,24.99473],[90.23317,24.98653],[90.23683,24.98503],[90.22853,24.97606],[90.2305,24.96674],[90.23671,24.9641],[90.23906,24.96977],[90.24441,24.96745],[90.2418,24.96237],[90.25396,24.95781],[90.25911,24.94592],[90.23826,24.94851],[90.23298,24.94585],[90.23697,24.93396],[90.24738,24.92646],[90.23928,24.90241],[90.24137,24.89673],[90.23381,24.88736],[90.22486,24.88347],[90.19188,24.88593],[90.19179,24.88275],[90.20212,24.87989],[90.20037,24.87601],[90.1976,24.87811],[90.19304,24.87291],[90.19113,24.86601],[90.18286,24.86605],[90.18349,24.8637],[90.19765,24.86541],[90.19572,24.86193],[90.20095,24.85918],[90.18651,24.85487],[90.18911,24.85172],[90.18858,24.84294],[90.18114,24.84071],[90.1848,24.83113],[90.19101,24.82921],[90.18689,24.82564],[90.18222,24.82882],[90.16995,24.82801],[90.16039,24.81302],[90.16287,24.80648],[90.15939,24.80365],[90.16028,24.79329],[90.145,24.7902],[90.14138,24.77991],[90.1358,24.77919],[90.13478,24.7827],[90.12256,24.78961],[90.11864,24.78622],[90.11382,24.7885],[90.11231,24.78366],[90.10341,24.78226],[90.09159,24.7908],[90.0777,24.78709],[90.09331,24.76852],[90.09362,24.75817],[90.09926,24.7566],[90.09526,24.75624],[90.09787,24.75255],[90.09067,24.75169],[90.09204,24.73669],[90.13044,24.73796],[90.13569,24.73347],[90.12902,24.717],[90.1371,24.7004],[90.13472,24.69104],[90.14296,24.68005],[90.14506,24.65525],[90.15161,24.64943],[90.14958,24.64303],[90.15241,24.63399],[90.14809,24.62315],[90.14323,24.6232],[90.13922,24.615],[90.13498,24.61634],[90.13395,24.60185],[90.13007,24.59511],[90.14433,24.57599],[90.15574,24.57404],[90.15104,24.56782],[90.15921,24.54524],[90.16325,24.53715],[90.17079,24.53782],[90.17666,24.51827],[90.18698,24.52323],[90.19402,24.5146],[90.21035,24.50983],[90.20421,24.5031],[90.20733,24.49816],[90.21577,24.49943],[90.22867,24.48405],[90.23543,24.48442],[90.23709,24.48758],[90.24605,24.48212],[90.22648,24.47],[90.2249,24.46377],[90.21216,24.46332],[90.21206,24.45705],[90.21352,24.45153],[90.22065,24.4491],[90.22219,24.43499],[90.2324,24.42044],[90.24181,24.41434],[90.24866,24.41622],[90.22988,24.34691],[90.23417,24.33508],[90.24829,24.33343],[90.2477,24.3264],[90.25782,24.30594],[90.25716,24.29706],[90.26419,24.28882],[90.28058,24.28757],[90.28651,24.27826],[90.29152,24.27779],[90.32374,24.29918],[90.3455,24.29316],[90.35568,24.30075],[90.3598,24.29803],[90.35835,24.2883],[90.36378,24.28126],[90.37812,24.28511],[90.38016,24.28997],[90.38743,24.28901],[90.39339,24.28034],[90.40263,24.28224],[90.41663,24.30343],[90.4222,24.30822],[90.42579,24.30481],[90.42862,24.30941],[90.42702,24.33175],[90.43003,24.33136],[90.43781,24.34012],[90.45518,24.34095],[90.47204,24.32914],[90.47487,24.32361],[90.48572,24.31959],[90.48916,24.31351],[90.49609,24.31529],[90.51385,24.31178],[90.52319,24.30423],[90.52949,24.30329],[90.52138,24.28706],[90.5469,24.27474],[90.5446,24.26825],[90.56287,24.25903],[90.57351,24.24805],[90.58239,24.24915],[90.60401,24.26472],[90.62287,24.27159],[90.6513,24.26089],[90.65155,24.27076],[90.64409,24.27892],[90.64175,24.30916],[90.62634,24.33464],[90.61942,24.33886],[90.63361,24.35909],[90.63574,24.37406],[90.63901,24.37522],[90.64287,24.38528],[90.64078,24.3914],[90.64803,24.40483],[90.6479,24.41585],[90.63965,24.42266],[90.64217,24.42709],[90.63475,24.434],[90.58801,24.44594],[90.58485,24.45381],[90.57922,24.45699],[90.57582,24.46691],[90.57573,24.48218],[90.58338,24.48592],[90.58365,24.49443],[90.60498,24.4991],[90.61655,24.49596],[90.63147,24.48029],[90.63796,24.48105],[90.63741,24.47621],[90.64838,24.47809],[90.65081,24.47453],[90.65843,24.47429],[90.66456,24.46706],[90.67897,24.4669],[90.68207,24.47276],[90.67936,24.4805],[90.68346,24.48183],[90.68572,24.4872],[90.682,24.49178],[90.6828,24.50136],[90.70269,24.51495],[90.70524,24.51267],[90.70451,24.49867],[90.70894,24.49837],[90.71035,24.49321],[90.71596,24.49034],[90.71751,24.47822],[90.72204,24.47043],[90.72331,24.4748],[90.72929,24.47648],[90.73577,24.48544],[90.74163,24.49693],[90.74299,24.50844],[90.75258,24.50256],[90.75789,24.51224],[90.79351,24.50801],[90.79186,24.5181],[90.79695,24.51884],[90.79864,24.52705],[90.80399,24.53009],[90.80108,24.53666],[90.80336,24.54478],[90.80686,24.54385],[90.80623,24.53884],[90.80876,24.53978],[90.81089,24.54672],[90.80858,24.54881],[90.81447,24.5565],[90.80998,24.56444],[90.82017,24.5731],[90.8224,24.58027],[90.82086,24.58602],[90.81627,24.58555],[90.81727,24.58071],[90.81464,24.5795],[90.80732,24.58493],[90.80821,24.57891],[90.7998,24.57792],[90.79805,24.57459],[90.79347,24.57674],[90.79643,24.58314],[90.79108,24.58141],[90.78937,24.58372],[90.79655,24.59258],[90.79481,24.60461],[90.78426,24.60716],[90.77661,24.61556],[90.77526,24.60757],[90.75856,24.60835],[90.76149,24.62333],[90.75765,24.63502],[90.7418,24.63533],[90.73924,24.64884],[90.72829,24.64814],[90.72817,24.6524],[90.72476,24.65265],[90.72038,24.64812],[90.70189,24.66734],[90.698,24.67659],[90.70444,24.68769],[90.70291,24.68983],[90.70763,24.6916],[90.70176,24.70044],[90.69439,24.69907],[90.69735,24.70574],[90.69538,24.71352],[90.70205,24.7171],[90.70944,24.73087],[90.71963,24.72879],[90.72504,24.73285],[90.72281,24.74428],[90.71609,24.74464],[90.71492,24.75123],[90.6938,24.75733],[90.69702,24.76252],[90.69448,24.76995],[90.70016,24.77707],[90.70456,24.77596],[90.70946,24.76822],[90.71748,24.7696],[90.72162,24.77415],[90.71752,24.78179],[90.70476,24.78632],[90.71105,24.79593],[90.70832,24.80097],[90.68657,24.79928],[90.68123,24.8018],[90.67795,24.79962],[90.67064,24.80292],[90.66949,24.79881],[90.65941,24.79333],[90.64781,24.79146],[90.64252,24.79942],[90.62575,24.79561],[90.62331,24.80268],[90.61245,24.8071],[90.60988,24.8138],[90.60118,24.80984],[90.59795,24.81267],[90.58402,24.81251],[90.58181,24.82235],[90.57516,24.81497],[90.56621,24.81269],[90.56609,24.8182],[90.57907,24.82559],[90.58586,24.83763],[90.58961,24.83592],[90.58981,24.84297],[90.58172,24.84519],[90.57504,24.83781],[90.56687,24.84176],[90.56971,24.85015],[90.56779,24.85515],[90.5731,24.85614],[90.56867,24.86029],[90.56878,24.87151],[90.57232,24.87307],[90.56638,24.8779],[90.56753,24.88643],[90.54261,24.88514],[90.53574,24.89062],[90.53352,24.89623],[90.53968,24.89971],[90.53859,24.90503],[90.54185,24.90726],[90.53833,24.91648],[90.53401,24.91708],[90.53613,24.92274],[90.53417,24.92705],[90.53996,24.93342],[90.54466,24.93363],[90.5452,24.93756],[90.53615,24.94327],[90.52673,24.94227],[90.5326,24.95162],[90.52882,24.95375],[90.52722,24.9501],[90.51736,24.94578],[90.51712,24.95067],[90.51317,24.95354],[90.5134,24.9621],[90.51786,24.97513],[90.52406,24.98042],[90.51791,24.97748],[90.51355,24.97956],[90.5122,24.98798],[90.50458,24.98587],[90.50653,24.99685],[90.50309,24.99863],[90.50394,25.00333],[90.493,25.00463],[90.49593,25.01163],[90.50363,25.01533],[90.50492,25.01836],[90.50163,25.02014],[90.50777,25.0221],[90.50664,25.01804],[90.50949,25.01923],[90.51049,25.03069],[90.5131,25.03156],[90.51804,25.02425],[90.5257,25.03179],[90.53464,25.01411],[90.5438,25.01039],[90.54449,25.02681],[90.5358,25.02802],[90.53379,25.03369],[90.53689,25.03622],[90.5461,25.0322],[90.54889,25.04117],[90.55361,25.04163],[90.5525,25.04484],[90.55876,25.04508],[90.55737,25.03798],[90.56541,25.03341],[90.57367,25.03651],[90.58721,25.02834],[90.59311,25.0364],[90.59787,25.02951],[90.60964,25.03056],[90.60453,25.03232],[90.60894,25.03678],[90.60358,25.03944],[90.60615,25.04814],[90.61102,25.05058],[90.60573,25.05347],[90.61415,25.05537],[90.61171,25.0612],[90.60501,25.06363],[90.6057,25.06695],[90.60765,25.06435],[90.61057,25.06773],[90.60696,25.07484],[90.60389,25.07477],[90.59048,25.06019],[90.59003,25.06915],[90.59619,25.07738],[90.5885,25.08409],[90.59892,25.09186],[90.60188,25.09646],[90.60021,25.09916],[90.60666,25.10529],[90.6011,25.10952],[90.60448,25.11255],[90.60321,25.11751],[90.6089,25.12289],[90.60673,25.12711],[90.61477,25.13223],[90.61417,25.13821],[90.60805,25.1401],[90.61532,25.14516],[90.61528,25.15213],[90.62004,25.15923],[90.61754,25.1604],[90.61697,25.17718],[90.61456,25.17369],[90.60983,25.17885],[90.60451,25.17474],[90.58918,25.17645],[90.58641,25.17328],[90.56576,25.1732],[90.56406,25.171],[90.55474,25.17149],[90.55176,25.17482],[90.51863,25.17208],[90.50953,25.17511],[90.51011,25.16983],[90.4994,25.1716],[90.49911,25.16856],[90.48524,25.16078],[90.45068,25.1519],[90.44912,25.14471],[90.44137,25.14412],[90.41582,25.15212],[90.4059,25.15916],[90.37045,25.1625],[90.34535,25.17851],[90.3298,25.19301],[90.31677,25.19219],[90.30992,25.18827],[90.28171,25.19523],[90.28133,25.19524]]]},"id":"BD4561"},{"type":"Feature","properties":{"code":"BD4572","name":"Netrakona","parent_code":"BD45","division_name":"Mymensingh"},"geometry":{"type":"Polygon","coordinates":[[[90.66349,25.18527],[90.664,25.19785],[90.6588,25.18522],[90.64836,25.19448],[90.65288,25.18691],[90.64895,25.1806],[90.64071,25.18356],[90.63912,25.18002],[90.64204,25.17455],[90.63484,25.17577],[90.62687,25.17198],[90.62083,25.17408],[90.61644,25.16943],[90.61996,25.15894],[90.61528,25.15213],[90.61532,25.14516],[90.60805,25.1401],[90.61417,25.13821],[90.61477,25.13223],[90.60673,25.12711],[90.6089,25.12289],[90.60321,25.11751],[90.60448,25.11255],[90.6011,25.10952],[90.60666,25.10529],[90.60021,25.09916],[90.60188,25.09646],[90.59892,25.09186],[90.5885,25.08409],[90.59619,25.07738],[90.59003,25.06915],[90.59048,25.06019],[90.60389,25.07477],[90.60696,25.07484],[90.61057,25.06773],[90.60765,25.06435],[90.6057,25.06695],[90.60501,25.06363],[90.61171,25.0612],[90.61415,25.05537],[90.60573,25.05347],[90.61102,25.05058],[90.60615,25.04814],[90.60358,25.03944],[90.60888,25.0371],[90.60413,25.03438],[90.60964,25.03163],[90.6086,25.02934],[90.59787,25.02951],[90.59311,25.0364],[90.58721,25.02834],[90.57367,25.03651],[90.56464,25.03361],[90.55737,25.03798],[90.55876,25.04508],[90.5525,25.04484],[90.55361,25.04163],[90.54889,25.04117],[90.5461,25.0322],[90.53689,25.03622],[90.53379,25.03369],[90.5358,25.02802],[90.54449,25.02681],[90.5438,25.01039],[90.53464,25.01411],[90.5257,25.03179],[90.51804,25.02425],[90.5131,25.03156],[90.51049,25.03069],[90.50949,25.01923],[90.50664,25.01804],[90.50777,25.0221],[90.50163,25.02014],[90.50492,25.01836],[90.50363,25.01533],[90.49593,25.01163],[90.493,25.00463],[90.50394,25.00333],[90.50309,24.99863],[90.50653,24.99685],[90.50458,24.98587],[90.5122,24.98798],[90.51355,24.97956],[90.51791,24.97748],[90.52406,24.98042],[90.51786,24.97513],[90.5134,24.9621],[90.51317,24.95354],[90.51712,24.95067],[90.51736,24.94578],[90.52722,24.9501],[90.52882,24.95375],[90.5326,24.95162],[90.52673,24.94227],[90.53615,24.94327],[90.5452,24.93756],[90.54466,24.93363],[90.53996,24.93342],[90.53417,24.92705],[90.53613,24.92274],[90.53401,24.91708],[90.53833,24.91648],[90.54185,24.90726],[90.53859,24.90503],[90.53968,24.89971],[90.53352,24.89623],[90.53574,24.89062],[90.54261,24.88514],[90.56753,24.88643],[90.56638,24.8779],[90.57232,24.87307],[90.56878,24.87151],[90.56867,24.86029],[90.5731,24.85614],[90.56779,24.85515],[90.56971,24.85015],[90.56687,24.84176],[90.57504,24.83781],[90.58172,24.84519],[90.58981,24.84297],[90.58997,24.83639],[90.58586,24.83763],[90.57907,24.82559],[90.56609,24.8182],[90.56656,24.81225],[90.57516,24.81497],[90.58181,24.82235],[90.58402,24.81251],[90.59795,24.81267],[90.60118,24.80984],[90.60988,24.8138],[90.61245,24.8071],[90.62331,24.80268],[90.62575,24.79561],[90.64252,24.79942],[90.64781,24.79146],[90.65941,24.79333],[90.66949,24.79881],[90.67064,24.80292],[90.68657,24.79928],[90.69455,24.80176],[90.69878,24.79913],[90.70355,24.80241],[90.71104,24.79766],[90.70432,24.78728],[90.71917,24.78056],[90.72147,24.77372],[90.71748,24.7696],[90.70946,24.76822],[90.70456,24.77596],[90.70016,24.77707],[90.69448,24.76995],[90.69702,24.76252],[90.6938,24.75733],[90.71492,24.75123],[90.71609,24.74464],[90.72281,24.74428],[90.72504,24.73285],[90.71963,24.72879],[90.70944,24.73087],[90.70205,24.7171],[90.69554,24.71395],[90.69735,24.70574],[90.69439,24.69907],[90.70176,24.70044],[90.70763,24.6916],[90.70291,24.68983],[90.70444,24.68769],[90.70074,24.68529],[90.6981,24.67588],[90.70189,24.66734],[90.72038,24.64812],[90.72476,24.65265],[90.72817,24.6524],[90.72829,24.64814],[90.73924,24.64884],[90.7418,24.63533],[90.75765,24.63502],[90.76149,24.62333],[90.75837,24.60853],[90.77526,24.60757],[90.77661,24.61556],[90.78426,24.60716],[90.79437,24.60502],[90.79676,24.59344],[90.78937,24.58372],[90.79108,24.58141],[90.79643,24.58314],[90.79308,24.57724],[90.79805,24.57459],[90.7998,24.57792],[90.80955,24.57985],[90.80643,24.58475],[90.81464,24.5795],[90.81727,24.58071],[90.81627,24.58555],[90.82355,24.58765],[90.84181,24.58098],[90.85094,24.59142],[90.85274,24.59862],[90.85668,24.59726],[90.863,24.60122],[90.86635,24.60019],[90.86582,24.59548],[90.88051,24.59377],[90.88342,24.60014],[90.88796,24.60157],[90.90568,24.60096],[90.9093,24.59597],[90.91692,24.59989],[90.91463,24.61453],[90.92969,24.61458],[90.93344,24.61205],[90.93634,24.60288],[90.9476,24.60767],[90.95372,24.60434],[90.96364,24.61382],[90.9661,24.60793],[90.97762,24.60148],[90.98555,24.60721],[90.99405,24.60344],[91.00471,24.60392],[91.01168,24.6077],[91.01873,24.60501],[91.02229,24.60895],[91.02147,24.61875],[91.03044,24.63097],[91.043,24.62618],[91.03672,24.61997],[91.03946,24.61261],[91.05611,24.61754],[91.05666,24.61525],[91.06236,24.62046],[91.07339,24.62207],[91.09325,24.60492],[91.0995,24.60265],[91.09973,24.60861],[91.10548,24.60251],[91.10475,24.61114],[91.11721,24.60866],[91.12451,24.61416],[91.12986,24.61298],[91.13495,24.62472],[91.12952,24.63236],[91.13084,24.64534],[91.13835,24.63783],[91.15535,24.64243],[91.16358,24.63553],[91.17617,24.64648],[91.1844,24.63936],[91.19294,24.64154],[91.19646,24.63198],[91.20077,24.63498],[91.20567,24.63391],[91.21022,24.65414],[91.22742,24.65394],[91.23158,24.65858],[91.23375,24.66975],[91.22353,24.67316],[91.22373,24.679],[91.23434,24.67567],[91.24341,24.6831],[91.24136,24.69622],[91.23563,24.69511],[91.22123,24.70218],[91.22695,24.70697],[91.22978,24.72681],[91.22165,24.7285],[91.22155,24.72342],[91.21329,24.71622],[91.20762,24.71696],[91.20766,24.71216],[91.20123,24.7168],[91.19843,24.71388],[91.18563,24.72584],[91.1771,24.72956],[91.16987,24.73008],[91.16302,24.71881],[91.15888,24.72047],[91.15941,24.72612],[91.14195,24.72742],[91.15214,24.73314],[91.14676,24.74274],[91.147,24.74863],[91.15142,24.74957],[91.15706,24.743],[91.16062,24.74931],[91.15745,24.75338],[91.15142,24.75188],[91.14961,24.75852],[91.13698,24.76007],[91.15412,24.76746],[91.16061,24.76613],[91.16054,24.77137],[91.16824,24.77621],[91.16685,24.78032],[91.17122,24.78067],[91.16944,24.79196],[91.16029,24.79362],[91.17212,24.8091],[91.17097,24.82828],[91.16416,24.83077],[91.16532,24.83448],[91.15955,24.83473],[91.15245,24.84004],[91.14267,24.82668],[91.15272,24.81173],[91.14361,24.80335],[91.14194,24.79794],[91.13066,24.7939],[91.13105,24.80082],[91.11852,24.80777],[91.11321,24.81821],[91.11781,24.83528],[91.12195,24.84047],[91.1297,24.8423],[91.12438,24.84579],[91.12361,24.85005],[91.12124,24.8476],[91.11399,24.84866],[91.10887,24.86211],[91.103,24.86554],[91.10347,24.8713],[91.10815,24.87393],[91.10077,24.88251],[91.10097,24.88694],[91.08791,24.88973],[91.07447,24.90292],[91.068,24.8995],[91.06599,24.90338],[91.05391,24.90071],[91.04483,24.90812],[91.03771,24.90515],[91.03911,24.89927],[91.02738,24.8828],[91.02491,24.88844],[91.01678,24.88623],[91.01609,24.88845],[91.02174,24.8902],[91.01468,24.89438],[91.01477,24.89763],[91.00607,24.89184],[90.99849,24.89136],[90.99407,24.91376],[90.98057,24.9168],[90.97383,24.91574],[90.97276,24.91272],[90.97191,24.91613],[90.96459,24.91016],[90.95791,24.91291],[90.95447,24.9182],[90.9571,24.93816],[90.95087,24.93619],[90.95039,24.93973],[90.96319,24.94123],[90.97039,24.94827],[90.97319,24.95882],[90.96234,24.97128],[90.94869,24.97109],[90.94801,24.97458],[90.94415,24.97545],[90.94531,24.98253],[90.94066,24.98634],[90.94346,24.99329],[90.94765,24.99506],[90.94824,25.00475],[90.9413,25.00445],[90.9368,25.00943],[90.9349,25.02128],[90.93826,25.02772],[90.96471,25.03461],[90.95638,25.03676],[90.95143,25.0433],[90.9313,25.04253],[90.93382,25.04937],[90.92957,25.05084],[90.93074,25.06379],[90.93616,25.06537],[90.93362,25.0736],[90.92905,25.07721],[90.94405,25.08107],[90.9574,25.06942],[90.96238,25.07261],[90.96738,25.06955],[90.97372,25.07234],[90.9693,25.08108],[90.97149,25.09445],[90.96363,25.09679],[90.94804,25.11165],[90.95645,25.11972],[90.95523,25.12617],[90.9576,25.12773],[90.95362,25.13565],[90.94978,25.13648],[90.95149,25.14944],[90.9593,25.14881],[90.9593,25.15376],[90.96563,25.1545],[90.96854,25.16222],[90.95969,25.16797],[90.96245,25.17202],[90.92714,25.16376],[90.90416,25.16318],[90.8971,25.16716],[90.88351,25.16762],[90.87185,25.16091],[90.84521,25.15929],[90.84161,25.16512],[90.83925,25.16224],[90.83151,25.16211],[90.81867,25.16362],[90.81756,25.16829],[90.81368,25.16783],[90.81384,25.16469],[90.80482,25.16685],[90.8042,25.1727],[90.7975,25.17525],[90.79465,25.18135],[90.78471,25.17896],[90.78027,25.18658],[90.76311,25.17813],[90.75892,25.17299],[90.76145,25.17009],[90.7595,25.16837],[90.74691,25.16432],[90.74227,25.1655],[90.74213,25.16967],[90.73958,25.1664],[90.73423,25.16653],[90.73342,25.16212],[90.7379,25.16355],[90.74172,25.16037],[90.73216,25.15479],[90.72425,25.16373],[90.71758,25.16357],[90.71065,25.1679],[90.70673,25.16104],[90.70096,25.16447],[90.69774,25.15698],[90.6904,25.16388],[90.68287,25.16386],[90.681,25.16873],[90.68594,25.17451],[90.67816,25.17185],[90.67504,25.17243],[90.67508,25.17639],[90.67021,25.16632],[90.66629,25.16573],[90.66359,25.18519],[90.66349,25.18527]]]},"id":"BD4572"},{"type":"Feature","properties":{"code":"BD4589","name":"Sherpur","parent_code":"BD45","division_name":"Mymensingh"},"geometry":{"type":"Polygon","coordinates":[[[89.96923,25.3038],[89.95553,25.30113],[89.94907,25.2932],[89.94739,25.29502],[89.93172,25.28982],[89.93197,25.28229],[89.92706,25.27326],[89.92794,25.26376],[89.918,25.2637],[89.91095,25.27032],[89.90561,25.2697],[89.90483,25.26181],[89.90368,25.26866],[89.90121,25.26378],[89.90361,25.24629],[89.89988,25.22657],[89.89035,25.21478],[89.88603,25.18383],[89.89439,25.18019],[89.90264,25.18098],[89.91079,25.17322],[89.90078,25.15856],[89.89915,25.14948],[89.90277,25.14945],[89.89854,25.14068],[89.90021,25.13586],[89.8955,25.13436],[89.90014,25.1328],[89.89586,25.13168],[89.89835,25.11937],[89.89552,25.11706],[89.91632,25.0881],[89.91778,25.07951],[89.9129,25.07234],[89.9189,25.06183],[89.92572,25.05932],[89.90801,25.04324],[89.90834,25.03291],[89.8865,25.03312],[89.88341,25.01743],[89.89321,25.01753],[89.89476,25.01449],[89.89323,25.00681],[89.89855,24.99231],[89.89571,24.9871],[89.9036,24.98953],[89.91336,24.97978],[89.91107,24.96111],[89.90307,24.96387],[89.90562,24.95849],[89.90288,24.95691],[89.9086,24.95132],[89.91728,24.95088],[89.91751,24.95876],[89.93693,24.9596],[89.94275,24.95523],[89.9448,24.93301],[89.95136,24.9266],[89.98406,24.91688],[89.99911,24.92069],[90.00461,24.9136],[90.01577,24.90925],[90.03152,24.9075],[90.03177,24.9127],[90.04067,24.91725],[90.03528,24.9107],[90.03828,24.90686],[90.05506,24.91032],[90.07032,24.90355],[90.07074,24.90607],[90.10058,24.904],[90.11145,24.90604],[90.12439,24.90485],[90.13433,24.89992],[90.1556,24.90919],[90.15915,24.90595],[90.15744,24.89979],[90.17097,24.89432],[90.18267,24.89395],[90.19358,24.88644],[90.22078,24.88308],[90.2327,24.8866],[90.24137,24.89673],[90.23928,24.90241],[90.24738,24.92646],[90.23697,24.93396],[90.23298,24.94585],[90.23826,24.94851],[90.25911,24.94592],[90.25396,24.95781],[90.2418,24.96237],[90.24441,24.96745],[90.23906,24.96977],[90.23671,24.9641],[90.2305,24.96674],[90.22853,24.97606],[90.23683,24.98503],[90.23317,24.98653],[90.24025,24.99473],[90.24318,25.0117],[90.24106,25.0209],[90.23524,25.02358],[90.23747,25.0377],[90.2333,25.04292],[90.24118,25.05374],[90.24864,25.05311],[90.25143,25.06214],[90.25618,25.06547],[90.26279,25.06229],[90.26052,25.05446],[90.26397,25.0515],[90.27775,25.05827],[90.28153,25.05699],[90.28638,25.06823],[90.29247,25.06791],[90.29216,25.07177],[90.28707,25.07332],[90.28889,25.07787],[90.29357,25.07736],[90.29707,25.08095],[90.30946,25.07845],[90.30693,25.0818],[90.3124,25.0851],[90.30641,25.08637],[90.30382,25.09186],[90.29871,25.08761],[90.29704,25.09084],[90.28679,25.08243],[90.28108,25.08814],[90.28157,25.09452],[90.26247,25.09794],[90.2669,25.10167],[90.26436,25.10694],[90.26903,25.13525],[90.26555,25.1369],[90.27001,25.13752],[90.26826,25.14596],[90.2705,25.14931],[90.26427,25.15261],[90.2659,25.16205],[90.26171,25.16161],[90.25888,25.16603],[90.26201,25.16675],[90.2665,25.1974],[90.23862,25.20478],[90.2276,25.20033],[90.22228,25.20612],[90.19722,25.2108],[90.173,25.22203],[90.11598,25.22357],[90.09407,25.23804],[90.0749,25.24416],[90.0562,25.26122],[90.03762,25.26114],[90.02654,25.267],[90.02306,25.27324],[90.00724,25.28028],[89.99826,25.27712],[89.98324,25.28097],[89.97942,25.29649],[89.97113,25.30264],[89.96923,25.3038]]]},"id":"BD4589"},{"type":"Feature","properties":{"code":"BD5010","name":"Bogura","parent_code":"BD50","division_name":"Rajshahi"},"geometry":{"type":"Polygon","coordinates":[[[89.33131,25.12269],[89.32378,25.12176],[89.31959,25.11695],[89.30888,25.11764],[89.30311,25.12141],[89.30154,25.11797],[89.29762,25.11954],[89.29537,25.11433],[89.28919,25.11151],[89.28612,25.10168],[89.28255,25.1005],[89.2844,25.09738],[89.2798,25.08613],[89.26093,25.07543],[89.25523,25.06805],[89.24662,25.06601],[89.25158,25.05127],[89.24456,25.04833],[89.24357,25.02894],[89.23728,25.01977],[89.2284,25.01909],[89.22638,25.02273],[89.22101,25.02216],[89.21648,25.02875],[89.21285,25.02764],[89.21309,25.02394],[89.21939,25.02195],[89.19667,24.99971],[89.2038,24.9982],[89.20366,24.99484],[89.18899,24.99373],[89.18984,24.98707],[89.19594,24.98202],[89.18468,24.98097],[89.18085,24.97147],[89.17695,24.97132],[89.18156,24.96866],[89.17959,24.96492],[89.18628,24.96207],[89.18448,24.95647],[89.18948,24.94779],[89.18727,24.94439],[89.19034,24.94323],[89.1829,24.94329],[89.17907,24.95184],[89.12248,24.9496],[89.12675,24.962],[89.11801,24.96467],[89.11772,24.96761],[89.10997,24.96616],[89.10871,24.96967],[89.10311,24.96991],[89.10103,24.96222],[89.08869,24.96183],[89.09557,24.94241],[89.09003,24.93927],[89.0887,24.9347],[89.0845,24.93526],[89.0836,24.92804],[89.08447,24.92391],[89.08844,24.92393],[89.0946,24.90446],[89.1004,24.90395],[89.09772,24.89188],[89.08999,24.88786],[89.08167,24.89282],[89.07551,24.88633],[89.08007,24.88418],[89.08284,24.87699],[89.08916,24.87712],[89.08922,24.87371],[89.08143,24.87352],[89.07696,24.86956],[89.06656,24.8734],[89.06451,24.86886],[89.05832,24.86744],[89.05572,24.86094],[89.051,24.86519],[89.04079,24.86446],[89.04105,24.86001],[89.0365,24.85674],[89.02166,24.85754],[89.01642,24.84998],[89.01218,24.85033],[89.01067,24.85909],[89.00013,24.85705],[88.99026,24.8599],[88.97766,24.85468],[88.97439,24.84884],[88.97954,24.83821],[88.9789,24.83108],[88.98774,24.82775],[88.98529,24.82446],[88.97992,24.82405],[88.97976,24.82744],[88.97497,24.82339],[88.97014,24.82474],[88.97394,24.80922],[88.98269,24.80569],[88.9783,24.80318],[88.97825,24.79276],[88.97181,24.79008],[88.97501,24.7852],[88.97872,24.78535],[88.97586,24.78269],[88.97565,24.77415],[88.96784,24.76546],[88.9681,24.75802],[88.96332,24.75474],[88.96831,24.74679],[88.96306,24.74819],[88.97383,24.74022],[88.97954,24.74777],[88.99218,24.7445],[88.99136,24.75714],[88.99763,24.76253],[88.99783,24.7666],[89.01419,24.76605],[89.01488,24.7717],[89.02096,24.7719],[89.02074,24.78143],[89.0247,24.78389],[89.03762,24.7832],[89.04936,24.79197],[89.05367,24.78571],[89.05926,24.7878],[89.06199,24.78294],[89.07315,24.7855],[89.07417,24.79075],[89.08234,24.78947],[89.08861,24.78357],[89.08154,24.77399],[89.08131,24.76652],[89.08872,24.76485],[89.08515,24.76241],[89.08913,24.7595],[89.08859,24.7547],[89.09674,24.75225],[89.08958,24.75143],[89.08274,24.7429],[89.09558,24.73495],[89.09083,24.7303],[89.08625,24.73116],[89.0865,24.72823],[89.08238,24.7314],[89.08175,24.72054],[89.08993,24.72152],[89.09737,24.72741],[89.10841,24.71675],[89.11229,24.71929],[89.11396,24.71593],[89.11956,24.71588],[89.11799,24.72138],[89.10928,24.72312],[89.11276,24.72537],[89.13029,24.71836],[89.12957,24.72781],[89.12652,24.72857],[89.12837,24.72471],[89.12539,24.72346],[89.12467,24.73269],[89.12173,24.73122],[89.12268,24.73363],[89.12741,24.73239],[89.12912,24.73866],[89.12529,24.73809],[89.12559,24.74017],[89.13125,24.74355],[89.13438,24.73477],[89.14944,24.7401],[89.14828,24.72651],[89.1441,24.7268],[89.14663,24.72264],[89.14279,24.71903],[89.14434,24.71696],[89.1336,24.71244],[89.13517,24.70748],[89.13001,24.70491],[89.13466,24.70317],[89.12928,24.69984],[89.13138,24.69214],[89.13624,24.69261],[89.13316,24.68572],[89.13988,24.68672],[89.14138,24.67946],[89.14782,24.6803],[89.15172,24.68745],[89.15612,24.68828],[89.16238,24.68732],[89.16542,24.678],[89.16573,24.67055],[89.16186,24.66898],[89.15472,24.66846],[89.1535,24.67315],[89.14428,24.6717],[89.14203,24.66667],[89.14501,24.66627],[89.1443,24.65941],[89.13541,24.6563],[89.13765,24.64529],[89.13521,24.64383],[89.14121,24.63126],[89.14579,24.62356],[89.15235,24.62267],[89.14912,24.6172],[89.15499,24.61604],[89.15772,24.62003],[89.17151,24.62164],[89.16994,24.62764],[89.17584,24.63123],[89.17088,24.63555],[89.17355,24.64541],[89.1793,24.64302],[89.18255,24.64814],[89.18916,24.65066],[89.19337,24.64687],[89.19099,24.64009],[89.19849,24.63942],[89.20086,24.64225],[89.20412,24.63917],[89.20315,24.63371],[89.21007,24.63365],[89.20616,24.62757],[89.20021,24.62713],[89.20043,24.61844],[89.19504,24.61417],[89.20432,24.61112],[89.20525,24.6037],[89.20717,24.61066],[89.21563,24.61265],[89.21585,24.60142],[89.21285,24.59886],[89.21651,24.59779],[89.21721,24.59088],[89.22422,24.57945],[89.23884,24.58338],[89.23594,24.58758],[89.2405,24.5917],[89.23897,24.59465],[89.24225,24.59567],[89.24383,24.6013],[89.25364,24.60488],[89.25477,24.61327],[89.24879,24.6153],[89.24961,24.61986],[89.25525,24.62039],[89.25858,24.6281],[89.26856,24.62884],[89.2716,24.62377],[89.27778,24.62799],[89.27995,24.62491],[89.29513,24.62222],[89.29474,24.61957],[89.29931,24.61777],[89.29686,24.61394],[89.30595,24.61354],[89.30682,24.59807],[89.32713,24.59852],[89.32298,24.58813],[89.32485,24.57822],[89.33064,24.57191],[89.32895,24.56997],[89.33331,24.57062],[89.33181,24.56712],[89.33489,24.56612],[89.33331,24.56126],[89.33568,24.55942],[89.34246,24.5635],[89.34676,24.56283],[89.34682,24.5585],[89.3817,24.55418],[89.38421,24.5577],[89.39384,24.55759],[89.39408,24.55263],[89.40059,24.55115],[89.41026,24.55451],[89.41068,24.56108],[89.42082,24.56132],[89.43058,24.55634],[89.4309,24.55139],[89.45651,24.54721],[89.45727,24.54245],[89.46526,24.54593],[89.47457,24.54408],[89.47349,24.55246],[89.48254,24.5563],[89.49428,24.55275],[89.50184,24.55369],[89.50442,24.55711],[89.52158,24.55183],[89.52305,24.54583],[89.51765,24.53691],[89.51933,24.53512],[89.53357,24.54753],[89.5289,24.55966],[89.53297,24.56309],[89.53891,24.55279],[89.54605,24.55203],[89.54569,24.54689],[89.55231,24.54748],[89.55295,24.55463],[89.56169,24.55448],[89.56442,24.54668],[89.57026,24.54524],[89.58806,24.55596],[89.59089,24.55329],[89.59455,24.55874],[89.60148,24.56059],[89.60524,24.56883],[89.60128,24.59444],[89.60457,24.60616],[89.59521,24.61126],[89.59047,24.60992],[89.58362,24.62083],[89.57735,24.61923],[89.57138,24.62223],[89.5573,24.61617],[89.54906,24.6179],[89.54967,24.62464],[89.5563,24.62233],[89.55985,24.62689],[89.55478,24.64113],[89.5629,24.65047],[89.5625,24.65301],[89.54596,24.65328],[89.55371,24.66763],[89.54913,24.67446],[89.55268,24.67963],[89.5588,24.67958],[89.56099,24.69166],[89.5537,24.7026],[89.55462,24.70779],[89.56316,24.71108],[89.56698,24.69565],[89.57159,24.70014],[89.59511,24.70211],[89.59732,24.69652],[89.60568,24.69386],[89.60845,24.68642],[89.61289,24.68478],[89.61194,24.68739],[89.61762,24.68823],[89.62571,24.68524],[89.63215,24.69353],[89.64279,24.70144],[89.64664,24.7012],[89.64461,24.709],[89.63773,24.71536],[89.64189,24.71516],[89.64313,24.71921],[89.66084,24.72731],[89.65608,24.74614],[89.67107,24.74809],[89.66827,24.75392],[89.6774,24.76474],[89.67692,24.7756],[89.68261,24.78202],[89.70042,24.77826],[89.72108,24.78009],[89.73261,24.79532],[89.7529,24.79854],[89.748,24.80258],[89.72661,24.80621],[89.70185,24.82187],[89.68642,24.83785],[89.68271,24.85169],[89.6725,24.86833],[89.66998,24.88358],[89.66382,24.89354],[89.67545,24.89795],[89.68032,24.90607],[89.68751,24.90707],[89.68506,24.91792],[89.67648,24.92211],[89.67453,24.93102],[89.67962,24.94572],[89.67747,24.96484],[89.67302,24.97475],[89.66126,24.98799],[89.66105,25.00739],[89.64838,25.04285],[89.64286,25.03609],[89.61267,25.04955],[89.60229,25.04956],[89.59763,25.04477],[89.59028,25.04356],[89.57668,25.04444],[89.5737,25.04233],[89.57515,25.03923],[89.56819,25.04054],[89.56676,25.03772],[89.53989,25.04296],[89.53543,25.04106],[89.5317,25.04718],[89.52442,25.04278],[89.51165,25.04403],[89.50243,25.05085],[89.49417,25.0522],[89.48938,25.06217],[89.47568,25.06164],[89.47387,25.05539],[89.46393,25.0547],[89.46683,25.06096],[89.46119,25.06065],[89.45494,25.06496],[89.45482,25.05551],[89.45149,25.06091],[89.45617,25.06917],[89.45412,25.07494],[89.44309,25.07262],[89.44256,25.06923],[89.44573,25.06915],[89.44182,25.06787],[89.43943,25.07228],[89.43171,25.07215],[89.42689,25.06511],[89.42428,25.07531],[89.41958,25.07519],[89.41352,25.08158],[89.41003,25.0764],[89.39974,25.07808],[89.40404,25.06734],[89.39181,25.06639],[89.39139,25.04917],[89.38538,25.05335],[89.38326,25.06189],[89.37233,25.06868],[89.36337,25.06806],[89.3584,25.08215],[89.36224,25.08876],[89.35574,25.0896],[89.34712,25.10119],[89.34193,25.09791],[89.33948,25.10233],[89.33344,25.10123],[89.34056,25.10478],[89.34286,25.10999],[89.33785,25.11254],[89.33522,25.12203],[89.33195,25.12251],[89.33131,25.12269]]]},"id":"BD5010"},{"type":"Feature","properties":{"code":"BD5038","name":"Joypurhat","parent_code":"BD50","division_name":"Rajshahi"},"geometry":{"type":"Polygon","coordinates":[[[89.02778,25.27684],[89.0271,25.27077],[89.02183,25.27119],[89.01844,25.26509],[89.00675,25.26857],[89.00626,25.26355],[89.00436,25.26815],[88.98728,25.27402],[88.98211,25.26445],[88.95606,25.25435],[88.94983,25.24668],[88.95357,25.24045],[88.94984,25.23608],[88.95874,25.22776],[88.96248,25.2117],[88.94592,25.20775],[88.93693,25.21322],[88.9342,25.19797],[88.93998,25.19305],[88.94746,25.19446],[88.9479,25.18769],[88.94351,25.18321],[88.94945,25.18126],[88.94847,25.17691],[88.9413,25.17358],[88.93434,25.18158],[88.92869,25.17736],[88.92401,25.1716],[88.925,25.15211],[88.92003,25.14645],[88.92895,25.1416],[88.92301,25.13207],[88.9409,25.11625],[88.94099,25.09679],[88.93086,25.07312],[88.93762,25.05827],[88.9438,25.05705],[88.9453,25.05334],[88.93953,25.03999],[88.94982,25.03894],[88.9486,25.03468],[88.9548,25.02833],[88.95686,25.03031],[88.9521,25.0397],[88.95701,25.04709],[88.95379,25.05466],[88.96302,25.05556],[88.98332,25.05434],[88.98633,25.04844],[88.99558,25.04663],[88.99721,25.04322],[89.00069,25.04916],[89.01576,25.04697],[89.00981,25.0351],[89.01911,25.02675],[89.0097,25.02097],[89.01826,25.01864],[89.01439,25.0182],[89.01446,25.00948],[89.01102,25.01195],[89.00933,25.00944],[89.01079,25.00158],[89.00748,24.99925],[89.01181,24.98433],[89.00958,24.97798],[89.00104,24.97803],[89.00518,24.95946],[88.99952,24.95506],[88.99868,24.94634],[89.00453,24.94046],[88.99865,24.91067],[89.00271,24.90208],[89.00699,24.90089],[89.00702,24.89655],[88.99955,24.88381],[88.98967,24.87909],[88.98956,24.87558],[88.99361,24.86907],[88.99066,24.85958],[89.00013,24.85705],[89.0109,24.85902],[89.01218,24.85033],[89.01514,24.84983],[89.02166,24.85754],[89.0365,24.85674],[89.04105,24.86001],[89.04079,24.86446],[89.051,24.86519],[89.05572,24.86094],[89.05832,24.86744],[89.06451,24.86886],[89.06656,24.8734],[89.07696,24.86956],[89.08143,24.87352],[89.08938,24.87385],[89.08916,24.87712],[89.08284,24.87699],[89.08007,24.88418],[89.07551,24.88633],[89.08167,24.89282],[89.08999,24.88786],[89.09772,24.89188],[89.1004,24.90395],[89.0946,24.90446],[89.08844,24.92393],[89.08447,24.92391],[89.0836,24.92804],[89.0845,24.93526],[89.0887,24.9347],[89.09003,24.93927],[89.09557,24.94241],[89.08869,24.96183],[89.10103,24.96222],[89.10311,24.96991],[89.10871,24.96967],[89.10997,24.96616],[89.11772,24.96761],[89.11801,24.96467],[89.12675,24.962],[89.12248,24.9496],[89.17907,24.95184],[89.1829,24.94329],[89.19034,24.94323],[89.18727,24.94439],[89.18948,24.94779],[89.18448,24.95647],[89.18628,24.96207],[89.17959,24.96492],[89.18156,24.96866],[89.17693,24.9711],[89.18085,24.97147],[89.18468,24.98097],[89.1961,24.98231],[89.18984,24.98707],[89.18899,24.99373],[89.20366,24.99484],[89.2038,24.9982],[89.19667,24.99971],[89.21939,25.02195],[89.21309,25.02394],[89.21496,25.02904],[89.2284,25.01909],[89.23728,25.01977],[89.24357,25.02894],[89.24456,25.04833],[89.25158,25.05127],[89.2464,25.06571],[89.25523,25.06805],[89.26093,25.07543],[89.2798,25.08613],[89.28298,25.09204],[89.26433,25.09789],[89.26416,25.10178],[89.25123,25.10159],[89.24712,25.12047],[89.23676,25.13014],[89.22997,25.14634],[89.21569,25.14764],[89.22034,25.15774],[89.21498,25.16757],[89.21073,25.16592],[89.20877,25.16975],[89.20318,25.16883],[89.20261,25.1719],[89.19726,25.17228],[89.1958,25.18353],[89.18454,25.18429],[89.19335,25.19536],[89.19294,25.21466],[89.20232,25.22284],[89.20234,25.22659],[89.20789,25.22824],[89.2079,25.23486],[89.19795,25.23545],[89.19742,25.24387],[89.19319,25.24541],[89.19088,25.23875],[89.18346,25.23636],[89.17994,25.23854],[89.17784,25.23605],[89.17634,25.24123],[89.1715,25.24116],[89.16819,25.24673],[89.16082,25.24819],[89.1649,25.25235],[89.15781,25.25435],[89.15616,25.25861],[89.14185,25.25869],[89.14447,25.24829],[89.13343,25.24652],[89.1262,25.25526],[89.12122,25.24409],[89.11309,25.24502],[89.10882,25.24085],[89.10268,25.24277],[89.1042,25.24115],[89.10124,25.24063],[89.10101,25.2431],[89.09597,25.24271],[89.09696,25.24896],[89.0868,25.25157],[89.08738,25.25447],[89.08319,25.25557],[89.08335,25.25908],[89.07161,25.26957],[89.066,25.26787],[89.06605,25.26172],[89.05999,25.25955],[89.05767,25.26455],[89.05177,25.2644],[89.04483,25.26942],[89.0484,25.26582],[89.04622,25.26539],[89.03944,25.27228],[89.03609,25.27119],[89.03579,25.27458],[89.02787,25.27668],[89.02778,25.27684]]]},"id":"BD5038"},{"type":"Feature","properties":{"code":"BD5064","name":"Naogaon","parent_code":"BD50","division_name":"Rajshahi"},"geometry":{"type":"Polygon","coordinates":[[[88.84579,25.21122],[88.84148,25.21398],[88.84243,25.21145],[88.83802,25.21107],[88.83702,25.20702],[88.831,25.20686],[88.82721,25.19228],[88.81761,25.18911],[88.81385,25.17513],[88.80657,25.17389],[88.80617,25.17119],[88.77428,25.17999],[88.7728,25.19039],[88.76974,25.19068],[88.76674,25.18399],[88.75934,25.18694],[88.75355,25.17782],[88.74939,25.17755],[88.75103,25.1834],[88.7454,25.1834],[88.74262,25.18725],[88.73456,25.18494],[88.73318,25.19925],[88.71777,25.20218],[88.71127,25.20792],[88.68015,25.20927],[88.67793,25.20327],[88.66906,25.19841],[88.66471,25.20294],[88.64294,25.2065],[88.63101,25.20221],[88.61325,25.20434],[88.60771,25.19621],[88.59758,25.19167],[88.59091,25.19307],[88.59109,25.18589],[88.58156,25.18203],[88.57964,25.17711],[88.56389,25.17544],[88.55596,25.1796],[88.55939,25.18524],[88.55741,25.19304],[88.54234,25.19422],[88.53787,25.18705],[88.53421,25.18793],[88.5323,25.19428],[88.53755,25.19816],[88.50022,25.20361],[88.49902,25.21048],[88.47565,25.21394],[88.46953,25.20078],[88.47218,25.19825],[88.46327,25.19531],[88.44395,25.19767],[88.44035,25.20113],[88.43733,25.1988],[88.44199,25.21041],[88.43905,25.20924],[88.43616,25.19908],[88.4401,25.20013],[88.44291,25.19692],[88.44287,25.18466],[88.44573,25.17992],[88.4421,25.17474],[88.44913,25.17178],[88.45318,25.16484],[88.45713,25.16527],[88.45628,25.16206],[88.45939,25.16091],[88.45672,25.15383],[88.46114,25.15069],[88.45789,25.14808],[88.46005,25.13998],[88.45713,25.14002],[88.45747,25.13526],[88.44125,25.12747],[88.4421,25.11515],[88.44733,25.10912],[88.44414,25.10065],[88.44632,25.08213],[88.45308,25.07926],[88.43505,25.05606],[88.43763,25.04306],[88.45196,25.03988],[88.45249,25.03666],[88.44572,25.03396],[88.44414,25.02643],[88.43835,25.02334],[88.44125,25.02032],[88.43798,25.02033],[88.44063,25.01799],[88.43774,25.01573],[88.4417,25.0134],[88.43521,25.01395],[88.43623,25.00659],[88.42705,25.00799],[88.42532,25.01663],[88.42456,25.00703],[88.42173,25.00669],[88.41978,24.99945],[88.41214,24.99865],[88.41447,24.9952],[88.41178,24.98595],[88.41865,24.98303],[88.41213,24.98225],[88.41611,24.98047],[88.41717,24.97432],[88.41123,24.97331],[88.4053,24.97956],[88.40354,24.97387],[88.39484,24.96695],[88.40033,24.96369],[88.4199,24.96993],[88.43439,24.96405],[88.43706,24.95732],[88.43247,24.94871],[88.43234,24.93321],[88.44124,24.92444],[88.45141,24.92092],[88.45714,24.92249],[88.45912,24.92764],[88.45276,24.92926],[88.45393,24.93585],[88.46101,24.93568],[88.47238,24.94188],[88.49123,24.93104],[88.49439,24.91106],[88.48477,24.90864],[88.48225,24.90276],[88.49153,24.88479],[88.48623,24.88315],[88.47842,24.86714],[88.47106,24.86398],[88.47333,24.85012],[88.46899,24.84375],[88.45657,24.85892],[88.44472,24.86299],[88.44081,24.85652],[88.45456,24.84908],[88.45198,24.84532],[88.4369,24.84686],[88.43093,24.83917],[88.42281,24.84193],[88.42081,24.84903],[88.41218,24.84445],[88.41071,24.84842],[88.40395,24.84735],[88.40313,24.83888],[88.39517,24.83854],[88.39996,24.83077],[88.38551,24.82932],[88.38458,24.83359],[88.38239,24.82161],[88.39257,24.81928],[88.40107,24.82525],[88.40453,24.83236],[88.41082,24.83143],[88.4138,24.83734],[88.4081,24.83923],[88.41033,24.8399],[88.41635,24.83892],[88.41754,24.8314],[88.41215,24.83005],[88.40955,24.8237],[88.41832,24.8214],[88.4231,24.82364],[88.42534,24.81863],[88.43181,24.81631],[88.43893,24.82356],[88.44379,24.82316],[88.44091,24.80534],[88.43369,24.80641],[88.43055,24.79621],[88.43223,24.78786],[88.42137,24.78779],[88.41813,24.78472],[88.41863,24.77929],[88.4132,24.77724],[88.41326,24.77256],[88.42951,24.77393],[88.43536,24.78146],[88.45663,24.77919],[88.45592,24.77445],[88.46711,24.77023],[88.47143,24.76489],[88.47836,24.77418],[88.48664,24.77038],[88.49148,24.77177],[88.49126,24.7629],[88.48736,24.75613],[88.49152,24.74631],[88.4856,24.74809],[88.48357,24.74463],[88.47375,24.74892],[88.47312,24.76072],[88.46452,24.76302],[88.4581,24.76112],[88.45487,24.75366],[88.4644,24.75042],[88.4611,24.73503],[88.46413,24.73292],[88.46953,24.73273],[88.47314,24.73685],[88.48736,24.73401],[88.4916,24.73918],[88.50875,24.73347],[88.50338,24.7196],[88.50584,24.71645],[88.51591,24.71371],[88.5181,24.70855],[88.53891,24.70641],[88.54282,24.70276],[88.55091,24.70658],[88.56704,24.70319],[88.57152,24.6978],[88.57732,24.69646],[88.57047,24.68489],[88.57646,24.68071],[88.58901,24.6897],[88.59198,24.70004],[88.59987,24.69957],[88.6069,24.70339],[88.61806,24.70183],[88.62301,24.69368],[88.62419,24.67553],[88.62819,24.67237],[88.62568,24.66395],[88.62757,24.65495],[88.62254,24.64758],[88.62711,24.63609],[88.6344,24.63652],[88.62929,24.63116],[88.63509,24.62154],[88.64394,24.62464],[88.64806,24.63544],[88.65098,24.6351],[88.65252,24.6281],[88.66913,24.63644],[88.67836,24.63549],[88.68289,24.64037],[88.69067,24.63649],[88.69238,24.63878],[88.69053,24.63209],[88.69301,24.62952],[88.69769,24.63421],[88.70514,24.63212],[88.70115,24.64228],[88.69441,24.64351],[88.70278,24.65083],[88.70367,24.65883],[88.69895,24.66082],[88.70145,24.667],[88.71758,24.67217],[88.71934,24.66461],[88.72388,24.66449],[88.72705,24.66959],[88.7342,24.66709],[88.74161,24.68804],[88.74968,24.68465],[88.74778,24.68192],[88.75257,24.6768],[88.76735,24.6707],[88.7879,24.68237],[88.79352,24.68923],[88.7974,24.68922],[88.80408,24.68515],[88.80475,24.67542],[88.81395,24.67168],[88.81122,24.65632],[88.82713,24.65121],[88.83125,24.65243],[88.83272,24.65738],[88.8617,24.65597],[88.86542,24.64885],[88.86318,24.64733],[88.87327,24.64522],[88.87403,24.63737],[88.87929,24.63488],[88.8813,24.63705],[88.87909,24.64164],[88.88303,24.64338],[88.89033,24.63721],[88.89801,24.64365],[88.90991,24.64316],[88.91148,24.63103],[88.9246,24.61807],[88.92679,24.59773],[88.93333,24.5957],[88.93488,24.58759],[88.93755,24.5867],[88.94176,24.59143],[88.94089,24.58871],[88.95415,24.57861],[88.95949,24.58496],[88.97282,24.58532],[88.99253,24.57214],[89.01109,24.56553],[89.01207,24.56084],[89.00583,24.55759],[89.01121,24.55168],[89.01801,24.55016],[89.02319,24.55773],[89.02955,24.55795],[89.03626,24.54675],[89.04359,24.5451],[89.05505,24.53504],[89.06267,24.53947],[89.06789,24.5344],[89.08181,24.53435],[89.08633,24.54581],[89.09103,24.54499],[89.09432,24.53876],[89.09977,24.54304],[89.09866,24.55394],[89.10209,24.55654],[89.09965,24.55973],[89.106,24.56347],[89.10666,24.5714],[89.10473,24.58593],[89.1069,24.58766],[89.10364,24.58692],[89.10387,24.58976],[89.09643,24.59419],[89.10145,24.6033],[89.09834,24.60377],[89.10024,24.62054],[89.10394,24.62182],[89.0992,24.63685],[89.10966,24.64476],[89.11375,24.64348],[89.1184,24.64707],[89.12101,24.65895],[89.12394,24.65516],[89.1245,24.65983],[89.12879,24.65635],[89.13708,24.66095],[89.131,24.66465],[89.13461,24.66519],[89.1331,24.67411],[89.13629,24.68467],[89.13313,24.68592],[89.13624,24.69261],[89.13138,24.69214],[89.12931,24.70039],[89.13466,24.70317],[89.13001,24.70491],[89.13517,24.70748],[89.1336,24.71244],[89.14434,24.71696],[89.14279,24.71903],[89.14663,24.72264],[89.1441,24.7268],[89.14828,24.72651],[89.14944,24.7401],[89.13438,24.73477],[89.13125,24.74355],[89.12559,24.74017],[89.12529,24.73809],[89.12912,24.73866],[89.12741,24.73239],[89.12268,24.73363],[89.12173,24.73122],[89.12467,24.73269],[89.12539,24.72346],[89.12837,24.72471],[89.12652,24.72857],[89.12957,24.72781],[89.13029,24.71836],[89.11276,24.72537],[89.10928,24.72312],[89.11799,24.72138],[89.11956,24.71588],[89.11396,24.71593],[89.11229,24.71929],[89.10841,24.71675],[89.09737,24.72741],[89.08993,24.72152],[89.08175,24.72054],[89.08238,24.7314],[89.0865,24.72823],[89.08625,24.73116],[89.09083,24.7303],[89.09558,24.73495],[89.08274,24.7429],[89.08958,24.75143],[89.09674,24.75225],[89.08859,24.7547],[89.08913,24.7595],[89.08515,24.76241],[89.08872,24.76485],[89.08131,24.76652],[89.08154,24.77399],[89.08848,24.78502],[89.07573,24.79104],[89.07171,24.7885],[89.07315,24.7855],[89.06786,24.78611],[89.06663,24.78317],[89.06199,24.78294],[89.05926,24.7878],[89.05367,24.78571],[89.04936,24.79197],[89.03762,24.7832],[89.02094,24.78184],[89.02096,24.7719],[89.01488,24.7717],[89.01419,24.76605],[88.99783,24.7666],[88.99763,24.76253],[88.99136,24.75714],[88.99218,24.7445],[88.97954,24.74777],[88.97383,24.74022],[88.96375,24.74694],[88.96831,24.74679],[88.96332,24.75474],[88.9681,24.75802],[88.96784,24.76546],[88.97565,24.77415],[88.97586,24.78269],[88.97872,24.78535],[88.97501,24.7852],[88.97181,24.79008],[88.97825,24.79276],[88.9783,24.80318],[88.98269,24.80569],[88.97394,24.80922],[88.97014,24.82474],[88.97497,24.82339],[88.97976,24.82744],[88.97992,24.82405],[88.98529,24.82446],[88.98774,24.82775],[88.97918,24.83045],[88.97954,24.83821],[88.97439,24.84884],[88.97766,24.85468],[88.99066,24.85958],[88.99361,24.86907],[88.98958,24.87343],[88.98967,24.87909],[88.99955,24.88381],[89.00702,24.89655],[89.00699,24.90089],[89.00271,24.90208],[88.99865,24.91067],[89.00453,24.94046],[88.99868,24.94634],[88.99952,24.95506],[89.00518,24.95946],[89.00104,24.97803],[89.00958,24.97798],[89.01181,24.98433],[89.00748,24.99925],[89.01079,25.00158],[89.00933,25.00944],[89.01102,25.01195],[89.01446,25.00948],[89.01439,25.0182],[89.01826,25.01864],[89.0097,25.02097],[89.01911,25.02675],[89.00981,25.0351],[89.01576,25.04697],[89.00069,25.04916],[88.99721,25.04322],[88.99558,25.04663],[88.98633,25.04844],[88.98332,25.05434],[88.96302,25.05556],[88.95379,25.05466],[88.95701,25.04709],[88.9521,25.0397],[88.95686,25.03031],[88.9548,25.02833],[88.9486,25.03468],[88.94982,25.03894],[88.93953,25.03999],[88.9453,25.05334],[88.9438,25.05705],[88.93762,25.05827],[88.93086,25.07312],[88.94099,25.09679],[88.9409,25.11625],[88.92301,25.13207],[88.92903,25.14118],[88.92011,25.14589],[88.92552,25.15429],[88.92443,25.16426],[88.91192,25.16899],[88.91071,25.18052],[88.90378,25.17913],[88.89021,25.18506],[88.88953,25.17852],[88.87525,25.1795],[88.87279,25.1896],[88.87463,25.19636],[88.8714,25.19172],[88.86432,25.19049],[88.8647,25.20046],[88.85161,25.20068],[88.84977,25.21023],[88.84609,25.21112],[88.84579,25.21122]]]},"id":"BD5064"},{"type":"Feature","properties":{"code":"BD5069","name":"Natore","parent_code":"BD50","division_name":"Rajshahi"},"geometry":{"type":"Polygon","coordinates":[[[89.15662,24.68744],[89.15172,24.68745],[89.15041,24.68205],[89.14138,24.67946],[89.13988,24.68672],[89.13621,24.68497],[89.1331,24.67411],[89.13461,24.66519],[89.131,24.66465],[89.13708,24.66095],[89.12879,24.65635],[89.1245,24.65983],[89.12394,24.65516],[89.12101,24.65895],[89.1184,24.64707],[89.11375,24.64348],[89.10966,24.64476],[89.0992,24.63685],[89.10394,24.62182],[89.10024,24.62054],[89.09834,24.60377],[89.10145,24.6033],[89.09643,24.59419],[89.10387,24.58976],[89.10364,24.58692],[89.1069,24.58766],[89.10473,24.58593],[89.10666,24.5714],[89.106,24.56347],[89.09965,24.55973],[89.10209,24.55654],[89.09866,24.55394],[89.09977,24.54304],[89.09432,24.53876],[89.09103,24.54499],[89.08633,24.54581],[89.08181,24.53435],[89.06789,24.5344],[89.06267,24.53947],[89.05505,24.53504],[89.04359,24.5451],[89.03626,24.54675],[89.02955,24.55795],[89.02319,24.55773],[89.01801,24.55016],[89.01165,24.55145],[89.00583,24.55759],[89.01207,24.56084],[89.01109,24.56553],[88.99253,24.57214],[88.97212,24.58559],[88.9631,24.58354],[88.96321,24.55195],[88.94918,24.54947],[88.94466,24.54064],[88.94007,24.53973],[88.92199,24.54821],[88.9081,24.54038],[88.89727,24.53842],[88.89935,24.52868],[88.88924,24.53072],[88.88894,24.53437],[88.88486,24.52969],[88.88637,24.52494],[88.88138,24.52117],[88.88642,24.51798],[88.89034,24.52139],[88.89796,24.52173],[88.89828,24.51203],[88.91822,24.51492],[88.92467,24.52048],[88.92845,24.5154],[88.92325,24.50525],[88.92615,24.50333],[88.91787,24.50629],[88.91315,24.50373],[88.91069,24.49634],[88.90618,24.4979],[88.90429,24.48799],[88.89539,24.48568],[88.89272,24.47504],[88.89609,24.47378],[88.89949,24.46532],[88.89202,24.45618],[88.90125,24.44773],[88.89618,24.43974],[88.90139,24.42208],[88.89762,24.41122],[88.90139,24.40904],[88.89004,24.38392],[88.89623,24.38034],[88.89337,24.36414],[88.89093,24.36412],[88.89193,24.3663],[88.88526,24.36271],[88.88026,24.36585],[88.87378,24.35923],[88.86175,24.36414],[88.854,24.34847],[88.84484,24.34134],[88.85057,24.32663],[88.84588,24.31937],[88.85369,24.31058],[88.85351,24.30345],[88.86018,24.30333],[88.8577,24.30985],[88.8627,24.31451],[88.86845,24.3148],[88.87545,24.3075],[88.87875,24.2929],[88.88695,24.29517],[88.90418,24.29214],[88.90171,24.27278],[88.90495,24.27183],[88.90913,24.26089],[88.91687,24.25936],[88.91912,24.25549],[88.91724,24.24491],[88.90783,24.24033],[88.9013,24.24308],[88.9001,24.234],[88.88099,24.22867],[88.87807,24.23032],[88.87873,24.23845],[88.87471,24.23734],[88.87197,24.22991],[88.87151,24.22106],[88.87454,24.21729],[88.87344,24.2134],[88.86859,24.21173],[88.8715,24.21008],[88.87061,24.20556],[88.87624,24.20366],[88.87632,24.19946],[88.87496,24.19227],[88.86862,24.19051],[88.86748,24.18675],[88.87362,24.1826],[88.87013,24.1758],[88.86448,24.17445],[88.86174,24.1673],[88.86719,24.16459],[88.86834,24.16716],[88.8775,24.16669],[88.88254,24.16307],[88.89509,24.16438],[88.89709,24.16069],[88.89337,24.15791],[88.89404,24.15448],[88.90279,24.1559],[88.89234,24.15217],[88.88365,24.13305],[88.87316,24.13378],[88.86167,24.11704],[88.8809,24.12093],[88.88048,24.10627],[88.90961,24.11688],[88.9089,24.12619],[88.90639,24.12709],[88.91876,24.13293],[88.92135,24.13072],[88.91671,24.12284],[88.92067,24.12092],[88.9367,24.13123],[88.95198,24.12361],[88.98815,24.1213],[89.00501,24.11654],[89.01009,24.12799],[89.00438,24.14002],[89.0129,24.13668],[89.01744,24.1413],[88.99902,24.14208],[89.01591,24.14521],[89.00926,24.14573],[88.99535,24.15583],[89.01393,24.16069],[89.02553,24.16961],[89.02942,24.16857],[89.03735,24.15711],[89.04442,24.16813],[89.06422,24.14786],[89.08183,24.15349],[89.08203,24.16339],[89.099,24.15782],[89.11002,24.16076],[89.11201,24.16596],[89.12922,24.16679],[89.12764,24.17145],[89.14026,24.16994],[89.14588,24.16431],[89.15833,24.1687],[89.17934,24.19708],[89.19096,24.19692],[89.2036,24.20626],[89.21065,24.20503],[89.21814,24.21119],[89.22506,24.22356],[89.22158,24.23328],[89.22937,24.23351],[89.23337,24.24239],[89.23887,24.24067],[89.24083,24.24502],[89.24124,24.25692],[89.23451,24.25728],[89.23419,24.26599],[89.23931,24.26709],[89.24284,24.27553],[89.25599,24.27344],[89.2659,24.28587],[89.26963,24.29651],[89.27729,24.29443],[89.27944,24.3044],[89.28956,24.30331],[89.29063,24.3287],[89.30071,24.32754],[89.30285,24.33431],[89.31199,24.33636],[89.31858,24.3436],[89.31936,24.35788],[89.31442,24.35535],[89.31274,24.36139],[89.30048,24.37214],[89.29342,24.36986],[89.29012,24.37934],[89.28399,24.3839],[89.28742,24.38996],[89.28797,24.40455],[89.28423,24.40695],[89.28494,24.42513],[89.27838,24.42568],[89.2712,24.43182],[89.25638,24.42812],[89.24802,24.43275],[89.25086,24.44069],[89.25405,24.43872],[89.27488,24.45346],[89.27535,24.45912],[89.27977,24.46108],[89.28312,24.46892],[89.27787,24.47156],[89.28327,24.47096],[89.27934,24.474],[89.28427,24.47626],[89.2799,24.48074],[89.28394,24.48402],[89.28235,24.48803],[89.28579,24.48669],[89.29875,24.50152],[89.30492,24.50216],[89.30461,24.51041],[89.31075,24.51135],[89.30988,24.51552],[89.31431,24.51475],[89.31555,24.52276],[89.31868,24.52347],[89.31659,24.5261],[89.32839,24.53676],[89.33098,24.54605],[89.3366,24.54652],[89.33356,24.54914],[89.33783,24.55997],[89.33331,24.56126],[89.33331,24.57062],[89.32874,24.57023],[89.33064,24.57191],[89.32558,24.57601],[89.32386,24.58286],[89.32713,24.59852],[89.30682,24.59807],[89.30605,24.61345],[89.29686,24.61394],[89.29931,24.61777],[89.29474,24.61957],[89.29513,24.62222],[89.27995,24.62491],[89.27959,24.62782],[89.2716,24.62377],[89.26856,24.62884],[89.25858,24.6281],[89.25525,24.62039],[89.24961,24.61986],[89.24879,24.6153],[89.25477,24.61327],[89.25364,24.60488],[89.24383,24.6013],[89.24225,24.59567],[89.23897,24.59465],[89.2405,24.5917],[89.23594,24.58758],[89.23884,24.58338],[89.22422,24.57945],[89.21721,24.59088],[89.21651,24.59779],[89.21285,24.59886],[89.21585,24.60142],[89.21563,24.61265],[89.20717,24.61066],[89.20525,24.6037],[89.20432,24.61112],[89.19504,24.61417],[89.20043,24.61844],[89.20021,24.62713],[89.20616,24.62757],[89.21007,24.63365],[89.20315,24.63371],[89.20412,24.63917],[89.20086,24.64225],[89.19849,24.63942],[89.19099,24.64009],[89.19337,24.64687],[89.18916,24.65066],[89.18255,24.64814],[89.1793,24.64302],[89.17355,24.64541],[89.17088,24.63555],[89.17584,24.63123],[89.16994,24.62764],[89.17151,24.62164],[89.14988,24.61641],[89.15235,24.62267],[89.14579,24.62356],[89.14121,24.63126],[89.13521,24.64383],[89.13765,24.64529],[89.13541,24.6563],[89.1443,24.65941],[89.14501,24.66627],[89.14203,24.66667],[89.14428,24.6717],[89.1535,24.67315],[89.15472,24.66846],[89.16573,24.67055],[89.16238,24.68732],[89.1568,24.68743],[89.15662,24.68744]]]},"id":"BD5069"},{"type":"Feature","properties":{"code":"BD5070","name":"Chapainababganj","parent_code":"BD50","division_name":"Rajshahi"},"geometry":{"type":"Polygon","coordinates":[[[88.43066,24.96618],[88.4199,24.96993],[88.40997,24.96524],[88.40729,24.96774],[88.40033,24.96369],[88.39309,24.96492],[88.3938,24.95947],[88.39872,24.95944],[88.40127,24.94935],[88.39546,24.9418],[88.38786,24.94336],[88.38597,24.93894],[88.36602,24.94535],[88.36716,24.94853],[88.36367,24.94874],[88.36526,24.95328],[88.35844,24.9523],[88.36014,24.94905],[88.35501,24.94284],[88.34922,24.94449],[88.33977,24.94062],[88.34127,24.93555],[88.33605,24.93035],[88.33794,24.92628],[88.33445,24.92638],[88.33645,24.91861],[88.33029,24.92025],[88.32983,24.9175],[88.32434,24.91676],[88.32809,24.90457],[88.33427,24.90394],[88.33272,24.89716],[88.34376,24.89976],[88.34666,24.89314],[88.33875,24.87818],[88.33405,24.87721],[88.33258,24.87085],[88.32575,24.87142],[88.32119,24.87647],[88.32006,24.88365],[88.31219,24.88128],[88.3022,24.87173],[88.298,24.88112],[88.30178,24.88557],[88.2979,24.88496],[88.29277,24.88928],[88.28529,24.88632],[88.28568,24.88906],[88.28164,24.89064],[88.27791,24.88764],[88.2765,24.89734],[88.26851,24.89118],[88.26708,24.87794],[88.25746,24.87741],[88.26415,24.89401],[88.26196,24.9165],[88.22546,24.9607],[88.20608,24.95982],[88.18907,24.95209],[88.18404,24.95414],[88.17537,24.94645],[88.17019,24.95054],[88.16486,24.94623],[88.16433,24.94127],[88.15806,24.94175],[88.15981,24.93822],[88.15742,24.9337],[88.13803,24.93625],[88.14021,24.91411],[88.14895,24.91163],[88.15438,24.89994],[88.16201,24.89804],[88.162,24.8936],[88.16883,24.89364],[88.16681,24.88821],[88.15764,24.89267],[88.15248,24.88463],[88.16405,24.8781],[88.159,24.8726],[88.16674,24.86331],[88.17542,24.86059],[88.16252,24.85782],[88.16395,24.85054],[88.16086,24.84887],[88.1511,24.84964],[88.14987,24.85341],[88.15019,24.8503],[88.14501,24.85143],[88.1468,24.84417],[88.14134,24.84196],[88.14107,24.83457],[88.13178,24.83622],[88.13623,24.80537],[88.13031,24.80579],[88.1233,24.82304],[88.11203,24.81368],[88.10498,24.80022],[88.10607,24.78078],[88.0888,24.78296],[88.0781,24.76967],[88.07232,24.77324],[88.0686,24.76985],[88.07085,24.76763],[88.06863,24.76395],[88.07455,24.76068],[88.06647,24.75127],[88.07191,24.74337],[88.06274,24.72188],[88.05343,24.71103],[88.0416,24.7049],[88.00817,24.6678],[88.0272,24.64972],[88.04022,24.64342],[88.06933,24.60232],[88.09314,24.56104],[88.14059,24.51114],[88.14879,24.50409],[88.17192,24.49421],[88.19816,24.4622],[88.26389,24.44583],[88.27572,24.43816],[88.29178,24.41613],[88.33247,24.44697],[88.31877,24.46022],[88.3062,24.48516],[88.30572,24.49541],[88.31287,24.52083],[88.31043,24.5377],[88.30077,24.56411],[88.30702,24.56317],[88.30677,24.57006],[88.31663,24.56779],[88.32278,24.57178],[88.33378,24.58837],[88.34507,24.58581],[88.35935,24.60227],[88.36829,24.59359],[88.37072,24.60225],[88.39062,24.59876],[88.39872,24.60305],[88.39831,24.60603],[88.42351,24.6161],[88.4193,24.62405],[88.41949,24.63437],[88.42951,24.6349],[88.43134,24.64313],[88.42145,24.65056],[88.43474,24.65104],[88.43696,24.66783],[88.4494,24.66611],[88.4593,24.65779],[88.46622,24.65838],[88.46824,24.66153],[88.4912,24.65766],[88.4917,24.6628],[88.48825,24.66396],[88.49405,24.66978],[88.50224,24.66815],[88.50241,24.6754],[88.51148,24.67343],[88.51099,24.68335],[88.49105,24.6803],[88.48922,24.6768],[88.48057,24.67991],[88.47583,24.66926],[88.45644,24.67767],[88.46003,24.68506],[88.47207,24.68593],[88.48285,24.68193],[88.48446,24.68856],[88.48979,24.69147],[88.48926,24.70989],[88.49805,24.71089],[88.49964,24.71889],[88.50394,24.72017],[88.50892,24.73258],[88.4916,24.73918],[88.48736,24.73401],[88.47423,24.73686],[88.46904,24.73252],[88.4611,24.73503],[88.46457,24.75002],[88.45498,24.75326],[88.4581,24.76112],[88.46452,24.76302],[88.47312,24.76072],[88.47375,24.74892],[88.48357,24.74463],[88.4856,24.74809],[88.49152,24.74631],[88.48736,24.75613],[88.49126,24.7629],[88.49148,24.77177],[88.48664,24.77038],[88.47836,24.77418],[88.47143,24.76489],[88.46711,24.77023],[88.45592,24.77445],[88.45663,24.77919],[88.43536,24.78146],[88.42951,24.77393],[88.41326,24.77256],[88.4132,24.77724],[88.41863,24.77929],[88.41813,24.78472],[88.42137,24.78779],[88.43223,24.78786],[88.43055,24.79621],[88.43369,24.80641],[88.44091,24.80534],[88.44379,24.82316],[88.43893,24.82356],[88.43181,24.81631],[88.42534,24.81863],[88.4231,24.82364],[88.41832,24.8214],[88.40955,24.8237],[88.41215,24.83005],[88.41754,24.8314],[88.41635,24.83892],[88.41033,24.8399],[88.4081,24.83923],[88.4138,24.83734],[88.41082,24.83143],[88.40453,24.83236],[88.40107,24.82525],[88.39257,24.81928],[88.38239,24.82161],[88.38458,24.83359],[88.38551,24.82932],[88.39996,24.83077],[88.39517,24.83854],[88.40313,24.83888],[88.40395,24.84735],[88.41071,24.84842],[88.41218,24.84445],[88.42081,24.84903],[88.42281,24.84193],[88.43093,24.83917],[88.4369,24.84686],[88.45198,24.84532],[88.45456,24.84908],[88.44081,24.85652],[88.44472,24.86299],[88.45657,24.85892],[88.46899,24.84375],[88.47333,24.85012],[88.47106,24.86398],[88.47842,24.86714],[88.48623,24.88315],[88.49148,24.88454],[88.48225,24.90276],[88.48477,24.90864],[88.49439,24.91106],[88.49123,24.93104],[88.47238,24.94188],[88.46101,24.93568],[88.45393,24.93585],[88.45276,24.92926],[88.45912,24.92764],[88.45714,24.92249],[88.45141,24.92092],[88.44124,24.92444],[88.43234,24.93321],[88.43247,24.94871],[88.43706,24.95732],[88.43213,24.96541],[88.43066,24.96618]]]},"id":"BD5070"},{"type":"Feature","properties":{"code":"BD5076","name":"Pabna","parent_code":"BD50","division_name":"Rajshahi"},"geometry":{"type":"Polygon","coordinates":[[[89.36678,24.35388],[89.35398,24.3484],[89.34021,24.35201],[89.3338,24.34855],[89.31949,24.35072],[89.31472,24.33817],[89.30315,24.33454],[89.30071,24.32754],[89.29063,24.3287],[89.28956,24.30331],[89.27944,24.3044],[89.27729,24.29443],[89.26963,24.29651],[89.2659,24.28587],[89.25599,24.27344],[89.24284,24.27553],[89.23931,24.26709],[89.23419,24.26599],[89.23451,24.25728],[89.24124,24.25692],[89.24083,24.24502],[89.23887,24.24067],[89.23337,24.24239],[89.22937,24.23351],[89.22158,24.23328],[89.22506,24.22356],[89.21814,24.21119],[89.21065,24.20503],[89.2036,24.20626],[89.19096,24.19692],[89.17934,24.19708],[89.15833,24.1687],[89.14588,24.16431],[89.14026,24.16994],[89.12764,24.17145],[89.12922,24.16679],[89.11201,24.16596],[89.11002,24.16076],[89.099,24.15782],[89.08203,24.16339],[89.08183,24.15349],[89.06899,24.14815],[89.05932,24.15053],[89.0439,24.16827],[89.03864,24.15727],[89.02553,24.16961],[89.01393,24.16069],[88.99535,24.15583],[89.00926,24.14573],[89.01573,24.14569],[88.99902,24.14208],[89.01744,24.1413],[89.0129,24.13668],[89.00438,24.14002],[89.01009,24.12799],[89.00504,24.11656],[89.0226,24.09502],[89.02684,24.07403],[89.04211,24.03128],[89.06319,23.98671],[89.07478,23.97722],[89.09455,23.97303],[89.09435,23.96395],[89.14512,23.96408],[89.14884,23.9601],[89.14937,23.9532],[89.15801,23.95265],[89.16568,23.9539],[89.17511,23.96423],[89.17295,23.96932],[89.17572,23.98716],[89.21326,23.98962],[89.21336,23.97215],[89.2251,23.97734],[89.23341,23.97383],[89.23219,23.94548],[89.24317,23.93803],[89.24457,23.92677],[89.25068,23.91936],[89.2533,23.90537],[89.26217,23.89894],[89.27996,23.89909],[89.30255,23.89041],[89.30911,23.87898],[89.33245,23.88457],[89.34574,23.89349],[89.34999,23.89096],[89.35014,23.88612],[89.35848,23.88673],[89.36048,23.89064],[89.36661,23.88967],[89.36743,23.90888],[89.39044,23.90521],[89.40921,23.88346],[89.43567,23.86868],[89.46555,23.84509],[89.52729,23.81544],[89.54999,23.81321],[89.55109,23.81602],[89.56466,23.8118],[89.56509,23.80851],[89.57719,23.80627],[89.58676,23.8137],[89.6376,23.80941],[89.64917,23.81692],[89.65935,23.81387],[89.6581,23.81149],[89.67017,23.8094],[89.70416,23.81402],[89.73014,23.82733],[89.73579,23.83128],[89.73414,23.83951],[89.71523,23.85703],[89.70646,23.87683],[89.70234,23.87512],[89.69875,23.86693],[89.69763,23.87349],[89.70333,23.8809],[89.70119,23.88842],[89.70623,23.89245],[89.70091,23.89774],[89.70304,23.90172],[89.69863,23.9256],[89.6885,23.92701],[89.69033,23.93273],[89.6871,23.94],[89.69296,23.94405],[89.69741,23.9433],[89.69814,23.98767],[89.70727,23.99983],[89.72203,24.01158],[89.70341,24.01984],[89.69707,24.03325],[89.70083,24.03299],[89.69378,24.03952],[89.67983,24.03644],[89.67824,24.05286],[89.68277,24.05578],[89.65683,24.07576],[89.63898,24.08494],[89.63276,24.08151],[89.61559,24.09688],[89.613,24.09626],[89.61359,24.09861],[89.60555,24.098],[89.58865,24.10751],[89.58352,24.10749],[89.57981,24.11277],[89.56785,24.11404],[89.56563,24.11046],[89.55906,24.11305],[89.55562,24.12005],[89.56254,24.11987],[89.56084,24.12728],[89.55078,24.13139],[89.54855,24.12537],[89.54759,24.12755],[89.54335,24.12612],[89.52938,24.13779],[89.52795,24.14704],[89.52284,24.14896],[89.5256,24.1543],[89.53183,24.15448],[89.52738,24.16591],[89.53696,24.16367],[89.53882,24.16728],[89.53481,24.17278],[89.52688,24.1727],[89.5202,24.17758],[89.51912,24.18375],[89.52831,24.1889],[89.5277,24.19306],[89.51211,24.19892],[89.50448,24.21567],[89.50154,24.21296],[89.50346,24.21128],[89.49555,24.21492],[89.49044,24.21323],[89.48991,24.20173],[89.46973,24.20385],[89.46489,24.22269],[89.47334,24.21925],[89.47846,24.22417],[89.47832,24.22925],[89.47216,24.23449],[89.45574,24.22857],[89.44595,24.23358],[89.44618,24.23584],[89.4571,24.2365],[89.45502,24.23929],[89.45921,24.24153],[89.46354,24.25313],[89.46037,24.26373],[89.44855,24.27046],[89.44754,24.26494],[89.44119,24.26382],[89.43913,24.25416],[89.43167,24.25491],[89.42876,24.251],[89.42441,24.25159],[89.42444,24.25879],[89.43013,24.26727],[89.42506,24.27452],[89.42722,24.28065],[89.42097,24.2854],[89.424,24.29636],[89.42088,24.30624],[89.4251,24.3041],[89.42686,24.30874],[89.42011,24.31384],[89.42295,24.31999],[89.41541,24.32354],[89.40623,24.32186],[89.4006,24.32442],[89.40153,24.33602],[89.38378,24.34173],[89.38176,24.34566],[89.36705,24.35289],[89.36678,24.35388]]]},"id":"BD5076"},{"type":"Feature","properties":{"code":"BD5081","name":"Rajshahi","parent_code":"BD50","division_name":"Rajshahi"},"geometry":{"type":"Polygon","coordinates":[[[88.51119,24.71362],[88.50231,24.72028],[88.49732,24.71023],[88.48926,24.70989],[88.48979,24.69147],[88.48446,24.68856],[88.4823,24.68147],[88.47069,24.68603],[88.46003,24.68506],[88.45788,24.68196],[88.45746,24.67614],[88.47358,24.66906],[88.48057,24.67991],[88.48922,24.6768],[88.49105,24.6803],[88.51224,24.68291],[88.51117,24.67314],[88.50241,24.6754],[88.50224,24.66815],[88.49405,24.66978],[88.48862,24.66459],[88.49207,24.65784],[88.46824,24.66153],[88.46622,24.65838],[88.4593,24.65779],[88.4494,24.66611],[88.43696,24.66783],[88.43474,24.65104],[88.42145,24.65056],[88.43134,24.64313],[88.42951,24.6349],[88.41949,24.63437],[88.4193,24.62405],[88.42351,24.6161],[88.39831,24.60603],[88.39872,24.60305],[88.39062,24.59876],[88.37072,24.60225],[88.36829,24.59359],[88.35935,24.60227],[88.34507,24.58581],[88.33378,24.58837],[88.32278,24.57178],[88.31663,24.56779],[88.30677,24.57006],[88.30702,24.56317],[88.30077,24.56411],[88.31043,24.5377],[88.31287,24.52083],[88.30572,24.49541],[88.3062,24.48516],[88.31877,24.46022],[88.33247,24.44697],[88.29178,24.41613],[88.32816,24.38464],[88.34606,24.37573],[88.39086,24.37154],[88.41209,24.37623],[88.42187,24.38183],[88.43331,24.38271],[88.44791,24.37735],[88.48502,24.35566],[88.49528,24.35404],[88.50827,24.34269],[88.52703,24.34452],[88.55514,24.29354],[88.56805,24.32661],[88.58742,24.32442],[88.58841,24.31406],[88.5998,24.31083],[88.60577,24.31039],[88.60726,24.31517],[88.62387,24.31552],[88.62896,24.30509],[88.64886,24.31089],[88.65262,24.30506],[88.65931,24.3143],[88.69623,24.31546],[88.7057,24.3122],[88.72424,24.29821],[88.73363,24.282],[88.741,24.25304],[88.73478,24.21947],[88.74734,24.19927],[88.75101,24.19973],[88.76658,24.18089],[88.77134,24.16885],[88.77364,24.1703],[88.78216,24.16164],[88.77512,24.15326],[88.79517,24.14033],[88.8,24.13257],[88.81526,24.12675],[88.83688,24.12638],[88.84506,24.13123],[88.85717,24.12101],[88.85888,24.11417],[88.87316,24.13378],[88.88365,24.13305],[88.89234,24.15217],[88.9028,24.15477],[88.89404,24.15448],[88.89337,24.15791],[88.89709,24.16069],[88.89509,24.16438],[88.88254,24.16307],[88.8775,24.16669],[88.86834,24.16716],[88.86719,24.16459],[88.86174,24.1673],[88.86448,24.17445],[88.87013,24.1758],[88.87362,24.1826],[88.86747,24.18748],[88.87496,24.19227],[88.87632,24.19946],[88.87624,24.20366],[88.87061,24.20556],[88.8715,24.21008],[88.86859,24.21173],[88.87344,24.2134],[88.87454,24.21729],[88.87131,24.22679],[88.87471,24.23734],[88.87918,24.23836],[88.87807,24.23032],[88.88099,24.22867],[88.89799,24.23295],[88.9013,24.24308],[88.90783,24.24033],[88.91724,24.24491],[88.91912,24.25549],[88.91687,24.25936],[88.90913,24.26089],[88.90495,24.27183],[88.90171,24.27278],[88.90418,24.29214],[88.88695,24.29517],[88.87875,24.2929],[88.87545,24.3075],[88.86845,24.3148],[88.8627,24.31451],[88.8577,24.30985],[88.86018,24.30333],[88.85351,24.30345],[88.85369,24.31058],[88.84588,24.31937],[88.85057,24.32663],[88.8454,24.34339],[88.854,24.34847],[88.86175,24.36414],[88.87378,24.35923],[88.88026,24.36585],[88.88526,24.36271],[88.89193,24.3663],[88.89093,24.36412],[88.89337,24.36414],[88.89623,24.38034],[88.89004,24.38392],[88.90139,24.40904],[88.89762,24.41122],[88.90139,24.42208],[88.89618,24.43974],[88.90125,24.44773],[88.89202,24.45618],[88.89949,24.46532],[88.89609,24.47378],[88.89272,24.47504],[88.89539,24.48568],[88.90429,24.48799],[88.90618,24.4979],[88.91069,24.49634],[88.91315,24.50373],[88.91787,24.50629],[88.92615,24.50333],[88.92325,24.50525],[88.92838,24.51475],[88.92467,24.52048],[88.91822,24.51492],[88.89828,24.51203],[88.89796,24.52173],[88.89034,24.52139],[88.88642,24.51798],[88.88138,24.52117],[88.88637,24.52494],[88.88486,24.52969],[88.88826,24.53412],[88.88924,24.53072],[88.89935,24.52868],[88.89727,24.53842],[88.9081,24.54038],[88.92199,24.54821],[88.94007,24.53973],[88.94466,24.54064],[88.94918,24.54947],[88.96321,24.55195],[88.9631,24.58354],[88.95949,24.58496],[88.95415,24.57861],[88.94089,24.58871],[88.94176,24.59143],[88.93755,24.5867],[88.93388,24.58821],[88.93333,24.5957],[88.92679,24.59773],[88.9246,24.61807],[88.91148,24.63103],[88.90991,24.64316],[88.89801,24.64365],[88.89033,24.63721],[88.88303,24.64338],[88.87909,24.64164],[88.8813,24.63705],[88.87929,24.63488],[88.87403,24.63737],[88.87327,24.64522],[88.86318,24.64733],[88.86542,24.64885],[88.8617,24.65597],[88.83272,24.65738],[88.83125,24.65243],[88.82713,24.65121],[88.81122,24.65632],[88.81395,24.67168],[88.80475,24.67542],[88.80408,24.68515],[88.7974,24.68922],[88.79352,24.68923],[88.7879,24.68237],[88.76735,24.6707],[88.75257,24.6768],[88.74778,24.68192],[88.74968,24.68465],[88.74161,24.68804],[88.7342,24.66709],[88.72705,24.66959],[88.72388,24.66449],[88.71934,24.66461],[88.71758,24.67217],[88.70145,24.667],[88.69895,24.66082],[88.70367,24.65883],[88.70278,24.65083],[88.69441,24.64351],[88.70115,24.64228],[88.70514,24.63212],[88.69769,24.63421],[88.69301,24.62952],[88.69053,24.63209],[88.69238,24.63878],[88.69067,24.63649],[88.68289,24.64037],[88.67836,24.63549],[88.66913,24.63644],[88.65252,24.6281],[88.65098,24.6351],[88.64806,24.63544],[88.64394,24.62464],[88.63655,24.62119],[88.63094,24.62513],[88.6321,24.62864],[88.62929,24.63116],[88.6344,24.63652],[88.62711,24.63609],[88.62254,24.64758],[88.62757,24.65495],[88.62568,24.66395],[88.62819,24.67237],[88.62419,24.67553],[88.62301,24.69368],[88.61806,24.70183],[88.6069,24.70339],[88.59987,24.69957],[88.59198,24.70004],[88.58901,24.6897],[88.57646,24.68071],[88.57047,24.68489],[88.57732,24.69646],[88.57152,24.6978],[88.56704,24.70319],[88.55091,24.70658],[88.54282,24.70276],[88.53891,24.70641],[88.5181,24.70855],[88.51591,24.71371],[88.51122,24.71361],[88.51119,24.71362]]]},"id":"BD5081"},{"type":"Feature","properties":{"code":"BD5088","name":"Sirajganj","parent_code":"BD50","division_name":"Rajshahi"},"geometry":{"type":"Polygon","coordinates":[[[89.69952,24.77841],[89.68384,24.78254],[89.6775,24.77666],[89.67896,24.76834],[89.66827,24.75392],[89.67107,24.74809],[89.65592,24.74574],[89.66084,24.72731],[89.64313,24.71921],[89.64189,24.71516],[89.63773,24.71536],[89.64461,24.709],[89.64664,24.7012],[89.64279,24.70144],[89.63215,24.69353],[89.62571,24.68524],[89.61762,24.68823],[89.61194,24.68739],[89.61289,24.68478],[89.60845,24.68642],[89.60568,24.69386],[89.59732,24.69652],[89.59511,24.70211],[89.57159,24.70014],[89.56698,24.69565],[89.56316,24.71108],[89.55462,24.70779],[89.5537,24.7026],[89.56099,24.69166],[89.5588,24.67958],[89.55268,24.67963],[89.54913,24.67446],[89.55371,24.66763],[89.54596,24.65328],[89.5625,24.65301],[89.5629,24.65047],[89.55478,24.64113],[89.55985,24.62689],[89.5563,24.62233],[89.54967,24.62464],[89.54906,24.6179],[89.5573,24.61617],[89.57138,24.62223],[89.57735,24.61923],[89.58362,24.62083],[89.59047,24.60992],[89.59521,24.61126],[89.60457,24.60616],[89.60128,24.59444],[89.60524,24.56883],[89.60148,24.56059],[89.57026,24.54524],[89.56442,24.54668],[89.56408,24.55214],[89.56063,24.55465],[89.55295,24.55463],[89.55231,24.54748],[89.54569,24.54689],[89.54605,24.55203],[89.53891,24.55279],[89.53297,24.56309],[89.5289,24.55966],[89.53357,24.54753],[89.51933,24.53512],[89.51765,24.53691],[89.52305,24.54583],[89.52158,24.55183],[89.50442,24.55711],[89.50184,24.55369],[89.49428,24.55275],[89.48254,24.5563],[89.47349,24.55246],[89.47457,24.54408],[89.46526,24.54593],[89.45727,24.54245],[89.45651,24.54721],[89.4309,24.55139],[89.43058,24.55634],[89.4242,24.56081],[89.41068,24.56108],[89.41026,24.55451],[89.40059,24.55115],[89.39408,24.55263],[89.39384,24.55759],[89.38421,24.5577],[89.3817,24.55418],[89.34682,24.5585],[89.34676,24.56283],[89.3422,24.56345],[89.33462,24.55587],[89.33356,24.54914],[89.3366,24.54652],[89.33098,24.54605],[89.32839,24.53676],[89.31643,24.52582],[89.31868,24.52347],[89.31555,24.52276],[89.31443,24.5149],[89.30988,24.51552],[89.31075,24.51135],[89.30461,24.51041],[89.30492,24.50216],[89.29875,24.50152],[89.28579,24.48669],[89.28235,24.48803],[89.28394,24.48402],[89.2799,24.48074],[89.28427,24.47626],[89.27934,24.474],[89.28327,24.47096],[89.27787,24.47156],[89.28312,24.46892],[89.27977,24.46108],[89.27535,24.45912],[89.27488,24.45346],[89.25405,24.43872],[89.25086,24.44069],[89.24802,24.43275],[89.25638,24.42812],[89.2712,24.43182],[89.27838,24.42568],[89.28494,24.42513],[89.28423,24.40695],[89.28797,24.40455],[89.28742,24.38996],[89.28399,24.3839],[89.29012,24.37934],[89.29342,24.36986],[89.30048,24.37214],[89.31274,24.36139],[89.31442,24.35535],[89.31936,24.35788],[89.32074,24.35027],[89.3338,24.34855],[89.34021,24.35201],[89.35398,24.3484],[89.36678,24.35388],[89.38239,24.34522],[89.38378,24.34173],[89.40153,24.33602],[89.4006,24.32442],[89.40623,24.32186],[89.41541,24.32354],[89.42295,24.31999],[89.42011,24.31384],[89.42686,24.30874],[89.4251,24.3041],[89.42088,24.30624],[89.424,24.29636],[89.42097,24.2854],[89.42722,24.28065],[89.42506,24.27452],[89.43013,24.26727],[89.42444,24.25879],[89.42447,24.25145],[89.42876,24.251],[89.43167,24.25491],[89.43913,24.25416],[89.44164,24.26455],[89.44754,24.26494],[89.44816,24.2703],[89.45057,24.27014],[89.46037,24.26373],[89.46354,24.25313],[89.45921,24.24153],[89.45502,24.23929],[89.45692,24.23614],[89.44651,24.23593],[89.44595,24.23358],[89.45574,24.22857],[89.47216,24.23449],[89.47876,24.2283],[89.47334,24.21925],[89.46489,24.22269],[89.46973,24.20385],[89.48991,24.20173],[89.49044,24.21323],[89.49555,24.21492],[89.50346,24.21128],[89.50154,24.21296],[89.50448,24.21567],[89.51211,24.19892],[89.5277,24.19306],[89.52831,24.1889],[89.51906,24.18283],[89.52221,24.17495],[89.53481,24.17278],[89.53882,24.16728],[89.53696,24.16367],[89.52738,24.16591],[89.53183,24.15448],[89.5256,24.1543],[89.52284,24.14896],[89.52795,24.14704],[89.53248,24.13484],[89.54335,24.12612],[89.54759,24.12755],[89.54855,24.12537],[89.55078,24.13139],[89.56084,24.12728],[89.56254,24.11987],[89.55562,24.12005],[89.55906,24.11305],[89.56563,24.11046],[89.56785,24.11404],[89.57981,24.11277],[89.58352,24.10749],[89.58865,24.10751],[89.60555,24.098],[89.61359,24.09861],[89.613,24.09626],[89.61559,24.09688],[89.63276,24.08151],[89.63898,24.08494],[89.65683,24.07576],[89.68277,24.05578],[89.67824,24.05286],[89.67983,24.03644],[89.69378,24.03952],[89.70083,24.03299],[89.69707,24.03325],[89.70341,24.01984],[89.72203,24.01158],[89.74098,24.02222],[89.76738,24.02437],[89.78311,24.03153],[89.7874,24.03602],[89.78616,24.04158],[89.79609,24.04449],[89.81923,24.06674],[89.82417,24.07552],[89.82626,24.08855],[89.81912,24.10966],[89.81917,24.13119],[89.82289,24.14201],[89.81233,24.14801],[89.80578,24.16106],[89.79038,24.15801],[89.78341,24.16551],[89.78852,24.17131],[89.80324,24.17413],[89.7871,24.23403],[89.78645,24.24972],[89.79275,24.27482],[89.78949,24.29042],[89.77589,24.30531],[89.77388,24.33202],[89.75345,24.34991],[89.75452,24.36016],[89.76763,24.3763],[89.76476,24.39546],[89.77626,24.39495],[89.77188,24.40095],[89.7745,24.40134],[89.77359,24.40415],[89.76857,24.40855],[89.76192,24.41031],[89.75963,24.40719],[89.75091,24.42774],[89.75008,24.43916],[89.75746,24.45441],[89.74576,24.45511],[89.74502,24.47043],[89.75204,24.47244],[89.76071,24.48426],[89.75055,24.483],[89.75937,24.50025],[89.75688,24.5065],[89.75276,24.50554],[89.74973,24.51179],[89.7387,24.51527],[89.7367,24.519],[89.74163,24.52384],[89.74955,24.5214],[89.75119,24.5303],[89.7466,24.5332],[89.74958,24.53548],[89.7487,24.53888],[89.77085,24.54128],[89.76971,24.56194],[89.79028,24.57545],[89.78417,24.58112],[89.78079,24.59537],[89.77429,24.60036],[89.76708,24.61616],[89.76812,24.62469],[89.78801,24.62826],[89.78551,24.67169],[89.80093,24.68204],[89.79797,24.68742],[89.79188,24.68829],[89.79461,24.69217],[89.79033,24.69832],[89.79498,24.70494],[89.78561,24.70578],[89.77559,24.71956],[89.77476,24.72721],[89.78553,24.72572],[89.79245,24.73884],[89.77953,24.7455],[89.78404,24.75145],[89.78473,24.75994],[89.78168,24.76861],[89.77447,24.7746],[89.76142,24.76824],[89.74556,24.77621],[89.73896,24.76241],[89.73687,24.77142],[89.72005,24.78054],[89.70042,24.77826],[89.69952,24.77841]]]},"id":"BD5088"},{"type":"Feature","properties":{"code":"BD5527","name":"Dinajpur","parent_code":"BD55","division_name":"Rangpur"},"geometry":{"type":"Polygon","coordinates":[[[88.62277,26.05819],[88.6145,26.06388],[88.61819,26.05792],[88.61326,26.05971],[88.60487,26.05224],[88.60769,26.04971],[88.60891,26.03627],[88.59432,26.03121],[88.59261,26.02373],[88.58789,26.02121],[88.57267,26.02116],[88.56838,26.02786],[88.55353,26.02994],[88.56533,26.02476],[88.55682,26.02494],[88.5548,26.02105],[88.55233,26.02433],[88.55256,26.01874],[88.5445,26.02004],[88.54127,26.00875],[88.54435,25.99882],[88.54121,26.00169],[88.53952,25.99618],[88.53091,25.99402],[88.52851,25.98976],[88.5283,25.97913],[88.53184,25.96997],[88.53772,25.96527],[88.53659,25.95317],[88.52392,25.95323],[88.51655,25.94303],[88.51137,25.94275],[88.50545,25.93329],[88.50958,25.92728],[88.50677,25.91946],[88.50596,25.92743],[88.49474,25.92908],[88.49782,25.92463],[88.49907,25.9271],[88.50297,25.92557],[88.50314,25.91491],[88.5081,25.9173],[88.50036,25.90629],[88.49405,25.90822],[88.47949,25.9029],[88.47814,25.895],[88.48215,25.88888],[88.47708,25.89155],[88.47496,25.88888],[88.48457,25.88605],[88.48427,25.86689],[88.47996,25.86697],[88.47886,25.8637],[88.46936,25.8639],[88.46618,25.87255],[88.46064,25.87435],[88.45974,25.86304],[88.45288,25.85936],[88.44385,25.86287],[88.44262,25.87235],[88.43526,25.87284],[88.43534,25.86645],[88.42821,25.87156],[88.42118,25.87171],[88.41672,25.86897],[88.42553,25.86209],[88.42175,25.85643],[88.41528,25.86327],[88.41127,25.86356],[88.40899,25.86981],[88.40316,25.86618],[88.39798,25.84279],[88.38654,25.84101],[88.386,25.82325],[88.39056,25.81234],[88.38525,25.80826],[88.3891,25.80334],[88.38658,25.79383],[88.38257,25.79348],[88.38725,25.78173],[88.38666,25.76306],[88.39093,25.75993],[88.38881,25.75416],[88.39341,25.74973],[88.39226,25.74325],[88.39538,25.73912],[88.40074,25.73917],[88.39885,25.73506],[88.40246,25.72908],[88.40894,25.72769],[88.40931,25.7325],[88.41442,25.73294],[88.41329,25.73721],[88.42029,25.7308],[88.42321,25.7329],[88.42901,25.72911],[88.42535,25.72299],[88.4347,25.71813],[88.42372,25.71416],[88.42711,25.70804],[88.43655,25.70912],[88.43562,25.69563],[88.44004,25.68857],[88.43764,25.6863],[88.42919,25.68848],[88.43058,25.68191],[88.42618,25.67703],[88.43157,25.67242],[88.42861,25.6693],[88.45413,25.66394],[88.45528,25.62862],[88.44722,25.62151],[88.44509,25.61422],[88.44986,25.60476],[88.44451,25.597],[88.45741,25.59883],[88.45755,25.59607],[88.46587,25.59198],[88.46547,25.58683],[88.4695,25.58349],[88.48094,25.58542],[88.48267,25.58227],[88.48395,25.58627],[88.49224,25.58278],[88.49985,25.58401],[88.49368,25.55917],[88.49832,25.5585],[88.49919,25.55159],[88.50875,25.54434],[88.51319,25.5477],[88.51738,25.54639],[88.51807,25.53856],[88.52254,25.5353],[88.52728,25.54331],[88.53246,25.54208],[88.53234,25.53229],[88.5394,25.53455],[88.54056,25.52596],[88.53731,25.52102],[88.53996,25.51992],[88.53961,25.50832],[88.54639,25.5084],[88.54765,25.51802],[88.55413,25.52117],[88.55286,25.51548],[88.55667,25.51345],[88.5678,25.51421],[88.56758,25.51145],[88.57283,25.50898],[88.59165,25.50896],[88.59653,25.50613],[88.60285,25.51549],[88.60908,25.5166],[88.607,25.5087],[88.61304,25.50998],[88.62303,25.49702],[88.64054,25.50001],[88.64728,25.49715],[88.64791,25.49329],[88.6427,25.49266],[88.64644,25.47797],[88.66045,25.48188],[88.66331,25.47361],[88.68617,25.47584],[88.6991,25.47125],[88.70002,25.47577],[88.70711,25.47697],[88.70664,25.47968],[88.71002,25.48079],[88.70751,25.49992],[88.71293,25.50006],[88.71352,25.49539],[88.7145,25.49964],[88.74181,25.50511],[88.74374,25.49583],[88.73973,25.48927],[88.74454,25.48838],[88.74967,25.494],[88.76442,25.49431],[88.77096,25.50035],[88.77112,25.50475],[88.76627,25.50414],[88.76013,25.51075],[88.75891,25.52562],[88.76701,25.52529],[88.77631,25.5164],[88.78283,25.51535],[88.79237,25.52296],[88.81022,25.52335],[88.80749,25.51459],[88.81287,25.49016],[88.81639,25.48806],[88.82952,25.49014],[88.83737,25.47234],[88.83519,25.46379],[88.83907,25.4589],[88.83796,25.45367],[88.82886,25.44905],[88.8312,25.4485],[88.82589,25.44353],[88.83451,25.43163],[88.83462,25.42754],[88.82888,25.42635],[88.83021,25.41731],[88.82065,25.41589],[88.81895,25.41826],[88.81336,25.41049],[88.82368,25.40913],[88.82467,25.40084],[88.83774,25.40195],[88.84184,25.39483],[88.8376,25.39038],[88.83751,25.38421],[88.84248,25.38183],[88.83896,25.38094],[88.84084,25.36446],[88.85443,25.36329],[88.85663,25.35453],[88.86949,25.35272],[88.8672,25.34312],[88.88568,25.3257],[88.88897,25.32645],[88.88629,25.33418],[88.88813,25.33685],[88.90674,25.33789],[88.90759,25.3263],[88.91593,25.31278],[88.92438,25.31226],[88.92871,25.317],[88.92907,25.30472],[88.93959,25.30053],[88.9499,25.30354],[88.9598,25.30105],[88.96068,25.30587],[88.97254,25.30104],[88.97601,25.3056],[88.98524,25.3056],[88.983,25.30269],[88.9863,25.30173],[88.98519,25.29859],[88.99677,25.29558],[89.00312,25.29696],[89.00784,25.3027],[89.00796,25.26751],[89.01826,25.265],[89.02183,25.27119],[89.0271,25.27077],[89.02714,25.27667],[89.03105,25.2768],[89.04622,25.26539],[89.0484,25.26582],[89.04483,25.26942],[89.05177,25.2644],[89.05767,25.26455],[89.06035,25.25956],[89.06605,25.26172],[89.066,25.26787],[89.07056,25.27003],[89.08335,25.25908],[89.0868,25.25157],[89.09696,25.24896],[89.09597,25.24271],[89.10101,25.2431],[89.10124,25.24063],[89.1042,25.24115],[89.10268,25.24277],[89.10882,25.24085],[89.11309,25.24502],[89.12122,25.24409],[89.1262,25.25526],[89.13343,25.24652],[89.14447,25.24829],[89.14176,25.25867],[89.15593,25.25873],[89.15781,25.25435],[89.1649,25.25235],[89.16082,25.24819],[89.16819,25.24673],[89.1715,25.24116],[89.17634,25.24123],[89.17784,25.23605],[89.17994,25.23854],[89.18346,25.23636],[89.19088,25.23875],[89.19363,25.24538],[89.19742,25.24387],[89.19712,25.2379],[89.20049,25.23367],[89.22224,25.23505],[89.22261,25.2302],[89.23288,25.23103],[89.23569,25.22607],[89.24379,25.22353],[89.25597,25.22683],[89.27249,25.22485],[89.26929,25.22936],[89.27071,25.23271],[89.28551,25.22969],[89.28553,25.22576],[89.29085,25.22329],[89.30087,25.22315],[89.30306,25.22818],[89.29645,25.2311],[89.28968,25.24194],[89.29022,25.24997],[89.28668,25.25596],[89.27258,25.26404],[89.27476,25.2669],[89.27085,25.2696],[89.2698,25.27537],[89.25629,25.28458],[89.27324,25.29107],[89.26612,25.29371],[89.26728,25.29912],[89.28393,25.30127],[89.28435,25.30522],[89.2726,25.30777],[89.26782,25.31429],[89.26028,25.31146],[89.26867,25.32028],[89.26514,25.3242],[89.25544,25.31549],[89.24076,25.3184],[89.23802,25.32558],[89.24732,25.32974],[89.24757,25.33452],[89.23957,25.33473],[89.23417,25.3393],[89.2316,25.3306],[89.22496,25.33272],[89.23176,25.34947],[89.23166,25.34638],[89.23976,25.34158],[89.23643,25.34747],[89.24634,25.35479],[89.24478,25.35648],[89.24022,25.35297],[89.23459,25.3561],[89.2335,25.35902],[89.2393,25.36178],[89.23597,25.37227],[89.23163,25.37237],[89.23219,25.36608],[89.22452,25.36358],[89.22712,25.36731],[89.22391,25.37122],[89.20887,25.36927],[89.21652,25.37944],[89.20162,25.39625],[89.20083,25.39142],[89.19252,25.39264],[89.18733,25.38838],[89.18251,25.39816],[89.17461,25.40076],[89.17012,25.4074],[89.16339,25.40174],[89.16058,25.40764],[89.15748,25.40392],[89.14838,25.40512],[89.14939,25.40767],[89.15643,25.40579],[89.15429,25.41104],[89.14532,25.40948],[89.13448,25.41458],[89.13662,25.41692],[89.14858,25.41359],[89.15066,25.41967],[89.14797,25.42311],[89.1509,25.42706],[89.14562,25.43463],[89.13059,25.44095],[89.13412,25.4473],[89.13025,25.4496],[89.12841,25.44513],[89.12416,25.4529],[89.11451,25.45579],[89.12813,25.46089],[89.12033,25.46203],[89.12123,25.47103],[89.11374,25.46188],[89.11416,25.46981],[89.10364,25.47523],[89.10853,25.48518],[89.10173,25.48503],[89.10604,25.48891],[89.09978,25.49199],[89.10171,25.50066],[89.10477,25.4992],[89.10872,25.5022],[89.10977,25.50719],[89.10722,25.50968],[89.11358,25.50735],[89.10957,25.51263],[89.10488,25.51097],[89.10447,25.51452],[89.10883,25.51462],[89.10158,25.51763],[89.10361,25.52011],[89.10064,25.52879],[89.10392,25.5357],[89.09872,25.53857],[89.09878,25.5445],[89.09283,25.54685],[89.10457,25.5668],[89.09676,25.56712],[89.08754,25.57221],[89.08007,25.58041],[89.07762,25.57964],[89.07613,25.58632],[89.05631,25.58957],[89.05487,25.58587],[89.05053,25.58703],[89.04624,25.58254],[89.04145,25.58779],[89.04053,25.60041],[89.03442,25.60403],[89.02416,25.60615],[89.0123,25.60276],[89.00783,25.61816],[89.00182,25.61691],[88.99948,25.61985],[88.99867,25.61771],[88.99341,25.62536],[88.99435,25.63092],[88.99905,25.63282],[88.99547,25.63945],[88.98933,25.64222],[88.99105,25.64747],[88.99865,25.64968],[88.99488,25.65789],[88.98756,25.66238],[88.97354,25.65844],[88.97026,25.66218],[88.97477,25.67086],[88.96282,25.67455],[88.96087,25.68442],[88.95639,25.68533],[88.95156,25.68032],[88.93705,25.68651],[88.93975,25.69354],[88.9294,25.70871],[88.92785,25.72377],[88.93938,25.72697],[88.94327,25.73094],[88.93953,25.73475],[88.94117,25.73607],[88.93772,25.73591],[88.93676,25.73974],[88.93626,25.73564],[88.93156,25.73549],[88.93086,25.73913],[88.93037,25.73705],[88.92615,25.74016],[88.92454,25.73845],[88.92217,25.74443],[88.91297,25.74195],[88.90669,25.74901],[88.9037,25.74791],[88.90174,25.74038],[88.90975,25.74266],[88.91428,25.73838],[88.89255,25.73819],[88.88766,25.74236],[88.89005,25.75134],[88.88638,25.7546],[88.88771,25.76055],[88.88554,25.75996],[88.88216,25.77362],[88.86393,25.77219],[88.85208,25.77789],[88.84761,25.78755],[88.84915,25.78987],[88.84418,25.79262],[88.84454,25.8105],[88.83953,25.81316],[88.82977,25.81177],[88.82539,25.81771],[88.82629,25.83416],[88.82302,25.84275],[88.81989,25.84317],[88.82428,25.84867],[88.82437,25.85872],[88.81774,25.86077],[88.81486,25.88027],[88.80187,25.90009],[88.7995,25.9139],[88.80278,25.92007],[88.79992,25.92674],[88.77648,25.93992],[88.75717,25.94158],[88.75418,25.93417],[88.74224,25.9422],[88.749,25.94869],[88.74873,25.95832],[88.74315,25.97033],[88.74614,25.9853],[88.73744,26.00263],[88.73397,26.01832],[88.72633,26.01718],[88.72027,26.00841],[88.7145,26.00648],[88.71183,26.00889],[88.70064,26.00785],[88.69957,26.01642],[88.66857,26.01395],[88.6445,26.04446],[88.63097,26.04929],[88.62336,26.05768],[88.62277,26.05819]]]},"id":"BD5527"},{"type":"Feature","properties":{"code":"BD5532","name":"Gaibandha","parent_code":"BD55","division_name":"Rangpur"},"geometry":{"type":"Polygon","coordinates":[[[89.54205,25.63603],[89.53001,25.64384],[89.52163,25.6339],[89.51889,25.62797],[89.522,25.62542],[89.51628,25.61934],[89.50751,25.61577],[89.49973,25.61853],[89.50233,25.61178],[89.49533,25.61208],[89.48948,25.60322],[89.4907,25.59065],[89.4985,25.58622],[89.49403,25.58116],[89.49462,25.57575],[89.48588,25.57836],[89.48525,25.58383],[89.47331,25.59208],[89.47372,25.598],[89.46997,25.5995],[89.47064,25.597],[89.46461,25.5981],[89.46417,25.59443],[89.46015,25.59499],[89.45879,25.59204],[89.44873,25.59072],[89.44352,25.58445],[89.43781,25.58504],[89.43572,25.58862],[89.43814,25.59056],[89.43495,25.59253],[89.43289,25.58773],[89.41573,25.58993],[89.41262,25.58784],[89.41246,25.57542],[89.4074,25.5704],[89.41074,25.55581],[89.40583,25.55037],[89.41402,25.54926],[89.40264,25.54629],[89.41075,25.53996],[89.4062,25.53431],[89.40136,25.53915],[89.4024,25.53468],[89.40754,25.53196],[89.41246,25.53652],[89.41753,25.53364],[89.41707,25.52877],[89.42093,25.52874],[89.42144,25.53508],[89.42699,25.53412],[89.43137,25.5378],[89.42822,25.5298],[89.43745,25.53848],[89.43937,25.52859],[89.44671,25.53108],[89.4448,25.52593],[89.43757,25.52536],[89.43603,25.52087],[89.43995,25.52072],[89.44419,25.5156],[89.44296,25.52084],[89.44971,25.51884],[89.44107,25.51274],[89.44522,25.50582],[89.44063,25.49944],[89.44519,25.49336],[89.44115,25.48864],[89.43516,25.48837],[89.43225,25.47534],[89.42734,25.47673],[89.42137,25.46468],[89.41614,25.46363],[89.40703,25.46965],[89.40457,25.46454],[89.39863,25.46422],[89.39174,25.44365],[89.37982,25.44656],[89.3784,25.4338],[89.38417,25.42872],[89.3818,25.42482],[89.37833,25.42508],[89.37849,25.42154],[89.38249,25.42016],[89.378,25.41811],[89.37937,25.41079],[89.37035,25.40691],[89.36483,25.38898],[89.35193,25.37955],[89.35556,25.37334],[89.3449,25.3713],[89.34242,25.36563],[89.34618,25.35421],[89.34069,25.34478],[89.34084,25.3378],[89.34849,25.33728],[89.34714,25.32853],[89.34036,25.3299],[89.33232,25.32226],[89.33621,25.31636],[89.3421,25.31682],[89.34391,25.32043],[89.34714,25.31052],[89.34287,25.30499],[89.33575,25.30452],[89.33449,25.30154],[89.31903,25.30376],[89.31328,25.29998],[89.2931,25.3003],[89.2893,25.30322],[89.26913,25.30007],[89.26562,25.29475],[89.27309,25.29089],[89.25649,25.2853],[89.2698,25.27537],[89.27085,25.2696],[89.27476,25.2669],[89.27258,25.26404],[89.28668,25.25596],[89.29022,25.24997],[89.28968,25.24194],[89.29645,25.2311],[89.30306,25.22818],[89.3022,25.22465],[89.29199,25.22294],[89.28553,25.22576],[89.28551,25.22969],[89.27041,25.23271],[89.27249,25.22485],[89.25597,25.22683],[89.24379,25.22353],[89.23569,25.22607],[89.23288,25.23103],[89.22261,25.2302],[89.22249,25.23497],[89.21624,25.23593],[89.20846,25.23254],[89.20789,25.22824],[89.20234,25.22659],[89.20232,25.22284],[89.19294,25.21466],[89.19335,25.19536],[89.18454,25.18429],[89.1958,25.18353],[89.19726,25.17228],[89.20261,25.1719],[89.20318,25.16883],[89.20877,25.16975],[89.21073,25.16592],[89.21498,25.16757],[89.22034,25.15774],[89.21569,25.14764],[89.22997,25.14634],[89.23676,25.13014],[89.24712,25.12047],[89.25138,25.10146],[89.26416,25.10178],[89.26433,25.09789],[89.28062,25.09195],[89.28919,25.11151],[89.29537,25.11433],[89.29762,25.11954],[89.30154,25.11797],[89.30311,25.12141],[89.30888,25.11764],[89.31959,25.11695],[89.32452,25.12208],[89.33458,25.1223],[89.33785,25.11254],[89.34286,25.10999],[89.34056,25.10478],[89.33344,25.10123],[89.33948,25.10233],[89.34193,25.09791],[89.34712,25.10119],[89.35574,25.0896],[89.36224,25.08876],[89.3584,25.08215],[89.36337,25.06806],[89.37233,25.06868],[89.38326,25.06189],[89.38538,25.05335],[89.39139,25.04917],[89.39181,25.06639],[89.40404,25.06734],[89.39974,25.07808],[89.41003,25.0764],[89.41352,25.08158],[89.41958,25.07519],[89.42428,25.07531],[89.42689,25.06511],[89.43171,25.07215],[89.43943,25.07228],[89.44182,25.06787],[89.44573,25.06915],[89.44256,25.06923],[89.44309,25.07262],[89.45412,25.07494],[89.45617,25.06917],[89.45149,25.06091],[89.45482,25.05551],[89.45494,25.06496],[89.46119,25.06065],[89.46683,25.06096],[89.46393,25.0547],[89.47387,25.05539],[89.47568,25.06164],[89.48938,25.06217],[89.49417,25.0522],[89.50243,25.05085],[89.51165,25.04403],[89.52442,25.04278],[89.5317,25.04718],[89.53543,25.04106],[89.53989,25.04296],[89.56676,25.03772],[89.56819,25.04054],[89.57515,25.03923],[89.5737,25.04233],[89.57668,25.04444],[89.59028,25.04356],[89.59763,25.04477],[89.60229,25.04956],[89.61267,25.04955],[89.64286,25.03609],[89.6555,25.04666],[89.65343,25.07817],[89.64635,25.08049],[89.63911,25.09009],[89.64422,25.09682],[89.64535,25.10576],[89.65042,25.10631],[89.64876,25.12168],[89.6524,25.14378],[89.67351,25.17131],[89.67595,25.18338],[89.70019,25.23137],[89.71297,25.23555],[89.73541,25.23371],[89.74019,25.25021],[89.75163,25.25173],[89.75114,25.26734],[89.75671,25.28115],[89.74494,25.29948],[89.74292,25.31937],[89.7373,25.31856],[89.72895,25.34121],[89.71883,25.35405],[89.741,25.3709],[89.7385,25.37515],[89.74435,25.38908],[89.73621,25.39083],[89.73615,25.39918],[89.70531,25.39335],[89.70106,25.38999],[89.69522,25.39773],[89.70161,25.40186],[89.69799,25.40843],[89.70026,25.41872],[89.69858,25.4231],[89.68996,25.42002],[89.68794,25.42237],[89.70025,25.44133],[89.70421,25.45446],[89.70339,25.4645],[89.69362,25.46755],[89.69283,25.46524],[89.68099,25.46399],[89.68231,25.47186],[89.6676,25.48482],[89.67202,25.48935],[89.68785,25.48804],[89.69407,25.49072],[89.69291,25.49781],[89.68174,25.50519],[89.67884,25.51064],[89.68018,25.51617],[89.68908,25.51975],[89.69384,25.52717],[89.6883,25.53104],[89.6642,25.53115],[89.6405,25.54477],[89.62626,25.56017],[89.61593,25.56569],[89.60692,25.56508],[89.59872,25.55728],[89.58961,25.55563],[89.5694,25.58261],[89.54048,25.58852],[89.53685,25.59953],[89.54278,25.59973],[89.54634,25.60665],[89.55258,25.6055],[89.55027,25.61023],[89.55347,25.62072],[89.55069,25.63119],[89.54275,25.63568],[89.54205,25.63603]]]},"id":"BD5532"},{"type":"Feature","properties":{"code":"BD5549","name":"Kurigram","parent_code":"BD55","division_name":"Rangpur"},"geometry":{"type":"Polygon","coordinates":[[[89.68146,26.22739],[89.67873,26.23775],[89.67208,26.22861],[89.6718,26.21993],[89.65574,26.219],[89.63449,26.22902],[89.63335,26.21881],[89.63581,26.21733],[89.63246,26.21029],[89.63816,26.20973],[89.63911,26.19957],[89.64983,26.19029],[89.64753,26.18722],[89.64543,26.18863],[89.64717,26.18494],[89.64444,26.18453],[89.63764,26.18697],[89.63372,26.1954],[89.62989,26.19537],[89.62821,26.19189],[89.63111,26.18997],[89.62744,26.18863],[89.62773,26.18327],[89.63848,26.1785],[89.64302,26.18235],[89.64933,26.17961],[89.65536,26.18124],[89.65856,26.17624],[89.6464,26.16414],[89.63869,26.1669],[89.63706,26.17181],[89.63172,26.17187],[89.63687,26.17854],[89.63226,26.18011],[89.62533,26.17646],[89.62353,26.1708],[89.62145,26.17355],[89.62332,26.17895],[89.61454,26.17844],[89.61438,26.17612],[89.60862,26.18039],[89.60854,26.17592],[89.61507,26.17555],[89.61488,26.1725],[89.61079,26.17389],[89.61139,26.16784],[89.61875,26.16772],[89.60787,26.1586],[89.61048,26.15529],[89.60689,26.15341],[89.60715,26.15746],[89.60232,26.15671],[89.59885,26.1609],[89.5915,26.15747],[89.59826,26.15274],[89.59624,26.13481],[89.60712,26.12431],[89.60095,26.12273],[89.60404,26.11708],[89.61151,26.12751],[89.61885,26.11931],[89.62499,26.12845],[89.62947,26.11821],[89.62772,26.11423],[89.6147,26.10683],[89.60502,26.10669],[89.60278,26.11133],[89.59741,26.11256],[89.6003,26.10838],[89.59502,26.10739],[89.60002,26.10707],[89.59959,26.10306],[89.59347,26.10112],[89.60826,26.08795],[89.60912,26.09584],[89.61691,26.09487],[89.61309,26.10293],[89.6165,26.1037],[89.62045,26.09988],[89.62361,26.1077],[89.62973,26.10666],[89.63548,26.09896],[89.63156,26.09512],[89.63838,26.08988],[89.63316,26.07982],[89.64954,26.06367],[89.63697,26.06057],[89.62876,26.06213],[89.62647,26.05736],[89.61858,26.05319],[89.61537,26.05567],[89.61703,26.06005],[89.61077,26.05928],[89.60755,26.06441],[89.60457,26.06345],[89.60711,26.05716],[89.61241,26.05712],[89.61159,26.05219],[89.59837,26.04431],[89.59154,26.04455],[89.59654,26.03699],[89.5921,26.03456],[89.58687,26.03851],[89.58256,26.03165],[89.58407,26.02477],[89.57756,26.02497],[89.58015,26.01008],[89.57777,26.00649],[89.58648,25.99414],[89.58392,25.98918],[89.5869,25.9813],[89.5854,25.9755],[89.5835,25.97921],[89.57741,25.97798],[89.57655,25.9816],[89.57366,25.9776],[89.57709,25.97722],[89.57694,25.9683],[89.56838,25.96782],[89.56882,25.9782],[89.5665,25.97985],[89.56317,25.97065],[89.55779,25.96896],[89.55789,25.96506],[89.54298,25.96846],[89.53794,25.97364],[89.54233,25.98304],[89.53631,25.98513],[89.53568,25.9888],[89.54852,25.99999],[89.54412,25.99956],[89.53971,26.00572],[89.53286,26.00502],[89.5385,26.00488],[89.536,26.00192],[89.52897,26.00582],[89.52106,26.00504],[89.51982,26.00843],[89.50695,26.00145],[89.49161,26.00625],[89.48358,25.99919],[89.48484,25.99179],[89.47539,25.9811],[89.47538,25.97221],[89.48402,25.96176],[89.49181,25.96287],[89.50306,25.97066],[89.49963,25.96658],[89.50393,25.96542],[89.51312,25.94089],[89.50896,25.93221],[89.51176,25.93303],[89.51712,25.92619],[89.51752,25.91621],[89.52916,25.91462],[89.53281,25.89874],[89.5419,25.89728],[89.54488,25.88849],[89.55678,25.8836],[89.55807,25.88614],[89.5697,25.88464],[89.57478,25.88849],[89.57428,25.88067],[89.55473,25.8747],[89.55596,25.86668],[89.55239,25.86024],[89.5297,25.864],[89.5364,25.84466],[89.53599,25.82833],[89.52956,25.81957],[89.52277,25.81948],[89.52227,25.82403],[89.51756,25.82531],[89.51726,25.82061],[89.52062,25.81976],[89.51929,25.8108],[89.4923,25.81446],[89.49692,25.81787],[89.48829,25.81893],[89.4902,25.82226],[89.48459,25.82715],[89.48248,25.83545],[89.48455,25.83676],[89.47823,25.83991],[89.47475,25.83224],[89.46821,25.83121],[89.46623,25.8278],[89.45681,25.82748],[89.45047,25.81832],[89.4551,25.81657],[89.45517,25.82018],[89.4617,25.82266],[89.46579,25.8174],[89.46938,25.81857],[89.46736,25.8147],[89.47013,25.81178],[89.46652,25.81451],[89.46502,25.81183],[89.46357,25.81457],[89.45867,25.81264],[89.45795,25.80495],[89.46084,25.80185],[89.4573,25.78739],[89.46251,25.78906],[89.4714,25.77761],[89.47968,25.76487],[89.48035,25.75641],[89.48638,25.75768],[89.48685,25.75474],[89.49815,25.75192],[89.49767,25.73411],[89.48584,25.73184],[89.48502,25.72902],[89.4915,25.71739],[89.50764,25.72066],[89.51464,25.70944],[89.51327,25.69732],[89.51978,25.68382],[89.51387,25.66075],[89.51869,25.66102],[89.51875,25.64626],[89.52633,25.65326],[89.52986,25.6499],[89.53106,25.65695],[89.53357,25.64862],[89.53174,25.64361],[89.54854,25.63366],[89.55215,25.62808],[89.55347,25.62072],[89.55027,25.6087],[89.55258,25.6055],[89.54634,25.60665],[89.54278,25.59973],[89.537,25.59989],[89.53988,25.58915],[89.5694,25.58261],[89.58961,25.55563],[89.59872,25.55728],[89.60692,25.56508],[89.61593,25.56569],[89.62626,25.56017],[89.6405,25.54477],[89.6642,25.53115],[89.6883,25.53104],[89.69384,25.52717],[89.68908,25.51975],[89.68018,25.51617],[89.67884,25.51064],[89.68174,25.50519],[89.69291,25.49781],[89.69407,25.49072],[89.68785,25.48804],[89.67102,25.48912],[89.66775,25.48428],[89.68231,25.47186],[89.68099,25.46399],[89.69283,25.46524],[89.69362,25.46755],[89.70339,25.4645],[89.70421,25.45446],[89.70025,25.44133],[89.68794,25.42237],[89.68996,25.42002],[89.69858,25.4231],[89.70026,25.41872],[89.69799,25.40843],[89.70161,25.40186],[89.69542,25.39731],[89.70106,25.38999],[89.70552,25.3934],[89.73701,25.39891],[89.73621,25.39083],[89.74437,25.38894],[89.73919,25.37446],[89.74832,25.38256],[89.77692,25.38758],[89.77948,25.41206],[89.77679,25.4151],[89.77764,25.41042],[89.77504,25.41567],[89.76939,25.41736],[89.77232,25.4246],[89.76487,25.42936],[89.76439,25.43416],[89.78445,25.43143],[89.7954,25.4239],[89.82567,25.4153],[89.83606,25.44602],[89.85182,25.46665],[89.84893,25.49237],[89.85453,25.49727],[89.85371,25.50333],[89.85797,25.50616],[89.86013,25.51728],[89.85129,25.53854],[89.863,25.54242],[89.86632,25.54653],[89.86752,25.56211],[89.87284,25.56873],[89.87559,25.57984],[89.87331,25.588],[89.88239,25.61613],[89.88195,25.62732],[89.87129,25.66218],[89.86396,25.6649],[89.85885,25.67997],[89.84703,25.69553],[89.85231,25.70678],[89.8511,25.71278],[89.83592,25.71514],[89.82797,25.72959],[89.82707,25.74012],[89.84029,25.75634],[89.841,25.76122],[89.82652,25.80997],[89.81681,25.81533],[89.83496,25.84087],[89.83217,25.87044],[89.84802,25.88747],[89.8487,25.89265],[89.86061,25.907],[89.87834,25.92395],[89.88668,25.94543],[89.87614,25.94662],[89.8423,25.94001],[89.83923,25.94104],[89.84217,25.94414],[89.82512,25.94524],[89.82589,25.95195],[89.82949,25.95491],[89.84948,25.94902],[89.83819,25.968],[89.84428,25.97133],[89.85571,25.96842],[89.86627,25.97141],[89.87293,25.97522],[89.87074,25.98139],[89.86771,25.97909],[89.86596,25.98312],[89.85085,25.98983],[89.84393,26.00646],[89.83485,26.01353],[89.83029,26.01075],[89.83004,26.00368],[89.83619,25.98274],[89.82078,25.98688],[89.8149,25.99723],[89.82056,25.99781],[89.81818,26.00385],[89.82156,26.01033],[89.81473,26.01986],[89.81881,26.02633],[89.80871,26.04415],[89.80475,26.04467],[89.80191,26.03303],[89.79032,26.01853],[89.78728,26.02198],[89.79277,26.02307],[89.79223,26.02734],[89.80147,26.04079],[89.79297,26.04284],[89.79115,26.03497],[89.78723,26.03708],[89.78941,26.04082],[89.78061,26.04134],[89.77662,26.03552],[89.77402,26.03803],[89.77859,26.04446],[89.78855,26.04979],[89.7847,26.05234],[89.78543,26.0576],[89.79854,26.05995],[89.79849,26.06533],[89.79547,26.06535],[89.79837,26.06649],[89.79487,26.07358],[89.79676,26.07671],[89.79041,26.07657],[89.7954,26.08366],[89.79451,26.08896],[89.79011,26.08933],[89.78594,26.084],[89.78193,26.08376],[89.78636,26.09634],[89.78175,26.09856],[89.78594,26.10136],[89.78511,26.10457],[89.77937,26.10803],[89.77082,26.10407],[89.76562,26.10943],[89.75685,26.10814],[89.75587,26.11335],[89.7659,26.12472],[89.76702,26.13035],[89.76305,26.13704],[89.75489,26.13849],[89.74849,26.15637],[89.7424,26.15875],[89.71951,26.15573],[89.71852,26.16593],[89.71595,26.16505],[89.71417,26.16849],[89.71131,26.16683],[89.70853,26.15455],[89.7007,26.15134],[89.6967,26.15817],[89.68137,26.16365],[89.68408,26.1697],[89.69552,26.16905],[89.70154,26.17316],[89.69247,26.17624],[89.6861,26.18366],[89.68167,26.19194],[89.68464,26.19765],[89.67379,26.19986],[89.67604,26.20911],[89.68504,26.20672],[89.69129,26.21181],[89.68313,26.20837],[89.67827,26.21733],[89.67887,26.22348],[89.68527,26.21949],[89.68921,26.2218],[89.68348,26.22322],[89.68701,26.22576],[89.68567,26.23023],[89.68171,26.22732],[89.68146,26.22739]]]},"id":"BD5549"},{"type":"Feature","properties":{"code":"BD5552","name":"Lalmonirhat","parent_code":"BD55","division_name":"Rangpur"},"geometry":{"type":"MultiPolygon","coordinates":[[[[88.96611,26.45201],[88.96604,26.45588],[88.95803,26.45817],[88.96007,26.4511],[88.96562,26.45078],[88.96056,26.44725],[88.95168,26.45098],[88.95224,26.44755],[88.94676,26.44689],[88.94963,26.44181],[88.94735,26.43849],[88.95207,26.43358],[88.94332,26.4309],[88.94608,26.42918],[88.94317,26.42693],[88.94484,26.42469],[88.9384,26.42483],[88.93394,26.43099],[88.92642,26.43135],[88.92608,26.427],[88.93326,26.42523],[88.92292,26.42218],[88.92535,26.41629],[88.93158,26.41377],[88.92623,26.40619],[88.90485,26.40772],[88.91032,26.40015],[88.91524,26.40262],[88.91822,26.39977],[88.9163,26.38444],[88.90885,26.37968],[88.92149,26.37686],[88.91132,26.372],[88.91085,26.3678],[88.91458,26.36476],[88.92012,26.36585],[88.92168,26.362],[88.91912,26.35893],[88.92749,26.36463],[88.93685,26.35596],[88.94788,26.35509],[88.9501,26.36552],[88.95814,26.36114],[88.95826,26.35667],[88.95062,26.35415],[88.94589,26.34466],[88.95832,26.343],[88.9529,26.34224],[88.95171,26.33896],[88.95193,26.33178],[88.95609,26.32959],[88.96037,26.32954],[88.95934,26.33528],[88.96228,26.33561],[88.96204,26.34512],[88.9591,26.34758],[88.96114,26.35168],[88.96447,26.34813],[88.96681,26.35115],[88.97402,26.35026],[88.97844,26.34587],[88.98507,26.34951],[88.98918,26.33791],[88.98091,26.34041],[88.98488,26.33276],[88.99235,26.33404],[88.99174,26.33185],[89.00035,26.32917],[88.99491,26.32031],[88.99086,26.32148],[88.99586,26.31303],[88.98429,26.31779],[88.98233,26.31011],[88.98425,26.30026],[88.99119,26.30024],[88.99402,26.2966],[88.99676,26.29973],[88.99502,26.29013],[88.99994,26.29084],[89.00473,26.2981],[89.00408,26.30424],[89.00716,26.30485],[89.01281,26.29791],[89.01307,26.29206],[89.0181,26.28949],[89.0199,26.2943],[89.01434,26.29998],[89.02127,26.3089],[89.02688,26.30622],[89.0212,26.29777],[89.02318,26.29316],[89.02024,26.28916],[89.02765,26.28282],[89.04021,26.28541],[89.03722,26.28197],[89.04008,26.2764],[89.04495,26.27511],[89.04327,26.27992],[89.04813,26.27991],[89.04993,26.28851],[89.04712,26.28269],[89.04468,26.28434],[89.04593,26.28939],[89.04225,26.28981],[89.04607,26.29543],[89.05216,26.29576],[89.05349,26.2917],[89.05726,26.29348],[89.06042,26.29073],[89.05728,26.28543],[89.06229,26.28221],[89.0622,26.27857],[89.05389,26.27691],[89.05909,26.27556],[89.06236,26.26987],[89.05996,26.25674],[89.06254,26.25353],[89.05512,26.25696],[89.05089,26.25489],[89.04797,26.24553],[89.05063,26.24108],[89.04529,26.24068],[89.03708,26.24689],[89.03573,26.24187],[89.03157,26.24654],[89.02756,26.24691],[89.02654,26.24332],[89.0234,26.24846],[89.02116,26.24587],[89.02479,26.23286],[89.03672,26.22856],[89.03923,26.22346],[89.03468,26.20464],[89.02606,26.20173],[89.02392,26.19591],[89.03257,26.19407],[89.03352,26.18384],[89.03729,26.18031],[89.04118,26.18326],[89.03897,26.17946],[89.04195,26.17613],[89.05227,26.17624],[89.062,26.16993],[89.07727,26.1711],[89.09804,26.14665],[89.09756,26.13564],[89.10197,26.1207],[89.09797,26.11565],[89.09112,26.11608],[89.09031,26.10136],[89.09062,26.09015],[89.10083,26.07744],[89.09387,26.07178],[89.0958,26.06439],[89.09252,26.06181],[89.098,26.04789],[89.09918,26.03761],[89.09594,26.03537],[89.10406,26.0277],[89.10176,26.02776],[89.1135,25.99727],[89.12172,25.98963],[89.124,25.9828],[89.15154,25.96048],[89.17195,25.95564],[89.18322,25.95704],[89.19332,25.9487],[89.20206,25.94586],[89.21914,25.9206],[89.2238,25.92328],[89.22485,25.9176],[89.23632,25.90493],[89.25366,25.89742],[89.26039,25.8978],[89.26556,25.89066],[89.28079,25.8969],[89.29285,25.89024],[89.29063,25.88988],[89.29427,25.88075],[89.30695,25.86702],[89.31451,25.86478],[89.31777,25.85819],[89.32936,25.85699],[89.33629,25.85062],[89.33584,25.83801],[89.34027,25.83201],[89.34375,25.83264],[89.36152,25.82199],[89.36996,25.8234],[89.37046,25.81566],[89.38608,25.80272],[89.41,25.80081],[89.41769,25.79746],[89.4287,25.80033],[89.42864,25.79376],[89.44633,25.79206],[89.44618,25.78932],[89.45026,25.7926],[89.45374,25.78915],[89.46015,25.79419],[89.45867,25.81264],[89.47052,25.81308],[89.46736,25.8147],[89.46938,25.81857],[89.46579,25.8174],[89.46234,25.82259],[89.45517,25.82018],[89.4551,25.81657],[89.45059,25.81738],[89.4514,25.82313],[89.45681,25.82748],[89.46623,25.8278],[89.46821,25.83121],[89.47443,25.83202],[89.47823,25.83991],[89.48455,25.83676],[89.48248,25.83545],[89.48459,25.82715],[89.4902,25.82226],[89.48829,25.81893],[89.49692,25.81787],[89.49302,25.81403],[89.49741,25.81578],[89.50069,25.81146],[89.50756,25.81047],[89.50995,25.81315],[89.51929,25.8108],[89.52062,25.81976],[89.51726,25.82061],[89.51756,25.82531],[89.52227,25.82403],[89.52277,25.81948],[89.53147,25.8203],[89.53599,25.82833],[89.53649,25.84358],[89.5297,25.864],[89.55239,25.86024],[89.55596,25.86668],[89.55473,25.8747],[89.57428,25.88067],[89.5755,25.88659],[89.55692,25.88604],[89.55678,25.8836],[89.54488,25.88849],[89.5419,25.89728],[89.53096,25.90131],[89.52916,25.91462],[89.51752,25.91621],[89.51712,25.92619],[89.51176,25.93303],[89.50881,25.93271],[89.51333,25.93945],[89.50867,25.95469],[89.50393,25.96542],[89.49963,25.96658],[89.50306,25.97066],[89.49181,25.96287],[89.48402,25.96176],[89.47538,25.97221],[89.47358,25.98191],[89.48182,25.9903],[89.47983,25.99706],[89.46166,25.99867],[89.44847,26.00791],[89.42876,26.01279],[89.42802,26.02013],[89.43422,26.03171],[89.43072,26.04215],[89.42418,26.04745],[89.42453,26.04464],[89.41964,26.0427],[89.40699,26.04172],[89.40688,26.03198],[89.3911,26.02296],[89.39477,26.01291],[89.39324,26.00813],[89.37377,26.01192],[89.36544,26.00872],[89.3491,26.0109],[89.34549,26.01344],[89.34955,26.01646],[89.34259,26.01573],[89.33778,26.02232],[89.33544,26.02033],[89.33801,26.02393],[89.33291,26.02968],[89.32935,26.02844],[89.3253,26.03669],[89.31969,26.0395],[89.31601,26.03723],[89.30787,26.04581],[89.30049,26.04818],[89.30037,26.05095],[89.29638,26.04575],[89.27612,26.04955],[89.2815,26.05533],[89.2806,26.06598],[89.27112,26.06047],[89.25494,26.06484],[89.25722,26.08035],[89.26598,26.08778],[89.26712,26.09305],[89.2522,26.09213],[89.25188,26.10139],[89.24484,26.10574],[89.24125,26.10439],[89.24001,26.11285],[89.22916,26.11576],[89.22907,26.12477],[89.22698,26.12089],[89.21915,26.12573],[89.21215,26.1243],[89.20097,26.12814],[89.19184,26.12319],[89.17538,26.13133],[89.16678,26.12943],[89.16176,26.1365],[89.1587,26.13627],[89.16003,26.1392],[89.15484,26.13863],[89.14822,26.15809],[89.15533,26.15906],[89.15682,26.16234],[89.15231,26.16374],[89.14883,26.16971],[89.14064,26.16921],[89.14095,26.17529],[89.1371,26.17607],[89.13424,26.18196],[89.14064,26.1952],[89.1391,26.198],[89.14947,26.20859],[89.14162,26.21487],[89.14348,26.22087],[89.13932,26.22802],[89.13984,26.23706],[89.13421,26.23675],[89.13599,26.24004],[89.13193,26.239],[89.1305,26.24254],[89.13092,26.24725],[89.13808,26.24748],[89.1324,26.25202],[89.13071,26.24798],[89.12037,26.25182],[89.12477,26.26356],[89.1092,26.27222],[89.10877,26.27584],[89.10556,26.27415],[89.10583,26.28118],[89.10259,26.2777],[89.10015,26.27954],[89.10272,26.28838],[89.10716,26.29108],[89.10344,26.29629],[89.1074,26.30062],[89.09959,26.30446],[89.10503,26.31607],[89.10914,26.3046],[89.11442,26.30357],[89.11384,26.29845],[89.12142,26.28681],[89.12548,26.29056],[89.12456,26.29444],[89.13231,26.29882],[89.12724,26.3018],[89.13131,26.30073],[89.13071,26.30488],[89.1247,26.30555],[89.13615,26.30792],[89.1326,26.31143],[89.13459,26.3128],[89.12965,26.31268],[89.13583,26.31505],[89.13611,26.32196],[89.13327,26.32402],[89.13469,26.32152],[89.12997,26.31869],[89.1245,26.32017],[89.12955,26.32038],[89.12814,26.32235],[89.124,26.32244],[89.11273,26.31838],[89.10751,26.3267],[89.10061,26.323],[89.09733,26.32914],[89.0916,26.32036],[89.08271,26.32248],[89.08762,26.32325],[89.10097,26.3367],[89.09784,26.34006],[89.09589,26.35359],[89.09329,26.35303],[89.09832,26.35913],[89.08554,26.36418],[89.07967,26.36304],[89.08003,26.36657],[89.08905,26.36765],[89.08899,26.38085],[89.09186,26.38265],[89.08999,26.38562],[89.09573,26.39137],[89.09208,26.39377],[89.08132,26.39026],[89.08054,26.3927],[89.0878,26.39658],[89.08471,26.3982],[89.07527,26.3958],[89.07412,26.3914],[89.07419,26.3963],[89.06656,26.40005],[89.06332,26.39687],[89.06292,26.40111],[89.05796,26.39551],[89.0537,26.39894],[89.04051,26.4005],[89.03757,26.39981],[89.03772,26.39524],[89.03376,26.3954],[89.02987,26.4071],[89.02432,26.40781],[89.01968,26.40425],[89.02297,26.40851],[89.02225,26.41377],[89.00735,26.41302],[89.00609,26.42161],[89.00322,26.42236],[88.99618,26.41949],[88.99352,26.42227],[88.99886,26.41246],[88.99416,26.4118],[88.99241,26.41749],[88.98314,26.41992],[88.98387,26.42362],[88.98084,26.4243],[88.98311,26.42947],[88.97887,26.435],[88.98321,26.43701],[88.9846,26.44043],[88.9806,26.44231],[88.98357,26.44516],[88.97888,26.44476],[88.97971,26.4483],[88.97666,26.44492],[88.97519,26.44854],[88.9663,26.45176],[88.96611,26.45201]]],[[[88.92731,26.33172],[88.91903,26.33417],[88.92236,26.3141],[88.92838,26.30711],[88.92376,26.30105],[88.92594,26.29244],[88.93588,26.2919],[88.95265,26.2754],[88.97018,26.27825],[88.97444,26.28464],[88.98059,26.28318],[88.98259,26.30098],[88.97111,26.29535],[88.96765,26.29765],[88.95944,26.29518],[88.96293,26.30358],[88.95324,26.30467],[88.95613,26.30863],[88.95204,26.31718],[88.93624,26.31321],[88.93563,26.32081],[88.9402,26.3218],[88.9415,26.32627],[88.94004,26.33271],[88.9277,26.33164],[88.92731,26.33172]]]]},"id":"BD5552"},{"type":"Feature","properties":{"code":"BD5573","name":"Nilphamari","parent_code":"BD55","division_name":"Rangpur"},"geometry":{"type":"Polygon","coordinates":[[[88.79426,26.31058],[88.78393,26.30423],[88.76084,26.30067],[88.76001,26.298],[88.76595,26.28696],[88.76439,26.27065],[88.75826,26.25942],[88.76266,26.23609],[88.77582,26.23834],[88.7871,26.23123],[88.79584,26.21546],[88.79589,26.21036],[88.7913,26.21039],[88.79041,26.20541],[88.79721,26.20306],[88.79334,26.18834],[88.7762,26.17998],[88.78092,26.17766],[88.7783,26.16485],[88.78476,26.15677],[88.78664,26.14711],[88.78365,26.14565],[88.78376,26.13254],[88.78955,26.13026],[88.79017,26.12498],[88.77532,26.1066],[88.76925,26.08983],[88.75876,26.0847],[88.77625,26.07413],[88.77984,26.06449],[88.77484,26.0546],[88.76939,26.05356],[88.76747,26.04644],[88.76176,26.04407],[88.76179,26.03665],[88.7574,26.03849],[88.75939,26.02516],[88.75389,26.02457],[88.75017,26.02813],[88.74426,26.02659],[88.73497,26.01304],[88.74614,25.9853],[88.74315,25.97033],[88.74873,25.95832],[88.749,25.94869],[88.7419,25.9432],[88.75418,25.93417],[88.75717,25.94158],[88.77648,25.93992],[88.79992,25.92674],[88.80278,25.92007],[88.7995,25.9139],[88.80187,25.90009],[88.81486,25.88027],[88.81774,25.86077],[88.82437,25.85872],[88.82428,25.84867],[88.81989,25.84317],[88.82302,25.84275],[88.82629,25.83416],[88.82539,25.81771],[88.82977,25.81177],[88.83953,25.81316],[88.84454,25.8105],[88.84418,25.79262],[88.84915,25.78987],[88.84761,25.78755],[88.85208,25.77789],[88.86393,25.77219],[88.88216,25.77362],[88.88554,25.75996],[88.88771,25.76055],[88.88638,25.7546],[88.89005,25.75134],[88.88766,25.74236],[88.89255,25.73819],[88.91428,25.73838],[88.90975,25.74266],[88.90174,25.74038],[88.9037,25.74791],[88.90669,25.74901],[88.91297,25.74195],[88.92217,25.74443],[88.92454,25.73845],[88.92615,25.74016],[88.93037,25.73705],[88.93086,25.73913],[88.93156,25.73549],[88.93626,25.73564],[88.93676,25.73974],[88.93772,25.73591],[88.94077,25.73591],[88.94327,25.74265],[88.94478,25.74016],[88.94696,25.7428],[88.94681,25.74023],[88.95383,25.7402],[88.95144,25.74257],[88.95428,25.74344],[88.95435,25.74764],[88.95123,25.75471],[88.94297,25.75508],[88.94485,25.76325],[88.93895,25.76475],[88.94449,25.76635],[88.94495,25.77693],[88.94634,25.77485],[88.94737,25.77868],[88.9565,25.77931],[88.9607,25.78506],[88.95476,25.78885],[88.95846,25.7926],[88.95339,25.80262],[88.94083,25.80287],[88.94252,25.80813],[88.94996,25.81148],[88.95346,25.81006],[88.9563,25.81422],[88.96565,25.81359],[88.97186,25.80923],[88.98465,25.80885],[88.98924,25.81399],[89.00236,25.81329],[89.01242,25.82039],[89.03433,25.82082],[89.04217,25.81909],[89.04267,25.81533],[89.05555,25.82939],[89.05544,25.83312],[89.0614,25.83622],[89.07463,25.83628],[89.08053,25.83427],[89.0828,25.82791],[89.0904,25.8287],[89.08877,25.84614],[89.10197,25.85163],[89.09747,25.86073],[89.10512,25.86773],[89.10406,25.87548],[89.11664,25.88204],[89.11772,25.88831],[89.11239,25.88844],[89.10709,25.89847],[89.10089,25.89944],[89.09865,25.90747],[89.10378,25.91273],[89.10044,25.91786],[89.10421,25.92592],[89.10072,25.93008],[89.10492,25.93593],[89.10099,25.93367],[89.09453,25.93741],[89.10259,25.94048],[89.11097,25.96012],[89.10847,25.96634],[89.11055,25.96793],[89.11726,25.96928],[89.12713,25.96237],[89.1334,25.96662],[89.14319,25.96713],[89.12639,25.98028],[89.1135,25.99727],[89.10176,26.02776],[89.10406,26.0277],[89.09594,26.03537],[89.09918,26.03761],[89.098,26.04789],[89.09252,26.06181],[89.0958,26.06439],[89.09387,26.07178],[89.10083,26.07744],[89.09062,26.09015],[89.09031,26.10136],[89.09112,26.11608],[89.09797,26.11565],[89.10197,26.1207],[89.09756,26.13564],[89.09804,26.14665],[89.07727,26.1711],[89.062,26.16993],[89.05227,26.17624],[89.04195,26.17613],[89.03897,26.17946],[89.04118,26.18326],[89.03729,26.18031],[89.03352,26.18384],[89.03257,26.19407],[89.02392,26.19591],[89.02606,26.20173],[89.03468,26.20464],[89.03923,26.22346],[89.03672,26.22856],[89.02479,26.23286],[89.02144,26.24434],[89.01903,26.24216],[88.99188,26.24582],[88.97944,26.24468],[88.96637,26.239],[88.95674,26.24067],[88.9529,26.24222],[88.92548,26.28374],[88.91782,26.28804],[88.88325,26.28762],[88.87062,26.28438],[88.86603,26.28022],[88.86662,26.27555],[88.86101,26.27291],[88.86464,26.26872],[88.861,26.26495],[88.86136,26.25216],[88.86744,26.24977],[88.87206,26.23975],[88.87754,26.24234],[88.87746,26.23318],[88.85929,26.23147],[88.85085,26.23519],[88.84239,26.23021],[88.8384,26.23185],[88.8382,26.23828],[88.82741,26.24001],[88.82845,26.24988],[88.82322,26.24854],[88.82299,26.25361],[88.81343,26.25503],[88.812,26.26431],[88.81533,26.26756],[88.81026,26.27656],[88.81335,26.2886],[88.81952,26.29532],[88.79439,26.31057],[88.79426,26.31058]]]},"id":"BD5573"},{"type":"Feature","properties":{"code":"BD5577","name":"Panchagarh","parent_code":"BD55","division_name":"Rangpur"},"geometry":{"type":"Polygon","coordinates":[[[88.41501,26.63199],[88.41034,26.6345],[88.39958,26.6273],[88.39725,26.61783],[88.38826,26.61266],[88.38932,26.60803],[88.39807,26.60659],[88.39847,26.60299],[88.38766,26.60179],[88.3769,26.59574],[88.37511,26.5811],[88.37075,26.57588],[88.37135,26.56126],[88.35793,26.54351],[88.35918,26.53043],[88.35201,26.52422],[88.35043,26.51104],[88.33221,26.49318],[88.33204,26.48202],[88.33457,26.47813],[88.3408,26.47827],[88.34072,26.46893],[88.34724,26.46828],[88.35405,26.44594],[88.3615,26.45439],[88.36031,26.46534],[88.36472,26.46996],[88.36062,26.48373],[88.37293,26.48897],[88.37601,26.48424],[88.38606,26.48256],[88.3886,26.47856],[88.40396,26.48608],[88.405,26.48052],[88.41997,26.46558],[88.42277,26.4654],[88.42301,26.47251],[88.42829,26.47295],[88.43077,26.47029],[88.43355,26.47203],[88.43207,26.4687],[88.43811,26.46531],[88.46166,26.46592],[88.48457,26.46031],[88.47804,26.45182],[88.48564,26.45007],[88.48576,26.44527],[88.49577,26.4353],[88.48832,26.43021],[88.49692,26.42611],[88.49254,26.42158],[88.49373,26.41687],[88.50187,26.4175],[88.49468,26.40919],[88.49953,26.40775],[88.50283,26.40224],[88.50964,26.40641],[88.51006,26.40147],[88.50452,26.39852],[88.51284,26.38757],[88.51882,26.39016],[88.51262,26.37749],[88.51729,26.37091],[88.52415,26.37559],[88.52101,26.36664],[88.51498,26.36548],[88.52303,26.3609],[88.51843,26.35684],[88.51825,26.35173],[88.50876,26.35269],[88.50469,26.34872],[88.50793,26.36149],[88.50585,26.36362],[88.50145,26.35972],[88.4881,26.36024],[88.49126,26.35134],[88.48284,26.34964],[88.4768,26.35434],[88.47684,26.35793],[88.46237,26.35807],[88.45706,26.36453],[88.4596,26.36949],[88.45756,26.37678],[88.44981,26.36567],[88.44563,26.36499],[88.43537,26.33641],[88.41262,26.33769],[88.40385,26.32984],[88.40724,26.32785],[88.40691,26.3239],[88.41522,26.32427],[88.41455,26.31575],[88.40192,26.31787],[88.38439,26.31392],[88.38193,26.31087],[88.38393,26.30919],[88.37835,26.30947],[88.37787,26.30579],[88.37361,26.30674],[88.37287,26.30343],[88.37056,26.30604],[88.36789,26.2997],[88.36264,26.29925],[88.36301,26.2944],[88.34908,26.28222],[88.35078,26.27582],[88.34771,26.2691],[88.35163,26.2671],[88.34773,26.24997],[88.3517,26.25013],[88.35448,26.24695],[88.35067,26.2479],[88.35129,26.24576],[88.35962,26.24188],[88.35421,26.2374],[88.35573,26.2324],[88.35134,26.23028],[88.35335,26.22559],[88.35012,26.22539],[88.35043,26.22034],[88.33118,26.21687],[88.33143,26.2129],[88.32314,26.21005],[88.32591,26.20542],[88.31999,26.20313],[88.33348,26.19117],[88.32935,26.18497],[88.34356,26.18944],[88.3481,26.18778],[88.35099,26.18205],[88.36776,26.17998],[88.36909,26.17753],[88.37505,26.18276],[88.38201,26.1812],[88.38585,26.18996],[88.3845,26.20047],[88.40048,26.19864],[88.40451,26.19437],[88.41347,26.19678],[88.40866,26.19758],[88.41076,26.2011],[88.40839,26.20366],[88.4199,26.1997],[88.42979,26.20116],[88.43345,26.19879],[88.43208,26.19596],[88.43674,26.19848],[88.45922,26.19658],[88.45758,26.19313],[88.4623,26.19178],[88.46629,26.19282],[88.4673,26.19747],[88.47224,26.19702],[88.4686,26.20182],[88.47898,26.20394],[88.50261,26.20292],[88.51465,26.19834],[88.51711,26.20043],[88.52165,26.17947],[88.53007,26.18153],[88.53504,26.17792],[88.53656,26.18342],[88.54695,26.18846],[88.54398,26.18083],[88.56071,26.17398],[88.5588,26.16729],[88.56571,26.16332],[88.56375,26.16046],[88.56875,26.15879],[88.57253,26.15245],[88.58328,26.15031],[88.58357,26.14426],[88.60088,26.14315],[88.61795,26.12975],[88.62648,26.113],[88.63152,26.10932],[88.63076,26.10536],[88.6352,26.10214],[88.64118,26.08522],[88.6352,26.08098],[88.6354,26.0764],[88.63205,26.07506],[88.63639,26.0716],[88.6248,26.05716],[88.63043,26.04963],[88.6445,26.04446],[88.66432,26.0164],[88.67609,26.01382],[88.69957,26.01642],[88.70064,26.00785],[88.71183,26.00889],[88.7145,26.00648],[88.72027,26.00841],[88.72633,26.01718],[88.73579,26.01616],[88.74426,26.02659],[88.75017,26.02813],[88.75389,26.02457],[88.75928,26.02507],[88.7574,26.03849],[88.76179,26.03665],[88.76176,26.04407],[88.76747,26.04644],[88.76939,26.05356],[88.77484,26.0546],[88.77988,26.06537],[88.77595,26.06958],[88.77625,26.07413],[88.75876,26.0847],[88.76925,26.08983],[88.77532,26.1066],[88.79032,26.12547],[88.78955,26.13026],[88.78376,26.13254],[88.78365,26.14565],[88.78664,26.14711],[88.78476,26.15677],[88.7783,26.16485],[88.78092,26.17766],[88.7762,26.17998],[88.79334,26.18834],[88.79721,26.20306],[88.79041,26.20541],[88.7913,26.21039],[88.79589,26.21036],[88.79584,26.21546],[88.7871,26.23123],[88.77582,26.23834],[88.76252,26.23653],[88.75826,26.25942],[88.76439,26.27065],[88.76595,26.28696],[88.76018,26.29459],[88.75656,26.32153],[88.76116,26.33527],[88.75375,26.33933],[88.74925,26.3547],[88.73288,26.35492],[88.73411,26.3494],[88.72946,26.34923],[88.7254,26.34374],[88.71307,26.34473],[88.70977,26.33468],[88.70413,26.33302],[88.70191,26.33881],[88.70393,26.34137],[88.69911,26.34115],[88.69446,26.34594],[88.69829,26.35701],[88.69371,26.35658],[88.69154,26.3608],[88.69611,26.36206],[88.68917,26.36526],[88.6863,26.37871],[88.68076,26.3804],[88.70157,26.38599],[88.70188,26.38863],[88.69892,26.39053],[88.68726,26.38692],[88.6877,26.39165],[88.6853,26.39136],[88.68908,26.39602],[88.67835,26.39341],[88.67006,26.39762],[88.67831,26.40212],[88.68696,26.40171],[88.6834,26.40689],[88.68553,26.41377],[88.68402,26.41125],[88.68025,26.41363],[88.68113,26.40865],[88.67992,26.41142],[88.67772,26.4081],[88.66802,26.40761],[88.65927,26.41699],[88.64468,26.41896],[88.65079,26.42173],[88.64935,26.43005],[88.63811,26.42959],[88.63048,26.43159],[88.63014,26.43465],[88.62341,26.43499],[88.62289,26.43835],[88.6275,26.44153],[88.62235,26.47097],[88.59516,26.47091],[88.59505,26.45268],[88.59177,26.44995],[88.58421,26.45038],[88.58248,26.45589],[88.5591,26.45775],[88.55742,26.45996],[88.56274,26.4602],[88.55909,26.46233],[88.56182,26.46746],[88.55776,26.46704],[88.55981,26.47324],[88.55456,26.47175],[88.5562,26.4759],[88.55235,26.47609],[88.55599,26.48527],[88.5265,26.48109],[88.5269,26.48498],[88.52362,26.48529],[88.52725,26.48684],[88.52238,26.48708],[88.52431,26.49207],[88.51803,26.50118],[88.52212,26.50558],[88.52102,26.51003],[88.51016,26.51074],[88.50711,26.51611],[88.48972,26.51054],[88.48987,26.52527],[88.48561,26.52692],[88.48895,26.52773],[88.49002,26.53274],[88.48272,26.53237],[88.48421,26.54172],[88.46295,26.54399],[88.45954,26.54752],[88.45836,26.54071],[88.4553,26.53944],[88.45676,26.53711],[88.44859,26.5355],[88.44363,26.53921],[88.44309,26.54371],[88.43385,26.54682],[88.42138,26.56961],[88.42239,26.58201],[88.41933,26.58999],[88.41818,26.62148],[88.41454,26.62231],[88.41529,26.63177],[88.41501,26.63199]]]},"id":"BD5577"},{"type":"Feature","properties":{"code":"BD5585","name":"Rangpur","parent_code":"BD55","division_name":"Rangpur"},"geometry":{"type":"Polygon","coordinates":[[[89.11937,25.96855],[89.10847,25.96634],[89.1111,25.96062],[89.10259,25.94048],[89.09453,25.93741],[89.10099,25.93367],[89.10492,25.93593],[89.10072,25.93008],[89.10426,25.92547],[89.10044,25.91786],[89.10378,25.91273],[89.09865,25.90765],[89.10081,25.89957],[89.10709,25.89847],[89.11137,25.8895],[89.11786,25.88639],[89.1164,25.88168],[89.10406,25.87548],[89.10512,25.86773],[89.09767,25.86181],[89.10197,25.85163],[89.08877,25.84614],[89.09172,25.82954],[89.0828,25.82791],[89.08025,25.83446],[89.0614,25.83622],[89.05544,25.83312],[89.05555,25.82939],[89.04267,25.81533],[89.04217,25.81909],[89.03433,25.82082],[89.01242,25.82039],[89.00236,25.81329],[88.98924,25.81399],[88.98465,25.80885],[88.97186,25.80923],[88.96565,25.81359],[88.9563,25.81422],[88.95346,25.81006],[88.94996,25.81148],[88.94252,25.80813],[88.94083,25.80287],[88.95339,25.80262],[88.95846,25.7926],[88.95476,25.78885],[88.9607,25.78506],[88.9565,25.77931],[88.94737,25.77868],[88.94634,25.77485],[88.94495,25.77693],[88.94449,25.76635],[88.93895,25.76475],[88.94485,25.76325],[88.94297,25.75508],[88.95123,25.75471],[88.95347,25.75188],[88.95428,25.74344],[88.95144,25.74257],[88.95383,25.7402],[88.943,25.74252],[88.94415,25.73947],[88.93952,25.73499],[88.94304,25.73045],[88.92785,25.72377],[88.9294,25.70871],[88.93975,25.69354],[88.93719,25.68631],[88.95156,25.68032],[88.95639,25.68533],[88.96087,25.68442],[88.96282,25.67455],[88.97477,25.67086],[88.97026,25.66218],[88.97354,25.65844],[88.98756,25.66238],[88.99488,25.65789],[88.99865,25.64968],[88.99105,25.64747],[88.98933,25.64222],[88.99547,25.63945],[88.99905,25.63282],[88.99435,25.63092],[88.99341,25.62536],[88.99867,25.61771],[88.99948,25.61985],[89.00182,25.61691],[89.00783,25.61816],[89.0123,25.60276],[89.02416,25.60615],[89.03442,25.60403],[89.04053,25.60041],[89.04145,25.58779],[89.04624,25.58254],[89.05053,25.58703],[89.05487,25.58587],[89.05631,25.58957],[89.07613,25.58632],[89.07762,25.57964],[89.08007,25.58041],[89.08754,25.57221],[89.09676,25.56712],[89.10457,25.5668],[89.09283,25.54685],[89.09878,25.5445],[89.09872,25.53857],[89.10392,25.5357],[89.10064,25.52879],[89.10361,25.52011],[89.10158,25.51763],[89.10883,25.51462],[89.10447,25.51452],[89.10488,25.51097],[89.10957,25.51263],[89.11358,25.50735],[89.10722,25.50968],[89.10977,25.50719],[89.10872,25.5022],[89.10477,25.4992],[89.10171,25.50066],[89.09978,25.49199],[89.10604,25.48891],[89.10173,25.48503],[89.10853,25.48518],[89.10364,25.47523],[89.11416,25.46981],[89.11374,25.46188],[89.12123,25.47103],[89.12033,25.46203],[89.12813,25.46089],[89.11451,25.45579],[89.12416,25.4529],[89.12841,25.44513],[89.13025,25.4496],[89.13412,25.4473],[89.13059,25.44095],[89.14562,25.43463],[89.1509,25.42706],[89.14797,25.42311],[89.15066,25.41967],[89.14858,25.41359],[89.13662,25.41692],[89.13593,25.41241],[89.14162,25.41281],[89.14532,25.40948],[89.15429,25.41104],[89.15643,25.40579],[89.14939,25.40767],[89.14838,25.40512],[89.15748,25.40392],[89.16058,25.40764],[89.16339,25.40174],[89.17012,25.4074],[89.17461,25.40076],[89.18251,25.39816],[89.18733,25.38838],[89.19252,25.39264],[89.20083,25.39142],[89.20162,25.39625],[89.21652,25.37944],[89.20887,25.36927],[89.22391,25.37122],[89.22712,25.36731],[89.22452,25.36358],[89.23199,25.3659],[89.23124,25.372],[89.23553,25.37267],[89.2393,25.36178],[89.2335,25.35902],[89.23459,25.3561],[89.24022,25.35297],[89.24478,25.35648],[89.24634,25.35479],[89.23643,25.34747],[89.23976,25.34158],[89.23166,25.34638],[89.23176,25.34947],[89.2247,25.33471],[89.22609,25.33154],[89.2316,25.3306],[89.23417,25.3393],[89.23957,25.33473],[89.24805,25.33408],[89.24685,25.3293],[89.23802,25.32558],[89.24076,25.3184],[89.25544,25.31549],[89.26482,25.32427],[89.26867,25.32028],[89.26028,25.31146],[89.26818,25.31418],[89.2726,25.30777],[89.28379,25.3058],[89.28382,25.30099],[89.2893,25.30322],[89.2931,25.3003],[89.31328,25.29998],[89.31903,25.30376],[89.33449,25.30154],[89.33575,25.30452],[89.34287,25.30499],[89.34713,25.31045],[89.34367,25.32069],[89.3421,25.31682],[89.33621,25.31636],[89.33232,25.32226],[89.34036,25.3299],[89.34714,25.32853],[89.34849,25.33728],[89.34084,25.3378],[89.34069,25.34478],[89.34618,25.35421],[89.34242,25.36563],[89.3449,25.3713],[89.35556,25.37334],[89.35193,25.37955],[89.36483,25.38898],[89.37035,25.40691],[89.37937,25.41079],[89.378,25.41811],[89.38249,25.42016],[89.37849,25.42154],[89.37833,25.42508],[89.3818,25.42482],[89.38417,25.42872],[89.3784,25.4338],[89.37982,25.44656],[89.39174,25.44365],[89.39863,25.46422],[89.40457,25.46454],[89.40703,25.46965],[89.41614,25.46363],[89.42137,25.46468],[89.42734,25.47673],[89.43225,25.47534],[89.43516,25.48837],[89.44115,25.48864],[89.44519,25.49336],[89.44063,25.49944],[89.44522,25.50582],[89.44107,25.51274],[89.44971,25.51884],[89.44296,25.52084],[89.44419,25.5156],[89.43995,25.52072],[89.43603,25.52087],[89.43757,25.52536],[89.4448,25.52593],[89.44671,25.53108],[89.43937,25.52859],[89.43745,25.53848],[89.42822,25.5298],[89.43137,25.5378],[89.42699,25.53412],[89.42144,25.53508],[89.42093,25.52874],[89.41707,25.52877],[89.41753,25.53364],[89.41246,25.53652],[89.40754,25.53196],[89.4024,25.53468],[89.40136,25.53915],[89.4062,25.53431],[89.41075,25.53996],[89.40264,25.54629],[89.41402,25.54926],[89.40583,25.55037],[89.41074,25.55581],[89.4074,25.5704],[89.41246,25.57542],[89.41262,25.58784],[89.41573,25.58993],[89.43289,25.58773],[89.43495,25.59253],[89.43814,25.59056],[89.43572,25.58862],[89.43781,25.58504],[89.44352,25.58445],[89.44873,25.59072],[89.45879,25.59204],[89.46015,25.59499],[89.46417,25.59443],[89.46461,25.5981],[89.47064,25.597],[89.46997,25.5995],[89.47372,25.598],[89.47331,25.59208],[89.48525,25.58383],[89.48588,25.57836],[89.49462,25.57575],[89.49403,25.58116],[89.4985,25.58622],[89.4907,25.59065],[89.48966,25.60386],[89.49533,25.61208],[89.50233,25.61178],[89.49935,25.61759],[89.50119,25.61988],[89.50836,25.61588],[89.52102,25.62351],[89.51893,25.62812],[89.53174,25.64361],[89.53313,25.65507],[89.53078,25.65687],[89.52986,25.6499],[89.52633,25.65326],[89.51887,25.64604],[89.51869,25.66102],[89.51387,25.66075],[89.51978,25.68382],[89.51327,25.69732],[89.51464,25.70944],[89.50764,25.72066],[89.4915,25.71739],[89.48502,25.72902],[89.48584,25.73184],[89.49767,25.73411],[89.49815,25.75192],[89.48685,25.75474],[89.48638,25.75768],[89.48035,25.75641],[89.47968,25.76487],[89.46251,25.78906],[89.45802,25.78703],[89.45738,25.79207],[89.45357,25.78915],[89.45013,25.7926],[89.44618,25.78932],[89.44633,25.79206],[89.42864,25.79376],[89.4287,25.80033],[89.41769,25.79746],[89.41,25.80081],[89.38608,25.80272],[89.37046,25.81566],[89.36996,25.8234],[89.36152,25.82199],[89.34375,25.83264],[89.34027,25.83201],[89.33584,25.83801],[89.33629,25.85062],[89.32936,25.85699],[89.31777,25.85819],[89.31451,25.86478],[89.30695,25.86702],[89.29427,25.88075],[89.29063,25.88988],[89.29285,25.89024],[89.2866,25.8917],[89.28298,25.89668],[89.26587,25.89058],[89.26039,25.8978],[89.25366,25.89742],[89.23613,25.90504],[89.22485,25.9176],[89.2238,25.92328],[89.21914,25.9206],[89.20234,25.94565],[89.19332,25.9487],[89.18425,25.95667],[89.15897,25.95756],[89.1431,25.96715],[89.1334,25.96662],[89.12713,25.96237],[89.11963,25.96844],[89.11937,25.96855]]]},"id":"BD5585"},{"type":"Feature","properties":{"code":"BD5594","name":"Thakurgaon","parent_code":"BD55","division_name":"Rangpur"},"geometry":{"type":"Polygon","coordinates":[[[88.31877,26.20356],[88.3085,26.20409],[88.30479,26.19942],[88.30142,26.2019],[88.29987,26.19788],[88.29661,26.20056],[88.29245,26.19933],[88.29171,26.20246],[88.28786,26.19767],[88.28673,26.20027],[88.28421,26.1991],[88.28395,26.19467],[88.27996,26.19503],[88.27609,26.18866],[88.26939,26.18657],[88.26388,26.1905],[88.25996,26.18669],[88.25383,26.18846],[88.25409,26.18547],[88.24874,26.19046],[88.24536,26.18624],[88.2426,26.18866],[88.23641,26.18227],[88.23308,26.18308],[88.23751,26.17681],[88.23312,26.17282],[88.226,26.17252],[88.22766,26.16818],[88.22085,26.1659],[88.21457,26.17003],[88.21224,26.1668],[88.216,26.16483],[88.21493,26.16198],[88.20452,26.15873],[88.19629,26.16317],[88.19631,26.15909],[88.19179,26.15658],[88.1961,26.15226],[88.18975,26.15474],[88.17769,26.14833],[88.17682,26.14216],[88.17973,26.13822],[88.17382,26.1291],[88.17831,26.12314],[88.17354,26.11902],[88.17253,26.11063],[88.16407,26.10798],[88.16301,26.1004],[88.15825,26.09493],[88.16495,26.08665],[88.15925,26.08304],[88.16043,26.0775],[88.16831,26.08312],[88.17285,26.07573],[88.18339,26.07199],[88.18136,26.06727],[88.18592,26.06351],[88.18017,26.05818],[88.17547,26.05817],[88.17901,26.04628],[88.17354,26.04946],[88.16913,26.04504],[88.17496,26.03966],[88.17091,26.03617],[88.17109,26.03134],[88.18148,26.0302],[88.18241,26.02663],[88.17625,26.02128],[88.16404,26.02134],[88.14747,26.01639],[88.14822,26.01353],[88.13894,26.01275],[88.14381,26.00093],[88.14029,25.99722],[88.13581,26.00051],[88.12967,25.99687],[88.12787,25.97695],[88.11938,25.97158],[88.12398,25.96633],[88.115,25.96262],[88.11432,25.95788],[88.12222,25.94824],[88.11229,25.94357],[88.11088,25.93349],[88.09734,25.93428],[88.08572,25.91671],[88.08664,25.91342],[88.09054,25.91466],[88.09358,25.91115],[88.09036,25.89605],[88.10281,25.88919],[88.09369,25.87409],[88.09642,25.87082],[88.1017,25.87169],[88.103,25.86122],[88.1064,25.86742],[88.11066,25.86827],[88.11011,25.85928],[88.11389,25.85354],[88.1091,25.84689],[88.10113,25.84365],[88.10826,25.83718],[88.10073,25.8291],[88.11122,25.82173],[88.10734,25.81475],[88.11998,25.81228],[88.11462,25.79817],[88.13158,25.79822],[88.1444,25.79375],[88.14167,25.78037],[88.14859,25.78152],[88.14675,25.77634],[88.15499,25.77738],[88.1596,25.78788],[88.1653,25.78991],[88.17308,25.78726],[88.17577,25.79356],[88.18064,25.79393],[88.17953,25.79703],[88.1838,25.80185],[88.19338,25.8017],[88.20006,25.78991],[88.20832,25.78771],[88.21504,25.80099],[88.23018,25.79696],[88.23555,25.80849],[88.24125,25.81007],[88.24681,25.80605],[88.2486,25.81339],[88.25791,25.81092],[88.26044,25.81315],[88.27081,25.80399],[88.27155,25.78979],[88.26984,25.78454],[88.26623,25.78328],[88.26844,25.78072],[88.27829,25.774],[88.29037,25.77377],[88.28871,25.76772],[88.29934,25.7643],[88.29926,25.7605],[88.31673,25.75265],[88.31506,25.74672],[88.3204,25.74505],[88.31838,25.74277],[88.32093,25.73767],[88.32835,25.74036],[88.33776,25.7378],[88.34408,25.72965],[88.35884,25.7283],[88.35694,25.7214],[88.36465,25.71982],[88.36567,25.71701],[88.37441,25.71719],[88.37494,25.71262],[88.36985,25.7093],[88.37213,25.70772],[88.37132,25.69684],[88.38196,25.69753],[88.39151,25.69366],[88.39049,25.68385],[88.4038,25.68532],[88.40174,25.67245],[88.41882,25.66788],[88.42153,25.67054],[88.42861,25.6693],[88.43157,25.67242],[88.42618,25.67703],[88.43058,25.68191],[88.42919,25.68848],[88.43764,25.6863],[88.44004,25.68857],[88.43562,25.69563],[88.43655,25.70912],[88.42711,25.70804],[88.42362,25.71456],[88.43471,25.71838],[88.42535,25.72299],[88.42877,25.72935],[88.42321,25.7329],[88.42029,25.7308],[88.41329,25.73721],[88.41442,25.73294],[88.40931,25.7325],[88.40894,25.72769],[88.40205,25.72925],[88.39885,25.73506],[88.40093,25.73885],[88.3953,25.73919],[88.39184,25.74475],[88.39309,25.75051],[88.38881,25.75416],[88.39093,25.75993],[88.38666,25.76306],[88.38728,25.78159],[88.38257,25.79348],[88.38658,25.79383],[88.3891,25.80334],[88.38525,25.80826],[88.39056,25.81234],[88.386,25.82325],[88.38654,25.84101],[88.39798,25.84279],[88.40316,25.86618],[88.40899,25.86981],[88.41127,25.86356],[88.41528,25.86327],[88.42175,25.85643],[88.42553,25.86209],[88.41672,25.86897],[88.42118,25.87171],[88.42821,25.87156],[88.43534,25.86645],[88.43526,25.87284],[88.44262,25.87235],[88.44385,25.86287],[88.45288,25.85936],[88.45974,25.86304],[88.46064,25.87435],[88.46618,25.87255],[88.46936,25.8639],[88.47886,25.8637],[88.47996,25.86697],[88.48427,25.86689],[88.48457,25.88605],[88.47496,25.88888],[88.47708,25.89155],[88.48215,25.88888],[88.47814,25.895],[88.47949,25.9029],[88.49405,25.90822],[88.50036,25.90629],[88.5081,25.9173],[88.50314,25.91491],[88.50297,25.92557],[88.49907,25.9271],[88.49782,25.92463],[88.49474,25.92908],[88.50596,25.92743],[88.50677,25.91946],[88.50958,25.92728],[88.50545,25.93329],[88.51137,25.94275],[88.51655,25.94303],[88.52392,25.95323],[88.53659,25.95317],[88.53772,25.96527],[88.53184,25.96997],[88.5283,25.97913],[88.52851,25.98976],[88.53091,25.99402],[88.53952,25.99618],[88.54121,26.00169],[88.54435,25.99882],[88.54127,26.00875],[88.5445,26.02004],[88.55256,26.01874],[88.55233,26.02433],[88.5548,26.02105],[88.55682,26.02494],[88.56533,26.02476],[88.55307,26.02991],[88.56838,26.02786],[88.57267,26.02116],[88.59207,26.02331],[88.59432,26.03121],[88.60891,26.03627],[88.60769,26.04971],[88.60487,26.05224],[88.61326,26.05971],[88.61819,26.05792],[88.6142,26.06357],[88.6248,26.05716],[88.63639,26.0716],[88.63205,26.07506],[88.64066,26.08397],[88.64039,26.09114],[88.63607,26.09431],[88.63152,26.10932],[88.62648,26.113],[88.61759,26.13008],[88.60088,26.14315],[88.58357,26.14426],[88.58328,26.15031],[88.57253,26.15245],[88.56875,26.15879],[88.56375,26.16046],[88.56571,26.16332],[88.5588,26.16729],[88.56071,26.17398],[88.54398,26.18083],[88.54695,26.18846],[88.53656,26.18342],[88.53504,26.17792],[88.53007,26.18153],[88.52165,26.17947],[88.51711,26.20043],[88.51465,26.19834],[88.50261,26.20292],[88.47898,26.20394],[88.4686,26.20182],[88.47224,26.19702],[88.4673,26.19747],[88.46629,26.19282],[88.4623,26.19178],[88.45758,26.19313],[88.45922,26.19658],[88.43674,26.19848],[88.43208,26.19596],[88.43345,26.19879],[88.42979,26.20116],[88.4199,26.1997],[88.41519,26.20328],[88.40806,26.20352],[88.41076,26.2011],[88.40866,26.19758],[88.41347,26.19678],[88.40451,26.19437],[88.40048,26.19864],[88.3845,26.20047],[88.38585,26.18996],[88.38201,26.1812],[88.37505,26.18276],[88.36863,26.17753],[88.36776,26.17998],[88.35099,26.18205],[88.3481,26.18778],[88.34356,26.18944],[88.32935,26.18497],[88.33348,26.19117],[88.31901,26.20325],[88.31877,26.20356]]]},"id":"BD5594"},{"type":"Feature","properties":{"code":"BD6036","name":"Habiganj","parent_code":"BD60","division_name":"Sylhet"},"geometry":{"type":"Polygon","coordinates":[[[91.3895,24.68954],[91.37805,24.69805],[91.37445,24.69689],[91.37175,24.68948],[91.35187,24.69214],[91.34883,24.68747],[91.35816,24.68636],[91.36181,24.67753],[91.34779,24.66937],[91.34299,24.6754],[91.33433,24.66028],[91.32382,24.65661],[91.31476,24.64806],[91.3103,24.65083],[91.30868,24.65682],[91.30401,24.65721],[91.30285,24.63492],[91.30799,24.62625],[91.29775,24.62104],[91.29943,24.61189],[91.29529,24.60014],[91.2772,24.60328],[91.2766,24.60875],[91.27418,24.60903],[91.26728,24.60115],[91.26842,24.58431],[91.25602,24.57801],[91.24252,24.57632],[91.2275,24.56484],[91.22692,24.5546],[91.21877,24.53262],[91.20818,24.51783],[91.182,24.49371],[91.17537,24.50159],[91.16999,24.5001],[91.15067,24.47985],[91.15574,24.47634],[91.1661,24.48407],[91.19384,24.48014],[91.19599,24.47701],[91.1892,24.47675],[91.18483,24.47025],[91.1908,24.46408],[91.20056,24.46608],[91.20224,24.47479],[91.2078,24.47982],[91.22045,24.47445],[91.21594,24.48134],[91.21761,24.48425],[91.22704,24.48254],[91.23354,24.47233],[91.24337,24.42811],[91.22894,24.43433],[91.21746,24.43326],[91.22054,24.41948],[91.21472,24.40363],[91.2212,24.40413],[91.21772,24.40862],[91.22018,24.4114],[91.22739,24.40725],[91.2324,24.40966],[91.23887,24.40801],[91.2441,24.40009],[91.24279,24.39513],[91.25663,24.38082],[91.25306,24.37789],[91.24291,24.38063],[91.23178,24.36722],[91.21997,24.36778],[91.21438,24.36439],[91.21344,24.36007],[91.23517,24.33696],[91.23852,24.31947],[91.23288,24.31614],[91.19396,24.32286],[91.17474,24.32069],[91.16093,24.29668],[91.15844,24.2826],[91.18704,24.29279],[91.19756,24.2934],[91.19527,24.2799],[91.17528,24.26552],[91.17918,24.25711],[91.19611,24.24028],[91.20481,24.23996],[91.20744,24.23693],[91.21193,24.23992],[91.21582,24.23689],[91.22203,24.23832],[91.2213,24.23453],[91.22759,24.23825],[91.23029,24.23401],[91.23869,24.23363],[91.23771,24.23102],[91.24364,24.23253],[91.26861,24.22419],[91.2684,24.22753],[91.27135,24.22474],[91.27313,24.22826],[91.27413,24.2251],[91.28187,24.22737],[91.28736,24.22556],[91.28727,24.23054],[91.2816,24.23193],[91.28638,24.24106],[91.28504,24.24543],[91.30248,24.26686],[91.31283,24.26824],[91.32538,24.26216],[91.3245,24.25725],[91.32898,24.25127],[91.32401,24.23114],[91.31459,24.23196],[91.3148,24.22868],[91.30762,24.22734],[91.30571,24.22144],[91.30085,24.22484],[91.29761,24.21441],[91.291,24.21512],[91.28947,24.21991],[91.28528,24.21918],[91.28435,24.20978],[91.27929,24.20972],[91.2806,24.20721],[91.27505,24.20488],[91.27701,24.20038],[91.28639,24.19646],[91.29766,24.19916],[91.29968,24.20348],[91.30548,24.20042],[91.30528,24.20446],[91.31316,24.20529],[91.31507,24.18912],[91.31362,24.18542],[91.30978,24.19202],[91.30612,24.1922],[91.29839,24.18715],[91.28506,24.18755],[91.2846,24.18226],[91.27743,24.18267],[91.27574,24.15852],[91.26854,24.15966],[91.26822,24.14943],[91.26195,24.14815],[91.26194,24.14344],[91.27097,24.14285],[91.27112,24.12471],[91.29347,24.11947],[91.28862,24.11689],[91.28394,24.11852],[91.28408,24.11201],[91.26953,24.11279],[91.26801,24.09467],[91.27311,24.0953],[91.27927,24.09071],[91.28228,24.09462],[91.29271,24.09451],[91.29278,24.08799],[91.28886,24.08681],[91.28851,24.07895],[91.2848,24.0752],[91.28563,24.06085],[91.29275,24.0626],[91.30421,24.05729],[91.30398,24.04545],[91.3127,24.04123],[91.31358,24.03141],[91.31014,24.0269],[91.30394,24.02615],[91.30905,24.02375],[91.30905,24.01775],[91.29753,24.00988],[91.29613,24.00071],[91.31272,23.9906],[91.32379,23.99382],[91.33013,23.99228],[91.34128,23.98165],[91.35358,23.98154],[91.3616,23.98561],[91.37423,23.97469],[91.37993,23.97519],[91.38025,23.98247],[91.37732,23.98322],[91.37656,23.99036],[91.37872,23.99084],[91.37396,23.99504],[91.37615,23.9965],[91.37302,24.00214],[91.39092,24.02498],[91.39655,24.04252],[91.39635,24.04951],[91.37732,24.07916],[91.37465,24.10759],[91.40106,24.11077],[91.42906,24.10793],[91.43171,24.09902],[91.44139,24.1012],[91.44337,24.09576],[91.45098,24.09975],[91.45602,24.09514],[91.46295,24.09462],[91.47396,24.10003],[91.48425,24.09451],[91.49583,24.09418],[91.49351,24.0889],[91.49888,24.08571],[91.51259,24.08432],[91.54661,24.07354],[91.55806,24.07631],[91.57359,24.07362],[91.57569,24.07875],[91.58697,24.0715],[91.59285,24.07365],[91.59486,24.08111],[91.59961,24.08274],[91.59278,24.09106],[91.59703,24.09252],[91.59657,24.09535],[91.61261,24.09051],[91.63939,24.1023],[91.6382,24.10551],[91.64252,24.11294],[91.63599,24.1366],[91.6482,24.15537],[91.64759,24.18917],[91.64286,24.19261],[91.6416,24.19878],[91.63527,24.19965],[91.63523,24.21024],[91.62818,24.215],[91.62486,24.22914],[91.61914,24.23301],[91.62042,24.24649],[91.61415,24.24868],[91.62032,24.2547],[91.62081,24.26746],[91.61203,24.28473],[91.62397,24.29819],[91.62842,24.30835],[91.6292,24.33649],[91.61905,24.36084],[91.62344,24.3647],[91.60177,24.36381],[91.6002,24.41551],[91.61902,24.4181],[91.61447,24.42881],[91.61733,24.43666],[91.61009,24.4425],[91.61639,24.46426],[91.61321,24.49161],[91.61808,24.49532],[91.61661,24.50136],[91.62491,24.51297],[91.62241,24.51613],[91.63748,24.51921],[91.63415,24.52585],[91.64115,24.52805],[91.64247,24.53518],[91.63802,24.54425],[91.64208,24.54542],[91.64805,24.54093],[91.65772,24.54682],[91.656,24.55141],[91.65261,24.54955],[91.64836,24.55642],[91.64496,24.5566],[91.64697,24.56683],[91.6384,24.56517],[91.63411,24.57665],[91.62699,24.57837],[91.62916,24.58275],[91.63307,24.58292],[91.62874,24.58951],[91.61907,24.58762],[91.61395,24.58257],[91.60928,24.58634],[91.61188,24.59216],[91.62378,24.60136],[91.63268,24.59445],[91.63468,24.58666],[91.6389,24.5883],[91.63425,24.59385],[91.64109,24.59196],[91.6549,24.59494],[91.66396,24.59115],[91.66954,24.60837],[91.66492,24.62406],[91.65222,24.62926],[91.65505,24.63583],[91.64679,24.6415],[91.64667,24.64597],[91.64147,24.64769],[91.64454,24.6548],[91.63925,24.65852],[91.65095,24.66506],[91.64979,24.67071],[91.65853,24.67879],[91.65764,24.6819],[91.62648,24.67325],[91.62435,24.66834],[91.62643,24.65966],[91.62269,24.65709],[91.619,24.65802],[91.60623,24.67479],[91.60599,24.67032],[91.58959,24.67055],[91.58458,24.66654],[91.5863,24.66182],[91.58091,24.66268],[91.57833,24.66498],[91.57838,24.67404],[91.57435,24.67716],[91.56198,24.66612],[91.57155,24.6618],[91.57096,24.64725],[91.56761,24.65762],[91.55343,24.6677],[91.55353,24.66085],[91.55003,24.66048],[91.54528,24.67134],[91.53911,24.65655],[91.53261,24.65163],[91.53255,24.66183],[91.52896,24.66539],[91.52406,24.66657],[91.52273,24.66158],[91.52037,24.66923],[91.5145,24.66667],[91.4948,24.67406],[91.49413,24.66885],[91.48431,24.67667],[91.48527,24.66911],[91.47829,24.67387],[91.46553,24.66209],[91.46496,24.671],[91.45094,24.66754],[91.44785,24.6537],[91.44405,24.65174],[91.43815,24.67073],[91.43124,24.6752],[91.43026,24.67019],[91.42722,24.67144],[91.42775,24.68182],[91.41891,24.6824],[91.41357,24.67372],[91.39885,24.67351],[91.39849,24.67842],[91.39049,24.67577],[91.39025,24.68919],[91.3895,24.68954]]]},"id":"BD6036"},{"type":"Feature","properties":{"code":"BD6058","name":"Moulvibazar","parent_code":"BD60","division_name":"Sylhet"},"geometry":{"type":"Polygon","coordinates":[[[92.25007,24.83285],[92.25089,24.83615],[92.24491,24.83106],[92.23783,24.83109],[92.24465,24.82305],[92.24299,24.81859],[92.2319,24.82031],[92.21513,24.81403],[92.2116,24.8044],[92.20433,24.8027],[92.20255,24.80728],[92.19802,24.80597],[92.19296,24.79067],[92.19746,24.77854],[92.19228,24.76778],[92.17829,24.77008],[92.17396,24.77354],[92.12655,24.76043],[92.11989,24.76615],[92.1149,24.76604],[92.102,24.7564],[92.09546,24.75736],[92.09152,24.76583],[92.07704,24.76919],[92.07919,24.76588],[92.07648,24.76426],[92.07726,24.74934],[92.08415,24.74805],[92.08226,24.73169],[92.07815,24.72828],[92.08021,24.72341],[92.07492,24.71699],[92.05813,24.71941],[92.06003,24.71016],[92.04965,24.70089],[92.0494,24.69694],[92.03946,24.7004],[92.04232,24.7039],[92.03926,24.70711],[92.02624,24.69792],[92.0326,24.69666],[92.03197,24.69219],[92.03626,24.68841],[92.03364,24.68092],[92.03393,24.65911],[92.0291,24.65183],[92.02067,24.6507],[92.01629,24.65428],[92.01723,24.64962],[91.9964,24.65404],[91.98625,24.64353],[91.97864,24.64227],[91.97385,24.6376],[91.96514,24.64186],[91.96373,24.64644],[91.94807,24.65141],[91.94287,24.65599],[91.93416,24.6567],[91.93245,24.66273],[91.92657,24.65389],[91.92214,24.65383],[91.91109,24.65709],[91.9132,24.66222],[91.90462,24.6644],[91.90214,24.65072],[91.89103,24.64603],[91.88713,24.65646],[91.8831,24.65853],[91.87705,24.65583],[91.86531,24.65809],[91.86419,24.65167],[91.8475,24.6454],[91.84425,24.65131],[91.83159,24.65432],[91.80093,24.63732],[91.79591,24.64536],[91.78622,24.64332],[91.78047,24.63653],[91.78322,24.62748],[91.77283,24.62666],[91.7712,24.6202],[91.75378,24.60913],[91.7515,24.60014],[91.74524,24.59675],[91.73649,24.59938],[91.72904,24.59542],[91.71326,24.59852],[91.68393,24.61031],[91.68575,24.61621],[91.682,24.62752],[91.67675,24.63434],[91.67353,24.63175],[91.67068,24.63366],[91.66123,24.62748],[91.66815,24.61833],[91.66956,24.60973],[91.66396,24.59115],[91.6549,24.59494],[91.64109,24.59196],[91.63425,24.59385],[91.6389,24.5883],[91.63468,24.58666],[91.63268,24.59445],[91.62378,24.60136],[91.61188,24.59216],[91.60928,24.58634],[91.61329,24.58254],[91.61907,24.58762],[91.62874,24.58951],[91.63307,24.58292],[91.62916,24.58275],[91.62699,24.57837],[91.63411,24.57665],[91.6384,24.56517],[91.64697,24.56683],[91.64496,24.5566],[91.64836,24.55642],[91.65261,24.54955],[91.656,24.55141],[91.65772,24.54682],[91.64805,24.54093],[91.64208,24.54542],[91.63802,24.54425],[91.64247,24.53518],[91.64115,24.52805],[91.63415,24.52585],[91.63748,24.51921],[91.62241,24.51613],[91.62491,24.51297],[91.61661,24.50136],[91.61808,24.49532],[91.61321,24.49161],[91.61639,24.46426],[91.61009,24.4425],[91.61733,24.43666],[91.61447,24.42881],[91.61902,24.4181],[91.6002,24.41551],[91.60177,24.36381],[91.62344,24.3647],[91.61905,24.36084],[91.6292,24.33649],[91.62842,24.30835],[91.62371,24.2978],[91.61217,24.28615],[91.62111,24.26472],[91.62032,24.2547],[91.61415,24.24868],[91.62042,24.24649],[91.61914,24.23301],[91.62486,24.22914],[91.62818,24.215],[91.63523,24.21024],[91.63487,24.20027],[91.6416,24.19878],[91.64286,24.19261],[91.6472,24.19053],[91.64735,24.17831],[91.65579,24.17605],[91.6597,24.1896],[91.65894,24.19487],[91.65322,24.19602],[91.65284,24.20601],[91.64771,24.21452],[91.64893,24.21899],[91.654,24.22016],[91.65953,24.22794],[91.66496,24.22857],[91.66637,24.23279],[91.66916,24.22728],[91.6681,24.20918],[91.68008,24.19335],[91.68062,24.17706],[91.68573,24.16525],[91.69278,24.15986],[91.70347,24.16325],[91.7065,24.15444],[91.72113,24.15214],[91.72737,24.14387],[91.73627,24.14588],[91.7389,24.14198],[91.75922,24.14163],[91.74615,24.24731],[91.7907,24.22156],[91.80748,24.22121],[91.81371,24.21324],[91.82037,24.21045],[91.82945,24.21426],[91.8328,24.21923],[91.83833,24.21947],[91.83885,24.22724],[91.84534,24.2263],[91.84322,24.22179],[91.85012,24.22153],[91.84656,24.21832],[91.85543,24.21258],[91.85072,24.21316],[91.85268,24.20891],[91.84939,24.20915],[91.84958,24.204],[91.84282,24.20176],[91.84818,24.18616],[91.85849,24.18119],[91.86157,24.18337],[91.86682,24.17703],[91.87373,24.17458],[91.87528,24.15608],[91.88426,24.13922],[91.89079,24.13721],[91.90572,24.1397],[91.90608,24.14531],[91.91382,24.15396],[91.91194,24.16426],[91.9147,24.16714],[91.91168,24.16993],[91.94005,24.2696],[91.91968,24.33757],[91.92277,24.3357],[91.94077,24.34302],[91.94253,24.34869],[91.95631,24.35665],[91.96805,24.35031],[91.96551,24.34731],[91.97064,24.3443],[91.97294,24.33507],[91.97727,24.329],[91.98125,24.32901],[91.98222,24.32478],[91.99585,24.32333],[91.99481,24.33205],[91.9982,24.33317],[91.99632,24.3396],[91.97823,24.35792],[91.98436,24.36206],[91.98003,24.36466],[91.97687,24.37315],[91.97316,24.37141],[91.9707,24.37396],[91.97188,24.3799],[91.96613,24.38006],[91.97214,24.38528],[91.98568,24.37754],[91.9919,24.38754],[91.98956,24.39073],[91.99503,24.38922],[91.99666,24.39426],[92.00421,24.38882],[92.00711,24.38251],[92.02301,24.38697],[92.02198,24.38434],[92.02732,24.38051],[92.03548,24.3812],[92.04387,24.37622],[92.04831,24.37858],[92.08465,24.3762],[92.09064,24.373],[92.09983,24.37725],[92.10208,24.38351],[92.11006,24.38122],[92.12187,24.38338],[92.1189,24.39087],[92.13134,24.40793],[92.13471,24.40827],[92.13252,24.41554],[92.13628,24.42578],[92.14753,24.42252],[92.15387,24.42662],[92.16386,24.42038],[92.16772,24.42704],[92.16787,24.43647],[92.16395,24.43869],[92.16088,24.45991],[92.15809,24.46085],[92.16037,24.46438],[92.15596,24.46639],[92.15853,24.47002],[92.1538,24.47298],[92.15708,24.47423],[92.15142,24.48989],[92.15207,24.50214],[92.1588,24.50656],[92.15339,24.51155],[92.15736,24.51405],[92.15485,24.52249],[92.15796,24.52382],[92.1579,24.52902],[92.16793,24.53204],[92.17492,24.52318],[92.18398,24.52298],[92.20213,24.5074],[92.22251,24.50021],[92.22945,24.50079],[92.23267,24.57013],[92.23529,24.57829],[92.23326,24.58179],[92.24918,24.64169],[92.24969,24.64996],[92.24645,24.65625],[92.25542,24.66732],[92.25795,24.67416],[92.25555,24.67874],[92.26097,24.6821],[92.26011,24.68689],[92.26945,24.695],[92.29629,24.73671],[92.28193,24.74241],[92.28007,24.74582],[92.28972,24.76055],[92.28114,24.76599],[92.28227,24.77559],[92.28558,24.77487],[92.28942,24.78511],[92.28887,24.78811],[92.28173,24.79023],[92.27981,24.79663],[92.27355,24.79957],[92.27666,24.81206],[92.27422,24.8137],[92.27662,24.81528],[92.27361,24.82741],[92.25367,24.83205],[92.24984,24.82981],[92.24999,24.8327],[92.25007,24.83285]]]},"id":"BD6058"},{"type":"Feature","properties":{"code":"BD6090","name":"Sunamganj","parent_code":"BD60","division_name":"Sylhet"},"geometry":{"type":"Polygon","coordinates":[[[91.27023,25.20411],[91.26052,25.20409],[91.25956,25.19979],[91.25135,25.19838],[91.25054,25.19507],[91.19808,25.20178],[91.13226,25.19378],[91.07334,25.19829],[91.07045,25.1916],[91.05603,25.19204],[91.03111,25.18503],[91.02018,25.18766],[91.01975,25.18393],[91.01027,25.18358],[91.00709,25.18042],[90.96245,25.17202],[90.95969,25.16797],[90.96854,25.16222],[90.96563,25.1545],[90.9593,25.15376],[90.9593,25.14881],[90.95149,25.14944],[90.94978,25.13648],[90.95362,25.13565],[90.9576,25.12773],[90.95523,25.12617],[90.95645,25.11972],[90.94804,25.11165],[90.96363,25.09679],[90.97149,25.09445],[90.9693,25.08108],[90.97372,25.07234],[90.96738,25.06955],[90.96238,25.07261],[90.9574,25.06942],[90.94405,25.08107],[90.92905,25.07721],[90.93362,25.0736],[90.93616,25.06537],[90.93074,25.06379],[90.92957,25.05084],[90.93382,25.04937],[90.9313,25.04253],[90.95143,25.0433],[90.95638,25.03676],[90.96471,25.03461],[90.93826,25.02772],[90.9349,25.02128],[90.9368,25.00943],[90.9413,25.00445],[90.94824,25.00475],[90.94765,24.99506],[90.94346,24.99329],[90.94066,24.98634],[90.94531,24.98253],[90.94415,24.97545],[90.94801,24.97458],[90.94869,24.97109],[90.96234,24.97128],[90.97319,24.95882],[90.97039,24.94827],[90.96319,24.94123],[90.95039,24.93973],[90.95087,24.93619],[90.9571,24.93816],[90.95685,24.92235],[90.95423,24.91908],[90.95653,24.91462],[90.96459,24.91016],[90.97191,24.91613],[90.97276,24.91272],[90.97383,24.91574],[90.98057,24.9168],[90.99407,24.91376],[90.99849,24.89136],[91.00607,24.89184],[91.01477,24.89763],[91.01468,24.89438],[91.02174,24.8902],[91.01609,24.88845],[91.01678,24.88623],[91.02491,24.88844],[91.02738,24.8828],[91.03911,24.89927],[91.03771,24.90515],[91.04483,24.90812],[91.05391,24.90071],[91.06599,24.90338],[91.068,24.8995],[91.07447,24.90292],[91.08791,24.88973],[91.10097,24.88694],[91.10077,24.88251],[91.10815,24.87393],[91.10347,24.8713],[91.103,24.86554],[91.10887,24.86211],[91.11399,24.84866],[91.12124,24.8476],[91.12361,24.85005],[91.12438,24.84579],[91.1297,24.8423],[91.12195,24.84047],[91.11781,24.83528],[91.11321,24.81821],[91.11852,24.80777],[91.13105,24.80082],[91.13066,24.7939],[91.14194,24.79794],[91.14361,24.80335],[91.15272,24.81173],[91.14267,24.82668],[91.15277,24.84034],[91.17059,24.82881],[91.17212,24.8091],[91.16027,24.79426],[91.16944,24.79196],[91.17122,24.78067],[91.16685,24.78032],[91.16824,24.77621],[91.16054,24.77137],[91.16061,24.76613],[91.15412,24.76746],[91.13698,24.76007],[91.14961,24.75852],[91.15142,24.75188],[91.15745,24.75338],[91.16062,24.74931],[91.15706,24.743],[91.15142,24.74957],[91.147,24.74863],[91.14676,24.74274],[91.15214,24.73314],[91.14261,24.72964],[91.14225,24.72676],[91.15941,24.72612],[91.15888,24.72047],[91.16302,24.71881],[91.16987,24.73008],[91.1771,24.72956],[91.18563,24.72584],[91.19843,24.71388],[91.20123,24.7168],[91.20791,24.71216],[91.20762,24.71696],[91.21329,24.71622],[91.22155,24.72342],[91.22143,24.72829],[91.22591,24.72887],[91.2302,24.72419],[91.22695,24.70697],[91.22123,24.70218],[91.24251,24.69402],[91.24341,24.6831],[91.23885,24.67802],[91.23386,24.67566],[91.22373,24.679],[91.22353,24.67316],[91.23375,24.66975],[91.23158,24.65858],[91.22742,24.65394],[91.21022,24.65414],[91.20634,24.63503],[91.19462,24.63219],[91.19562,24.62538],[91.17761,24.63118],[91.18101,24.62651],[91.17744,24.62068],[91.17998,24.61717],[91.20111,24.60985],[91.20013,24.60294],[91.20529,24.59553],[91.19746,24.59034],[91.19934,24.58669],[91.20657,24.58723],[91.20684,24.57827],[91.22602,24.57675],[91.23405,24.57016],[91.24472,24.57725],[91.25715,24.57851],[91.26842,24.58431],[91.26728,24.60115],[91.27484,24.60937],[91.27599,24.60381],[91.29463,24.59946],[91.29933,24.61112],[91.29775,24.62104],[91.30799,24.62625],[91.30285,24.63492],[91.30401,24.65721],[91.30868,24.65682],[91.31113,24.6498],[91.3157,24.64839],[91.32382,24.65661],[91.33433,24.66028],[91.34299,24.6754],[91.34779,24.66937],[91.36181,24.67753],[91.35974,24.68507],[91.34938,24.68712],[91.34952,24.69105],[91.37175,24.68948],[91.37643,24.69807],[91.3921,24.68802],[91.38931,24.68438],[91.39219,24.68158],[91.39082,24.67543],[91.39849,24.67842],[91.39885,24.67351],[91.41357,24.67372],[91.41891,24.6824],[91.42775,24.68182],[91.42722,24.67144],[91.43026,24.67019],[91.43124,24.6752],[91.43815,24.67073],[91.44405,24.65174],[91.44785,24.6537],[91.45094,24.66754],[91.46496,24.671],[91.46553,24.66209],[91.47829,24.67387],[91.48527,24.66911],[91.48431,24.67667],[91.49413,24.66885],[91.4948,24.67406],[91.5145,24.66667],[91.52037,24.66923],[91.52273,24.66158],[91.52406,24.66657],[91.52896,24.66539],[91.53255,24.66183],[91.53261,24.65163],[91.53911,24.65655],[91.54496,24.6714],[91.55003,24.66048],[91.55353,24.66085],[91.55343,24.6677],[91.56761,24.65762],[91.57166,24.64738],[91.57155,24.6618],[91.56198,24.66612],[91.57435,24.67716],[91.57838,24.67404],[91.57833,24.66498],[91.58091,24.66268],[91.5863,24.66182],[91.58458,24.66654],[91.58959,24.67055],[91.60599,24.67032],[91.60623,24.67479],[91.619,24.65802],[91.62525,24.65767],[91.62648,24.67325],[91.65006,24.67952],[91.65456,24.69771],[91.64614,24.69865],[91.64546,24.69349],[91.64258,24.69371],[91.64329,24.70075],[91.66079,24.70178],[91.66168,24.70539],[91.65626,24.70944],[91.65706,24.71506],[91.65144,24.71813],[91.65452,24.71772],[91.65811,24.72444],[91.66479,24.72446],[91.66516,24.72136],[91.67162,24.71997],[91.67468,24.72539],[91.65763,24.74286],[91.66503,24.74992],[91.67223,24.75011],[91.6763,24.75902],[91.67091,24.76955],[91.66042,24.77448],[91.64826,24.77156],[91.64722,24.78291],[91.63376,24.78251],[91.64336,24.78886],[91.64637,24.7859],[91.65307,24.79174],[91.65297,24.79581],[91.66506,24.78854],[91.673,24.78954],[91.66971,24.79456],[91.67535,24.79571],[91.67148,24.80046],[91.67131,24.81123],[91.66751,24.80978],[91.66568,24.81396],[91.65911,24.81193],[91.65798,24.81847],[91.66158,24.82095],[91.66027,24.82619],[91.65777,24.82598],[91.65662,24.83924],[91.66031,24.82852],[91.66375,24.83034],[91.66365,24.84177],[91.66027,24.84134],[91.66025,24.84754],[91.65611,24.85067],[91.663,24.85819],[91.67571,24.8608],[91.67612,24.87581],[91.68363,24.87577],[91.68639,24.86464],[91.69675,24.87077],[91.69763,24.88251],[91.68617,24.88227],[91.68465,24.89418],[91.67903,24.89457],[91.69062,24.89697],[91.69533,24.90553],[91.68253,24.90744],[91.69539,24.90963],[91.69392,24.91781],[91.68676,24.91798],[91.68899,24.92383],[91.68601,24.92676],[91.68928,24.92621],[91.68923,24.93068],[91.69211,24.93125],[91.68734,24.93425],[91.68762,24.93947],[91.69817,24.93954],[91.70185,24.94476],[91.71211,24.94924],[91.7025,24.95264],[91.71085,24.96879],[91.6969,24.97778],[91.7022,24.97977],[91.70181,24.98514],[91.67384,24.99254],[91.66413,25.00118],[91.66633,25.00303],[91.68501,24.99735],[91.69595,25.00003],[91.6663,25.02253],[91.68025,25.02659],[91.67702,25.03521],[91.66946,25.04126],[91.68545,25.04409],[91.68753,25.04791],[91.68223,25.05492],[91.68757,25.06116],[91.70263,25.06343],[91.70892,25.0694],[91.71978,25.06634],[91.73418,25.06938],[91.73002,25.07249],[91.73412,25.07912],[91.71818,25.09297],[91.71795,25.10373],[91.72413,25.10992],[91.72019,25.10777],[91.71745,25.1115],[91.72694,25.12128],[91.72702,25.12939],[91.71778,25.12897],[91.71917,25.13686],[91.71382,25.13766],[91.71092,25.14692],[91.70145,25.15041],[91.69497,25.14598],[91.69183,25.13731],[91.68059,25.13529],[91.66962,25.13798],[91.66407,25.13545],[91.66494,25.1285],[91.66036,25.12717],[91.65847,25.13192],[91.6526,25.13104],[91.65179,25.12745],[91.64548,25.12706],[91.6416,25.12317],[91.62724,25.12559],[91.62276,25.12857],[91.62098,25.14362],[91.61543,25.14512],[91.6122,25.14112],[91.61128,25.14616],[91.60363,25.14017],[91.6014,25.14412],[91.59961,25.15152],[91.60375,25.15918],[91.60009,25.15972],[91.60405,25.16746],[91.61545,25.17058],[91.61504,25.17494],[91.61036,25.17711],[91.6058,25.17418],[91.57723,25.17208],[91.57164,25.16526],[91.57596,25.15966],[91.56298,25.16055],[91.55576,25.14947],[91.52649,25.14462],[91.50901,25.14741],[91.50136,25.14303],[91.50024,25.13576],[91.49394,25.13857],[91.47127,25.13382],[91.46427,25.13555],[91.47063,25.14024],[91.46725,25.14447],[91.46915,25.15151],[91.45711,25.14832],[91.4523,25.15282],[91.44978,25.14955],[91.44072,25.14975],[91.43281,25.15685],[91.42524,25.15695],[91.41424,25.17042],[91.4106,25.1639],[91.39834,25.16458],[91.38577,25.16978],[91.36847,25.16998],[91.36365,25.17768],[91.35365,25.17159],[91.35145,25.17563],[91.33782,25.17336],[91.33438,25.17664],[91.32749,25.17622],[91.31894,25.18323],[91.29307,25.1834],[91.28657,25.18545],[91.29235,25.19202],[91.27729,25.19729],[91.27038,25.20393],[91.27023,25.20411]]]},"id":"BD6090"},{"type":"Feature","properties":{"code":"BD6091","name":"Sylhet","parent_code":"BD60","division_name":"Sylhet"},"geometry":{"type":"Polygon","coordinates":[[[92.01691,25.18653],[92.00202,25.18581],[91.98173,25.17229],[91.96711,25.17681],[91.91564,25.18181],[91.89871,25.1805],[91.8929,25.17639],[91.88479,25.17748],[91.88056,25.17338],[91.87601,25.17765],[91.85564,25.17276],[91.82755,25.17788],[91.81722,25.17162],[91.80445,25.1719],[91.80619,25.16851],[91.78334,25.16694],[91.77501,25.16343],[91.75874,25.16837],[91.75472,25.17213],[91.75566,25.17743],[91.7445,25.16999],[91.7496,25.15861],[91.74232,25.1447],[91.74696,25.13995],[91.73637,25.14388],[91.73518,25.14943],[91.71675,25.15287],[91.71397,25.1579],[91.70579,25.15714],[91.70409,25.15969],[91.70156,25.1568],[91.70274,25.14935],[91.71092,25.14692],[91.71382,25.13766],[91.71917,25.13686],[91.71778,25.12897],[91.72718,25.12911],[91.72694,25.12128],[91.71745,25.1115],[91.72019,25.10777],[91.72413,25.10992],[91.71795,25.10373],[91.71818,25.09297],[91.73412,25.07912],[91.73002,25.07249],[91.73458,25.07032],[91.71978,25.06634],[91.70892,25.0694],[91.70263,25.06343],[91.68757,25.06116],[91.68223,25.05492],[91.68753,25.04791],[91.68545,25.04409],[91.66946,25.04126],[91.67702,25.03521],[91.68025,25.02659],[91.6663,25.02253],[91.69595,25.00003],[91.68501,24.99735],[91.66633,25.00303],[91.66413,25.00118],[91.67384,24.99254],[91.70181,24.98514],[91.7022,24.97977],[91.6969,24.97778],[91.71085,24.96879],[91.7025,24.95264],[91.71211,24.94924],[91.70185,24.94476],[91.69817,24.93954],[91.68762,24.93947],[91.68734,24.93425],[91.69211,24.93125],[91.68923,24.93068],[91.68928,24.92621],[91.68601,24.92676],[91.68899,24.92383],[91.68676,24.91798],[91.69392,24.91781],[91.69539,24.90963],[91.68253,24.90744],[91.69533,24.90553],[91.69062,24.89697],[91.67903,24.89457],[91.68465,24.89418],[91.68617,24.88227],[91.69763,24.88251],[91.69675,24.87077],[91.68639,24.86464],[91.68363,24.87577],[91.67612,24.87581],[91.67571,24.8608],[91.663,24.85819],[91.65611,24.85067],[91.66025,24.84754],[91.66027,24.84134],[91.66365,24.84177],[91.66375,24.83034],[91.66031,24.82852],[91.65662,24.83924],[91.65777,24.82598],[91.66027,24.82619],[91.66158,24.82095],[91.65798,24.81847],[91.65911,24.81193],[91.66568,24.81396],[91.66751,24.80978],[91.67131,24.81123],[91.67148,24.80046],[91.67535,24.79571],[91.66971,24.79456],[91.673,24.78954],[91.66506,24.78854],[91.65297,24.79581],[91.65307,24.79174],[91.64637,24.7859],[91.64336,24.78886],[91.63376,24.78251],[91.64722,24.78291],[91.64723,24.77232],[91.66381,24.77369],[91.67091,24.76955],[91.6763,24.75902],[91.67223,24.75011],[91.66503,24.74992],[91.65763,24.74286],[91.67157,24.73125],[91.67038,24.72703],[91.67468,24.72539],[91.67162,24.71997],[91.66516,24.72136],[91.66479,24.72446],[91.65811,24.72444],[91.65132,24.71719],[91.65706,24.71506],[91.65626,24.70944],[91.66168,24.70539],[91.66079,24.70178],[91.64329,24.70075],[91.64258,24.69371],[91.64546,24.69349],[91.64614,24.69865],[91.65456,24.69771],[91.65006,24.67952],[91.65508,24.68211],[91.65875,24.68019],[91.65042,24.6723],[91.64969,24.66367],[91.63925,24.65852],[91.64454,24.6548],[91.64147,24.64769],[91.64667,24.64597],[91.64679,24.6415],[91.65505,24.63583],[91.65222,24.62926],[91.66082,24.62691],[91.67675,24.63434],[91.68557,24.61752],[91.68393,24.61031],[91.71326,24.59852],[91.72904,24.59542],[91.73649,24.59938],[91.74524,24.59675],[91.7515,24.60014],[91.75378,24.60913],[91.7712,24.6202],[91.77283,24.62666],[91.78322,24.62748],[91.78047,24.63653],[91.78622,24.64332],[91.79591,24.64536],[91.80093,24.63732],[91.83159,24.65432],[91.84425,24.65131],[91.8475,24.6454],[91.86419,24.65167],[91.86531,24.65809],[91.87705,24.65583],[91.8831,24.65853],[91.88713,24.65646],[91.89103,24.64603],[91.90214,24.65072],[91.90462,24.6644],[91.9132,24.66222],[91.91109,24.65709],[91.92214,24.65383],[91.92657,24.65389],[91.93245,24.66273],[91.93416,24.6567],[91.94287,24.65599],[91.94807,24.65141],[91.96373,24.64644],[91.96514,24.64186],[91.97385,24.6376],[91.97864,24.64227],[91.98625,24.64353],[91.9964,24.65404],[92.01723,24.64962],[92.01629,24.65428],[92.02067,24.6507],[92.0291,24.65183],[92.03393,24.65911],[92.03364,24.68092],[92.03626,24.68841],[92.03197,24.69219],[92.0326,24.69666],[92.02624,24.69792],[92.03926,24.70711],[92.04232,24.7039],[92.03946,24.7004],[92.0494,24.69694],[92.04965,24.70089],[92.06003,24.71016],[92.05813,24.71941],[92.07492,24.71699],[92.08021,24.72341],[92.07815,24.72828],[92.08226,24.73169],[92.08415,24.74805],[92.07726,24.74934],[92.07648,24.76426],[92.07919,24.76588],[92.07704,24.76919],[92.09152,24.76583],[92.09546,24.75736],[92.102,24.7564],[92.1149,24.76604],[92.11989,24.76615],[92.12655,24.76043],[92.17396,24.77354],[92.17829,24.77008],[92.19228,24.76778],[92.19746,24.77854],[92.19296,24.79067],[92.19802,24.80597],[92.20255,24.80728],[92.20433,24.8027],[92.2116,24.8044],[92.21513,24.81403],[92.2319,24.82031],[92.24403,24.81945],[92.24393,24.82454],[92.23783,24.83109],[92.24491,24.83106],[92.25495,24.83811],[92.243,24.8403],[92.24016,24.85784],[92.23536,24.86126],[92.23884,24.86827],[92.24636,24.86702],[92.24766,24.88233],[92.23598,24.89312],[92.23612,24.89914],[92.23278,24.90067],[92.2469,24.9088],[92.27303,24.90509],[92.28176,24.90616],[92.28421,24.91118],[92.29072,24.91403],[92.30044,24.91456],[92.30614,24.90869],[92.30669,24.90063],[92.31568,24.89456],[92.32559,24.89605],[92.32777,24.88883],[92.33855,24.87819],[92.34879,24.88916],[92.35406,24.87912],[92.36004,24.87819],[92.36186,24.87255],[92.37501,24.87196],[92.37705,24.8632],[92.38264,24.85926],[92.38546,24.85209],[92.39925,24.84967],[92.40575,24.85913],[92.42575,24.85292],[92.43749,24.85677],[92.44429,24.87239],[92.46462,24.87235],[92.47525,24.86837],[92.48028,24.87302],[92.4876,24.87174],[92.49281,24.87566],[92.49102,24.89175],[92.49706,24.90184],[92.49309,24.90569],[92.49454,24.91619],[92.48785,24.92032],[92.48402,24.93007],[92.48756,24.94751],[92.47597,24.94236],[92.44916,24.9389],[92.44799,24.94555],[92.45127,24.95196],[92.46641,24.95753],[92.46824,24.96374],[92.45911,24.97073],[92.44776,24.9661],[92.41996,24.96742],[92.42251,24.98834],[92.41636,24.99088],[92.42469,25.01274],[92.42506,25.02892],[92.41169,25.02883],[92.39856,25.03282],[92.39193,25.03983],[92.38347,25.04224],[92.38277,25.03886],[92.37324,25.04372],[92.36912,25.04075],[92.36295,25.04982],[92.36033,25.04662],[92.35823,25.04997],[92.35581,25.04711],[92.33953,25.04994],[92.34201,25.05367],[92.3381,25.05188],[92.34838,25.06174],[92.34639,25.07458],[92.33063,25.07922],[92.32179,25.07796],[92.31862,25.06997],[92.30058,25.07126],[92.25542,25.08536],[92.23152,25.09711],[92.22741,25.09435],[92.22325,25.09862],[92.22336,25.10339],[92.21535,25.10661],[92.19661,25.10788],[92.20041,25.11991],[92.22129,25.11673],[92.19456,25.12569],[92.19527,25.12999],[92.18938,25.13625],[92.18323,25.118],[92.17728,25.12255],[92.17882,25.12611],[92.17678,25.12372],[92.17207,25.12857],[92.16396,25.12425],[92.15961,25.12751],[92.16492,25.13064],[92.16005,25.12984],[92.15888,25.13297],[92.16569,25.13583],[92.15611,25.13321],[92.15196,25.13805],[92.14733,25.13534],[92.13655,25.13885],[92.14569,25.13975],[92.13442,25.14344],[92.13571,25.15252],[92.13962,25.15472],[92.10573,25.17241],[92.10502,25.17594],[92.06237,25.18705],[92.05545,25.18437],[92.0542,25.18656],[92.04085,25.18631],[92.03891,25.18248],[92.0299,25.18314],[92.02628,25.17909],[92.01709,25.18623],[92.01691,25.18653]]]},"id":"BD6091"}],"bbox":[88.00817,20.59061,92.68006,26.6345]}